staff_id,customer_id,batch_id,ingestion_timestamp,order_id,order_status,order_timestamp,payment_mode,source_file,store_id,order_sk,order_date,order_hour,order_month,order_day,order_weekday,week_of_year,quarter,financial_year,peak_hour_flag,weekend_flag,meal_period,silver_processed_at
ST011,C0414,20260603,2026-06-03T17:39:04.695883,O00006,Completed,2026-06-03 17:16:48.100000+00:00,UPI,orders_S002_20260603.json,S002,S002_O00006,2026-06-03,17,6,3,Wednesday,23,2,2026-2027,Off-Peak,Weekday,Dinner,2026-06-03T17:41:50.872Z
ST012,C0256,20260603,2026-06-03T17:39:04.695883,O00007,Completed,2026-06-03 13:27:05.100000+00:00,UPI,orders_S002_20260603.json,S002,S002_O00007,2026-06-03,13,6,3,Wednesday,23,2,2026-2027,Off-Peak,Weekday,Lunch,2026-06-03T17:41:50.872Z
ST009,C0025,20260603,2026-06-03T17:39:04.695883,O00009,Completed,2026-06-03 17:22:51.100000+00:00,UPI,orders_S002_20260603.json,S002,S002_O00009,2026-06-03,17,6,3,Wednesday,23,2,2026-2027,Off-Peak,Weekday,Dinner,2026-06-03T17:41:50.872Z
ST011,C0045,20260603,2026-06-03T17:39:04.695883,O00011,Completed,2026-06-03 17:39:15.100000+00:00,UPI,orders_S002_20260603.json,S002,S002_O00011,2026-06-03,17,6,3,Wednesday,23,2,2026-2027,Off-Peak,Weekday,Dinner,2026-06-03T17:41:50.872Z
ST007,C0017,20260603,2026-06-03T17:39:04.695883,O00012,Completed,2026-06-03 11:47:16.100000+00:00,UPI,orders_S002_20260603.json,S002,S002_O00012,2026-06-03,11,6,3,Wednesday,23,2,2026-2027,Off-Peak,Weekday,Breakfast,2026-06-03T17:41:50.872Z
ST013,C0414,20260603,2026-06-03T17:39:04.695883,O00013,Completed,2026-06-03 11:31:48.100000+00:00,Cash,orders_S002_20260603.json,S002,S002_O00013,2026-06-03,11,6,3,Wednesday,23,2,2026-2027,Off-Peak,Weekday,Breakfast,2026-06-03T17:41:50.872Z
ST012,C0059,20260603,2026-06-03T17:39:04.695883,O00016,Completed,2026-06-03 14:37:59.100000+00:00,UPI,orders_S002_20260603.json,S002,S002_O00016,2026-06-03,14,6,3,Wednesday,23,2,2026-2027,Off-Peak,Weekday,Lunch,2026-06-03T17:41:50.872Z
ST011,C0089,20260603,2026-06-03T17:39:04.695883,O00018,Completed,2026-06-03 13:26:12.100000+00:00,Cash,orders_S002_20260603.json,S002,S002_O00018,2026-06-03,13,6,3,Wednesday,23,2,2026-2027,Off-Peak,Weekday,Lunch,2026-06-03T17:41:50.872Z
ST012,C0336,20260603,2026-06-03T17:39:04.695883,O00021,Completed,2026-06-03 16:53:08.100000+00:00,UPI,orders_S002_20260603.json,S002,S002_O00021,2026-06-03,16,6,3,Wednesday,23,2,2026-2027,Off-Peak,Weekday,Snack,2026-06-03T17:41:50.872Z
ST003,C0066,20260603,2026-06-03T17:39:04.695883,O00022,Completed,2026-06-03 14:26:06.100000+00:00,Cash,orders_S002_20260603.json,S002,S002_O00022,2026-06-03,14,6,3,Wednesday,23,2,2026-2027,Off-Peak,Weekday,Lunch,2026-06-03T17:41:50.872Z
ST014,C0354,20260603,2026-06-03T17:39:04.695883,O00026,Completed,2026-06-03 16:30:13.100000+00:00,Cash,orders_S002_20260603.json,S002,S002_O00026,2026-06-03,16,6,3,Wednesday,23,2,2026-2027,Off-Peak,Weekday,Snack,2026-06-03T17:41:50.872Z
ST011,C0136,20260603,2026-06-03T17:39:04.695883,O00027,Completed,2026-06-03 17:28:16.100000+00:00,UPI,orders_S002_20260603.json,S002,S002_O00027,2026-06-03,17,6,3,Wednesday,23,2,2026-2027,Off-Peak,Weekday,Dinner,2026-06-03T17:41:50.872Z
ST013,C0142,20260603,2026-06-03T17:39:04.695883,O00028,Completed,2026-06-03 16:12:21.100000+00:00,Cash,orders_S002_20260603.json,S002,S002_O00028,2026-06-03,16,6,3,Wednesday,23,2,2026-2027,Off-Peak,Weekday,Snack,2026-06-03T17:41:50.872Z
ST012,C0277,20260603,2026-06-03T17:39:04.695883,O00030,Completed,2026-06-03 13:00:21.100000+00:00,UPI,orders_S002_20260603.json,S002,S002_O00030,2026-06-03,13,6,3,Wednesday,23,2,2026-2027,Off-Peak,Weekday,Lunch,2026-06-03T17:41:50.872Z
ST004,C0019,20260603,2026-06-03T17:39:04.695883,O00032,Completed,2026-06-03 10:55:59.100000+00:00,UPI,orders_S002_20260603.json,S002,S002_O00032,2026-06-03,10,6,3,Wednesday,23,2,2026-2027,Off-Peak,Weekday,Breakfast,2026-06-03T17:41:50.872Z
ST003,C0267,20260603,2026-06-03T17:39:04.695883,O00033,Completed,2026-06-03 13:46:16.100000+00:00,Card,orders_S002_20260603.json,S002,S002_O00033,2026-06-03,13,6,3,Wednesday,23,2,2026-2027,Off-Peak,Weekday,Lunch,2026-06-03T17:41:50.872Z
ST011,C0395,20260603,2026-06-03T17:39:04.695883,O00037,Completed,2026-06-03 12:20:44.100000+00:00,Card,orders_S002_20260603.json,S002,S002_O00037,2026-06-03,12,6,3,Wednesday,23,2,2026-2027,Off-Peak,Weekday,Lunch,2026-06-03T17:41:50.872Z
ST006,C0015,20260603,2026-06-03T17:39:04.695883,O00041,Completed,2026-06-03 13:27:02.100000+00:00,Card,orders_S002_20260603.json,S002,S002_O00041,2026-06-03,13,6,3,Wednesday,23,2,2026-2027,Off-Peak,Weekday,Lunch,2026-06-03T17:41:50.872Z
ST003,C0034,20260603,2026-06-03T17:39:04.695883,O00044,Completed,2026-06-03 17:12:40.100000+00:00,Cash,orders_S002_20260603.json,S002,S002_O00044,2026-06-03,17,6,3,Wednesday,23,2,2026-2027,Off-Peak,Weekday,Dinner,2026-06-03T17:41:50.872Z
ST002,C0050,20260603,2026-06-03T17:39:04.695883,O00048,Completed,2026-06-03 17:20:37.100000+00:00,Cash,orders_S002_20260603.json,S002,S002_O00048,2026-06-03,17,6,3,Wednesday,23,2,2026-2027,Off-Peak,Weekday,Dinner,2026-06-03T17:41:50.872Z
ST004,C0385,20260603,2026-06-03T17:39:04.695883,O00053,Completed,2026-06-03 13:22:01.100000+00:00,UPI,orders_S002_20260603.json,S002,S002_O00053,2026-06-03,13,6,3,Wednesday,23,2,2026-2027,Off-Peak,Weekday,Lunch,2026-06-03T17:41:50.872Z
ST009,C0051,20260603,2026-06-03T17:39:04.695883,O00054,Completed,2026-06-03 12:56:19.100000+00:00,Card,orders_S002_20260603.json,S002,S002_O00054,2026-06-03,12,6,3,Wednesday,23,2,2026-2027,Off-Peak,Weekday,Lunch,2026-06-03T17:41:50.872Z
ST006,C0015,20260603,2026-06-03T17:39:04.695883,O00055,Completed,2026-06-03 13:51:50.100000+00:00,Cash,orders_S002_20260603.json,S002,S002_O00055,2026-06-03,13,6,3,Wednesday,23,2,2026-2027,Off-Peak,Weekday,Lunch,2026-06-03T17:41:50.872Z
ST013,C0445,20260603,2026-06-03T17:39:04.695883,O00056,Completed,2026-06-03 13:41:59.100000+00:00,Cash,orders_S002_20260603.json,S002,S002_O00056,2026-06-03,13,6,3,Wednesday,23,2,2026-2027,Off-Peak,Weekday,Lunch,2026-06-03T17:41:50.872Z
ST008,C0151,20260603,2026-06-03T17:39:04.695883,O00058,Completed,2026-06-03 11:12:41.100000+00:00,UPI,orders_S002_20260603.json,S002,S002_O00058,2026-06-03,11,6,3,Wednesday,23,2,2026-2027,Off-Peak,Weekday,Breakfast,2026-06-03T17:41:50.872Z
ST003,C0076,20260603,2026-06-03T17:39:04.695883,O00070,Completed,2026-06-03 17:20:25.100000+00:00,Card,orders_S002_20260603.json,S002,S002_O00070,2026-06-03,17,6,3,Wednesday,23,2,2026-2027,Off-Peak,Weekday,Dinner,2026-06-03T17:41:50.872Z
ST008,C0033,20260603,2026-06-03T17:39:04.695883,O00071,Completed,2026-06-03 17:10:00.100000+00:00,UPI,orders_S002_20260603.json,S002,S002_O00071,2026-06-03,17,6,3,Wednesday,23,2,2026-2027,Off-Peak,Weekday,Dinner,2026-06-03T17:41:50.872Z
ST011,C0048,20260603,2026-06-03T17:39:04.695883,O00076,Completed,2026-06-03 14:04:05.100000+00:00,Cash,orders_S002_20260603.json,S002,S002_O00076,2026-06-03,14,6,3,Wednesday,23,2,2026-2027,Off-Peak,Weekday,Lunch,2026-06-03T17:41:50.872Z
ST003,C0256,20260603,2026-06-03T17:39:04.695883,O00082,Completed,2026-06-03 13:36:23.100000+00:00,Card,orders_S002_20260603.json,S002,S002_O00082,2026-06-03,13,6,3,Wednesday,23,2,2026-2027,Off-Peak,Weekday,Lunch,2026-06-03T17:41:50.872Z
ST004,C0246,20260603,2026-06-03T17:39:04.695883,O00085,Completed,2026-06-03 11:58:57.100000+00:00,UPI,orders_S002_20260603.json,S002,S002_O00085,2026-06-03,11,6,3,Wednesday,23,2,2026-2027,Off-Peak,Weekday,Breakfast,2026-06-03T17:41:50.872Z
ST004,C0029,20260603,2026-06-03T17:39:04.695883,O00089,Completed,2026-06-03 13:47:12.100000+00:00,Cash,orders_S002_20260603.json,S002,S002_O00089,2026-06-03,13,6,3,Wednesday,23,2,2026-2027,Off-Peak,Weekday,Lunch,2026-06-03T17:41:50.872Z
ST001,C0435,20260603,2026-06-03T17:39:04.695883,O00090,Completed,2026-06-03 16:22:45.100000+00:00,Cash,orders_S002_20260603.json,S002,S002_O00090,2026-06-03,16,6,3,Wednesday,23,2,2026-2027,Off-Peak,Weekday,Snack,2026-06-03T17:41:50.872Z
ST004,C0447,20260603,2026-06-03T17:39:04.695883,O00091,Completed,2026-06-03 12:14:38.100000+00:00,Cash,orders_S002_20260603.json,S002,S002_O00091,2026-06-03,12,6,3,Wednesday,23,2,2026-2027,Off-Peak,Weekday,Lunch,2026-06-03T17:41:50.872Z
ST014,C0121,20260603,2026-06-03T17:39:04.695883,O00092,Completed,2026-06-03 10:29:16.100000+00:00,UPI,orders_S002_20260603.json,S002,S002_O00092,2026-06-03,10,6,3,Wednesday,23,2,2026-2027,Off-Peak,Weekday,Breakfast,2026-06-03T17:41:50.872Z
ST015,C0369,20260603,2026-06-03T17:39:04.695883,O00094,Completed,2026-06-03 14:02:52.100000+00:00,UPI,orders_S002_20260603.json,S002,S002_O00094,2026-06-03,14,6,3,Wednesday,23,2,2026-2027,Off-Peak,Weekday,Lunch,2026-06-03T17:41:50.872Z
ST011,C0192,20260603,2026-06-03T17:39:04.695883,O00100,Completed,2026-06-03 14:22:23.100000+00:00,UPI,orders_S002_20260603.json,S002,S002_O00100,2026-06-03,14,6,3,Wednesday,23,2,2026-2027,Off-Peak,Weekday,Lunch,2026-06-03T17:41:50.872Z
ST014,C0240,20260603,2026-06-03T17:39:04.695883,O00102,Completed,2026-06-03 14:52:14.100000+00:00,Card,orders_S002_20260603.json,S002,S002_O00102,2026-06-03,14,6,3,Wednesday,23,2,2026-2027,Off-Peak,Weekday,Lunch,2026-06-03T17:41:50.872Z
ST004,C0364,20260603,2026-06-03T17:39:04.695883,O00104,Completed,2026-06-03 14:22:24.100000+00:00,Card,orders_S002_20260603.json,S002,S002_O00104,2026-06-03,14,6,3,Wednesday,23,2,2026-2027,Off-Peak,Weekday,Lunch,2026-06-03T17:41:50.872Z
ST009,C0053,20260603,2026-06-03T17:39:04.695883,O00105,Completed,2026-06-03 12:08:35.100000+00:00,UPI,orders_S002_20260603.json,S002,S002_O00105,2026-06-03,12,6,3,Wednesday,23,2,2026-2027,Off-Peak,Weekday,Lunch,2026-06-03T17:41:50.872Z
ST011,C0029,20260603,2026-06-03T17:39:04.695883,O00109,Completed,2026-06-03 17:09:03.100000+00:00,UPI,orders_S002_20260603.json,S002,S002_O00109,2026-06-03,17,6,3,Wednesday,23,2,2026-2027,Off-Peak,Weekday,Dinner,2026-06-03T17:41:50.872Z
ST004,C0051,20260603,2026-06-03T17:39:04.695883,O00110,Completed,2026-06-03 16:20:59.100000+00:00,UPI,orders_S002_20260603.json,S002,S002_O00110,2026-06-03,16,6,3,Wednesday,23,2,2026-2027,Off-Peak,Weekday,Snack,2026-06-03T17:41:50.872Z
ST004,C0315,20260603,2026-06-03T17:39:04.695883,O00116,Completed,2026-06-03 15:21:29.100000+00:00,UPI,orders_S002_20260603.json,S002,S002_O00116,2026-06-03,15,6,3,Wednesday,23,2,2026-2027,Off-Peak,Weekday,Snack,2026-06-03T17:41:50.872Z
ST014,C0004,20260603,2026-06-03T17:39:04.695883,O00119,Completed,2026-06-03 13:04:05.100000+00:00,Card,orders_S002_20260603.json,S002,S002_O00119,2026-06-03,13,6,3,Wednesday,23,2,2026-2027,Off-Peak,Weekday,Lunch,2026-06-03T17:41:50.872Z
ST002,C0206,20260603,2026-06-03T17:39:04.695883,O00124,Completed,2026-06-03 17:41:15.100000+00:00,UPI,orders_S002_20260603.json,S002,S002_O00124,2026-06-03,17,6,3,Wednesday,23,2,2026-2027,Off-Peak,Weekday,Dinner,2026-06-03T17:41:50.872Z
ST003,C0043,20260603,2026-06-03T17:39:04.695883,O00126,Completed,2026-06-03 13:48:11.100000+00:00,Cash,orders_S002_20260603.json,S002,S002_O00126,2026-06-03,13,6,3,Wednesday,23,2,2026-2027,Off-Peak,Weekday,Lunch,2026-06-03T17:41:50.872Z
ST009,C0304,20260603,2026-06-03T17:39:04.695883,O00128,Completed,2026-06-03 15:53:33.100000+00:00,UPI,orders_S002_20260603.json,S002,S002_O00128,2026-06-03,15,6,3,Wednesday,23,2,2026-2027,Off-Peak,Weekday,Snack,2026-06-03T17:41:50.872Z
ST005,C0300,20260603,2026-06-03T17:39:04.695883,O00134,Completed,2026-06-03 13:37:26.100000+00:00,Cash,orders_S002_20260603.json,S002,S002_O00134,2026-06-03,13,6,3,Wednesday,23,2,2026-2027,Off-Peak,Weekday,Lunch,2026-06-03T17:41:50.872Z
ST005,C0141,20260603,2026-06-03T17:39:04.695883,O00136,Completed,2026-06-03 12:12:48.100000+00:00,UPI,orders_S002_20260603.json,S002,S002_O00136,2026-06-03,12,6,3,Wednesday,23,2,2026-2027,Off-Peak,Weekday,Lunch,2026-06-03T17:41:50.872Z
ST012,C0194,20260603,2026-06-03T17:39:04.695883,O00139,Completed,2026-06-03 16:39:32.100000+00:00,Card,orders_S002_20260603.json,S002,S002_O00139,2026-06-03,16,6,3,Wednesday,23,2,2026-2027,Off-Peak,Weekday,Snack,2026-06-03T17:41:50.872Z
ST002,C0321,20260603,2026-06-03T17:39:04.695883,O00145,Completed,2026-06-03 14:52:01.100000+00:00,UPI,orders_S002_20260603.json,S002,S002_O00145,2026-06-03,14,6,3,Wednesday,23,2,2026-2027,Off-Peak,Weekday,Lunch,2026-06-03T17:41:50.872Z
ST002,C0226,20260603,2026-06-03T17:39:04.695883,O00149,Completed,2026-06-03 13:43:01.100000+00:00,Cash,orders_S002_20260603.json,S002,S002_O00149,2026-06-03,13,6,3,Wednesday,23,2,2026-2027,Off-Peak,Weekday,Lunch,2026-06-03T17:41:50.872Z
ST013,C0382,20260603,2026-06-03T17:39:04.695883,O00154,Completed,2026-06-03 13:36:27.100000+00:00,UPI,orders_S002_20260603.json,S002,S002_O00154,2026-06-03,13,6,3,Wednesday,23,2,2026-2027,Off-Peak,Weekday,Lunch,2026-06-03T17:41:50.872Z
ST010,C0281,20260603,2026-06-03T17:39:04.695883,O00157,Completed,2026-06-03 14:35:50.100000+00:00,UPI,orders_S002_20260603.json,S002,S002_O00157,2026-06-03,14,6,3,Wednesday,23,2,2026-2027,Off-Peak,Weekday,Lunch,2026-06-03T17:41:50.872Z
ST006,C0054,20260603,2026-06-03T17:39:04.695883,O00159,Completed,2026-06-03 13:29:30.100000+00:00,Cash,orders_S002_20260603.json,S002,S002_O00159,2026-06-03,13,6,3,Wednesday,23,2,2026-2027,Off-Peak,Weekday,Lunch,2026-06-03T17:41:50.872Z
ST008,C0010,20260603,2026-06-03T17:39:04.695883,O00160,Completed,2026-06-03 17:39:32.100000+00:00,Cash,orders_S002_20260603.json,S002,S002_O00160,2026-06-03,17,6,3,Wednesday,23,2,2026-2027,Off-Peak,Weekday,Dinner,2026-06-03T17:41:50.872Z
ST011,C0192,20260603,2026-06-03T17:39:04.695883,O00162,Completed,2026-06-03 15:05:28.100000+00:00,UPI,orders_S002_20260603.json,S002,S002_O00162,2026-06-03,15,6,3,Wednesday,23,2,2026-2027,Off-Peak,Weekday,Snack,2026-06-03T17:41:50.872Z
ST014,C0081,20260603,2026-06-03T17:39:04.695883,O00164,Completed,2026-06-03 13:14:20.100000+00:00,Card,orders_S002_20260603.json,S002,S002_O00164,2026-06-03,13,6,3,Wednesday,23,2,2026-2027,Off-Peak,Weekday,Lunch,2026-06-03T17:41:50.872Z
ST015,C0171,20260603,2026-06-03T17:39:04.695883,O00166,Completed,2026-06-03 11:12:26.100000+00:00,Card,orders_S002_20260603.json,S002,S002_O00166,2026-06-03,11,6,3,Wednesday,23,2,2026-2027,Off-Peak,Weekday,Breakfast,2026-06-03T17:41:50.872Z
ST006,C0063,20260603,2026-06-03T17:39:04.695883,O00168,Completed,2026-06-03 17:15:30.100000+00:00,Cash,orders_S002_20260603.json,S002,S002_O00168,2026-06-03,17,6,3,Wednesday,23,2,2026-2027,Off-Peak,Weekday,Dinner,2026-06-03T17:41:50.872Z
ST015,C0010,20260603,2026-06-03T17:39:04.695883,O00170,Completed,2026-06-03 12:37:32.100000+00:00,Card,orders_S002_20260603.json,S002,S002_O00170,2026-06-03,12,6,3,Wednesday,23,2,2026-2027,Off-Peak,Weekday,Lunch,2026-06-03T17:41:50.872Z
ST015,C0363,20260603,2026-06-03T17:39:04.695883,O00172,Completed,2026-06-03 12:11:10.100000+00:00,Cash,orders_S002_20260603.json,S002,S002_O00172,2026-06-03,12,6,3,Wednesday,23,2,2026-2027,Off-Peak,Weekday,Lunch,2026-06-03T17:41:50.872Z
ST008,C0057,20260603,2026-06-03T17:39:04.695883,O00173,Completed,2026-06-03 17:12:42.100000+00:00,Cash,orders_S002_20260603.json,S002,S002_O00173,2026-06-03,17,6,3,Wednesday,23,2,2026-2027,Off-Peak,Weekday,Dinner,2026-06-03T17:41:50.872Z
ST004,C0116,20260603,2026-06-03T17:39:04.695883,O00179,Completed,2026-06-03 11:17:22.100000+00:00,UPI,orders_S002_20260603.json,S002,S002_O00179,2026-06-03,11,6,3,Wednesday,23,2,2026-2027,Off-Peak,Weekday,Breakfast,2026-06-03T17:41:50.872Z
ST003,C0321,20260603,2026-06-03T17:39:04.695883,O00182,Completed,2026-06-03 13:00:00.100000+00:00,UPI,orders_S002_20260603.json,S002,S002_O00182,2026-06-03,13,6,3,Wednesday,23,2,2026-2027,Off-Peak,Weekday,Lunch,2026-06-03T17:41:50.872Z
ST015,C0314,20260603,2026-06-03T17:39:04.695883,O00183,Completed,2026-06-03 10:33:27.100000+00:00,Cash,orders_S002_20260603.json,S002,S002_O00183,2026-06-03,10,6,3,Wednesday,23,2,2026-2027,Off-Peak,Weekday,Breakfast,2026-06-03T17:41:50.872Z
ST004,C0278,20260603,2026-06-03T17:39:04.695883,O00187,Completed,2026-06-03 16:16:09.100000+00:00,Cash,orders_S002_20260603.json,S002,S002_O00187,2026-06-03,16,6,3,Wednesday,23,2,2026-2027,Off-Peak,Weekday,Snack,2026-06-03T17:41:50.872Z
ST007,C0208,20260603,2026-06-03T17:39:04.695883,O00188,Completed,2026-06-03 16:34:05.100000+00:00,Cash,orders_S002_20260603.json,S002,S002_O00188,2026-06-03,16,6,3,Wednesday,23,2,2026-2027,Off-Peak,Weekday,Snack,2026-06-03T17:41:50.872Z
ST004,C0371,20260603,2026-06-03T17:39:04.695883,O00189,Completed,2026-06-03 17:06:57.100000+00:00,UPI,orders_S002_20260603.json,S002,S002_O00189,2026-06-03,17,6,3,Wednesday,23,2,2026-2027,Off-Peak,Weekday,Dinner,2026-06-03T17:41:50.872Z
ST009,C0022,20260603,2026-06-03T17:39:04.695883,O00190,Completed,2026-06-03 13:23:43.100000+00:00,UPI,orders_S002_20260603.json,S002,S002_O00190,2026-06-03,13,6,3,Wednesday,23,2,2026-2027,Off-Peak,Weekday,Lunch,2026-06-03T17:41:50.872Z
ST007,C0290,20260603,2026-06-03T17:39:04.695883,O00195,Completed,2026-06-03 15:37:40.100000+00:00,Cash,orders_S002_20260603.json,S002,S002_O00195,2026-06-03,15,6,3,Wednesday,23,2,2026-2027,Off-Peak,Weekday,Snack,2026-06-03T17:41:50.872Z
ST014,C0071,20260603,2026-06-03T17:39:04.695883,O00196,Completed,2026-06-03 14:31:38.100000+00:00,Cash,orders_S002_20260603.json,S002,S002_O00196,2026-06-03,14,6,3,Wednesday,23,2,2026-2027,Off-Peak,Weekday,Lunch,2026-06-03T17:41:50.872Z
ST003,C0020,20260603,2026-06-03T17:39:04.695883,O00198,Completed,2026-06-03 15:19:46.100000+00:00,Cash,orders_S002_20260603.json,S002,S002_O00198,2026-06-03,15,6,3,Wednesday,23,2,2026-2027,Off-Peak,Weekday,Snack,2026-06-03T17:41:50.872Z
ST010,C0180,20260603,2026-06-03T17:39:04.695883,O00199,Completed,2026-06-03 12:50:59.100000+00:00,Card,orders_S002_20260603.json,S002,S002_O00199,2026-06-03,12,6,3,Wednesday,23,2,2026-2027,Off-Peak,Weekday,Lunch,2026-06-03T17:41:50.872Z
ST004,C0421,20260603,2026-06-03T17:39:04.695883,O00200,Completed,2026-06-03 14:45:27.100000+00:00,UPI,orders_S002_20260603.json,S002,S002_O00200,2026-06-03,14,6,3,Wednesday,23,2,2026-2027,Off-Peak,Weekday,Lunch,2026-06-03T17:41:50.872Z
ST007,C0069,20260603,2026-06-03T17:39:04.695883,O00201,Completed,2026-06-03 12:51:00.100000+00:00,UPI,orders_S002_20260603.json,S002,S002_O00201,2026-06-03,12,6,3,Wednesday,23,2,2026-2027,Off-Peak,Weekday,Lunch,2026-06-03T17:41:50.872Z
ST002,C0284,20260603,2026-06-03T17:39:04.695883,O00204,Completed,2026-06-03 17:03:00.100000+00:00,Cash,orders_S002_20260603.json,S002,S002_O00204,2026-06-03,17,6,3,Wednesday,23,2,2026-2027,Off-Peak,Weekday,Dinner,2026-06-03T17:41:50.872Z
ST006,C0330,20260603,2026-06-03T17:39:04.695883,O00208,Completed,2026-06-03 17:29:49.100000+00:00,UPI,orders_S002_20260603.json,S002,S002_O00208,2026-06-03,17,6,3,Wednesday,23,2,2026-2027,Off-Peak,Weekday,Dinner,2026-06-03T17:41:50.872Z
ST002,C0037,20260603,2026-06-03T17:39:04.695883,O00212,Completed,2026-06-03 17:12:16.100000+00:00,UPI,orders_S002_20260603.json,S002,S002_O00212,2026-06-03,17,6,3,Wednesday,23,2,2026-2027,Off-Peak,Weekday,Dinner,2026-06-03T17:41:50.872Z
ST013,C0189,20260603,2026-06-03T17:39:04.695883,O00213,Completed,2026-06-03 17:27:43.100000+00:00,UPI,orders_S002_20260603.json,S002,S002_O00213,2026-06-03,17,6,3,Wednesday,23,2,2026-2027,Off-Peak,Weekday,Dinner,2026-06-03T17:41:50.872Z
ST001,C0298,20260603,2026-06-03T17:39:04.695883,O00221,Completed,2026-06-03 13:11:52.100000+00:00,UPI,orders_S002_20260603.json,S002,S002_O00221,2026-06-03,13,6,3,Wednesday,23,2,2026-2027,Off-Peak,Weekday,Lunch,2026-06-03T17:41:50.872Z
ST011,C0155,20260603,2026-06-03T17:39:04.695883,O00222,Completed,2026-06-03 16:04:12.100000+00:00,UPI,orders_S002_20260603.json,S002,S002_O00222,2026-06-03,16,6,3,Wednesday,23,2,2026-2027,Off-Peak,Weekday,Snack,2026-06-03T17:41:50.872Z
ST011,C0182,20260603,2026-06-03T17:39:04.695883,O00224,Completed,2026-06-03 16:34:05.100000+00:00,UPI,orders_S002_20260603.json,S002,S002_O00224,2026-06-03,16,6,3,Wednesday,23,2,2026-2027,Off-Peak,Weekday,Snack,2026-06-03T17:41:50.872Z
ST002,C0114,20260603,2026-06-03T17:39:04.695883,O00226,Completed,2026-06-03 13:53:27.100000+00:00,UPI,orders_S002_20260603.json,S002,S002_O00226,2026-06-03,13,6,3,Wednesday,23,2,2026-2027,Off-Peak,Weekday,Lunch,2026-06-03T17:41:50.872Z
ST007,C0002,20260603,2026-06-03T17:39:04.695883,O00231,Completed,2026-06-03 12:04:37.100000+00:00,UPI,orders_S002_20260603.json,S002,S002_O00231,2026-06-03,12,6,3,Wednesday,23,2,2026-2027,Off-Peak,Weekday,Lunch,2026-06-03T17:41:50.872Z
ST009,C0081,20260603,2026-06-03T17:39:04.695883,O00232,Completed,2026-06-03 17:20:42.100000+00:00,Cash,orders_S002_20260603.json,S002,S002_O00232,2026-06-03,17,6,3,Wednesday,23,2,2026-2027,Off-Peak,Weekday,Dinner,2026-06-03T17:41:50.872Z
ST001,C0373,20260603,2026-06-03T17:39:04.695883,O00234,Completed,2026-06-03 12:30:00.100000+00:00,Card,orders_S002_20260603.json,S002,S002_O00234,2026-06-03,12,6,3,Wednesday,23,2,2026-2027,Off-Peak,Weekday,Lunch,2026-06-03T17:41:50.872Z
ST002,C0084,20260603,2026-06-03T17:39:04.695883,O00235,Completed,2026-06-03 12:11:02.100000+00:00,UPI,orders_S002_20260603.json,S002,S002_O00235,2026-06-03,12,6,3,Wednesday,23,2,2026-2027,Off-Peak,Weekday,Lunch,2026-06-03T17:41:50.872Z
ST002,C0036,20260603,2026-06-03T17:39:04.695883,O00240,Completed,2026-06-03 12:17:51.100000+00:00,Card,orders_S002_20260603.json,S002,S002_O00240,2026-06-03,12,6,3,Wednesday,23,2,2026-2027,Off-Peak,Weekday,Lunch,2026-06-03T17:41:50.872Z
ST012,C0053,20260603,2026-06-03T17:39:04.695883,O00242,Completed,2026-06-03 17:10:19.100000+00:00,UPI,orders_S002_20260603.json,S002,S002_O00242,2026-06-03,17,6,3,Wednesday,23,2,2026-2027,Off-Peak,Weekday,Dinner,2026-06-03T17:41:50.872Z
ST009,C0406,20260603,2026-06-03T17:39:04.695883,O00243,Completed,2026-06-03 12:50:38.100000+00:00,Cash,orders_S002_20260603.json,S002,S002_O00243,2026-06-03,12,6,3,Wednesday,23,2,2026-2027,Off-Peak,Weekday,Lunch,2026-06-03T17:41:50.872Z
ST013,C0061,20260603,2026-06-03T17:39:04.695883,O00245,Completed,2026-06-03 12:23:19.100000+00:00,UPI,orders_S002_20260603.json,S002,S002_O00245,2026-06-03,12,6,3,Wednesday,23,2,2026-2027,Off-Peak,Weekday,Lunch,2026-06-03T17:41:50.872Z
ST005,C0079,20260603,2026-06-03T17:39:04.695883,O00246,Completed,2026-06-03 13:44:42.100000+00:00,Card,orders_S002_20260603.json,S002,S002_O00246,2026-06-03,13,6,3,Wednesday,23,2,2026-2027,Off-Peak,Weekday,Lunch,2026-06-03T17:41:50.872Z
ST009,C0398,20260603,2026-06-03T17:39:04.695883,O00249,Completed,2026-06-03 11:35:43.100000+00:00,UPI,orders_S002_20260603.json,S002,S002_O00249,2026-06-03,11,6,3,Wednesday,23,2,2026-2027,Off-Peak,Weekday,Breakfast,2026-06-03T17:41:50.872Z
ST010,C0247,20260603,2026-06-03T17:39:04.695883,O00252,Completed,2026-06-03 16:47:53.100000+00:00,UPI,orders_S002_20260603.json,S002,S002_O00252,2026-06-03,16,6,3,Wednesday,23,2,2026-2027,Off-Peak,Weekday,Snack,2026-06-03T17:41:50.872Z
ST006,C0198,20260603,2026-06-03T17:39:04.695883,O00269,Completed,2026-06-03 12:46:42.100000+00:00,Cash,orders_S002_20260603.json,S002,S002_O00269,2026-06-03,12,6,3,Wednesday,23,2,2026-2027,Off-Peak,Weekday,Lunch,2026-06-03T17:41:50.872Z
ST001,C0051,20260603,2026-06-03T17:39:04.695883,O00271,Completed,2026-06-03 17:09:33.100000+00:00,UPI,orders_S002_20260603.json,S002,S002_O00271,2026-06-03,17,6,3,Wednesday,23,2,2026-2027,Off-Peak,Weekday,Dinner,2026-06-03T17:41:50.872Z
ST004,C0330,20260603,2026-06-03T17:39:04.695883,O00274,Completed,2026-06-03 16:04:03.100000+00:00,Cash,orders_S002_20260603.json,S002,S002_O00274,2026-06-03,16,6,3,Wednesday,23,2,2026-2027,Off-Peak,Weekday,Snack,2026-06-03T17:41:50.872Z
ST011,C0008,20260603,2026-06-03T17:39:04.695883,O00282,Completed,2026-06-03 14:02:09.100000+00:00,Cash,orders_S002_20260603.json,S002,S002_O00282,2026-06-03,14,6,3,Wednesday,23,2,2026-2027,Off-Peak,Weekday,Lunch,2026-06-03T17:41:50.872Z
ST005,C0009,20260603,2026-06-03T17:39:04.695883,O00284,Completed,2026-06-03 12:16:04.100000+00:00,Card,orders_S002_20260603.json,S002,S002_O00284,2026-06-03,12,6,3,Wednesday,23,2,2026-2027,Off-Peak,Weekday,Lunch,2026-06-03T17:41:50.872Z
ST006,C0011,20260603,2026-06-03T17:39:04.695883,O00287,Completed,2026-06-03 13:47:42.100000+00:00,UPI,orders_S002_20260603.json,S002,S002_O00287,2026-06-03,13,6,3,Wednesday,23,2,2026-2027,Off-Peak,Weekday,Lunch,2026-06-03T17:41:50.872Z
ST003,C0002,20260603,2026-06-03T17:39:04.695883,O00288,Completed,2026-06-03 13:03:30.100000+00:00,Cash,orders_S002_20260603.json,S002,S002_O00288,2026-06-03,13,6,3,Wednesday,23,2,2026-2027,Off-Peak,Weekday,Lunch,2026-06-03T17:41:50.872Z
ST010,C0314,20260603,2026-06-03T17:39:04.695883,O00291,Completed,2026-06-03 15:44:11.100000+00:00,UPI,orders_S002_20260603.json,S002,S002_O00291,2026-06-03,15,6,3,Wednesday,23,2,2026-2027,Off-Peak,Weekday,Snack,2026-06-03T17:41:50.872Z
ST002,C0432,20260603,2026-06-03T17:39:04.695883,O00293,Completed,2026-06-03 12:54:33.100000+00:00,UPI,orders_S002_20260603.json,S002,S002_O00293,2026-06-03,12,6,3,Wednesday,23,2,2026-2027,Off-Peak,Weekday,Lunch,2026-06-03T17:41:50.872Z
ST005,C0123,20260603,2026-06-03T17:39:04.695883,O00295,Completed,2026-06-03 17:24:01.100000+00:00,UPI,orders_S002_20260603.json,S002,S002_O00295,2026-06-03,17,6,3,Wednesday,23,2,2026-2027,Off-Peak,Weekday,Dinner,2026-06-03T17:41:50.872Z
ST004,C0327,20260603,2026-06-03T17:39:04.695883,O00296,Completed,2026-06-03 12:06:52.100000+00:00,Card,orders_S002_20260603.json,S002,S002_O00296,2026-06-03,12,6,3,Wednesday,23,2,2026-2027,Off-Peak,Weekday,Lunch,2026-06-03T17:41:50.872Z
ST015,C0033,20260603,2026-06-03T17:39:04.695883,O00297,Completed,2026-06-03 15:22:12.100000+00:00,UPI,orders_S002_20260603.json,S002,S002_O00297,2026-06-03,15,6,3,Wednesday,23,2,2026-2027,Off-Peak,Weekday,Snack,2026-06-03T17:41:50.872Z
ST014,C0020,20260603,2026-06-03T17:39:04.695883,O00302,Completed,2026-06-03 13:32:23.100000+00:00,Card,orders_S002_20260603.json,S002,S002_O00302,2026-06-03,13,6,3,Wednesday,23,2,2026-2027,Off-Peak,Weekday,Lunch,2026-06-03T17:41:50.872Z
ST009,C0073,20260603,2026-06-03T17:39:04.695883,O00305,Completed,2026-06-03 14:43:43.100000+00:00,Card,orders_S002_20260603.json,S002,S002_O00305,2026-06-03,14,6,3,Wednesday,23,2,2026-2027,Off-Peak,Weekday,Lunch,2026-06-03T17:41:50.872Z
ST014,C0060,20260603,2026-06-03T17:39:04.695883,O00307,Completed,2026-06-03 16:51:21.100000+00:00,UPI,orders_S002_20260603.json,S002,S002_O00307,2026-06-03,16,6,3,Wednesday,23,2,2026-2027,Off-Peak,Weekday,Snack,2026-06-03T17:41:50.872Z
ST015,C0376,20260603,2026-06-03T17:39:04.695883,O00312,Completed,2026-06-03 16:56:25.100000+00:00,UPI,orders_S002_20260603.json,S002,S002_O00312,2026-06-03,16,6,3,Wednesday,23,2,2026-2027,Off-Peak,Weekday,Snack,2026-06-03T17:41:50.872Z
ST015,C0087,20260603,2026-06-03T17:39:04.695883,O00316,Completed,2026-06-03 17:38:03.100000+00:00,UPI,orders_S002_20260603.json,S002,S002_O00316,2026-06-03,17,6,3,Wednesday,23,2,2026-2027,Off-Peak,Weekday,Dinner,2026-06-03T17:41:50.872Z
ST004,C0409,20260603,2026-06-03T17:39:04.695883,O00319,Completed,2026-06-03 13:59:16.100000+00:00,UPI,orders_S002_20260603.json,S002,S002_O00319,2026-06-03,13,6,3,Wednesday,23,2,2026-2027,Off-Peak,Weekday,Lunch,2026-06-03T17:41:50.872Z
ST002,C0178,20260603,2026-06-03T17:39:04.695883,O00330,Completed,2026-06-03 13:48:33.100000+00:00,UPI,orders_S002_20260603.json,S002,S002_O00330,2026-06-03,13,6,3,Wednesday,23,2,2026-2027,Off-Peak,Weekday,Lunch,2026-06-03T17:41:50.872Z
ST010,C0025,20260603,2026-06-03T17:39:04.695883,O00337,Completed,2026-06-03 13:09:10.100000+00:00,UPI,orders_S002_20260603.json,S002,S002_O00337,2026-06-03,13,6,3,Wednesday,23,2,2026-2027,Off-Peak,Weekday,Lunch,2026-06-03T17:41:50.872Z
ST006,C0274,20260603,2026-06-03T17:39:04.695883,O00338,Completed,2026-06-03 16:40:19.100000+00:00,UPI,orders_S002_20260603.json,S002,S002_O00338,2026-06-03,16,6,3,Wednesday,23,2,2026-2027,Off-Peak,Weekday,Snack,2026-06-03T17:41:50.872Z
ST012,C0130,20260603,2026-06-03T17:39:04.695883,O00342,Completed,2026-06-03 13:09:15.100000+00:00,Cash,orders_S002_20260603.json,S002,S002_O00342,2026-06-03,13,6,3,Wednesday,23,2,2026-2027,Off-Peak,Weekday,Lunch,2026-06-03T17:41:50.872Z
ST014,C0022,20260603,2026-06-03T17:39:04.695883,O00345,Completed,2026-06-03 10:01:52.100000+00:00,UPI,orders_S002_20260603.json,S002,S002_O00345,2026-06-03,10,6,3,Wednesday,23,2,2026-2027,Off-Peak,Weekday,Breakfast,2026-06-03T17:41:50.872Z
ST005,C0208,20260603,2026-06-03T17:39:04.695883,O00347,Completed,2026-06-03 12:38:53.100000+00:00,UPI,orders_S002_20260603.json,S002,S002_O00347,2026-06-03,12,6,3,Wednesday,23,2,2026-2027,Off-Peak,Weekday,Lunch,2026-06-03T17:41:50.872Z
ST010,C0020,20260603,2026-06-03T17:39:04.695883,O00353,Completed,2026-06-03 15:26:34.100000+00:00,UPI,orders_S002_20260603.json,S002,S002_O00353,2026-06-03,15,6,3,Wednesday,23,2,2026-2027,Off-Peak,Weekday,Snack,2026-06-03T17:41:50.872Z
ST003,C0294,20260603,2026-06-03T17:39:04.695883,O00354,Completed,2026-06-03 17:30:07.100000+00:00,Cash,orders_S002_20260603.json,S002,S002_O00354,2026-06-03,17,6,3,Wednesday,23,2,2026-2027,Off-Peak,Weekday,Dinner,2026-06-03T17:41:50.872Z
ST013,C0077,20260603,2026-06-03T17:39:04.695883,O00355,Completed,2026-06-03 13:05:52.100000+00:00,Cash,orders_S002_20260603.json,S002,S002_O00355,2026-06-03,13,6,3,Wednesday,23,2,2026-2027,Off-Peak,Weekday,Lunch,2026-06-03T17:41:50.872Z
ST008,C0200,20260603,2026-06-03T17:39:04.695883,O00357,Completed,2026-06-03 17:33:42.100000+00:00,Cash,orders_S002_20260603.json,S002,S002_O00357,2026-06-03,17,6,3,Wednesday,23,2,2026-2027,Off-Peak,Weekday,Dinner,2026-06-03T17:41:50.872Z
ST002,C0039,20260603,2026-06-03T17:39:04.695883,O00358,Completed,2026-06-03 12:25:19.100000+00:00,Cash,orders_S002_20260603.json,S002,S002_O00358,2026-06-03,12,6,3,Wednesday,23,2,2026-2027,Off-Peak,Weekday,Lunch,2026-06-03T17:41:50.872Z
ST001,C0363,20260603,2026-06-03T17:39:04.695883,O00359,Completed,2026-06-03 13:43:11.100000+00:00,UPI,orders_S002_20260603.json,S002,S002_O00359,2026-06-03,13,6,3,Wednesday,23,2,2026-2027,Off-Peak,Weekday,Lunch,2026-06-03T17:41:50.872Z
ST001,C0054,20260603,2026-06-03T17:39:04.695883,O00368,Completed,2026-06-03 17:14:52.100000+00:00,UPI,orders_S002_20260603.json,S002,S002_O00368,2026-06-03,17,6,3,Wednesday,23,2,2026-2027,Off-Peak,Weekday,Dinner,2026-06-03T17:41:50.872Z
ST015,C0004,20260603,2026-06-03T17:39:04.695883,O00370,Completed,2026-06-03 14:37:35.100000+00:00,UPI,orders_S002_20260603.json,S002,S002_O00370,2026-06-03,14,6,3,Wednesday,23,2,2026-2027,Off-Peak,Weekday,Lunch,2026-06-03T17:41:50.872Z
ST011,C0077,20260603,2026-06-03T17:39:04.695883,O00373,Completed,2026-06-03 13:00:57.100000+00:00,Cash,orders_S002_20260603.json,S002,S002_O00373,2026-06-03,13,6,3,Wednesday,23,2,2026-2027,Off-Peak,Weekday,Lunch,2026-06-03T17:41:50.872Z
ST007,C0116,20260603,2026-06-03T17:39:04.695883,O00374,Completed,2026-06-03 12:29:58.100000+00:00,UPI,orders_S002_20260603.json,S002,S002_O00374,2026-06-03,12,6,3,Wednesday,23,2,2026-2027,Off-Peak,Weekday,Lunch,2026-06-03T17:41:50.872Z
ST011,C0260,20260603,2026-06-03T17:39:04.695883,O00376,Completed,2026-06-03 14:30:59.100000+00:00,Cash,orders_S002_20260603.json,S002,S002_O00376,2026-06-03,14,6,3,Wednesday,23,2,2026-2027,Off-Peak,Weekday,Lunch,2026-06-03T17:41:50.872Z
ST014,C0173,20260603,2026-06-03T17:39:04.695883,O00380,Completed,2026-06-03 12:29:44.100000+00:00,UPI,orders_S002_20260603.json,S002,S002_O00380,2026-06-03,12,6,3,Wednesday,23,2,2026-2027,Off-Peak,Weekday,Lunch,2026-06-03T17:41:50.872Z
ST010,C0318,20260603,2026-06-03T17:39:04.695883,O00382,Completed,2026-06-03 14:42:28.100000+00:00,Card,orders_S002_20260603.json,S002,S002_O00382,2026-06-03,14,6,3,Wednesday,23,2,2026-2027,Off-Peak,Weekday,Lunch,2026-06-03T17:41:50.872Z
ST003,C0015,20260603,2026-06-03T17:39:04.695883,O00388,Completed,2026-06-03 14:24:56.100000+00:00,UPI,orders_S002_20260603.json,S002,S002_O00388,2026-06-03,14,6,3,Wednesday,23,2,2026-2027,Off-Peak,Weekday,Lunch,2026-06-03T17:41:50.872Z
ST007,C0098,20260603,2026-06-03T17:39:04.695883,O00389,Completed,2026-06-03 14:49:20.100000+00:00,UPI,orders_S002_20260603.json,S002,S002_O00389,2026-06-03,14,6,3,Wednesday,23,2,2026-2027,Off-Peak,Weekday,Lunch,2026-06-03T17:41:50.872Z
ST004,C0298,20260603,2026-06-03T17:39:04.695883,O00390,Completed,2026-06-03 12:53:29.100000+00:00,UPI,orders_S002_20260603.json,S002,S002_O00390,2026-06-03,12,6,3,Wednesday,23,2,2026-2027,Off-Peak,Weekday,Lunch,2026-06-03T17:41:50.872Z
ST007,C0447,20260603,2026-06-03T17:39:04.695883,O00391,Completed,2026-06-03 17:37:11.100000+00:00,UPI,orders_S002_20260603.json,S002,S002_O00391,2026-06-03,17,6,3,Wednesday,23,2,2026-2027,Off-Peak,Weekday,Dinner,2026-06-03T17:41:50.872Z
ST005,C0433,20260603,2026-06-03T17:39:04.695883,O00392,Completed,2026-06-03 14:03:39.100000+00:00,Cash,orders_S002_20260603.json,S002,S002_O00392,2026-06-03,14,6,3,Wednesday,23,2,2026-2027,Off-Peak,Weekday,Lunch,2026-06-03T17:41:50.872Z
ST011,C0014,20260603,2026-06-03T17:39:04.695883,O00393,Completed,2026-06-03 13:56:40.100000+00:00,Card,orders_S002_20260603.json,S002,S002_O00393,2026-06-03,13,6,3,Wednesday,23,2,2026-2027,Off-Peak,Weekday,Lunch,2026-06-03T17:41:50.872Z
ST009,C0253,20260603,2026-06-03T17:39:04.695883,O00399,Completed,2026-06-03 12:25:01.100000+00:00,UPI,orders_S002_20260603.json,S002,S002_O00399,2026-06-03,12,6,3,Wednesday,23,2,2026-2027,Off-Peak,Weekday,Lunch,2026-06-03T17:41:50.872Z
ST007,C0161,20260603,2026-06-03T17:39:04.695883,O00401,Completed,2026-06-03 12:01:55.100000+00:00,UPI,orders_S002_20260603.json,S002,S002_O00401,2026-06-03,12,6,3,Wednesday,23,2,2026-2027,Off-Peak,Weekday,Lunch,2026-06-03T17:41:50.872Z
ST009,C0325,20260603,2026-06-03T17:39:04.695883,O00406,Completed,2026-06-03 17:07:01.100000+00:00,Cash,orders_S002_20260603.json,S002,S002_O00406,2026-06-03,17,6,3,Wednesday,23,2,2026-2027,Off-Peak,Weekday,Dinner,2026-06-03T17:41:50.872Z
ST010,C0183,20260603,2026-06-03T17:39:04.695883,O00409,Completed,2026-06-03 14:12:43.100000+00:00,UPI,orders_S002_20260603.json,S002,S002_O00409,2026-06-03,14,6,3,Wednesday,23,2,2026-2027,Off-Peak,Weekday,Lunch,2026-06-03T17:41:50.872Z
ST007,C0042,20260603,2026-06-03T17:39:04.695883,O00411,Completed,2026-06-03 10:30:59.100000+00:00,UPI,orders_S002_20260603.json,S002,S002_O00411,2026-06-03,10,6,3,Wednesday,23,2,2026-2027,Off-Peak,Weekday,Breakfast,2026-06-03T17:41:50.872Z
ST009,C0064,20260603,2026-06-03T17:39:04.695883,O00413,Completed,2026-06-03 15:47:25.100000+00:00,Cash,orders_S002_20260603.json,S002,S002_O00413,2026-06-03,15,6,3,Wednesday,23,2,2026-2027,Off-Peak,Weekday,Snack,2026-06-03T17:41:50.872Z
ST014,C0374,20260603,2026-06-03T17:39:04.695883,O00414,Completed,2026-06-03 13:16:14.100000+00:00,UPI,orders_S002_20260603.json,S002,S002_O00414,2026-06-03,13,6,3,Wednesday,23,2,2026-2027,Off-Peak,Weekday,Lunch,2026-06-03T17:41:50.872Z
ST007,C0072,20260603,2026-06-03T17:39:04.695883,O00415,Completed,2026-06-03 13:13:54.100000+00:00,Cash,orders_S002_20260603.json,S002,S002_O00415,2026-06-03,13,6,3,Wednesday,23,2,2026-2027,Off-Peak,Weekday,Lunch,2026-06-03T17:41:50.872Z
ST004,C0398,20260603,2026-06-03T17:39:04.695883,O00426,Completed,2026-06-03 14:32:07.100000+00:00,Cash,orders_S002_20260603.json,S002,S002_O00426,2026-06-03,14,6,3,Wednesday,23,2,2026-2027,Off-Peak,Weekday,Lunch,2026-06-03T17:41:50.872Z
ST012,C0358,20260603,2026-06-03T17:39:04.695883,O00433,Completed,2026-06-03 16:51:55.100000+00:00,UPI,orders_S002_20260603.json,S002,S002_O00433,2026-06-03,16,6,3,Wednesday,23,2,2026-2027,Off-Peak,Weekday,Snack,2026-06-03T17:41:50.872Z
ST008,C0201,20260603,2026-06-03T17:39:04.695883,O00437,Completed,2026-06-03 14:33:38.100000+00:00,UPI,orders_S002_20260603.json,S002,S002_O00437,2026-06-03,14,6,3,Wednesday,23,2,2026-2027,Off-Peak,Weekday,Lunch,2026-06-03T17:41:50.872Z
ST008,C0004,20260603,2026-06-03T17:39:04.695883,O00438,Completed,2026-06-03 16:42:50.100000+00:00,Card,orders_S002_20260603.json,S002,S002_O00438,2026-06-03,16,6,3,Wednesday,23,2,2026-2027,Off-Peak,Weekday,Snack,2026-06-03T17:41:50.872Z
ST001,C0291,20260603,2026-06-03T17:39:04.695883,O00439,Completed,2026-06-03 12:13:23.100000+00:00,UPI,orders_S002_20260603.json,S002,S002_O00439,2026-06-03,12,6,3,Wednesday,23,2,2026-2027,Off-Peak,Weekday,Lunch,2026-06-03T17:41:50.872Z
ST006,C0051,20260603,2026-06-03T17:39:04.695883,O00440,Completed,2026-06-03 14:37:40.100000+00:00,Cash,orders_S002_20260603.json,S002,S002_O00440,2026-06-03,14,6,3,Wednesday,23,2,2026-2027,Off-Peak,Weekday,Lunch,2026-06-03T17:41:50.872Z
ST006,C0424,20260603,2026-06-03T17:39:04.695883,O00442,Completed,2026-06-03 13:06:15.100000+00:00,Cash,orders_S002_20260603.json,S002,S002_O00442,2026-06-03,13,6,3,Wednesday,23,2,2026-2027,Off-Peak,Weekday,Lunch,2026-06-03T17:41:50.872Z
ST011,C0426,20260603,2026-06-03T17:39:04.695883,O00444,Completed,2026-06-03 13:49:18.100000+00:00,UPI,orders_S002_20260603.json,S002,S002_O00444,2026-06-03,13,6,3,Wednesday,23,2,2026-2027,Off-Peak,Weekday,Lunch,2026-06-03T17:41:50.872Z
ST014,C0004,20260603,2026-06-03T17:39:04.695883,O00449,Completed,2026-06-03 17:34:53.100000+00:00,UPI,orders_S002_20260603.json,S002,S002_O00449,2026-06-03,17,6,3,Wednesday,23,2,2026-2027,Off-Peak,Weekday,Dinner,2026-06-03T17:41:50.872Z
ST015,C0236,20260603,2026-06-03T17:39:04.695883,O00450,Completed,2026-06-03 12:44:50.100000+00:00,Cash,orders_S002_20260603.json,S002,S002_O00450,2026-06-03,12,6,3,Wednesday,23,2,2026-2027,Off-Peak,Weekday,Lunch,2026-06-03T17:41:50.872Z
ST002,C0058,20260603,2026-06-03T17:39:04.695883,O00452,Completed,2026-06-03 17:20:07.100000+00:00,Cash,orders_S002_20260603.json,S002,S002_O00452,2026-06-03,17,6,3,Wednesday,23,2,2026-2027,Off-Peak,Weekday,Dinner,2026-06-03T17:41:50.872Z
ST014,C0032,20260603,2026-06-03T17:39:04.695883,O00463,Completed,2026-06-03 17:26:56.100000+00:00,UPI,orders_S002_20260603.json,S002,S002_O00463,2026-06-03,17,6,3,Wednesday,23,2,2026-2027,Off-Peak,Weekday,Dinner,2026-06-03T17:41:50.872Z
ST008,C0324,20260603,2026-06-03T17:39:04.695883,O00464,Completed,2026-06-03 13:03:02.100000+00:00,UPI,orders_S002_20260603.json,S002,S002_O00464,2026-06-03,13,6,3,Wednesday,23,2,2026-2027,Off-Peak,Weekday,Lunch,2026-06-03T17:41:50.872Z
ST006,C0292,20260603,2026-06-03T17:39:04.695883,O00468,Completed,2026-06-03 17:36:26.100000+00:00,UPI,orders_S002_20260603.json,S002,S002_O00468,2026-06-03,17,6,3,Wednesday,23,2,2026-2027,Off-Peak,Weekday,Dinner,2026-06-03T17:41:50.872Z
ST011,C0044,20260603,2026-06-03T17:39:04.695883,O00471,Completed,2026-06-03 17:16:55.100000+00:00,UPI,orders_S002_20260603.json,S002,S002_O00471,2026-06-03,17,6,3,Wednesday,23,2,2026-2027,Off-Peak,Weekday,Dinner,2026-06-03T17:41:50.872Z
ST013,C0011,20260603,2026-06-03T17:39:04.695883,O00477,Completed,2026-06-03 13:21:36.100000+00:00,UPI,orders_S002_20260603.json,S002,S002_O00477,2026-06-03,13,6,3,Wednesday,23,2,2026-2027,Off-Peak,Weekday,Lunch,2026-06-03T17:41:50.872Z
ST006,C0029,20260603,2026-06-03T17:39:04.695883,O00480,Completed,2026-06-03 15:06:07.100000+00:00,Cash,orders_S002_20260603.json,S002,S002_O00480,2026-06-03,15,6,3,Wednesday,23,2,2026-2027,Off-Peak,Weekday,Snack,2026-06-03T17:41:50.872Z
ST010,C0055,20260603,2026-06-03T17:39:04.695883,O00485,Completed,2026-06-03 16:53:13.100000+00:00,UPI,orders_S002_20260603.json,S002,S002_O00485,2026-06-03,16,6,3,Wednesday,23,2,2026-2027,Off-Peak,Weekday,Snack,2026-06-03T17:41:50.872Z
ST003,C0203,20260603,2026-06-03T17:39:04.695883,O00490,Completed,2026-06-03 12:28:51.100000+00:00,Cash,orders_S002_20260603.json,S002,S002_O00490,2026-06-03,12,6,3,Wednesday,23,2,2026-2027,Off-Peak,Weekday,Lunch,2026-06-03T17:41:50.872Z
ST012,C0274,20260603,2026-06-03T17:39:04.695883,O00494,Completed,2026-06-03 12:45:31.100000+00:00,Card,orders_S002_20260603.json,S002,S002_O00494,2026-06-03,12,6,3,Wednesday,23,2,2026-2027,Off-Peak,Weekday,Lunch,2026-06-03T17:41:50.872Z
ST013,C0285,20260603,2026-06-03T17:39:04.695883,O00496,Completed,2026-06-03 13:03:38.100000+00:00,UPI,orders_S002_20260603.json,S002,S002_O00496,2026-06-03,13,6,3,Wednesday,23,2,2026-2027,Off-Peak,Weekday,Lunch,2026-06-03T17:41:50.872Z
ST002,C0356,20260603,2026-06-03T17:39:04.695883,O00497,Completed,2026-06-03 16:57:46.100000+00:00,UPI,orders_S002_20260603.json,S002,S002_O00497,2026-06-03,16,6,3,Wednesday,23,2,2026-2027,Off-Peak,Weekday,Snack,2026-06-03T17:41:50.872Z
ST006,C0077,20260603,2026-06-03T17:39:04.695883,O00500,Completed,2026-06-03 14:03:46.100000+00:00,Card,orders_S002_20260603.json,S002,S002_O00500,2026-06-03,14,6,3,Wednesday,23,2,2026-2027,Off-Peak,Weekday,Lunch,2026-06-03T17:41:50.872Z
ST010,C0070,20260603,2026-06-03T17:39:04.695883,O00502,Completed,2026-06-03 16:24:54.100000+00:00,UPI,orders_S002_20260603.json,S002,S002_O00502,2026-06-03,16,6,3,Wednesday,23,2,2026-2027,Off-Peak,Weekday,Snack,2026-06-03T17:41:50.872Z
ST002,C0101,20260603,2026-06-03T17:39:04.695883,O00505,Completed,2026-06-03 17:19:16.100000+00:00,UPI,orders_S002_20260603.json,S002,S002_O00505,2026-06-03,17,6,3,Wednesday,23,2,2026-2027,Off-Peak,Weekday,Dinner,2026-06-03T17:41:50.872Z
ST010,C0054,20260603,2026-06-03T17:39:04.695883,O00506,Completed,2026-06-03 14:50:11.100000+00:00,Cash,orders_S002_20260603.json,S002,S002_O00506,2026-06-03,14,6,3,Wednesday,23,2,2026-2027,Off-Peak,Weekday,Lunch,2026-06-03T17:41:50.872Z
ST007,C0114,20260603,2026-06-03T17:39:04.695883,O00510,Completed,2026-06-03 16:05:16.100000+00:00,UPI,orders_S002_20260603.json,S002,S002_O00510,2026-06-03,16,6,3,Wednesday,23,2,2026-2027,Off-Peak,Weekday,Snack,2026-06-03T17:41:50.872Z
ST009,C0425,20260603,2026-06-03T17:39:04.695883,O00513,Completed,2026-06-03 10:27:22.100000+00:00,UPI,orders_S002_20260603.json,S002,S002_O00513,2026-06-03,10,6,3,Wednesday,23,2,2026-2027,Off-Peak,Weekday,Breakfast,2026-06-03T17:41:50.872Z
ST009,C0281,20260603,2026-06-03T17:39:04.695883,O00515,Completed,2026-06-03 13:30:10.100000+00:00,Card,orders_S002_20260603.json,S002,S002_O00515,2026-06-03,13,6,3,Wednesday,23,2,2026-2027,Off-Peak,Weekday,Lunch,2026-06-03T17:41:50.872Z
ST007,C0254,20260603,2026-06-03T17:39:04.695883,O00519,Completed,2026-06-03 13:44:00.100000+00:00,Cash,orders_S002_20260603.json,S002,S002_O00519,2026-06-03,13,6,3,Wednesday,23,2,2026-2027,Off-Peak,Weekday,Lunch,2026-06-03T17:41:50.872Z
ST013,C0393,20260603,2026-06-03T17:39:04.695883,O00522,Completed,2026-06-03 15:47:50.100000+00:00,UPI,orders_S002_20260603.json,S002,S002_O00522,2026-06-03,15,6,3,Wednesday,23,2,2026-2027,Off-Peak,Weekday,Snack,2026-06-03T17:41:50.872Z
ST003,C0068,20260603,2026-06-03T17:39:04.695883,O00533,Completed,2026-06-03 10:23:23.100000+00:00,Cash,orders_S002_20260603.json,S002,S002_O00533,2026-06-03,10,6,3,Wednesday,23,2,2026-2027,Off-Peak,Weekday,Breakfast,2026-06-03T17:41:50.872Z
ST006,C0285,20260603,2026-06-03T17:39:04.695883,O00535,Completed,2026-06-03 14:42:18.100000+00:00,UPI,orders_S002_20260603.json,S002,S002_O00535,2026-06-03,14,6,3,Wednesday,23,2,2026-2027,Off-Peak,Weekday,Lunch,2026-06-03T17:41:50.872Z
ST001,C0088,20260603,2026-06-03T17:39:04.695883,O00541,Completed,2026-06-03 13:20:44.100000+00:00,Cash,orders_S002_20260603.json,S002,S002_O00541,2026-06-03,13,6,3,Wednesday,23,2,2026-2027,Off-Peak,Weekday,Lunch,2026-06-03T17:41:50.872Z
ST001,C0047,20260603,2026-06-03T17:39:04.695883,O00546,Completed,2026-06-03 16:16:43.100000+00:00,Cash,orders_S002_20260603.json,S002,S002_O00546,2026-06-03,16,6,3,Wednesday,23,2,2026-2027,Off-Peak,Weekday,Snack,2026-06-03T17:41:50.872Z
ST013,C0054,20260603,2026-06-03T17:39:04.695883,O00547,Completed,2026-06-03 13:33:31.100000+00:00,UPI,orders_S002_20260603.json,S002,S002_O00547,2026-06-03,13,6,3,Wednesday,23,2,2026-2027,Off-Peak,Weekday,Lunch,2026-06-03T17:41:50.872Z
ST004,C0277,20260603,2026-06-03T17:39:04.695883,O00553,Completed,2026-06-03 16:25:31.100000+00:00,UPI,orders_S002_20260603.json,S002,S002_O00553,2026-06-03,16,6,3,Wednesday,23,2,2026-2027,Off-Peak,Weekday,Snack,2026-06-03T17:41:50.872Z
ST001,C0047,20260603,2026-06-03T17:39:04.695883,O00555,Completed,2026-06-03 17:03:15.100000+00:00,Card,orders_S002_20260603.json,S002,S002_O00555,2026-06-03,17,6,3,Wednesday,23,2,2026-2027,Off-Peak,Weekday,Dinner,2026-06-03T17:41:50.872Z
ST011,C0077,20260603,2026-06-03T17:39:04.695883,O00557,Completed,2026-06-03 14:52:46.100000+00:00,Cash,orders_S002_20260603.json,S002,S002_O00557,2026-06-03,14,6,3,Wednesday,23,2,2026-2027,Off-Peak,Weekday,Lunch,2026-06-03T17:41:50.872Z
ST001,C0119,20260603,2026-06-03T17:39:04.695883,O00559,Completed,2026-06-03 15:25:49.100000+00:00,UPI,orders_S002_20260603.json,S002,S002_O00559,2026-06-03,15,6,3,Wednesday,23,2,2026-2027,Off-Peak,Weekday,Snack,2026-06-03T17:41:50.872Z
ST014,C0161,20260603,2026-06-03T17:39:04.695883,O00561,Completed,2026-06-03 17:34:25.100000+00:00,Cash,orders_S002_20260603.json,S002,S002_O00561,2026-06-03,17,6,3,Wednesday,23,2,2026-2027,Off-Peak,Weekday,Dinner,2026-06-03T17:41:50.872Z
ST007,C0010,20260603,2026-06-03T17:39:04.695883,O00562,Completed,2026-06-03 16:30:46.100000+00:00,Card,orders_S002_20260603.json,S002,S002_O00562,2026-06-03,16,6,3,Wednesday,23,2,2026-2027,Off-Peak,Weekday,Snack,2026-06-03T17:41:50.872Z
ST008,C0054,20260603,2026-06-03T17:39:04.695883,O00566,Completed,2026-06-03 10:34:37.100000+00:00,UPI,orders_S002_20260603.json,S002,S002_O00566,2026-06-03,10,6,3,Wednesday,23,2,2026-2027,Off-Peak,Weekday,Breakfast,2026-06-03T17:41:50.872Z
ST008,C0325,20260603,2026-06-03T17:39:04.695883,O00567,Completed,2026-06-03 13:44:53.100000+00:00,Cash,orders_S002_20260603.json,S002,S002_O00567,2026-06-03,13,6,3,Wednesday,23,2,2026-2027,Off-Peak,Weekday,Lunch,2026-06-03T17:41:50.872Z
ST005,C0336,20260603,2026-06-03T17:39:04.695883,O00573,Completed,2026-06-03 11:07:15.100000+00:00,UPI,orders_S002_20260603.json,S002,S002_O00573,2026-06-03,11,6,3,Wednesday,23,2,2026-2027,Off-Peak,Weekday,Breakfast,2026-06-03T17:41:50.872Z
ST003,C0084,20260603,2026-06-03T17:39:04.695883,O00575,Completed,2026-06-03 13:31:06.100000+00:00,UPI,orders_S002_20260603.json,S002,S002_O00575,2026-06-03,13,6,3,Wednesday,23,2,2026-2027,Off-Peak,Weekday,Lunch,2026-06-03T17:41:50.872Z
ST015,C0005,20260603,2026-06-03T17:39:04.695883,O00576,Completed,2026-06-03 11:27:20.100000+00:00,UPI,orders_S002_20260603.json,S002,S002_O00576,2026-06-03,11,6,3,Wednesday,23,2,2026-2027,Off-Peak,Weekday,Breakfast,2026-06-03T17:41:50.872Z
ST012,C0032,20260603,2026-06-03T17:39:04.695883,O00578,Completed,2026-06-03 14:03:08.100000+00:00,Cash,orders_S002_20260603.json,S002,S002_O00578,2026-06-03,14,6,3,Wednesday,23,2,2026-2027,Off-Peak,Weekday,Lunch,2026-06-03T17:41:50.872Z
ST014,C0257,20260603,2026-06-03T17:39:04.695883,O00581,Completed,2026-06-03 13:52:33.100000+00:00,Cash,orders_S002_20260603.json,S002,S002_O00581,2026-06-03,13,6,3,Wednesday,23,2,2026-2027,Off-Peak,Weekday,Lunch,2026-06-03T17:41:50.872Z
ST005,C0168,20260603,2026-06-03T17:39:04.695883,O00584,Completed,2026-06-03 14:04:15.100000+00:00,UPI,orders_S002_20260603.json,S002,S002_O00584,2026-06-03,14,6,3,Wednesday,23,2,2026-2027,Off-Peak,Weekday,Lunch,2026-06-03T17:41:50.872Z
ST001,C0088,20260603,2026-06-03T17:39:04.695883,O00588,Completed,2026-06-03 14:55:10.100000+00:00,Cash,orders_S002_20260603.json,S002,S002_O00588,2026-06-03,14,6,3,Wednesday,23,2,2026-2027,Off-Peak,Weekday,Lunch,2026-06-03T17:41:50.872Z
ST013,C0074,20260603,2026-06-03T17:39:04.695883,O00600,Completed,2026-06-03 17:04:46.100000+00:00,Cash,orders_S002_20260603.json,S002,S002_O00600,2026-06-03,17,6,3,Wednesday,23,2,2026-2027,Off-Peak,Weekday,Dinner,2026-06-03T17:41:50.872Z
ST008,C0071,20260603,2026-06-03T17:39:04.695883,O00601,Completed,2026-06-03 14:19:20.100000+00:00,UPI,orders_S002_20260603.json,S002,S002_O00601,2026-06-03,14,6,3,Wednesday,23,2,2026-2027,Off-Peak,Weekday,Lunch,2026-06-03T17:41:50.872Z
ST011,C0417,20260603,2026-06-03T17:39:04.695883,O00606,Completed,2026-06-03 17:23:42.100000+00:00,UPI,orders_S002_20260603.json,S002,S002_O00606,2026-06-03,17,6,3,Wednesday,23,2,2026-2027,Off-Peak,Weekday,Dinner,2026-06-03T17:41:50.872Z
ST014,C0044,20260603,2026-06-03T17:39:04.695883,O00607,Completed,2026-06-03 13:24:15.100000+00:00,UPI,orders_S002_20260603.json,S002,S002_O00607,2026-06-03,13,6,3,Wednesday,23,2,2026-2027,Off-Peak,Weekday,Lunch,2026-06-03T17:41:50.872Z
ST010,C0414,20260603,2026-06-03T17:39:04.695883,O00608,Completed,2026-06-03 17:15:50.100000+00:00,Card,orders_S002_20260603.json,S002,S002_O00608,2026-06-03,17,6,3,Wednesday,23,2,2026-2027,Off-Peak,Weekday,Dinner,2026-06-03T17:41:50.872Z
ST008,C0192,20260603,2026-06-03T17:39:04.695883,O00610,Completed,2026-06-03 16:13:49.100000+00:00,Cash,orders_S002_20260603.json,S002,S002_O00610,2026-06-03,16,6,3,Wednesday,23,2,2026-2027,Off-Peak,Weekday,Snack,2026-06-03T17:41:50.872Z
ST001,C0001,20260603,2026-06-03T17:39:04.695883,O00611,Completed,2026-06-03 13:08:14.100000+00:00,Card,orders_S002_20260603.json,S002,S002_O00611,2026-06-03,13,6,3,Wednesday,23,2,2026-2027,Off-Peak,Weekday,Lunch,2026-06-03T17:41:50.872Z
ST012,C0080,20260603,2026-06-03T17:39:04.695883,O00612,Completed,2026-06-03 15:04:07.100000+00:00,UPI,orders_S002_20260603.json,S002,S002_O00612,2026-06-03,15,6,3,Wednesday,23,2,2026-2027,Off-Peak,Weekday,Snack,2026-06-03T17:41:50.872Z
ST001,C0006,20260603,2026-06-03T17:39:04.695883,O00614,Completed,2026-06-03 14:59:23.100000+00:00,UPI,orders_S002_20260603.json,S002,S002_O00614,2026-06-03,14,6,3,Wednesday,23,2,2026-2027,Off-Peak,Weekday,Lunch,2026-06-03T17:41:50.872Z
ST010,C0431,20260603,2026-06-03T17:39:04.695883,O00615,Completed,2026-06-03 16:27:31.100000+00:00,UPI,orders_S002_20260603.json,S002,S002_O00615,2026-06-03,16,6,3,Wednesday,23,2,2026-2027,Off-Peak,Weekday,Snack,2026-06-03T17:41:50.872Z
ST004,C0054,20260603,2026-06-03T17:39:04.695883,O00618,Completed,2026-06-03 16:56:19.100000+00:00,Cash,orders_S002_20260603.json,S002,S002_O00618,2026-06-03,16,6,3,Wednesday,23,2,2026-2027,Off-Peak,Weekday,Snack,2026-06-03T17:41:50.872Z
ST004,C0233,20260603,2026-06-03T17:39:04.695883,O00621,Completed,2026-06-03 15:47:33.100000+00:00,UPI,orders_S002_20260603.json,S002,S002_O00621,2026-06-03,15,6,3,Wednesday,23,2,2026-2027,Off-Peak,Weekday,Snack,2026-06-03T17:41:50.872Z
ST013,C0228,20260603,2026-06-03T17:39:04.695883,O00624,Completed,2026-06-03 15:41:10.100000+00:00,Cash,orders_S002_20260603.json,S002,S002_O00624,2026-06-03,15,6,3,Wednesday,23,2,2026-2027,Off-Peak,Weekday,Snack,2026-06-03T17:41:50.872Z
ST014,C0060,20260603,2026-06-03T17:39:04.695883,O00625,Completed,2026-06-03 14:18:08.100000+00:00,Cash,orders_S002_20260603.json,S002,S002_O00625,2026-06-03,14,6,3,Wednesday,23,2,2026-2027,Off-Peak,Weekday,Lunch,2026-06-03T17:41:50.872Z
ST010,C0289,20260603,2026-06-03T17:39:04.695883,O00626,Completed,2026-06-03 15:18:42.100000+00:00,Cash,orders_S002_20260603.json,S002,S002_O00626,2026-06-03,15,6,3,Wednesday,23,2,2026-2027,Off-Peak,Weekday,Snack,2026-06-03T17:41:50.872Z
ST007,C0087,20260603,2026-06-03T17:39:04.695883,O00627,Completed,2026-06-03 14:20:29.100000+00:00,UPI,orders_S002_20260603.json,S002,S002_O00627,2026-06-03,14,6,3,Wednesday,23,2,2026-2027,Off-Peak,Weekday,Lunch,2026-06-03T17:41:50.872Z
ST004,C0441,20260603,2026-06-03T17:39:04.695883,O00628,Completed,2026-06-03 16:24:24.100000+00:00,Card,orders_S002_20260603.json,S002,S002_O00628,2026-06-03,16,6,3,Wednesday,23,2,2026-2027,Off-Peak,Weekday,Snack,2026-06-03T17:41:50.872Z
ST002,C0276,20260603,2026-06-03T17:39:04.695883,O00630,Completed,2026-06-03 13:24:36.100000+00:00,UPI,orders_S002_20260603.json,S002,S002_O00630,2026-06-03,13,6,3,Wednesday,23,2,2026-2027,Off-Peak,Weekday,Lunch,2026-06-03T17:41:50.872Z
ST004,C0055,20260603,2026-06-03T17:39:04.695883,O00631,Completed,2026-06-03 13:23:50.100000+00:00,UPI,orders_S002_20260603.json,S002,S002_O00631,2026-06-03,13,6,3,Wednesday,23,2,2026-2027,Off-Peak,Weekday,Lunch,2026-06-03T17:41:50.872Z
ST010,C0139,20260603,2026-06-03T17:39:04.695883,O00632,Completed,2026-06-03 14:26:57.100000+00:00,UPI,orders_S002_20260603.json,S002,S002_O00632,2026-06-03,14,6,3,Wednesday,23,2,2026-2027,Off-Peak,Weekday,Lunch,2026-06-03T17:41:50.872Z
ST013,C0093,20260603,2026-06-03T17:39:04.695883,O00636,Completed,2026-06-03 12:35:35.100000+00:00,Cash,orders_S002_20260603.json,S002,S002_O00636,2026-06-03,12,6,3,Wednesday,23,2,2026-2027,Off-Peak,Weekday,Lunch,2026-06-03T17:41:50.872Z
ST010,C0070,20260603,2026-06-03T17:39:04.695883,O00639,Completed,2026-06-03 14:12:06.100000+00:00,UPI,orders_S002_20260603.json,S002,S002_O00639,2026-06-03,14,6,3,Wednesday,23,2,2026-2027,Off-Peak,Weekday,Lunch,2026-06-03T17:41:50.872Z
ST005,C0353,20260603,2026-06-03T17:39:04.695883,O00640,Completed,2026-06-03 17:08:51.100000+00:00,UPI,orders_S002_20260603.json,S002,S002_O00640,2026-06-03,17,6,3,Wednesday,23,2,2026-2027,Off-Peak,Weekday,Dinner,2026-06-03T17:41:50.872Z
ST013,C0040,20260603,2026-06-03T17:39:04.695883,O00641,Completed,2026-06-03 13:04:45.100000+00:00,Cash,orders_S002_20260603.json,S002,S002_O00641,2026-06-03,13,6,3,Wednesday,23,2,2026-2027,Off-Peak,Weekday,Lunch,2026-06-03T17:41:50.872Z
ST001,C0435,20260603,2026-06-03T17:39:04.695883,O00643,Completed,2026-06-03 13:19:49.100000+00:00,UPI,orders_S002_20260603.json,S002,S002_O00643,2026-06-03,13,6,3,Wednesday,23,2,2026-2027,Off-Peak,Weekday,Lunch,2026-06-03T17:41:50.872Z
ST001,C0066,20260603,2026-06-03T17:39:04.695883,O00645,Completed,2026-06-03 17:04:23.100000+00:00,UPI,orders_S002_20260603.json,S002,S002_O00645,2026-06-03,17,6,3,Wednesday,23,2,2026-2027,Off-Peak,Weekday,Dinner,2026-06-03T17:41:50.872Z
ST009,C0050,20260603,2026-06-03T17:39:04.695883,O00647,Completed,2026-06-03 13:31:00.100000+00:00,UPI,orders_S002_20260603.json,S002,S002_O00647,2026-06-03,13,6,3,Wednesday,23,2,2026-2027,Off-Peak,Weekday,Lunch,2026-06-03T17:41:50.872Z
ST009,C0345,20260603,2026-06-03T17:39:04.695883,O00648,Completed,2026-06-03 15:35:21.100000+00:00,Cash,orders_S002_20260603.json,S002,S002_O00648,2026-06-03,15,6,3,Wednesday,23,2,2026-2027,Off-Peak,Weekday,Snack,2026-06-03T17:41:50.872Z
ST013,C0166,20260603,2026-06-03T17:39:04.695883,O00649,Completed,2026-06-03 12:10:58.100000+00:00,Card,orders_S002_20260603.json,S002,S002_O00649,2026-06-03,12,6,3,Wednesday,23,2,2026-2027,Off-Peak,Weekday,Lunch,2026-06-03T17:41:50.872Z
ST007,C0273,20260603,2026-06-03T17:39:04.695883,O00651,Completed,2026-06-03 17:33:19.100000+00:00,Card,orders_S002_20260603.json,S002,S002_O00651,2026-06-03,17,6,3,Wednesday,23,2,2026-2027,Off-Peak,Weekday,Dinner,2026-06-03T17:41:50.872Z
ST005,C0061,20260603,2026-06-03T17:39:04.695883,O00654,Completed,2026-06-03 16:46:31.100000+00:00,UPI,orders_S002_20260603.json,S002,S002_O00654,2026-06-03,16,6,3,Wednesday,23,2,2026-2027,Off-Peak,Weekday,Snack,2026-06-03T17:41:50.872Z
ST008,C0078,20260603,2026-06-03T17:39:04.695883,O00655,Completed,2026-06-03 13:02:12.100000+00:00,Card,orders_S002_20260603.json,S002,S002_O00655,2026-06-03,13,6,3,Wednesday,23,2,2026-2027,Off-Peak,Weekday,Lunch,2026-06-03T17:41:50.872Z
ST003,C0269,20260603,2026-06-03T17:39:04.695883,O00656,Completed,2026-06-03 15:21:50.100000+00:00,UPI,orders_S002_20260603.json,S002,S002_O00656,2026-06-03,15,6,3,Wednesday,23,2,2026-2027,Off-Peak,Weekday,Snack,2026-06-03T17:41:50.872Z
ST011,C0038,20260603,2026-06-03T17:39:04.695883,O00657,Completed,2026-06-03 16:36:01.100000+00:00,UPI,orders_S002_20260603.json,S002,S002_O00657,2026-06-03,16,6,3,Wednesday,23,2,2026-2027,Off-Peak,Weekday,Snack,2026-06-03T17:41:50.872Z
ST014,C0102,20260603,2026-06-03T17:39:04.695883,O00661,Completed,2026-06-03 16:35:33.100000+00:00,Card,orders_S002_20260603.json,S002,S002_O00661,2026-06-03,16,6,3,Wednesday,23,2,2026-2027,Off-Peak,Weekday,Snack,2026-06-03T17:41:50.872Z
ST012,C0208,20260603,2026-06-03T17:39:04.695883,O00668,Completed,2026-06-03 16:06:17.100000+00:00,UPI,orders_S002_20260603.json,S002,S002_O00668,2026-06-03,16,6,3,Wednesday,23,2,2026-2027,Off-Peak,Weekday,Snack,2026-06-03T17:41:50.872Z
ST001,C0142,20260603,2026-06-03T17:39:04.695883,O00669,Completed,2026-06-03 13:07:26.100000+00:00,Card,orders_S002_20260603.json,S002,S002_O00669,2026-06-03,13,6,3,Wednesday,23,2,2026-2027,Off-Peak,Weekday,Lunch,2026-06-03T17:41:50.872Z
ST014,C0088,20260603,2026-06-03T17:39:04.695883,O00673,Completed,2026-06-03 16:45:33.100000+00:00,UPI,orders_S002_20260603.json,S002,S002_O00673,2026-06-03,16,6,3,Wednesday,23,2,2026-2027,Off-Peak,Weekday,Snack,2026-06-03T17:41:50.872Z
ST010,C0376,20260603,2026-06-03T17:39:04.695883,O00674,Completed,2026-06-03 12:18:00.100000+00:00,Card,orders_S002_20260603.json,S002,S002_O00674,2026-06-03,12,6,3,Wednesday,23,2,2026-2027,Off-Peak,Weekday,Lunch,2026-06-03T17:41:50.872Z
ST006,C0044,20260603,2026-06-03T17:39:04.695883,O00678,Completed,2026-06-03 13:58:47.100000+00:00,Card,orders_S002_20260603.json,S002,S002_O00678,2026-06-03,13,6,3,Wednesday,23,2,2026-2027,Off-Peak,Weekday,Lunch,2026-06-03T17:41:50.872Z
ST012,C0441,20260603,2026-06-03T17:39:04.695883,O00679,Completed,2026-06-03 16:22:41.100000+00:00,UPI,orders_S002_20260603.json,S002,S002_O00679,2026-06-03,16,6,3,Wednesday,23,2,2026-2027,Off-Peak,Weekday,Snack,2026-06-03T17:41:50.872Z
ST015,C0080,20260603,2026-06-03T17:39:04.695883,O00683,Completed,2026-06-03 14:18:54.100000+00:00,Card,orders_S002_20260603.json,S002,S002_O00683,2026-06-03,14,6,3,Wednesday,23,2,2026-2027,Off-Peak,Weekday,Lunch,2026-06-03T17:41:50.872Z
ST009,C0101,20260603,2026-06-03T17:39:04.695883,O00684,Completed,2026-06-03 14:27:07.100000+00:00,UPI,orders_S002_20260603.json,S002,S002_O00684,2026-06-03,14,6,3,Wednesday,23,2,2026-2027,Off-Peak,Weekday,Lunch,2026-06-03T17:41:50.872Z
ST004,C0200,20260603,2026-06-03T17:39:04.695883,O00687,Completed,2026-06-03 13:16:02.100000+00:00,Cash,orders_S002_20260603.json,S002,S002_O00687,2026-06-03,13,6,3,Wednesday,23,2,2026-2027,Off-Peak,Weekday,Lunch,2026-06-03T17:41:50.872Z
ST002,C0011,20260603,2026-06-03T17:39:04.695883,O00688,Completed,2026-06-03 17:10:01.100000+00:00,UPI,orders_S002_20260603.json,S002,S002_O00688,2026-06-03,17,6,3,Wednesday,23,2,2026-2027,Off-Peak,Weekday,Dinner,2026-06-03T17:41:50.872Z
ST015,C0108,20260603,2026-06-03T17:39:04.695883,O00694,Completed,2026-06-03 13:10:28.100000+00:00,UPI,orders_S002_20260603.json,S002,S002_O00694,2026-06-03,13,6,3,Wednesday,23,2,2026-2027,Off-Peak,Weekday,Lunch,2026-06-03T17:41:50.872Z
ST015,C0414,20260603,2026-06-03T17:39:04.695883,O00695,Completed,2026-06-03 13:28:04.100000+00:00,Card,orders_S002_20260603.json,S002,S002_O00695,2026-06-03,13,6,3,Wednesday,23,2,2026-2027,Off-Peak,Weekday,Lunch,2026-06-03T17:41:50.872Z
ST005,C0012,20260603,2026-06-03T17:39:04.695883,O00697,Completed,2026-06-03 16:57:51.100000+00:00,UPI,orders_S002_20260603.json,S002,S002_O00697,2026-06-03,16,6,3,Wednesday,23,2,2026-2027,Off-Peak,Weekday,Snack,2026-06-03T17:41:50.872Z
ST003,C0284,20260603,2026-06-03T17:39:04.695883,O00699,Completed,2026-06-03 11:23:15.100000+00:00,Cash,orders_S002_20260603.json,S002,S002_O00699,2026-06-03,11,6,3,Wednesday,23,2,2026-2027,Off-Peak,Weekday,Breakfast,2026-06-03T17:41:50.872Z
ST005,C0444,20260603,2026-06-03T17:39:04.695883,O00704,Completed,2026-06-03 13:55:59.100000+00:00,UPI,orders_S002_20260603.json,S002,S002_O00704,2026-06-03,13,6,3,Wednesday,23,2,2026-2027,Off-Peak,Weekday,Lunch,2026-06-03T17:41:50.872Z
ST009,C0413,20260603,2026-06-03T17:39:04.695883,O00707,Completed,2026-06-03 16:39:23.100000+00:00,UPI,orders_S002_20260603.json,S002,S002_O00707,2026-06-03,16,6,3,Wednesday,23,2,2026-2027,Off-Peak,Weekday,Snack,2026-06-03T17:41:50.872Z
ST006,C0077,20260603,2026-06-03T17:39:04.695883,O00708,Completed,2026-06-03 11:05:59.100000+00:00,UPI,orders_S002_20260603.json,S002,S002_O00708,2026-06-03,11,6,3,Wednesday,23,2,2026-2027,Off-Peak,Weekday,Breakfast,2026-06-03T17:41:50.872Z
ST008,C0091,20260603,2026-06-03T17:39:04.695883,O00709,Completed,2026-06-03 13:10:47.100000+00:00,Card,orders_S002_20260603.json,S002,S002_O00709,2026-06-03,13,6,3,Wednesday,23,2,2026-2027,Off-Peak,Weekday,Lunch,2026-06-03T17:41:50.872Z
ST002,C0146,20260603,2026-06-03T17:39:04.695883,O00715,Completed,2026-06-03 17:32:58.100000+00:00,Cash,orders_S002_20260603.json,S002,S002_O00715,2026-06-03,17,6,3,Wednesday,23,2,2026-2027,Off-Peak,Weekday,Dinner,2026-06-03T17:41:50.872Z
ST012,C0077,20260603,2026-06-03T17:39:04.695883,O00720,Completed,2026-06-03 13:52:24.100000+00:00,UPI,orders_S002_20260603.json,S002,S002_O00720,2026-06-03,13,6,3,Wednesday,23,2,2026-2027,Off-Peak,Weekday,Lunch,2026-06-03T17:41:50.872Z
ST012,C0329,20260603,2026-06-03T17:39:04.695883,O00723,Completed,2026-06-03 15:47:53.100000+00:00,UPI,orders_S002_20260603.json,S002,S002_O00723,2026-06-03,15,6,3,Wednesday,23,2,2026-2027,Off-Peak,Weekday,Snack,2026-06-03T17:41:50.872Z
ST002,C0353,20260603,2026-06-03T17:39:04.695883,O00724,Completed,2026-06-03 15:48:30.100000+00:00,UPI,orders_S002_20260603.json,S002,S002_O00724,2026-06-03,15,6,3,Wednesday,23,2,2026-2027,Off-Peak,Weekday,Snack,2026-06-03T17:41:50.872Z
ST003,C0051,20260603,2026-06-03T17:39:04.695883,O00725,Completed,2026-06-03 14:29:22.100000+00:00,Card,orders_S002_20260603.json,S002,S002_O00725,2026-06-03,14,6,3,Wednesday,23,2,2026-2027,Off-Peak,Weekday,Lunch,2026-06-03T17:41:50.872Z
ST003,C0426,20260603,2026-06-03T17:39:04.695883,O00727,Completed,2026-06-03 16:23:21.100000+00:00,Cash,orders_S002_20260603.json,S002,S002_O00727,2026-06-03,16,6,3,Wednesday,23,2,2026-2027,Off-Peak,Weekday,Snack,2026-06-03T17:41:50.872Z
ST004,C0013,20260603,2026-06-03T17:39:04.695883,O00731,Completed,2026-06-03 13:06:49.100000+00:00,UPI,orders_S002_20260603.json,S002,S002_O00731,2026-06-03,13,6,3,Wednesday,23,2,2026-2027,Off-Peak,Weekday,Lunch,2026-06-03T17:41:50.872Z
ST004,C0040,20260603,2026-06-03T17:39:04.695883,O00732,Completed,2026-06-03 13:02:19.100000+00:00,UPI,orders_S002_20260603.json,S002,S002_O00732,2026-06-03,13,6,3,Wednesday,23,2,2026-2027,Off-Peak,Weekday,Lunch,2026-06-03T17:41:50.872Z
ST010,C0218,20260603,2026-06-03T17:39:04.695883,O00736,Completed,2026-06-03 17:36:06.100000+00:00,Card,orders_S002_20260603.json,S002,S002_O00736,2026-06-03,17,6,3,Wednesday,23,2,2026-2027,Off-Peak,Weekday,Dinner,2026-06-03T17:41:50.872Z
ST007,C0130,20260603,2026-06-03T17:39:04.695883,O00737,Completed,2026-06-03 14:46:37.100000+00:00,UPI,orders_S002_20260603.json,S002,S002_O00737,2026-06-03,14,6,3,Wednesday,23,2,2026-2027,Off-Peak,Weekday,Lunch,2026-06-03T17:41:50.872Z
ST014,C0155,20260603,2026-06-03T17:39:04.695883,O00740,Completed,2026-06-03 13:57:13.100000+00:00,UPI,orders_S002_20260603.json,S002,S002_O00740,2026-06-03,13,6,3,Wednesday,23,2,2026-2027,Off-Peak,Weekday,Lunch,2026-06-03T17:41:50.872Z
ST003,C0437,20260603,2026-06-03T17:39:04.695883,O00744,Completed,2026-06-03 17:08:42.100000+00:00,Card,orders_S002_20260603.json,S002,S002_O00744,2026-06-03,17,6,3,Wednesday,23,2,2026-2027,Off-Peak,Weekday,Dinner,2026-06-03T17:41:50.872Z
ST003,C0337,20260603,2026-06-03T17:39:04.695883,O00745,Completed,2026-06-03 17:33:55.100000+00:00,Card,orders_S002_20260603.json,S002,S002_O00745,2026-06-03,17,6,3,Wednesday,23,2,2026-2027,Off-Peak,Weekday,Dinner,2026-06-03T17:41:50.872Z
ST013,C0400,20260603,2026-06-03T17:39:04.695883,O00746,Completed,2026-06-03 11:07:48.100000+00:00,Card,orders_S002_20260603.json,S002,S002_O00746,2026-06-03,11,6,3,Wednesday,23,2,2026-2027,Off-Peak,Weekday,Breakfast,2026-06-03T17:41:50.872Z
ST006,C0018,20260603,2026-06-03T17:39:04.695883,O00751,Completed,2026-06-03 16:25:32.100000+00:00,UPI,orders_S002_20260603.json,S002,S002_O00751,2026-06-03,16,6,3,Wednesday,23,2,2026-2027,Off-Peak,Weekday,Snack,2026-06-03T17:41:50.872Z
ST009,C0066,20260603,2026-06-03T17:39:04.695883,O00752,Completed,2026-06-03 16:20:30.100000+00:00,UPI,orders_S002_20260603.json,S002,S002_O00752,2026-06-03,16,6,3,Wednesday,23,2,2026-2027,Off-Peak,Weekday,Snack,2026-06-03T17:41:50.872Z
ST015,C0194,20260603,2026-06-03T17:39:04.695883,O00766,Completed,2026-06-03 12:57:06.100000+00:00,Cash,orders_S002_20260603.json,S002,S002_O00766,2026-06-03,12,6,3,Wednesday,23,2,2026-2027,Off-Peak,Weekday,Lunch,2026-06-03T17:41:50.872Z
ST004,C0015,20260603,2026-06-03T17:39:04.695883,O00767,Completed,2026-06-03 12:18:19.100000+00:00,UPI,orders_S002_20260603.json,S002,S002_O00767,2026-06-03,12,6,3,Wednesday,23,2,2026-2027,Off-Peak,Weekday,Lunch,2026-06-03T17:41:50.872Z
ST011,C0132,20260603,2026-06-03T17:39:04.695883,O00774,Completed,2026-06-03 14:32:20.100000+00:00,Cash,orders_S002_20260603.json,S002,S002_O00774,2026-06-03,14,6,3,Wednesday,23,2,2026-2027,Off-Peak,Weekday,Lunch,2026-06-03T17:41:50.872Z
ST013,C0142,20260603,2026-06-03T17:39:04.695883,O00779,Completed,2026-06-03 17:19:09.100000+00:00,Cash,orders_S002_20260603.json,S002,S002_O00779,2026-06-03,17,6,3,Wednesday,23,2,2026-2027,Off-Peak,Weekday,Dinner,2026-06-03T17:41:50.872Z
ST013,C0328,20260603,2026-06-03T17:39:04.695883,O00784,Completed,2026-06-03 13:04:19.100000+00:00,Card,orders_S002_20260603.json,S002,S002_O00784,2026-06-03,13,6,3,Wednesday,23,2,2026-2027,Off-Peak,Weekday,Lunch,2026-06-03T17:41:50.872Z
ST001,C0415,20260603,2026-06-03T17:39:04.695883,O00785,Completed,2026-06-03 17:33:39.100000+00:00,Card,orders_S002_20260603.json,S002,S002_O00785,2026-06-03,17,6,3,Wednesday,23,2,2026-2027,Off-Peak,Weekday,Dinner,2026-06-03T17:41:50.872Z
ST010,C0056,20260603,2026-06-03T17:39:04.695883,O00790,Completed,2026-06-03 13:11:58.100000+00:00,UPI,orders_S002_20260603.json,S002,S002_O00790,2026-06-03,13,6,3,Wednesday,23,2,2026-2027,Off-Peak,Weekday,Lunch,2026-06-03T17:41:50.872Z
ST002,C0446,20260603,2026-06-03T17:39:04.695883,O00791,Completed,2026-06-03 17:23:30.100000+00:00,Cash,orders_S002_20260603.json,S002,S002_O00791,2026-06-03,17,6,3,Wednesday,23,2,2026-2027,Off-Peak,Weekday,Dinner,2026-06-03T17:41:50.872Z
ST001,C0054,20260603,2026-06-03T17:39:04.695883,O00794,Completed,2026-06-03 14:31:26.100000+00:00,UPI,orders_S002_20260603.json,S002,S002_O00794,2026-06-03,14,6,3,Wednesday,23,2,2026-2027,Off-Peak,Weekday,Lunch,2026-06-03T17:41:50.872Z
ST010,C0040,20260603,2026-06-03T17:39:04.695883,O00795,Completed,2026-06-03 13:48:55.100000+00:00,UPI,orders_S002_20260603.json,S002,S002_O00795,2026-06-03,13,6,3,Wednesday,23,2,2026-2027,Off-Peak,Weekday,Lunch,2026-06-03T17:41:50.872Z
ST001,C0444,20260603,2026-06-03T17:39:04.695883,O00796,Completed,2026-06-03 15:06:10.100000+00:00,UPI,orders_S002_20260603.json,S002,S002_O00796,2026-06-03,15,6,3,Wednesday,23,2,2026-2027,Off-Peak,Weekday,Snack,2026-06-03T17:41:50.872Z
ST012,C0115,20260603,2026-06-03T17:39:04.695883,O00798,Completed,2026-06-03 17:34:29.100000+00:00,UPI,orders_S002_20260603.json,S002,S002_O00798,2026-06-03,17,6,3,Wednesday,23,2,2026-2027,Off-Peak,Weekday,Dinner,2026-06-03T17:41:50.872Z
ST007,C0450,20260603,2026-06-03T17:39:04.695883,O00804,Completed,2026-06-03 16:55:59.100000+00:00,Cash,orders_S002_20260603.json,S002,S002_O00804,2026-06-03,16,6,3,Wednesday,23,2,2026-2027,Off-Peak,Weekday,Snack,2026-06-03T17:41:50.872Z
ST012,C0304,20260603,2026-06-03T17:39:04.695883,O00805,Completed,2026-06-03 17:22:20.100000+00:00,Cash,orders_S002_20260603.json,S002,S002_O00805,2026-06-03,17,6,3,Wednesday,23,2,2026-2027,Off-Peak,Weekday,Dinner,2026-06-03T17:41:50.872Z
ST004,C0090,20260603,2026-06-03T17:39:04.695883,O00807,Completed,2026-06-03 17:09:00.100000+00:00,UPI,orders_S002_20260603.json,S002,S002_O00807,2026-06-03,17,6,3,Wednesday,23,2,2026-2027,Off-Peak,Weekday,Dinner,2026-06-03T17:41:50.872Z
ST011,C0049,20260603,2026-06-03T17:39:04.695883,O00814,Completed,2026-06-03 13:45:30.100000+00:00,Cash,orders_S002_20260603.json,S002,S002_O00814,2026-06-03,13,6,3,Wednesday,23,2,2026-2027,Off-Peak,Weekday,Lunch,2026-06-03T17:41:50.872Z
ST002,C0082,20260603,2026-06-03T17:39:04.695883,O00815,Completed,2026-06-03 12:21:20.100000+00:00,UPI,orders_S002_20260603.json,S002,S002_O00815,2026-06-03,12,6,3,Wednesday,23,2,2026-2027,Off-Peak,Weekday,Lunch,2026-06-03T17:41:50.872Z
ST003,C0085,20260603,2026-06-03T17:39:04.695883,O00817,Completed,2026-06-03 14:50:48.100000+00:00,UPI,orders_S002_20260603.json,S002,S002_O00817,2026-06-03,14,6,3,Wednesday,23,2,2026-2027,Off-Peak,Weekday,Lunch,2026-06-03T17:41:50.872Z
ST011,C0082,20260603,2026-06-03T17:39:04.695883,O00820,Completed,2026-06-03 15:08:33.100000+00:00,UPI,orders_S002_20260603.json,S002,S002_O00820,2026-06-03,15,6,3,Wednesday,23,2,2026-2027,Off-Peak,Weekday,Snack,2026-06-03T17:41:50.872Z
ST003,C0055,20260603,2026-06-03T17:39:04.695883,O00823,Completed,2026-06-03 14:40:46.100000+00:00,Card,orders_S002_20260603.json,S002,S002_O00823,2026-06-03,14,6,3,Wednesday,23,2,2026-2027,Off-Peak,Weekday,Lunch,2026-06-03T17:41:50.872Z
ST011,C0394,20260603,2026-06-03T17:39:04.695883,O00828,Completed,2026-06-03 13:42:25.100000+00:00,UPI,orders_S002_20260603.json,S002,S002_O00828,2026-06-03,13,6,3,Wednesday,23,2,2026-2027,Off-Peak,Weekday,Lunch,2026-06-03T17:41:50.872Z
ST013,C0061,20260603,2026-06-03T17:39:04.695883,O00838,Completed,2026-06-03 12:53:13.100000+00:00,Card,orders_S002_20260603.json,S002,S002_O00838,2026-06-03,12,6,3,Wednesday,23,2,2026-2027,Off-Peak,Weekday,Lunch,2026-06-03T17:41:50.872Z
ST011,C0201,20260603,2026-06-03T17:39:04.695883,O00840,Completed,2026-06-03 13:48:56.100000+00:00,Card,orders_S002_20260603.json,S002,S002_O00840,2026-06-03,13,6,3,Wednesday,23,2,2026-2027,Off-Peak,Weekday,Lunch,2026-06-03T17:41:50.872Z
ST015,C0369,20260603,2026-06-03T17:39:04.695883,O00842,Completed,2026-06-03 16:51:31.100000+00:00,Cash,orders_S002_20260603.json,S002,S002_O00842,2026-06-03,16,6,3,Wednesday,23,2,2026-2027,Off-Peak,Weekday,Snack,2026-06-03T17:41:50.872Z
ST007,C0006,20260603,2026-06-03T17:39:04.695883,O00845,Completed,2026-06-03 16:27:02.100000+00:00,Card,orders_S002_20260603.json,S002,S002_O00845,2026-06-03,16,6,3,Wednesday,23,2,2026-2027,Off-Peak,Weekday,Snack,2026-06-03T17:41:50.872Z
ST013,C0106,20260603,2026-06-03T17:39:04.695883,O00846,Completed,2026-06-03 14:53:04.100000+00:00,UPI,orders_S002_20260603.json,S002,S002_O00846,2026-06-03,14,6,3,Wednesday,23,2,2026-2027,Off-Peak,Weekday,Lunch,2026-06-03T17:41:50.872Z
ST011,C0320,20260603,2026-06-03T17:39:04.695883,O00850,Completed,2026-06-03 17:24:02.100000+00:00,UPI,orders_S002_20260603.json,S002,S002_O00850,2026-06-03,17,6,3,Wednesday,23,2,2026-2027,Off-Peak,Weekday,Dinner,2026-06-03T17:41:50.872Z
ST001,C0116,20260603,2026-06-03T17:39:04.695883,O00851,Completed,2026-06-03 17:15:11.100000+00:00,UPI,orders_S002_20260603.json,S002,S002_O00851,2026-06-03,17,6,3,Wednesday,23,2,2026-2027,Off-Peak,Weekday,Dinner,2026-06-03T17:41:50.872Z
ST007,C0021,20260603,2026-06-03T17:39:04.695883,O00854,Completed,2026-06-03 13:41:57.100000+00:00,UPI,orders_S002_20260603.json,S002,S002_O00854,2026-06-03,13,6,3,Wednesday,23,2,2026-2027,Off-Peak,Weekday,Lunch,2026-06-03T17:41:50.872Z
ST009,C0356,20260603,2026-06-03T17:39:04.695883,O00855,Completed,2026-06-03 13:10:23.100000+00:00,UPI,orders_S002_20260603.json,S002,S002_O00855,2026-06-03,13,6,3,Wednesday,23,2,2026-2027,Off-Peak,Weekday,Lunch,2026-06-03T17:41:50.872Z
ST006,C0077,20260603,2026-06-03T17:39:04.695883,O00856,Completed,2026-06-03 15:18:01.100000+00:00,Cash,orders_S002_20260603.json,S002,S002_O00856,2026-06-03,15,6,3,Wednesday,23,2,2026-2027,Off-Peak,Weekday,Snack,2026-06-03T17:41:50.872Z
ST010,C0145,20260603,2026-06-03T17:39:04.695883,O00862,Completed,2026-06-03 17:10:40.100000+00:00,Card,orders_S002_20260603.json,S002,S002_O00862,2026-06-03,17,6,3,Wednesday,23,2,2026-2027,Off-Peak,Weekday,Dinner,2026-06-03T17:41:50.872Z
ST007,C0029,20260603,2026-06-03T17:39:04.695883,O00869,Completed,2026-06-03 11:16:51.100000+00:00,UPI,orders_S002_20260603.json,S002,S002_O00869,2026-06-03,11,6,3,Wednesday,23,2,2026-2027,Off-Peak,Weekday,Breakfast,2026-06-03T17:41:50.872Z
ST002,C0003,20260603,2026-06-03T17:39:04.695883,O00872,Completed,2026-06-03 17:03:48.100000+00:00,UPI,orders_S002_20260603.json,S002,S002_O00872,2026-06-03,17,6,3,Wednesday,23,2,2026-2027,Off-Peak,Weekday,Dinner,2026-06-03T17:41:50.872Z
ST014,C0033,20260603,2026-06-03T17:39:04.695883,O00878,Completed,2026-06-03 13:01:01.100000+00:00,UPI,orders_S002_20260603.json,S002,S002_O00878,2026-06-03,13,6,3,Wednesday,23,2,2026-2027,Off-Peak,Weekday,Lunch,2026-06-03T17:41:50.872Z
ST004,C0247,20260603,2026-06-03T17:39:04.695883,O00882,Completed,2026-06-03 13:13:45.100000+00:00,Cash,orders_S002_20260603.json,S002,S002_O00882,2026-06-03,13,6,3,Wednesday,23,2,2026-2027,Off-Peak,Weekday,Lunch,2026-06-03T17:41:50.872Z
ST007,C0023,20260603,2026-06-03T17:39:04.695883,O00883,Completed,2026-06-03 13:36:39.100000+00:00,UPI,orders_S002_20260603.json,S002,S002_O00883,2026-06-03,13,6,3,Wednesday,23,2,2026-2027,Off-Peak,Weekday,Lunch,2026-06-03T17:41:50.872Z
ST009,C0396,20260603,2026-06-03T17:39:04.695883,O00884,Completed,2026-06-03 12:17:06.100000+00:00,Card,orders_S002_20260603.json,S002,S002_O00884,2026-06-03,12,6,3,Wednesday,23,2,2026-2027,Off-Peak,Weekday,Lunch,2026-06-03T17:41:50.872Z
ST004,C0299,20260603,2026-06-03T17:39:04.695883,O00892,Completed,2026-06-03 16:33:56.100000+00:00,Card,orders_S002_20260603.json,S002,S002_O00892,2026-06-03,16,6,3,Wednesday,23,2,2026-2027,Off-Peak,Weekday,Snack,2026-06-03T17:41:50.872Z
ST004,C0040,20260603,2026-06-03T17:39:04.695883,O00895,Completed,2026-06-03 15:48:35.100000+00:00,Card,orders_S002_20260603.json,S002,S002_O00895,2026-06-03,15,6,3,Wednesday,23,2,2026-2027,Off-Peak,Weekday,Snack,2026-06-03T17:41:50.872Z
ST008,C0014,20260603,2026-06-03T17:39:04.695883,O00900,Completed,2026-06-03 13:30:41.100000+00:00,Card,orders_S002_20260603.json,S002,S002_O00900,2026-06-03,13,6,3,Wednesday,23,2,2026-2027,Off-Peak,Weekday,Lunch,2026-06-03T17:41:50.872Z
ST009,C0059,20260603,2026-06-03T17:39:04.695883,O00902,Completed,2026-06-03 13:04:39.100000+00:00,UPI,orders_S002_20260603.json,S002,S002_O00902,2026-06-03,13,6,3,Wednesday,23,2,2026-2027,Off-Peak,Weekday,Lunch,2026-06-03T17:41:50.872Z
ST012,C0021,20260603,2026-06-03T17:39:04.695883,O00903,Completed,2026-06-03 16:17:36.100000+00:00,UPI,orders_S002_20260603.json,S002,S002_O00903,2026-06-03,16,6,3,Wednesday,23,2,2026-2027,Off-Peak,Weekday,Snack,2026-06-03T17:41:50.872Z
ST012,C0142,20260603,2026-06-03T17:39:04.695883,O00904,Completed,2026-06-03 16:31:45.100000+00:00,UPI,orders_S002_20260603.json,S002,S002_O00904,2026-06-03,16,6,3,Wednesday,23,2,2026-2027,Off-Peak,Weekday,Snack,2026-06-03T17:41:50.872Z
ST004,C0004,20260603,2026-06-03T17:39:04.695883,O00913,Completed,2026-06-03 14:42:52.100000+00:00,Cash,orders_S002_20260603.json,S002,S002_O00913,2026-06-03,14,6,3,Wednesday,23,2,2026-2027,Off-Peak,Weekday,Lunch,2026-06-03T17:41:50.872Z
ST013,C0429,20260603,2026-06-03T17:39:04.695883,O00915,Completed,2026-06-03 13:57:01.100000+00:00,UPI,orders_S002_20260603.json,S002,S002_O00915,2026-06-03,13,6,3,Wednesday,23,2,2026-2027,Off-Peak,Weekday,Lunch,2026-06-03T17:41:50.872Z
ST006,C0385,20260603,2026-06-03T17:39:04.695883,O00917,Completed,2026-06-03 14:29:08.100000+00:00,UPI,orders_S002_20260603.json,S002,S002_O00917,2026-06-03,14,6,3,Wednesday,23,2,2026-2027,Off-Peak,Weekday,Lunch,2026-06-03T17:41:50.872Z
ST014,C0039,20260603,2026-06-03T17:39:04.695883,O00918,Completed,2026-06-03 17:09:59.100000+00:00,Cash,orders_S002_20260603.json,S002,S002_O00918,2026-06-03,17,6,3,Wednesday,23,2,2026-2027,Off-Peak,Weekday,Dinner,2026-06-03T17:41:50.872Z
ST009,C0032,20260603,2026-06-03T17:39:04.695883,O00919,Completed,2026-06-03 12:16:28.100000+00:00,Cash,orders_S002_20260603.json,S002,S002_O00919,2026-06-03,12,6,3,Wednesday,23,2,2026-2027,Off-Peak,Weekday,Lunch,2026-06-03T17:41:50.872Z
ST015,C0067,20260603,2026-06-03T17:39:04.695883,O00920,Completed,2026-06-03 12:38:22.100000+00:00,Card,orders_S002_20260603.json,S002,S002_O00920,2026-06-03,12,6,3,Wednesday,23,2,2026-2027,Off-Peak,Weekday,Lunch,2026-06-03T17:41:50.872Z
ST009,C0193,20260603,2026-06-03T17:39:04.695883,O00922,Completed,2026-06-03 12:21:15.100000+00:00,Card,orders_S002_20260603.json,S002,S002_O00922,2026-06-03,12,6,3,Wednesday,23,2,2026-2027,Off-Peak,Weekday,Lunch,2026-06-03T17:41:50.872Z
ST010,C0046,20260603,2026-06-03T17:39:04.695883,O00925,Completed,2026-06-03 17:33:07.100000+00:00,Cash,orders_S002_20260603.json,S002,S002_O00925,2026-06-03,17,6,3,Wednesday,23,2,2026-2027,Off-Peak,Weekday,Dinner,2026-06-03T17:41:50.872Z
ST015,C0355,20260603,2026-06-03T17:39:04.695883,O00928,Completed,2026-06-03 16:25:55.100000+00:00,Cash,orders_S002_20260603.json,S002,S002_O00928,2026-06-03,16,6,3,Wednesday,23,2,2026-2027,Off-Peak,Weekday,Snack,2026-06-03T17:41:50.872Z
ST011,C0092,20260603,2026-06-03T17:39:04.695883,O00934,Completed,2026-06-03 17:18:07.100000+00:00,Card,orders_S002_20260603.json,S002,S002_O00934,2026-06-03,17,6,3,Wednesday,23,2,2026-2027,Off-Peak,Weekday,Dinner,2026-06-03T17:41:50.872Z
ST003,C0017,20260603,2026-06-03T17:39:04.695883,O00935,Completed,2026-06-03 17:11:50.100000+00:00,Card,orders_S002_20260603.json,S002,S002_O00935,2026-06-03,17,6,3,Wednesday,23,2,2026-2027,Off-Peak,Weekday,Dinner,2026-06-03T17:41:50.872Z
ST010,C0320,20260603,2026-06-03T17:39:20.186841,O00003,Completed,2026-06-03 17:16:45.421000+00:00,UPI,orders_S005_20260603.json,S005,S005_O00003,2026-06-03,17,6,3,Wednesday,23,2,2026-2027,Off-Peak,Weekday,Dinner,2026-06-03T17:41:50.872Z
ST004,C0505,20260603,2026-06-03T17:39:20.186841,O00004,Completed,2026-06-03 12:16:14.421000+00:00,UPI,orders_S005_20260603.json,S005,S005_O00004,2026-06-03,12,6,3,Wednesday,23,2,2026-2027,Off-Peak,Weekday,Lunch,2026-06-03T17:41:50.872Z
ST007,C0628,20260603,2026-06-03T17:39:20.186841,O00007,Completed,2026-06-03 11:20:39.421000+00:00,Cash,orders_S005_20260603.json,S005,S005_O00007,2026-06-03,11,6,3,Wednesday,23,2,2026-2027,Off-Peak,Weekday,Breakfast,2026-06-03T17:41:50.872Z
ST003,C0126,20260603,2026-06-03T17:39:20.186841,O00009,Completed,2026-06-03 12:34:10.421000+00:00,UPI,orders_S005_20260603.json,S005,S005_O00009,2026-06-03,12,6,3,Wednesday,23,2,2026-2027,Off-Peak,Weekday,Lunch,2026-06-03T17:41:50.872Z
ST003,C0224,20260603,2026-06-03T17:39:20.186841,O00011,Completed,2026-06-03 12:17:08.421000+00:00,Cash,orders_S005_20260603.json,S005,S005_O00011,2026-06-03,12,6,3,Wednesday,23,2,2026-2027,Off-Peak,Weekday,Lunch,2026-06-03T17:41:50.872Z
ST009,C0501,20260603,2026-06-03T17:39:20.186841,O00012,Completed,2026-06-03 11:53:51.421000+00:00,Cash,orders_S005_20260603.json,S005,S005_O00012,2026-06-03,11,6,3,Wednesday,23,2,2026-2027,Off-Peak,Weekday,Breakfast,2026-06-03T17:41:50.872Z
ST006,C0457,20260603,2026-06-03T17:39:20.186841,O00013,Completed,2026-06-03 14:54:55.421000+00:00,UPI,orders_S005_20260603.json,S005,S005_O00013,2026-06-03,14,6,3,Wednesday,23,2,2026-2027,Off-Peak,Weekday,Lunch,2026-06-03T17:41:50.872Z
ST005,C0160,20260603,2026-06-03T17:39:20.186841,O00015,Completed,2026-06-03 16:15:49.421000+00:00,Cash,orders_S005_20260603.json,S005,S005_O00015,2026-06-03,16,6,3,Wednesday,23,2,2026-2027,Off-Peak,Weekday,Snack,2026-06-03T17:41:50.872Z
ST009,C0452,20260603,2026-06-03T17:39:20.186841,O00016,Completed,2026-06-03 15:13:00.421000+00:00,UPI,orders_S005_20260603.json,S005,S005_O00016,2026-06-03,15,6,3,Wednesday,23,2,2026-2027,Off-Peak,Weekday,Snack,2026-06-03T17:41:50.872Z
ST009,C0003,20260603,2026-06-03T17:39:20.186841,O00021,Completed,2026-06-03 16:50:52.421000+00:00,Card,orders_S005_20260603.json,S005,S005_O00021,2026-06-03,16,6,3,Wednesday,23,2,2026-2027,Off-Peak,Weekday,Snack,2026-06-03T17:41:50.872Z
ST005,C0609,20260603,2026-06-03T17:39:20.186841,O00022,Completed,2026-06-03 13:17:30.421000+00:00,Cash,orders_S005_20260603.json,S005,S005_O00022,2026-06-03,13,6,3,Wednesday,23,2,2026-2027,Off-Peak,Weekday,Lunch,2026-06-03T17:41:50.872Z
ST001,C0639,20260603,2026-06-03T17:39:20.186841,O00025,Completed,2026-06-03 11:21:20.421000+00:00,Cash,orders_S005_20260603.json,S005,S005_O00025,2026-06-03,11,6,3,Wednesday,23,2,2026-2027,Off-Peak,Weekday,Breakfast,2026-06-03T17:41:50.872Z
ST014,C0290,20260603,2026-06-03T17:39:20.186841,O00028,Completed,2026-06-03 16:55:58.421000+00:00,UPI,orders_S005_20260603.json,S005,S005_O00028,2026-06-03,16,6,3,Wednesday,23,2,2026-2027,Off-Peak,Weekday,Snack,2026-06-03T17:41:50.872Z
ST003,C0042,20260603,2026-06-03T17:39:20.186841,O00030,Completed,2026-06-03 11:52:05.421000+00:00,Cash,orders_S005_20260603.json,S005,S005_O00030,2026-06-03,11,6,3,Wednesday,23,2,2026-2027,Off-Peak,Weekday,Breakfast,2026-06-03T17:41:50.872Z
ST001,C0019,20260603,2026-06-03T17:39:20.186841,O00033,Completed,2026-06-03 16:23:46.421000+00:00,UPI,orders_S005_20260603.json,S005,S005_O00033,2026-06-03,16,6,3,Wednesday,23,2,2026-2027,Off-Peak,Weekday,Snack,2026-06-03T17:41:50.872Z
ST009,C0071,20260603,2026-06-03T17:39:20.186841,O00037,Completed,2026-06-03 13:07:38.421000+00:00,UPI,orders_S005_20260603.json,S005,S005_O00037,2026-06-03,13,6,3,Wednesday,23,2,2026-2027,Off-Peak,Weekday,Lunch,2026-06-03T17:41:50.872Z
ST007,C0093,20260603,2026-06-03T17:39:20.186841,O00045,Completed,2026-06-03 11:05:09.421000+00:00,UPI,orders_S005_20260603.json,S005,S005_O00045,2026-06-03,11,6,3,Wednesday,23,2,2026-2027,Off-Peak,Weekday,Breakfast,2026-06-03T17:41:50.872Z
ST013,C0123,20260603,2026-06-03T17:39:20.186841,O00051,Completed,2026-06-03 12:13:33.421000+00:00,Cash,orders_S005_20260603.json,S005,S005_O00051,2026-06-03,12,6,3,Wednesday,23,2,2026-2027,Off-Peak,Weekday,Lunch,2026-06-03T17:41:50.872Z
ST007,C0394,20260603,2026-06-03T17:39:20.186841,O00057,Completed,2026-06-03 15:10:33.421000+00:00,Card,orders_S005_20260603.json,S005,S005_O00057,2026-06-03,15,6,3,Wednesday,23,2,2026-2027,Off-Peak,Weekday,Snack,2026-06-03T17:41:50.872Z
ST008,C0103,20260603,2026-06-03T17:39:20.186841,O00061,Completed,2026-06-03 12:42:52.421000+00:00,Cash,orders_S005_20260603.json,S005,S005_O00061,2026-06-03,12,6,3,Wednesday,23,2,2026-2027,Off-Peak,Weekday,Lunch,2026-06-03T17:41:50.872Z
ST003,C0377,20260603,2026-06-03T17:39:20.186841,O00063,Completed,2026-06-03 13:25:38.421000+00:00,Cash,orders_S005_20260603.json,S005,S005_O00063,2026-06-03,13,6,3,Wednesday,23,2,2026-2027,Off-Peak,Weekday,Lunch,2026-06-03T17:41:50.872Z
ST013,C0204,20260603,2026-06-03T17:39:20.186841,O00064,Completed,2026-06-03 16:30:01.421000+00:00,Card,orders_S005_20260603.json,S005,S005_O00064,2026-06-03,16,6,3,Wednesday,23,2,2026-2027,Off-Peak,Weekday,Snack,2026-06-03T17:41:50.872Z
ST011,C0475,20260603,2026-06-03T17:39:20.186841,O00066,Completed,2026-06-03 12:04:18.421000+00:00,Cash,orders_S005_20260603.json,S005,S005_O00066,2026-06-03,12,6,3,Wednesday,23,2,2026-2027,Off-Peak,Weekday,Lunch,2026-06-03T17:41:50.872Z
ST012,C0580,20260603,2026-06-03T17:39:20.186841,O00069,Completed,2026-06-03 13:15:20.421000+00:00,UPI,orders_S005_20260603.json,S005,S005_O00069,2026-06-03,13,6,3,Wednesday,23,2,2026-2027,Off-Peak,Weekday,Lunch,2026-06-03T17:41:50.872Z
ST005,C0309,20260603,2026-06-03T17:39:20.186841,O00070,Completed,2026-06-03 11:33:21.421000+00:00,UPI,orders_S005_20260603.json,S005,S005_O00070,2026-06-03,11,6,3,Wednesday,23,2,2026-2027,Off-Peak,Weekday,Breakfast,2026-06-03T17:41:50.872Z
ST008,C0564,20260603,2026-06-03T17:39:20.186841,O00075,Completed,2026-06-03 17:31:54.421000+00:00,Cash,orders_S005_20260603.json,S005,S005_O00075,2026-06-03,17,6,3,Wednesday,23,2,2026-2027,Off-Peak,Weekday,Dinner,2026-06-03T17:41:50.872Z
ST008,C0323,20260603,2026-06-03T17:39:20.186841,O00077,Completed,2026-06-03 13:00:30.421000+00:00,Cash,orders_S005_20260603.json,S005,S005_O00077,2026-06-03,13,6,3,Wednesday,23,2,2026-2027,Off-Peak,Weekday,Lunch,2026-06-03T17:41:50.872Z
ST008,C0426,20260603,2026-06-03T17:39:20.186841,O00082,Completed,2026-06-03 15:33:57.421000+00:00,Card,orders_S005_20260603.json,S005,S005_O00082,2026-06-03,15,6,3,Wednesday,23,2,2026-2027,Off-Peak,Weekday,Snack,2026-06-03T17:41:50.872Z
ST015,C0614,20260603,2026-06-03T17:39:20.186841,O00084,Completed,2026-06-03 13:52:55.421000+00:00,UPI,orders_S005_20260603.json,S005,S005_O00084,2026-06-03,13,6,3,Wednesday,23,2,2026-2027,Off-Peak,Weekday,Lunch,2026-06-03T17:41:50.872Z
ST011,C0074,20260603,2026-06-03T17:39:20.186841,O00087,Completed,2026-06-03 17:10:49.421000+00:00,Card,orders_S005_20260603.json,S005,S005_O00087,2026-06-03,17,6,3,Wednesday,23,2,2026-2027,Off-Peak,Weekday,Dinner,2026-06-03T17:41:50.872Z
ST015,C0328,20260603,2026-06-03T17:39:20.186841,O00093,Completed,2026-06-03 14:50:11.421000+00:00,Cash,orders_S005_20260603.json,S005,S005_O00093,2026-06-03,14,6,3,Wednesday,23,2,2026-2027,Off-Peak,Weekday,Lunch,2026-06-03T17:41:50.872Z
ST002,C0546,20260603,2026-06-03T17:39:20.186841,O00100,Completed,2026-06-03 16:11:17.421000+00:00,UPI,orders_S005_20260603.json,S005,S005_O00100,2026-06-03,16,6,3,Wednesday,23,2,2026-2027,Off-Peak,Weekday,Snack,2026-06-03T17:41:50.872Z
ST007,C0393,20260603,2026-06-03T17:39:20.186841,O00104,Completed,2026-06-03 10:09:18.421000+00:00,UPI,orders_S005_20260603.json,S005,S005_O00104,2026-06-03,10,6,3,Wednesday,23,2,2026-2027,Off-Peak,Weekday,Breakfast,2026-06-03T17:41:50.872Z
ST013,C0060,20260603,2026-06-03T17:39:20.186841,O00105,Completed,2026-06-03 14:57:54.421000+00:00,UPI,orders_S005_20260603.json,S005,S005_O00105,2026-06-03,14,6,3,Wednesday,23,2,2026-2027,Off-Peak,Weekday,Lunch,2026-06-03T17:41:50.872Z
ST013,C0062,20260603,2026-06-03T17:39:20.186841,O00111,Completed,2026-06-03 13:37:21.421000+00:00,Cash,orders_S005_20260603.json,S005,S005_O00111,2026-06-03,13,6,3,Wednesday,23,2,2026-2027,Off-Peak,Weekday,Lunch,2026-06-03T17:41:50.872Z
ST006,C0114,20260603,2026-06-03T17:39:20.186841,O00120,Completed,2026-06-03 13:06:29.421000+00:00,Cash,orders_S005_20260603.json,S005,S005_O00120,2026-06-03,13,6,3,Wednesday,23,2,2026-2027,Off-Peak,Weekday,Lunch,2026-06-03T17:41:50.872Z
ST011,C0391,20260603,2026-06-03T17:39:20.186841,O00121,Completed,2026-06-03 17:36:05.421000+00:00,UPI,orders_S005_20260603.json,S005,S005_O00121,2026-06-03,17,6,3,Wednesday,23,2,2026-2027,Off-Peak,Weekday,Dinner,2026-06-03T17:41:50.872Z
ST010,C0230,20260603,2026-06-03T17:39:20.186841,O00128,Completed,2026-06-03 14:22:18.421000+00:00,Card,orders_S005_20260603.json,S005,S005_O00128,2026-06-03,14,6,3,Wednesday,23,2,2026-2027,Off-Peak,Weekday,Lunch,2026-06-03T17:41:50.872Z
ST015,C0165,20260603,2026-06-03T17:39:20.186841,O00132,Completed,2026-06-03 17:25:13.421000+00:00,Cash,orders_S005_20260603.json,S005,S005_O00132,2026-06-03,17,6,3,Wednesday,23,2,2026-2027,Off-Peak,Weekday,Dinner,2026-06-03T17:41:50.872Z
ST005,C0532,20260603,2026-06-03T17:39:20.186841,O00133,Completed,2026-06-03 16:05:01.421000+00:00,Cash,orders_S005_20260603.json,S005,S005_O00133,2026-06-03,16,6,3,Wednesday,23,2,2026-2027,Off-Peak,Weekday,Snack,2026-06-03T17:41:50.872Z
ST002,C0510,20260603,2026-06-03T17:39:20.186841,O00134,Completed,2026-06-03 15:56:19.421000+00:00,UPI,orders_S005_20260603.json,S005,S005_O00134,2026-06-03,15,6,3,Wednesday,23,2,2026-2027,Off-Peak,Weekday,Snack,2026-06-03T17:41:50.872Z
ST002,C0195,20260603,2026-06-03T17:39:20.186841,O00138,Completed,2026-06-03 17:25:51.421000+00:00,UPI,orders_S005_20260603.json,S005,S005_O00138,2026-06-03,17,6,3,Wednesday,23,2,2026-2027,Off-Peak,Weekday,Dinner,2026-06-03T17:41:50.872Z
ST004,C0008,20260603,2026-06-03T17:39:20.186841,O00139,Completed,2026-06-03 12:15:24.421000+00:00,Card,orders_S005_20260603.json,S005,S005_O00139,2026-06-03,12,6,3,Wednesday,23,2,2026-2027,Off-Peak,Weekday,Lunch,2026-06-03T17:41:50.872Z
ST003,C0156,20260603,2026-06-03T17:39:20.186841,O00141,Completed,2026-06-03 12:51:48.421000+00:00,Card,orders_S005_20260603.json,S005,S005_O00141,2026-06-03,12,6,3,Wednesday,23,2,2026-2027,Off-Peak,Weekday,Lunch,2026-06-03T17:41:50.872Z
ST014,C0607,20260603,2026-06-03T17:39:20.186841,O00142,Completed,2026-06-03 14:13:42.421000+00:00,UPI,orders_S005_20260603.json,S005,S005_O00142,2026-06-03,14,6,3,Wednesday,23,2,2026-2027,Off-Peak,Weekday,Lunch,2026-06-03T17:41:50.872Z
ST005,C0084,20260603,2026-06-03T17:39:20.186841,O00148,Completed,2026-06-03 17:38:32.421000+00:00,UPI,orders_S005_20260603.json,S005,S005_O00148,2026-06-03,17,6,3,Wednesday,23,2,2026-2027,Off-Peak,Weekday,Dinner,2026-06-03T17:41:50.872Z
ST004,C0058,20260603,2026-06-03T17:39:20.186841,O00153,Completed,2026-06-03 10:10:08.421000+00:00,UPI,orders_S005_20260603.json,S005,S005_O00153,2026-06-03,10,6,3,Wednesday,23,2,2026-2027,Off-Peak,Weekday,Breakfast,2026-06-03T17:41:50.872Z
ST001,C0428,20260603,2026-06-03T17:39:20.186841,O00155,Completed,2026-06-03 13:36:00.421000+00:00,UPI,orders_S005_20260603.json,S005,S005_O00155,2026-06-03,13,6,3,Wednesday,23,2,2026-2027,Off-Peak,Weekday,Lunch,2026-06-03T17:41:50.872Z
ST010,C0095,20260603,2026-06-03T17:39:20.186841,O00158,Completed,2026-06-03 14:43:02.421000+00:00,UPI,orders_S005_20260603.json,S005,S005_O00158,2026-06-03,14,6,3,Wednesday,23,2,2026-2027,Off-Peak,Weekday,Lunch,2026-06-03T17:41:50.872Z
ST008,C0234,20260603,2026-06-03T17:39:20.186841,O00159,Completed,2026-06-03 15:35:13.421000+00:00,UPI,orders_S005_20260603.json,S005,S005_O00159,2026-06-03,15,6,3,Wednesday,23,2,2026-2027,Off-Peak,Weekday,Snack,2026-06-03T17:41:50.872Z
ST006,C0080,20260603,2026-06-03T17:39:20.186841,O00161,Completed,2026-06-03 14:35:14.421000+00:00,Cash,orders_S005_20260603.json,S005,S005_O00161,2026-06-03,14,6,3,Wednesday,23,2,2026-2027,Off-Peak,Weekday,Lunch,2026-06-03T17:41:50.872Z
ST007,C0434,20260603,2026-06-03T17:39:20.186841,O00162,Completed,2026-06-03 13:06:15.421000+00:00,Cash,orders_S005_20260603.json,S005,S005_O00162,2026-06-03,13,6,3,Wednesday,23,2,2026-2027,Off-Peak,Weekday,Lunch,2026-06-03T17:41:50.872Z
ST011,C0461,20260603,2026-06-03T17:39:20.186841,O00165,Completed,2026-06-03 14:35:49.421000+00:00,Card,orders_S005_20260603.json,S005,S005_O00165,2026-06-03,14,6,3,Wednesday,23,2,2026-2027,Off-Peak,Weekday,Lunch,2026-06-03T17:41:50.872Z
ST004,C0102,20260603,2026-06-03T17:39:20.186841,O00167,Completed,2026-06-03 13:28:13.421000+00:00,Card,orders_S005_20260603.json,S005,S005_O00167,2026-06-03,13,6,3,Wednesday,23,2,2026-2027,Off-Peak,Weekday,Lunch,2026-06-03T17:41:50.872Z
ST015,C0089,20260603,2026-06-03T17:39:20.186841,O00169,Completed,2026-06-03 14:10:55.421000+00:00,Cash,orders_S005_20260603.json,S005,S005_O00169,2026-06-03,14,6,3,Wednesday,23,2,2026-2027,Off-Peak,Weekday,Lunch,2026-06-03T17:41:50.872Z
ST013,C0407,20260603,2026-06-03T17:39:20.186841,O00171,Completed,2026-06-03 13:16:27.421000+00:00,Cash,orders_S005_20260603.json,S005,S005_O00171,2026-06-03,13,6,3,Wednesday,23,2,2026-2027,Off-Peak,Weekday,Lunch,2026-06-03T17:41:50.872Z
ST001,C0102,20260603,2026-06-03T17:39:20.186841,O00172,Completed,2026-06-03 16:36:27.421000+00:00,Card,orders_S005_20260603.json,S005,S005_O00172,2026-06-03,16,6,3,Wednesday,23,2,2026-2027,Off-Peak,Weekday,Snack,2026-06-03T17:41:50.872Z
ST007,C0208,20260603,2026-06-03T17:39:20.186841,O00175,Completed,2026-06-03 13:09:49.421000+00:00,UPI,orders_S005_20260603.json,S005,S005_O00175,2026-06-03,13,6,3,Wednesday,23,2,2026-2027,Off-Peak,Weekday,Lunch,2026-06-03T17:41:50.872Z
ST003,C0289,20260603,2026-06-03T17:39:20.186841,O00176,Completed,2026-06-03 10:31:41.421000+00:00,UPI,orders_S005_20260603.json,S005,S005_O00176,2026-06-03,10,6,3,Wednesday,23,2,2026-2027,Off-Peak,Weekday,Breakfast,2026-06-03T17:41:50.872Z
ST010,C0293,20260603,2026-06-03T17:39:20.186841,O00177,Completed,2026-06-03 12:46:23.421000+00:00,Cash,orders_S005_20260603.json,S005,S005_O00177,2026-06-03,12,6,3,Wednesday,23,2,2026-2027,Off-Peak,Weekday,Lunch,2026-06-03T17:41:50.872Z
ST006,C0355,20260603,2026-06-03T17:39:20.186841,O00201,Completed,2026-06-03 17:33:28.421000+00:00,Cash,orders_S005_20260603.json,S005,S005_O00201,2026-06-03,17,6,3,Wednesday,23,2,2026-2027,Off-Peak,Weekday,Dinner,2026-06-03T17:41:50.872Z
ST001,C0453,20260603,2026-06-03T17:39:20.186841,O00203,Completed,2026-06-03 11:20:12.421000+00:00,UPI,orders_S005_20260603.json,S005,S005_O00203,2026-06-03,11,6,3,Wednesday,23,2,2026-2027,Off-Peak,Weekday,Breakfast,2026-06-03T17:41:50.872Z
ST001,C0029,20260603,2026-06-03T17:39:20.186841,O00204,Completed,2026-06-03 13:35:45.421000+00:00,Cash,orders_S005_20260603.json,S005,S005_O00204,2026-06-03,13,6,3,Wednesday,23,2,2026-2027,Off-Peak,Weekday,Lunch,2026-06-03T17:41:50.872Z
ST015,C0356,20260603,2026-06-03T17:39:20.186841,O00206,Completed,2026-06-03 15:17:03.421000+00:00,UPI,orders_S005_20260603.json,S005,S005_O00206,2026-06-03,15,6,3,Wednesday,23,2,2026-2027,Off-Peak,Weekday,Snack,2026-06-03T17:41:50.872Z
ST008,C0389,20260603,2026-06-03T17:39:20.186841,O00207,Completed,2026-06-03 13:46:02.421000+00:00,UPI,orders_S005_20260603.json,S005,S005_O00207,2026-06-03,13,6,3,Wednesday,23,2,2026-2027,Off-Peak,Weekday,Lunch,2026-06-03T17:41:50.872Z
ST008,C0040,20260603,2026-06-03T17:39:20.186841,O00209,Completed,2026-06-03 12:06:45.421000+00:00,Card,orders_S005_20260603.json,S005,S005_O00209,2026-06-03,12,6,3,Wednesday,23,2,2026-2027,Off-Peak,Weekday,Lunch,2026-06-03T17:41:50.872Z
ST015,C0087,20260603,2026-06-03T17:39:20.186841,O00211,Completed,2026-06-03 10:48:15.421000+00:00,Cash,orders_S005_20260603.json,S005,S005_O00211,2026-06-03,10,6,3,Wednesday,23,2,2026-2027,Off-Peak,Weekday,Breakfast,2026-06-03T17:41:50.872Z
ST001,C0078,20260603,2026-06-03T17:39:20.186841,O00214,Completed,2026-06-03 14:20:32.421000+00:00,UPI,orders_S005_20260603.json,S005,S005_O00214,2026-06-03,14,6,3,Wednesday,23,2,2026-2027,Off-Peak,Weekday,Lunch,2026-06-03T17:41:50.872Z
ST010,C0259,20260603,2026-06-03T17:39:20.186841,O00219,Completed,2026-06-03 13:35:23.421000+00:00,Cash,orders_S005_20260603.json,S005,S005_O00219,2026-06-03,13,6,3,Wednesday,23,2,2026-2027,Off-Peak,Weekday,Lunch,2026-06-03T17:41:50.872Z
ST013,C0531,20260603,2026-06-03T17:39:20.186841,O00222,Completed,2026-06-03 16:13:23.421000+00:00,UPI,orders_S005_20260603.json,S005,S005_O00222,2026-06-03,16,6,3,Wednesday,23,2,2026-2027,Off-Peak,Weekday,Snack,2026-06-03T17:41:50.872Z
ST004,C0409,20260603,2026-06-03T17:39:20.186841,O00223,Completed,2026-06-03 14:00:10.421000+00:00,Cash,orders_S005_20260603.json,S005,S005_O00223,2026-06-03,14,6,3,Wednesday,23,2,2026-2027,Off-Peak,Weekday,Lunch,2026-06-03T17:41:50.872Z
ST008,C0070,20260603,2026-06-03T17:39:20.186841,O00230,Completed,2026-06-03 13:07:28.421000+00:00,UPI,orders_S005_20260603.json,S005,S005_O00230,2026-06-03,13,6,3,Wednesday,23,2,2026-2027,Off-Peak,Weekday,Lunch,2026-06-03T17:41:50.872Z
ST007,C0023,20260603,2026-06-03T17:39:20.186841,O00231,Completed,2026-06-03 16:38:37.421000+00:00,Card,orders_S005_20260603.json,S005,S005_O00231,2026-06-03,16,6,3,Wednesday,23,2,2026-2027,Off-Peak,Weekday,Snack,2026-06-03T17:41:50.872Z
ST002,C0087,20260603,2026-06-03T17:39:20.186841,O00234,Completed,2026-06-03 13:15:44.421000+00:00,UPI,orders_S005_20260603.json,S005,S005_O00234,2026-06-03,13,6,3,Wednesday,23,2,2026-2027,Off-Peak,Weekday,Lunch,2026-06-03T17:41:50.872Z
ST012,C0352,20260603,2026-06-03T17:39:20.186841,O00235,Completed,2026-06-03 11:21:16.421000+00:00,Cash,orders_S005_20260603.json,S005,S005_O00235,2026-06-03,11,6,3,Wednesday,23,2,2026-2027,Off-Peak,Weekday,Breakfast,2026-06-03T17:41:50.872Z
ST002,C0532,20260603,2026-06-03T17:39:20.186841,O00237,Completed,2026-06-03 15:47:43.421000+00:00,UPI,orders_S005_20260603.json,S005,S005_O00237,2026-06-03,15,6,3,Wednesday,23,2,2026-2027,Off-Peak,Weekday,Snack,2026-06-03T17:41:50.872Z
ST001,C0088,20260603,2026-06-03T17:39:20.186841,O00239,Completed,2026-06-03 16:51:18.421000+00:00,UPI,orders_S005_20260603.json,S005,S005_O00239,2026-06-03,16,6,3,Wednesday,23,2,2026-2027,Off-Peak,Weekday,Snack,2026-06-03T17:41:50.872Z
ST012,C0589,20260603,2026-06-03T17:39:20.186841,O00245,Completed,2026-06-03 17:33:58.421000+00:00,UPI,orders_S005_20260603.json,S005,S005_O00245,2026-06-03,17,6,3,Wednesday,23,2,2026-2027,Off-Peak,Weekday,Dinner,2026-06-03T17:41:50.872Z
ST004,C0097,20260603,2026-06-03T17:39:20.186841,O00250,Completed,2026-06-03 17:07:03.421000+00:00,Cash,orders_S005_20260603.json,S005,S005_O00250,2026-06-03,17,6,3,Wednesday,23,2,2026-2027,Off-Peak,Weekday,Dinner,2026-06-03T17:41:50.872Z
ST001,C0324,20260603,2026-06-03T17:39:20.186841,O00253,Completed,2026-06-03 13:23:08.421000+00:00,Cash,orders_S005_20260603.json,S005,S005_O00253,2026-06-03,13,6,3,Wednesday,23,2,2026-2027,Off-Peak,Weekday,Lunch,2026-06-03T17:41:50.872Z
ST005,C0002,20260603,2026-06-03T17:39:20.186841,O00254,Completed,2026-06-03 15:01:05.421000+00:00,UPI,orders_S005_20260603.json,S005,S005_O00254,2026-06-03,15,6,3,Wednesday,23,2,2026-2027,Off-Peak,Weekday,Snack,2026-06-03T17:41:50.872Z
ST003,C0036,20260603,2026-06-03T17:39:20.186841,O00257,Completed,2026-06-03 14:47:31.421000+00:00,UPI,orders_S005_20260603.json,S005,S005_O00257,2026-06-03,14,6,3,Wednesday,23,2,2026-2027,Off-Peak,Weekday,Lunch,2026-06-03T17:41:50.872Z
ST005,C0124,20260603,2026-06-03T17:39:20.186841,O00258,Completed,2026-06-03 12:26:14.421000+00:00,UPI,orders_S005_20260603.json,S005,S005_O00258,2026-06-03,12,6,3,Wednesday,23,2,2026-2027,Off-Peak,Weekday,Lunch,2026-06-03T17:41:50.872Z
ST003,C0012,20260603,2026-06-03T17:39:20.186841,O00261,Completed,2026-06-03 12:08:06.421000+00:00,UPI,orders_S005_20260603.json,S005,S005_O00261,2026-06-03,12,6,3,Wednesday,23,2,2026-2027,Off-Peak,Weekday,Lunch,2026-06-03T17:41:50.872Z
ST004,C0102,20260603,2026-06-03T17:39:20.186841,O00264,Completed,2026-06-03 12:31:03.421000+00:00,UPI,orders_S005_20260603.json,S005,S005_O00264,2026-06-03,12,6,3,Wednesday,23,2,2026-2027,Off-Peak,Weekday,Lunch,2026-06-03T17:41:50.872Z
ST015,C0102,20260603,2026-06-03T17:39:20.186841,O00266,Completed,2026-06-03 13:29:33.421000+00:00,Cash,orders_S005_20260603.json,S005,S005_O00266,2026-06-03,13,6,3,Wednesday,23,2,2026-2027,Off-Peak,Weekday,Lunch,2026-06-03T17:41:50.872Z
ST003,C0283,20260603,2026-06-03T17:39:20.186841,O00267,Completed,2026-06-03 15:27:45.421000+00:00,UPI,orders_S005_20260603.json,S005,S005_O00267,2026-06-03,15,6,3,Wednesday,23,2,2026-2027,Off-Peak,Weekday,Snack,2026-06-03T17:41:50.872Z
ST012,C0270,20260603,2026-06-03T17:39:20.186841,O00268,Completed,2026-06-03 12:42:22.421000+00:00,Cash,orders_S005_20260603.json,S005,S005_O00268,2026-06-03,12,6,3,Wednesday,23,2,2026-2027,Off-Peak,Weekday,Lunch,2026-06-03T17:41:50.872Z
ST012,C0361,20260603,2026-06-03T17:39:20.186841,O00270,Completed,2026-06-03 17:30:31.421000+00:00,UPI,orders_S005_20260603.json,S005,S005_O00270,2026-06-03,17,6,3,Wednesday,23,2,2026-2027,Off-Peak,Weekday,Dinner,2026-06-03T17:41:50.872Z
ST010,C0104,20260603,2026-06-03T17:39:20.186841,O00271,Completed,2026-06-03 14:20:24.421000+00:00,UPI,orders_S005_20260603.json,S005,S005_O00271,2026-06-03,14,6,3,Wednesday,23,2,2026-2027,Off-Peak,Weekday,Lunch,2026-06-03T17:41:50.872Z
ST007,C0292,20260603,2026-06-03T17:39:20.186841,O00278,Completed,2026-06-03 15:39:55.421000+00:00,UPI,orders_S005_20260603.json,S005,S005_O00278,2026-06-03,15,6,3,Wednesday,23,2,2026-2027,Off-Peak,Weekday,Snack,2026-06-03T17:41:50.872Z
ST006,C0624,20260603,2026-06-03T17:39:20.186841,O00281,Completed,2026-06-03 15:17:40.421000+00:00,UPI,orders_S005_20260603.json,S005,S005_O00281,2026-06-03,15,6,3,Wednesday,23,2,2026-2027,Off-Peak,Weekday,Snack,2026-06-03T17:41:50.872Z
ST011,C0168,20260603,2026-06-03T17:39:20.186841,O00287,Completed,2026-06-03 13:20:27.421000+00:00,Cash,orders_S005_20260603.json,S005,S005_O00287,2026-06-03,13,6,3,Wednesday,23,2,2026-2027,Off-Peak,Weekday,Lunch,2026-06-03T17:41:50.872Z
ST002,C0480,20260603,2026-06-03T17:39:20.186841,O00288,Completed,2026-06-03 10:15:25.421000+00:00,UPI,orders_S005_20260603.json,S005,S005_O00288,2026-06-03,10,6,3,Wednesday,23,2,2026-2027,Off-Peak,Weekday,Breakfast,2026-06-03T17:41:50.872Z
ST015,C0500,20260603,2026-06-03T17:39:20.186841,O00294,Completed,2026-06-03 11:34:02.421000+00:00,Card,orders_S005_20260603.json,S005,S005_O00294,2026-06-03,11,6,3,Wednesday,23,2,2026-2027,Off-Peak,Weekday,Breakfast,2026-06-03T17:41:50.872Z
ST005,C0116,20260603,2026-06-03T17:39:20.186841,O00295,Completed,2026-06-03 16:01:05.421000+00:00,UPI,orders_S005_20260603.json,S005,S005_O00295,2026-06-03,16,6,3,Wednesday,23,2,2026-2027,Off-Peak,Weekday,Snack,2026-06-03T17:41:50.872Z
ST009,C0525,20260603,2026-06-03T17:39:20.186841,O00298,Completed,2026-06-03 13:24:13.421000+00:00,UPI,orders_S005_20260603.json,S005,S005_O00298,2026-06-03,13,6,3,Wednesday,23,2,2026-2027,Off-Peak,Weekday,Lunch,2026-06-03T17:41:50.872Z
ST005,C0611,20260603,2026-06-03T17:39:20.186841,O00300,Completed,2026-06-03 16:31:53.421000+00:00,UPI,orders_S005_20260603.json,S005,S005_O00300,2026-06-03,16,6,3,Wednesday,23,2,2026-2027,Off-Peak,Weekday,Snack,2026-06-03T17:41:50.872Z
ST008,C0576,20260603,2026-06-03T17:39:20.186841,O00304,Completed,2026-06-03 15:55:35.421000+00:00,UPI,orders_S005_20260603.json,S005,S005_O00304,2026-06-03,15,6,3,Wednesday,23,2,2026-2027,Off-Peak,Weekday,Snack,2026-06-03T17:41:50.872Z
ST013,C0532,20260603,2026-06-03T17:39:20.186841,O00305,Completed,2026-06-03 11:51:31.421000+00:00,UPI,orders_S005_20260603.json,S005,S005_O00305,2026-06-03,11,6,3,Wednesday,23,2,2026-2027,Off-Peak,Weekday,Breakfast,2026-06-03T17:41:50.872Z
ST002,C0309,20260603,2026-06-03T17:39:20.186841,O00308,Completed,2026-06-03 16:14:58.421000+00:00,Cash,orders_S005_20260603.json,S005,S005_O00308,2026-06-03,16,6,3,Wednesday,23,2,2026-2027,Off-Peak,Weekday,Snack,2026-06-03T17:41:50.872Z
ST009,C0630,20260603,2026-06-03T17:39:20.186841,O00312,Completed,2026-06-03 17:35:18.421000+00:00,Cash,orders_S005_20260603.json,S005,S005_O00312,2026-06-03,17,6,3,Wednesday,23,2,2026-2027,Off-Peak,Weekday,Dinner,2026-06-03T17:41:50.872Z
ST008,C0114,20260603,2026-06-03T17:39:20.186841,O00322,Completed,2026-06-03 17:04:08.421000+00:00,Cash,orders_S005_20260603.json,S005,S005_O00322,2026-06-03,17,6,3,Wednesday,23,2,2026-2027,Off-Peak,Weekday,Dinner,2026-06-03T17:41:50.872Z
ST012,C0191,20260603,2026-06-03T17:39:20.186841,O00324,Completed,2026-06-03 13:36:08.421000+00:00,UPI,orders_S005_20260603.json,S005,S005_O00324,2026-06-03,13,6,3,Wednesday,23,2,2026-2027,Off-Peak,Weekday,Lunch,2026-06-03T17:41:50.872Z
ST013,C0184,20260603,2026-06-03T17:39:20.186841,O00326,Completed,2026-06-03 10:15:21.421000+00:00,UPI,orders_S005_20260603.json,S005,S005_O00326,2026-06-03,10,6,3,Wednesday,23,2,2026-2027,Off-Peak,Weekday,Breakfast,2026-06-03T17:41:50.872Z
ST006,C0087,20260603,2026-06-03T17:39:20.186841,O00328,Completed,2026-06-03 17:22:55.421000+00:00,UPI,orders_S005_20260603.json,S005,S005_O00328,2026-06-03,17,6,3,Wednesday,23,2,2026-2027,Off-Peak,Weekday,Dinner,2026-06-03T17:41:50.872Z
ST008,C0195,20260603,2026-06-03T17:39:20.186841,O00329,Completed,2026-06-03 17:37:42.421000+00:00,UPI,orders_S005_20260603.json,S005,S005_O00329,2026-06-03,17,6,3,Wednesday,23,2,2026-2027,Off-Peak,Weekday,Dinner,2026-06-03T17:41:50.872Z
ST011,C0624,20260603,2026-06-03T17:39:20.186841,O00333,Completed,2026-06-03 14:37:22.421000+00:00,Card,orders_S005_20260603.json,S005,S005_O00333,2026-06-03,14,6,3,Wednesday,23,2,2026-2027,Off-Peak,Weekday,Lunch,2026-06-03T17:41:50.872Z
ST009,C0439,20260603,2026-06-03T17:39:20.186841,O00341,Completed,2026-06-03 12:41:13.421000+00:00,Cash,orders_S005_20260603.json,S005,S005_O00341,2026-06-03,12,6,3,Wednesday,23,2,2026-2027,Off-Peak,Weekday,Lunch,2026-06-03T17:41:50.872Z
ST002,C0091,20260603,2026-06-03T17:39:20.186841,O00342,Completed,2026-06-03 13:11:23.421000+00:00,Card,orders_S005_20260603.json,S005,S005_O00342,2026-06-03,13,6,3,Wednesday,23,2,2026-2027,Off-Peak,Weekday,Lunch,2026-06-03T17:41:50.872Z
ST008,C0011,20260603,2026-06-03T17:39:20.186841,O00343,Completed,2026-06-03 16:12:34.421000+00:00,UPI,orders_S005_20260603.json,S005,S005_O00343,2026-06-03,16,6,3,Wednesday,23,2,2026-2027,Off-Peak,Weekday,Snack,2026-06-03T17:41:50.872Z
ST010,C0481,20260603,2026-06-03T17:39:20.186841,O00345,Completed,2026-06-03 17:17:32.421000+00:00,UPI,orders_S005_20260603.json,S005,S005_O00345,2026-06-03,17,6,3,Wednesday,23,2,2026-2027,Off-Peak,Weekday,Dinner,2026-06-03T17:41:50.872Z
ST003,C0437,20260603,2026-06-03T17:39:20.186841,O00348,Completed,2026-06-03 14:09:10.421000+00:00,Card,orders_S005_20260603.json,S005,S005_O00348,2026-06-03,14,6,3,Wednesday,23,2,2026-2027,Off-Peak,Weekday,Lunch,2026-06-03T17:41:50.872Z
ST006,C0203,20260603,2026-06-03T17:39:20.186841,O00349,Completed,2026-06-03 13:26:37.421000+00:00,Card,orders_S005_20260603.json,S005,S005_O00349,2026-06-03,13,6,3,Wednesday,23,2,2026-2027,Off-Peak,Weekday,Lunch,2026-06-03T17:41:50.872Z
ST015,C0127,20260603,2026-06-03T17:39:20.186841,O00350,Completed,2026-06-03 13:34:35.421000+00:00,UPI,orders_S005_20260603.json,S005,S005_O00350,2026-06-03,13,6,3,Wednesday,23,2,2026-2027,Off-Peak,Weekday,Lunch,2026-06-03T17:41:50.872Z
ST012,C0090,20260603,2026-06-03T17:39:20.186841,O00352,Completed,2026-06-03 16:44:06.421000+00:00,Cash,orders_S005_20260603.json,S005,S005_O00352,2026-06-03,16,6,3,Wednesday,23,2,2026-2027,Off-Peak,Weekday,Snack,2026-06-03T17:41:50.872Z
ST012,C0499,20260603,2026-06-03T17:39:20.186841,O00353,Completed,2026-06-03 12:58:26.421000+00:00,Cash,orders_S005_20260603.json,S005,S005_O00353,2026-06-03,12,6,3,Wednesday,23,2,2026-2027,Off-Peak,Weekday,Lunch,2026-06-03T17:41:50.872Z
ST014,C0062,20260603,2026-06-03T17:39:20.186841,O00359,Completed,2026-06-03 14:43:23.421000+00:00,Cash,orders_S005_20260603.json,S005,S005_O00359,2026-06-03,14,6,3,Wednesday,23,2,2026-2027,Off-Peak,Weekday,Lunch,2026-06-03T17:41:50.872Z
ST004,C0386,20260603,2026-06-03T17:39:20.186841,O00363,Completed,2026-06-03 16:47:34.421000+00:00,UPI,orders_S005_20260603.json,S005,S005_O00363,2026-06-03,16,6,3,Wednesday,23,2,2026-2027,Off-Peak,Weekday,Snack,2026-06-03T17:41:50.872Z
ST003,C0082,20260603,2026-06-03T17:39:20.186841,O00364,Completed,2026-06-03 10:48:39.421000+00:00,UPI,orders_S005_20260603.json,S005,S005_O00364,2026-06-03,10,6,3,Wednesday,23,2,2026-2027,Off-Peak,Weekday,Breakfast,2026-06-03T17:41:50.872Z
ST008,C0123,20260603,2026-06-03T17:39:20.186841,O00368,Completed,2026-06-03 13:34:50.421000+00:00,UPI,orders_S005_20260603.json,S005,S005_O00368,2026-06-03,13,6,3,Wednesday,23,2,2026-2027,Off-Peak,Weekday,Lunch,2026-06-03T17:41:50.872Z
ST002,C0475,20260603,2026-06-03T17:39:20.186841,O00370,Completed,2026-06-03 13:12:27.421000+00:00,UPI,orders_S005_20260603.json,S005,S005_O00370,2026-06-03,13,6,3,Wednesday,23,2,2026-2027,Off-Peak,Weekday,Lunch,2026-06-03T17:41:50.872Z
ST013,C0036,20260603,2026-06-03T17:39:20.186841,O00372,Completed,2026-06-03 13:19:07.421000+00:00,Cash,orders_S005_20260603.json,S005,S005_O00372,2026-06-03,13,6,3,Wednesday,23,2,2026-2027,Off-Peak,Weekday,Lunch,2026-06-03T17:41:50.872Z
ST004,C0067,20260603,2026-06-03T17:39:20.186841,O00375,Completed,2026-06-03 13:18:35.421000+00:00,UPI,orders_S005_20260603.json,S005,S005_O00375,2026-06-03,13,6,3,Wednesday,23,2,2026-2027,Off-Peak,Weekday,Lunch,2026-06-03T17:41:50.872Z
ST009,C0579,20260603,2026-06-03T17:39:20.186841,O00379,Completed,2026-06-03 13:01:24.421000+00:00,UPI,orders_S005_20260603.json,S005,S005_O00379,2026-06-03,13,6,3,Wednesday,23,2,2026-2027,Off-Peak,Weekday,Lunch,2026-06-03T17:41:50.872Z
ST001,C0540,20260603,2026-06-03T17:39:20.186841,O00380,Completed,2026-06-03 12:10:50.421000+00:00,Card,orders_S005_20260603.json,S005,S005_O00380,2026-06-03,12,6,3,Wednesday,23,2,2026-2027,Off-Peak,Weekday,Lunch,2026-06-03T17:41:50.872Z
ST015,C0077,20260603,2026-06-03T17:39:20.186841,O00383,Completed,2026-06-03 14:07:22.421000+00:00,Cash,orders_S005_20260603.json,S005,S005_O00383,2026-06-03,14,6,3,Wednesday,23,2,2026-2027,Off-Peak,Weekday,Lunch,2026-06-03T17:41:50.872Z
ST013,C0041,20260603,2026-06-03T17:39:20.186841,O00387,Completed,2026-06-03 11:14:08.421000+00:00,Card,orders_S005_20260603.json,S005,S005_O00387,2026-06-03,11,6,3,Wednesday,23,2,2026-2027,Off-Peak,Weekday,Breakfast,2026-06-03T17:41:50.872Z
ST013,C0073,20260603,2026-06-03T17:39:20.186841,O00388,Completed,2026-06-03 12:17:48.421000+00:00,Card,orders_S005_20260603.json,S005,S005_O00388,2026-06-03,12,6,3,Wednesday,23,2,2026-2027,Off-Peak,Weekday,Lunch,2026-06-03T17:41:50.872Z
ST006,C0084,20260603,2026-06-03T17:39:20.186841,O00389,Completed,2026-06-03 13:27:07.421000+00:00,UPI,orders_S005_20260603.json,S005,S005_O00389,2026-06-03,13,6,3,Wednesday,23,2,2026-2027,Off-Peak,Weekday,Lunch,2026-06-03T17:41:50.872Z
ST004,C0095,20260603,2026-06-03T17:39:20.186841,O00391,Completed,2026-06-03 11:41:17.421000+00:00,Cash,orders_S005_20260603.json,S005,S005_O00391,2026-06-03,11,6,3,Wednesday,23,2,2026-2027,Off-Peak,Weekday,Breakfast,2026-06-03T17:41:50.872Z
ST011,C0436,20260603,2026-06-03T17:39:20.186841,O00393,Completed,2026-06-03 12:49:27.421000+00:00,UPI,orders_S005_20260603.json,S005,S005_O00393,2026-06-03,12,6,3,Wednesday,23,2,2026-2027,Off-Peak,Weekday,Lunch,2026-06-03T17:41:50.872Z
ST004,C0131,20260603,2026-06-03T17:39:20.186841,O00394,Completed,2026-06-03 13:59:25.421000+00:00,Cash,orders_S005_20260603.json,S005,S005_O00394,2026-06-03,13,6,3,Wednesday,23,2,2026-2027,Off-Peak,Weekday,Lunch,2026-06-03T17:41:50.872Z
ST006,C0071,20260603,2026-06-03T17:39:20.186841,O00397,Completed,2026-06-03 17:17:14.421000+00:00,Cash,orders_S005_20260603.json,S005,S005_O00397,2026-06-03,17,6,3,Wednesday,23,2,2026-2027,Off-Peak,Weekday,Dinner,2026-06-03T17:41:50.872Z
ST008,C0113,20260603,2026-06-03T17:39:20.186841,O00399,Completed,2026-06-03 17:41:15.421000+00:00,UPI,orders_S005_20260603.json,S005,S005_O00399,2026-06-03,17,6,3,Wednesday,23,2,2026-2027,Off-Peak,Weekday,Dinner,2026-06-03T17:41:50.872Z
ST012,C0348,20260603,2026-06-03T17:39:20.186841,O00401,Completed,2026-06-03 14:01:06.421000+00:00,Cash,orders_S005_20260603.json,S005,S005_O00401,2026-06-03,14,6,3,Wednesday,23,2,2026-2027,Off-Peak,Weekday,Lunch,2026-06-03T17:41:50.872Z
ST009,C0278,20260603,2026-06-03T17:39:20.186841,O00403,Completed,2026-06-03 15:45:09.421000+00:00,Cash,orders_S005_20260603.json,S005,S005_O00403,2026-06-03,15,6,3,Wednesday,23,2,2026-2027,Off-Peak,Weekday,Snack,2026-06-03T17:41:50.872Z
ST008,C0124,20260603,2026-06-03T17:39:20.186841,O00410,Completed,2026-06-03 13:04:35.421000+00:00,Cash,orders_S005_20260603.json,S005,S005_O00410,2026-06-03,13,6,3,Wednesday,23,2,2026-2027,Off-Peak,Weekday,Lunch,2026-06-03T17:41:50.872Z
ST006,C0507,20260603,2026-06-03T17:39:20.186841,O00413,Completed,2026-06-03 12:33:33.421000+00:00,UPI,orders_S005_20260603.json,S005,S005_O00413,2026-06-03,12,6,3,Wednesday,23,2,2026-2027,Off-Peak,Weekday,Lunch,2026-06-03T17:41:50.872Z
ST011,C0191,20260603,2026-06-03T17:39:20.186841,O00417,Completed,2026-06-03 14:29:03.421000+00:00,UPI,orders_S005_20260603.json,S005,S005_O00417,2026-06-03,14,6,3,Wednesday,23,2,2026-2027,Off-Peak,Weekday,Lunch,2026-06-03T17:41:50.872Z
ST001,C0542,20260603,2026-06-03T17:39:20.186841,O00418,Completed,2026-06-03 16:18:04.421000+00:00,UPI,orders_S005_20260603.json,S005,S005_O00418,2026-06-03,16,6,3,Wednesday,23,2,2026-2027,Off-Peak,Weekday,Snack,2026-06-03T17:41:50.872Z
ST007,C0393,20260603,2026-06-03T17:39:20.186841,O00419,Completed,2026-06-03 13:45:01.421000+00:00,Cash,orders_S005_20260603.json,S005,S005_O00419,2026-06-03,13,6,3,Wednesday,23,2,2026-2027,Off-Peak,Weekday,Lunch,2026-06-03T17:41:50.872Z
ST015,C0193,20260603,2026-06-03T17:39:20.186841,O00421,Completed,2026-06-03 13:33:24.421000+00:00,Cash,orders_S005_20260603.json,S005,S005_O00421,2026-06-03,13,6,3,Wednesday,23,2,2026-2027,Off-Peak,Weekday,Lunch,2026-06-03T17:41:50.872Z
ST014,C0377,20260603,2026-06-03T17:39:20.186841,O00424,Completed,2026-06-03 11:30:05.421000+00:00,UPI,orders_S005_20260603.json,S005,S005_O00424,2026-06-03,11,6,3,Wednesday,23,2,2026-2027,Off-Peak,Weekday,Breakfast,2026-06-03T17:41:50.872Z
ST003,C0097,20260603,2026-06-03T17:39:20.186841,O00426,Completed,2026-06-03 16:52:53.421000+00:00,Cash,orders_S005_20260603.json,S005,S005_O00426,2026-06-03,16,6,3,Wednesday,23,2,2026-2027,Off-Peak,Weekday,Snack,2026-06-03T17:41:50.872Z
ST002,C0126,20260603,2026-06-03T17:39:20.186841,O00428,Completed,2026-06-03 16:01:22.421000+00:00,Cash,orders_S005_20260603.json,S005,S005_O00428,2026-06-03,16,6,3,Wednesday,23,2,2026-2027,Off-Peak,Weekday,Snack,2026-06-03T17:41:50.872Z
ST011,C0124,20260603,2026-06-03T17:39:20.186841,O00429,Completed,2026-06-03 11:23:24.421000+00:00,UPI,orders_S005_20260603.json,S005,S005_O00429,2026-06-03,11,6,3,Wednesday,23,2,2026-2027,Off-Peak,Weekday,Breakfast,2026-06-03T17:41:50.872Z
ST009,C0389,20260603,2026-06-03T17:39:20.186841,O00430,Completed,2026-06-03 11:49:57.421000+00:00,Cash,orders_S005_20260603.json,S005,S005_O00430,2026-06-03,11,6,3,Wednesday,23,2,2026-2027,Off-Peak,Weekday,Breakfast,2026-06-03T17:41:50.872Z
ST007,C0250,20260603,2026-06-03T17:39:20.186841,O00431,Completed,2026-06-03 12:03:38.421000+00:00,UPI,orders_S005_20260603.json,S005,S005_O00431,2026-06-03,12,6,3,Wednesday,23,2,2026-2027,Off-Peak,Weekday,Lunch,2026-06-03T17:41:50.872Z
ST006,C0637,20260603,2026-06-03T17:39:20.186841,O00434,Completed,2026-06-03 17:32:39.421000+00:00,UPI,orders_S005_20260603.json,S005,S005_O00434,2026-06-03,17,6,3,Wednesday,23,2,2026-2027,Off-Peak,Weekday,Dinner,2026-06-03T17:41:50.872Z
ST005,C0247,20260603,2026-06-03T17:39:20.186841,O00436,Completed,2026-06-03 16:03:30.421000+00:00,UPI,orders_S005_20260603.json,S005,S005_O00436,2026-06-03,16,6,3,Wednesday,23,2,2026-2027,Off-Peak,Weekday,Snack,2026-06-03T17:41:50.872Z
ST013,C0209,20260603,2026-06-03T17:39:20.186841,O00437,Completed,2026-06-03 13:47:42.421000+00:00,Cash,orders_S005_20260603.json,S005,S005_O00437,2026-06-03,13,6,3,Wednesday,23,2,2026-2027,Off-Peak,Weekday,Lunch,2026-06-03T17:41:50.872Z
ST002,C0101,20260603,2026-06-03T17:39:20.186841,O00439,Completed,2026-06-03 17:24:17.421000+00:00,UPI,orders_S005_20260603.json,S005,S005_O00439,2026-06-03,17,6,3,Wednesday,23,2,2026-2027,Off-Peak,Weekday,Dinner,2026-06-03T17:41:50.872Z
ST003,C0066,20260603,2026-06-03T17:39:20.186841,O00440,Completed,2026-06-03 15:37:15.421000+00:00,UPI,orders_S005_20260603.json,S005,S005_O00440,2026-06-03,15,6,3,Wednesday,23,2,2026-2027,Off-Peak,Weekday,Snack,2026-06-03T17:41:50.872Z
ST005,C0104,20260603,2026-06-03T17:39:20.186841,O00444,Completed,2026-06-03 16:58:21.421000+00:00,Cash,orders_S005_20260603.json,S005,S005_O00444,2026-06-03,16,6,3,Wednesday,23,2,2026-2027,Off-Peak,Weekday,Snack,2026-06-03T17:41:50.872Z
ST001,C0125,20260603,2026-06-03T17:39:20.186841,O00445,Completed,2026-06-03 15:49:49.421000+00:00,Card,orders_S005_20260603.json,S005,S005_O00445,2026-06-03,15,6,3,Wednesday,23,2,2026-2027,Off-Peak,Weekday,Snack,2026-06-03T17:41:50.872Z
ST001,C0028,20260603,2026-06-03T17:39:20.186841,O00450,Completed,2026-06-03 13:49:51.421000+00:00,UPI,orders_S005_20260603.json,S005,S005_O00450,2026-06-03,13,6,3,Wednesday,23,2,2026-2027,Off-Peak,Weekday,Lunch,2026-06-03T17:41:50.872Z
ST012,C0495,20260603,2026-06-03T17:39:20.186841,O00452,Completed,2026-06-03 15:59:38.421000+00:00,UPI,orders_S005_20260603.json,S005,S005_O00452,2026-06-03,15,6,3,Wednesday,23,2,2026-2027,Off-Peak,Weekday,Snack,2026-06-03T17:41:50.872Z
ST013,C0172,20260603,2026-06-03T17:39:20.186841,O00454,Completed,2026-06-03 17:41:07.421000+00:00,UPI,orders_S005_20260603.json,S005,S005_O00454,2026-06-03,17,6,3,Wednesday,23,2,2026-2027,Off-Peak,Weekday,Dinner,2026-06-03T17:41:50.872Z
ST002,C0309,20260603,2026-06-03T17:39:20.186841,O00456,Completed,2026-06-03 14:34:09.421000+00:00,Cash,orders_S005_20260603.json,S005,S005_O00456,2026-06-03,14,6,3,Wednesday,23,2,2026-2027,Off-Peak,Weekday,Lunch,2026-06-03T17:41:50.872Z
ST005,C0323,20260603,2026-06-03T17:39:20.186841,O00459,Completed,2026-06-03 12:45:02.421000+00:00,UPI,orders_S005_20260603.json,S005,S005_O00459,2026-06-03,12,6,3,Wednesday,23,2,2026-2027,Off-Peak,Weekday,Lunch,2026-06-03T17:41:50.872Z
ST011,C0070,20260603,2026-06-03T17:39:20.186841,O00462,Completed,2026-06-03 13:44:14.421000+00:00,UPI,orders_S005_20260603.json,S005,S005_O00462,2026-06-03,13,6,3,Wednesday,23,2,2026-2027,Off-Peak,Weekday,Lunch,2026-06-03T17:41:50.872Z
ST009,C0604,20260603,2026-06-03T17:39:20.186841,O00464,Completed,2026-06-03 10:42:02.421000+00:00,Cash,orders_S005_20260603.json,S005,S005_O00464,2026-06-03,10,6,3,Wednesday,23,2,2026-2027,Off-Peak,Weekday,Breakfast,2026-06-03T17:41:50.872Z
ST006,C0099,20260603,2026-06-03T17:39:20.186841,O00472,Completed,2026-06-03 15:46:10.421000+00:00,Card,orders_S005_20260603.json,S005,S005_O00472,2026-06-03,15,6,3,Wednesday,23,2,2026-2027,Off-Peak,Weekday,Snack,2026-06-03T17:41:50.872Z
ST010,C0283,20260603,2026-06-03T17:39:20.186841,O00484,Completed,2026-06-03 13:38:56.421000+00:00,Card,orders_S005_20260603.json,S005,S005_O00484,2026-06-03,13,6,3,Wednesday,23,2,2026-2027,Off-Peak,Weekday,Lunch,2026-06-03T17:41:50.872Z
ST011,C0343,20260603,2026-06-03T17:39:20.186841,O00485,Completed,2026-06-03 16:46:54.421000+00:00,UPI,orders_S005_20260603.json,S005,S005_O00485,2026-06-03,16,6,3,Wednesday,23,2,2026-2027,Off-Peak,Weekday,Snack,2026-06-03T17:41:50.872Z
ST008,C0098,20260603,2026-06-03T17:39:20.186841,O00490,Completed,2026-06-03 14:58:41.421000+00:00,Cash,orders_S005_20260603.json,S005,S005_O00490,2026-06-03,14,6,3,Wednesday,23,2,2026-2027,Off-Peak,Weekday,Lunch,2026-06-03T17:41:50.872Z
ST015,C0026,20260603,2026-06-03T17:39:20.186841,O00493,Completed,2026-06-03 16:37:17.421000+00:00,Cash,orders_S005_20260603.json,S005,S005_O00493,2026-06-03,16,6,3,Wednesday,23,2,2026-2027,Off-Peak,Weekday,Snack,2026-06-03T17:41:50.872Z
ST012,C0082,20260603,2026-06-03T17:39:20.186841,O00494,Completed,2026-06-03 13:43:00.421000+00:00,Card,orders_S005_20260603.json,S005,S005_O00494,2026-06-03,13,6,3,Wednesday,23,2,2026-2027,Off-Peak,Weekday,Lunch,2026-06-03T17:41:50.872Z
ST009,C0591,20260603,2026-06-03T17:39:20.186841,O00500,Completed,2026-06-03 16:14:26.421000+00:00,UPI,orders_S005_20260603.json,S005,S005_O00500,2026-06-03,16,6,3,Wednesday,23,2,2026-2027,Off-Peak,Weekday,Snack,2026-06-03T17:41:50.872Z
ST011,C0353,20260603,2026-06-03T17:39:20.186841,O00503,Completed,2026-06-03 17:08:03.421000+00:00,Card,orders_S005_20260603.json,S005,S005_O00503,2026-06-03,17,6,3,Wednesday,23,2,2026-2027,Off-Peak,Weekday,Dinner,2026-06-03T17:41:50.872Z
ST009,C0266,20260603,2026-06-03T17:39:20.186841,O00512,Completed,2026-06-03 13:31:37.421000+00:00,UPI,orders_S005_20260603.json,S005,S005_O00512,2026-06-03,13,6,3,Wednesday,23,2,2026-2027,Off-Peak,Weekday,Lunch,2026-06-03T17:41:50.872Z
ST013,C0580,20260603,2026-06-03T17:39:20.186841,O00514,Completed,2026-06-03 15:08:46.421000+00:00,Cash,orders_S005_20260603.json,S005,S005_O00514,2026-06-03,15,6,3,Wednesday,23,2,2026-2027,Off-Peak,Weekday,Snack,2026-06-03T17:41:50.872Z
ST015,C0001,20260603,2026-06-03T17:39:20.186841,O00517,Completed,2026-06-03 17:12:45.421000+00:00,UPI,orders_S005_20260603.json,S005,S005_O00517,2026-06-03,17,6,3,Wednesday,23,2,2026-2027,Off-Peak,Weekday,Dinner,2026-06-03T17:41:50.872Z
ST008,C0006,20260603,2026-06-03T17:39:20.186841,O00520,Completed,2026-06-03 11:23:37.421000+00:00,UPI,orders_S005_20260603.json,S005,S005_O00520,2026-06-03,11,6,3,Wednesday,23,2,2026-2027,Off-Peak,Weekday,Breakfast,2026-06-03T17:41:50.872Z
ST011,C0316,20260603,2026-06-03T17:39:20.186841,O00521,Completed,2026-06-03 17:25:45.421000+00:00,Card,orders_S005_20260603.json,S005,S005_O00521,2026-06-03,17,6,3,Wednesday,23,2,2026-2027,Off-Peak,Weekday,Dinner,2026-06-03T17:41:50.872Z
ST007,C0002,20260603,2026-06-03T17:39:20.186841,O00523,Completed,2026-06-03 15:14:41.421000+00:00,Cash,orders_S005_20260603.json,S005,S005_O00523,2026-06-03,15,6,3,Wednesday,23,2,2026-2027,Off-Peak,Weekday,Snack,2026-06-03T17:41:50.872Z
ST005,C0234,20260603,2026-06-03T17:39:20.186841,O00525,Completed,2026-06-03 12:13:58.421000+00:00,Cash,orders_S005_20260603.json,S005,S005_O00525,2026-06-03,12,6,3,Wednesday,23,2,2026-2027,Off-Peak,Weekday,Lunch,2026-06-03T17:41:50.872Z
ST015,C0075,20260603,2026-06-03T17:39:20.186841,O00526,Completed,2026-06-03 17:20:56.421000+00:00,Card,orders_S005_20260603.json,S005,S005_O00526,2026-06-03,17,6,3,Wednesday,23,2,2026-2027,Off-Peak,Weekday,Dinner,2026-06-03T17:41:50.872Z
ST003,C0109,20260603,2026-06-03T17:39:20.186841,O00527,Completed,2026-06-03 12:52:01.421000+00:00,UPI,orders_S005_20260603.json,S005,S005_O00527,2026-06-03,12,6,3,Wednesday,23,2,2026-2027,Off-Peak,Weekday,Lunch,2026-06-03T17:41:50.872Z
ST009,C0018,20260603,2026-06-03T17:39:20.186841,O00535,Completed,2026-06-03 13:17:03.421000+00:00,Cash,orders_S005_20260603.json,S005,S005_O00535,2026-06-03,13,6,3,Wednesday,23,2,2026-2027,Off-Peak,Weekday,Lunch,2026-06-03T17:41:50.872Z
ST014,C0059,20260603,2026-06-03T17:39:20.186841,O00536,Completed,2026-06-03 17:38:34.421000+00:00,Card,orders_S005_20260603.json,S005,S005_O00536,2026-06-03,17,6,3,Wednesday,23,2,2026-2027,Off-Peak,Weekday,Dinner,2026-06-03T17:41:50.872Z
ST002,C0098,20260603,2026-06-03T17:39:20.186841,O00548,Completed,2026-06-03 12:11:42.421000+00:00,Card,orders_S005_20260603.json,S005,S005_O00548,2026-06-03,12,6,3,Wednesday,23,2,2026-2027,Off-Peak,Weekday,Lunch,2026-06-03T17:41:50.872Z
ST013,C0594,20260603,2026-06-03T17:39:20.186841,O00555,Completed,2026-06-03 13:28:49.421000+00:00,Cash,orders_S005_20260603.json,S005,S005_O00555,2026-06-03,13,6,3,Wednesday,23,2,2026-2027,Off-Peak,Weekday,Lunch,2026-06-03T17:41:50.872Z
ST006,C0003,20260603,2026-06-03T17:39:20.186841,O00556,Completed,2026-06-03 17:23:17.421000+00:00,UPI,orders_S005_20260603.json,S005,S005_O00556,2026-06-03,17,6,3,Wednesday,23,2,2026-2027,Off-Peak,Weekday,Dinner,2026-06-03T17:41:50.872Z
ST012,C0547,20260603,2026-06-03T17:39:20.186841,O00557,Completed,2026-06-03 10:04:15.421000+00:00,UPI,orders_S005_20260603.json,S005,S005_O00557,2026-06-03,10,6,3,Wednesday,23,2,2026-2027,Off-Peak,Weekday,Breakfast,2026-06-03T17:41:50.872Z
ST014,C0318,20260603,2026-06-03T17:39:20.186841,O00558,Completed,2026-06-03 13:29:48.421000+00:00,UPI,orders_S005_20260603.json,S005,S005_O00558,2026-06-03,13,6,3,Wednesday,23,2,2026-2027,Off-Peak,Weekday,Lunch,2026-06-03T17:41:50.872Z
ST007,C0084,20260603,2026-06-03T17:39:20.186841,O00559,Completed,2026-06-03 13:19:53.421000+00:00,Card,orders_S005_20260603.json,S005,S005_O00559,2026-06-03,13,6,3,Wednesday,23,2,2026-2027,Off-Peak,Weekday,Lunch,2026-06-03T17:41:50.872Z
ST008,C0040,20260603,2026-06-03T17:39:20.186841,O00562,Completed,2026-06-03 12:46:58.421000+00:00,Cash,orders_S005_20260603.json,S005,S005_O00562,2026-06-03,12,6,3,Wednesday,23,2,2026-2027,Off-Peak,Weekday,Lunch,2026-06-03T17:41:50.872Z
ST006,C0352,20260603,2026-06-03T17:39:20.186841,O00563,Completed,2026-06-03 14:56:00.421000+00:00,Card,orders_S005_20260603.json,S005,S005_O00563,2026-06-03,14,6,3,Wednesday,23,2,2026-2027,Off-Peak,Weekday,Lunch,2026-06-03T17:41:50.872Z
ST005,C0067,20260603,2026-06-03T17:39:20.186841,O00565,Completed,2026-06-03 17:21:14.421000+00:00,Cash,orders_S005_20260603.json,S005,S005_O00565,2026-06-03,17,6,3,Wednesday,23,2,2026-2027,Off-Peak,Weekday,Dinner,2026-06-03T17:41:50.872Z
ST004,C0032,20260603,2026-06-03T17:39:20.186841,O00567,Completed,2026-06-03 13:53:08.421000+00:00,UPI,orders_S005_20260603.json,S005,S005_O00567,2026-06-03,13,6,3,Wednesday,23,2,2026-2027,Off-Peak,Weekday,Lunch,2026-06-03T17:41:50.872Z
ST012,C0050,20260603,2026-06-03T17:39:20.186841,O00569,Completed,2026-06-03 13:16:19.421000+00:00,UPI,orders_S005_20260603.json,S005,S005_O00569,2026-06-03,13,6,3,Wednesday,23,2,2026-2027,Off-Peak,Weekday,Lunch,2026-06-03T17:41:50.872Z
ST005,C0048,20260603,2026-06-03T17:39:20.186841,O00576,Completed,2026-06-03 13:13:01.421000+00:00,Cash,orders_S005_20260603.json,S005,S005_O00576,2026-06-03,13,6,3,Wednesday,23,2,2026-2027,Off-Peak,Weekday,Lunch,2026-06-03T17:41:50.872Z
ST012,C0014,20260603,2026-06-03T17:39:20.186841,O00580,Completed,2026-06-03 12:36:13.421000+00:00,Cash,orders_S005_20260603.json,S005,S005_O00580,2026-06-03,12,6,3,Wednesday,23,2,2026-2027,Off-Peak,Weekday,Lunch,2026-06-03T17:41:50.872Z
ST003,C0101,20260603,2026-06-03T17:39:20.186841,O00583,Completed,2026-06-03 14:19:17.421000+00:00,UPI,orders_S005_20260603.json,S005,S005_O00583,2026-06-03,14,6,3,Wednesday,23,2,2026-2027,Off-Peak,Weekday,Lunch,2026-06-03T17:41:50.872Z
ST012,C0583,20260603,2026-06-03T17:39:20.186841,O00588,Completed,2026-06-03 12:31:21.421000+00:00,UPI,orders_S005_20260603.json,S005,S005_O00588,2026-06-03,12,6,3,Wednesday,23,2,2026-2027,Off-Peak,Weekday,Lunch,2026-06-03T17:41:50.872Z
ST013,C0137,20260603,2026-06-03T17:39:20.186841,O00592,Completed,2026-06-03 14:37:49.421000+00:00,Cash,orders_S005_20260603.json,S005,S005_O00592,2026-06-03,14,6,3,Wednesday,23,2,2026-2027,Off-Peak,Weekday,Lunch,2026-06-03T17:41:50.872Z
ST010,C0029,20260603,2026-06-03T17:39:20.186841,O00597,Completed,2026-06-03 15:30:21.421000+00:00,UPI,orders_S005_20260603.json,S005,S005_O00597,2026-06-03,15,6,3,Wednesday,23,2,2026-2027,Off-Peak,Weekday,Snack,2026-06-03T17:41:50.872Z
ST005,C0570,20260603,2026-06-03T17:39:20.186841,O00602,Completed,2026-06-03 11:54:05.421000+00:00,UPI,orders_S005_20260603.json,S005,S005_O00602,2026-06-03,11,6,3,Wednesday,23,2,2026-2027,Off-Peak,Weekday,Breakfast,2026-06-03T17:41:50.872Z
ST014,C0042,20260603,2026-06-03T17:39:20.186841,O00604,Completed,2026-06-03 11:50:32.421000+00:00,UPI,orders_S005_20260603.json,S005,S005_O00604,2026-06-03,11,6,3,Wednesday,23,2,2026-2027,Off-Peak,Weekday,Breakfast,2026-06-03T17:41:50.872Z
ST007,C0517,20260603,2026-06-03T17:39:20.186841,O00605,Completed,2026-06-03 11:13:25.421000+00:00,Cash,orders_S005_20260603.json,S005,S005_O00605,2026-06-03,11,6,3,Wednesday,23,2,2026-2027,Off-Peak,Weekday,Breakfast,2026-06-03T17:41:50.872Z
ST002,C0039,20260603,2026-06-03T17:39:20.186841,O00606,Completed,2026-06-03 15:27:40.421000+00:00,Cash,orders_S005_20260603.json,S005,S005_O00606,2026-06-03,15,6,3,Wednesday,23,2,2026-2027,Off-Peak,Weekday,Snack,2026-06-03T17:41:50.872Z
ST005,C0574,20260603,2026-06-03T17:39:20.186841,O00610,Completed,2026-06-03 17:02:34.421000+00:00,Card,orders_S005_20260603.json,S005,S005_O00610,2026-06-03,17,6,3,Wednesday,23,2,2026-2027,Off-Peak,Weekday,Dinner,2026-06-03T17:41:50.872Z
ST006,C0533,20260603,2026-06-03T17:39:20.186841,O00612,Completed,2026-06-03 10:45:12.421000+00:00,Cash,orders_S005_20260603.json,S005,S005_O00612,2026-06-03,10,6,3,Wednesday,23,2,2026-2027,Off-Peak,Weekday,Breakfast,2026-06-03T17:41:50.872Z
ST013,C0096,20260603,2026-06-03T17:39:20.186841,O00613,Completed,2026-06-03 16:12:51.421000+00:00,Cash,orders_S005_20260603.json,S005,S005_O00613,2026-06-03,16,6,3,Wednesday,23,2,2026-2027,Off-Peak,Weekday,Snack,2026-06-03T17:41:50.872Z
ST013,C0398,20260603,2026-06-03T17:39:20.186841,O00614,Completed,2026-06-03 11:54:09.421000+00:00,UPI,orders_S005_20260603.json,S005,S005_O00614,2026-06-03,11,6,3,Wednesday,23,2,2026-2027,Off-Peak,Weekday,Breakfast,2026-06-03T17:41:50.872Z
ST007,C0074,20260603,2026-06-03T17:39:20.186841,O00616,Completed,2026-06-03 16:10:48.421000+00:00,Card,orders_S005_20260603.json,S005,S005_O00616,2026-06-03,16,6,3,Wednesday,23,2,2026-2027,Off-Peak,Weekday,Snack,2026-06-03T17:41:50.872Z
ST009,C0426,20260603,2026-06-03T17:39:20.186841,O00617,Completed,2026-06-03 11:03:44.421000+00:00,UPI,orders_S005_20260603.json,S005,S005_O00617,2026-06-03,11,6,3,Wednesday,23,2,2026-2027,Off-Peak,Weekday,Breakfast,2026-06-03T17:41:50.872Z
ST004,C0052,20260603,2026-06-03T17:39:20.186841,O00618,Completed,2026-06-03 14:54:49.421000+00:00,Card,orders_S005_20260603.json,S005,S005_O00618,2026-06-03,14,6,3,Wednesday,23,2,2026-2027,Off-Peak,Weekday,Lunch,2026-06-03T17:41:50.872Z
ST008,C0604,20260603,2026-06-03T17:39:20.186841,O00620,Completed,2026-06-03 11:08:33.421000+00:00,UPI,orders_S005_20260603.json,S005,S005_O00620,2026-06-03,11,6,3,Wednesday,23,2,2026-2027,Off-Peak,Weekday,Breakfast,2026-06-03T17:41:50.872Z
ST003,C0371,20260603,2026-06-03T17:39:20.186841,O00622,Completed,2026-06-03 16:13:26.421000+00:00,UPI,orders_S005_20260603.json,S005,S005_O00622,2026-06-03,16,6,3,Wednesday,23,2,2026-2027,Off-Peak,Weekday,Snack,2026-06-03T17:41:50.872Z
ST013,C0222,20260603,2026-06-03T17:39:20.186841,O00630,Completed,2026-06-03 14:23:04.421000+00:00,Cash,orders_S005_20260603.json,S005,S005_O00630,2026-06-03,14,6,3,Wednesday,23,2,2026-2027,Off-Peak,Weekday,Lunch,2026-06-03T17:41:50.872Z
ST009,C0088,20260603,2026-06-03T17:39:20.186841,O00632,Completed,2026-06-03 15:57:37.421000+00:00,Cash,orders_S005_20260603.json,S005,S005_O00632,2026-06-03,15,6,3,Wednesday,23,2,2026-2027,Off-Peak,Weekday,Snack,2026-06-03T17:41:50.872Z
ST012,C0414,20260603,2026-06-03T17:39:20.186841,O00634,Completed,2026-06-03 14:35:37.421000+00:00,UPI,orders_S005_20260603.json,S005,S005_O00634,2026-06-03,14,6,3,Wednesday,23,2,2026-2027,Off-Peak,Weekday,Lunch,2026-06-03T17:41:50.872Z
ST006,C0481,20260603,2026-06-03T17:39:20.186841,O00635,Completed,2026-06-03 13:01:17.421000+00:00,UPI,orders_S005_20260603.json,S005,S005_O00635,2026-06-03,13,6,3,Wednesday,23,2,2026-2027,Off-Peak,Weekday,Lunch,2026-06-03T17:41:50.872Z
ST006,C0269,20260603,2026-06-03T17:39:20.186841,O00647,Completed,2026-06-03 15:48:07.421000+00:00,Card,orders_S005_20260603.json,S005,S005_O00647,2026-06-03,15,6,3,Wednesday,23,2,2026-2027,Off-Peak,Weekday,Snack,2026-06-03T17:41:50.872Z
ST008,C0136,20260603,2026-06-03T17:39:20.186841,O00649,Completed,2026-06-03 11:32:02.421000+00:00,Card,orders_S005_20260603.json,S005,S005_O00649,2026-06-03,11,6,3,Wednesday,23,2,2026-2027,Off-Peak,Weekday,Breakfast,2026-06-03T17:41:50.872Z
ST012,C0197,20260603,2026-06-03T17:39:20.186841,O00650,Completed,2026-06-03 14:25:35.421000+00:00,UPI,orders_S005_20260603.json,S005,S005_O00650,2026-06-03,14,6,3,Wednesday,23,2,2026-2027,Off-Peak,Weekday,Lunch,2026-06-03T17:41:50.872Z
ST006,C0251,20260603,2026-06-03T17:39:20.186841,O00651,Completed,2026-06-03 11:55:26.421000+00:00,UPI,orders_S005_20260603.json,S005,S005_O00651,2026-06-03,11,6,3,Wednesday,23,2,2026-2027,Off-Peak,Weekday,Breakfast,2026-06-03T17:41:50.872Z
ST001,C0206,20260603,2026-06-03T17:39:20.186841,O00654,Completed,2026-06-03 10:31:43.421000+00:00,UPI,orders_S005_20260603.json,S005,S005_O00654,2026-06-03,10,6,3,Wednesday,23,2,2026-2027,Off-Peak,Weekday,Breakfast,2026-06-03T17:41:50.872Z
ST006,C0170,20260603,2026-06-03T17:39:20.186841,O00657,Completed,2026-06-03 14:22:04.421000+00:00,UPI,orders_S005_20260603.json,S005,S005_O00657,2026-06-03,14,6,3,Wednesday,23,2,2026-2027,Off-Peak,Weekday,Lunch,2026-06-03T17:41:50.872Z
ST001,C0173,20260603,2026-06-03T17:39:20.186841,O00658,Completed,2026-06-03 16:38:28.421000+00:00,UPI,orders_S005_20260603.json,S005,S005_O00658,2026-06-03,16,6,3,Wednesday,23,2,2026-2027,Off-Peak,Weekday,Snack,2026-06-03T17:41:50.872Z
ST004,C0259,20260603,2026-06-03T17:39:20.186841,O00659,Completed,2026-06-03 13:14:35.421000+00:00,Cash,orders_S005_20260603.json,S005,S005_O00659,2026-06-03,13,6,3,Wednesday,23,2,2026-2027,Off-Peak,Weekday,Lunch,2026-06-03T17:41:50.872Z
ST009,C0072,20260603,2026-06-03T17:39:20.186841,O00661,Completed,2026-06-03 17:34:28.421000+00:00,Cash,orders_S005_20260603.json,S005,S005_O00661,2026-06-03,17,6,3,Wednesday,23,2,2026-2027,Off-Peak,Weekday,Dinner,2026-06-03T17:41:50.872Z
ST015,C0504,20260603,2026-06-03T17:39:20.186841,O00662,Completed,2026-06-03 15:32:21.421000+00:00,Cash,orders_S005_20260603.json,S005,S005_O00662,2026-06-03,15,6,3,Wednesday,23,2,2026-2027,Off-Peak,Weekday,Snack,2026-06-03T17:41:50.872Z
ST008,C0218,20260603,2026-06-03T17:39:20.186841,O00667,Completed,2026-06-03 13:01:29.421000+00:00,Cash,orders_S005_20260603.json,S005,S005_O00667,2026-06-03,13,6,3,Wednesday,23,2,2026-2027,Off-Peak,Weekday,Lunch,2026-06-03T17:41:50.872Z
ST002,C0030,20260603,2026-06-03T17:39:20.186841,O00673,Completed,2026-06-03 13:50:04.421000+00:00,Card,orders_S005_20260603.json,S005,S005_O00673,2026-06-03,13,6,3,Wednesday,23,2,2026-2027,Off-Peak,Weekday,Lunch,2026-06-03T17:41:50.872Z
ST001,C0056,20260603,2026-06-03T17:39:20.186841,O00676,Completed,2026-06-03 15:04:47.421000+00:00,UPI,orders_S005_20260603.json,S005,S005_O00676,2026-06-03,15,6,3,Wednesday,23,2,2026-2027,Off-Peak,Weekday,Snack,2026-06-03T17:41:50.872Z
ST013,C0136,20260603,2026-06-03T17:39:20.186841,O00679,Completed,2026-06-03 14:53:41.421000+00:00,UPI,orders_S005_20260603.json,S005,S005_O00679,2026-06-03,14,6,3,Wednesday,23,2,2026-2027,Off-Peak,Weekday,Lunch,2026-06-03T17:41:50.872Z
ST013,C0097,20260603,2026-06-03T17:39:20.186841,O00686,Completed,2026-06-03 17:16:11.421000+00:00,UPI,orders_S005_20260603.json,S005,S005_O00686,2026-06-03,17,6,3,Wednesday,23,2,2026-2027,Off-Peak,Weekday,Dinner,2026-06-03T17:41:50.872Z
ST004,C0594,20260603,2026-06-03T17:39:20.186841,O00689,Completed,2026-06-03 17:40:56.421000+00:00,Card,orders_S005_20260603.json,S005,S005_O00689,2026-06-03,17,6,3,Wednesday,23,2,2026-2027,Off-Peak,Weekday,Dinner,2026-06-03T17:41:50.872Z
ST004,C0213,20260603,2026-06-03T17:39:20.186841,O00690,Completed,2026-06-03 13:01:38.421000+00:00,UPI,orders_S005_20260603.json,S005,S005_O00690,2026-06-03,13,6,3,Wednesday,23,2,2026-2027,Off-Peak,Weekday,Lunch,2026-06-03T17:41:50.872Z
ST008,C0430,20260603,2026-06-03T17:39:20.186841,O00694,Completed,2026-06-03 15:04:46.421000+00:00,UPI,orders_S005_20260603.json,S005,S005_O00694,2026-06-03,15,6,3,Wednesday,23,2,2026-2027,Off-Peak,Weekday,Snack,2026-06-03T17:41:50.872Z
ST001,C0032,20260603,2026-06-03T17:39:20.186841,O00695,Completed,2026-06-03 17:13:03.421000+00:00,UPI,orders_S005_20260603.json,S005,S005_O00695,2026-06-03,17,6,3,Wednesday,23,2,2026-2027,Off-Peak,Weekday,Dinner,2026-06-03T17:41:50.872Z
ST014,C0063,20260603,2026-06-03T17:39:20.186841,O00696,Completed,2026-06-03 17:40:39.421000+00:00,UPI,orders_S005_20260603.json,S005,S005_O00696,2026-06-03,17,6,3,Wednesday,23,2,2026-2027,Off-Peak,Weekday,Dinner,2026-06-03T17:41:50.872Z
ST012,C0392,20260603,2026-06-03T17:39:20.186841,O00699,Completed,2026-06-03 17:37:38.421000+00:00,UPI,orders_S005_20260603.json,S005,S005_O00699,2026-06-03,17,6,3,Wednesday,23,2,2026-2027,Off-Peak,Weekday,Dinner,2026-06-03T17:41:50.872Z
ST005,C0068,20260603,2026-06-03T17:39:20.186841,O00703,Completed,2026-06-03 16:28:38.421000+00:00,UPI,orders_S005_20260603.json,S005,S005_O00703,2026-06-03,16,6,3,Wednesday,23,2,2026-2027,Off-Peak,Weekday,Snack,2026-06-03T17:41:50.872Z
ST008,C0393,20260603,2026-06-03T17:39:20.186841,O00704,Completed,2026-06-03 15:12:35.421000+00:00,UPI,orders_S005_20260603.json,S005,S005_O00704,2026-06-03,15,6,3,Wednesday,23,2,2026-2027,Off-Peak,Weekday,Snack,2026-06-03T17:41:50.872Z
ST011,C0506,20260603,2026-06-03T17:39:20.186841,O00705,Completed,2026-06-03 14:22:47.421000+00:00,Card,orders_S005_20260603.json,S005,S005_O00705,2026-06-03,14,6,3,Wednesday,23,2,2026-2027,Off-Peak,Weekday,Lunch,2026-06-03T17:41:50.872Z
ST012,C0378,20260603,2026-06-03T17:39:20.186841,O00706,Completed,2026-06-03 13:27:13.421000+00:00,UPI,orders_S005_20260603.json,S005,S005_O00706,2026-06-03,13,6,3,Wednesday,23,2,2026-2027,Off-Peak,Weekday,Lunch,2026-06-03T17:41:50.872Z
ST004,C0098,20260603,2026-06-03T17:39:20.186841,O00707,Completed,2026-06-03 16:47:48.421000+00:00,Cash,orders_S005_20260603.json,S005,S005_O00707,2026-06-03,16,6,3,Wednesday,23,2,2026-2027,Off-Peak,Weekday,Snack,2026-06-03T17:41:50.872Z
ST004,C0081,20260603,2026-06-03T17:39:20.186841,O00708,Completed,2026-06-03 16:05:35.421000+00:00,Cash,orders_S005_20260603.json,S005,S005_O00708,2026-06-03,16,6,3,Wednesday,23,2,2026-2027,Off-Peak,Weekday,Snack,2026-06-03T17:41:50.872Z
ST002,C0107,20260603,2026-06-03T17:39:20.186841,O00715,Completed,2026-06-03 13:56:12.421000+00:00,Cash,orders_S005_20260603.json,S005,S005_O00715,2026-06-03,13,6,3,Wednesday,23,2,2026-2027,Off-Peak,Weekday,Lunch,2026-06-03T17:41:50.872Z
ST015,C0080,20260603,2026-06-03T17:39:20.186841,O00721,Completed,2026-06-03 12:13:38.421000+00:00,UPI,orders_S005_20260603.json,S005,S005_O00721,2026-06-03,12,6,3,Wednesday,23,2,2026-2027,Off-Peak,Weekday,Lunch,2026-06-03T17:41:50.872Z
ST008,C0447,20260603,2026-06-03T17:39:20.186841,O00726,Completed,2026-06-03 12:30:06.421000+00:00,Card,orders_S005_20260603.json,S005,S005_O00726,2026-06-03,12,6,3,Wednesday,23,2,2026-2027,Off-Peak,Weekday,Lunch,2026-06-03T17:41:50.872Z
ST007,C0028,20260603,2026-06-03T17:39:20.186841,O00727,Completed,2026-06-03 10:06:04.421000+00:00,Cash,orders_S005_20260603.json,S005,S005_O00727,2026-06-03,10,6,3,Wednesday,23,2,2026-2027,Off-Peak,Weekday,Breakfast,2026-06-03T17:41:50.872Z
ST007,C0091,20260603,2026-06-03T17:39:20.186841,O00728,Completed,2026-06-03 13:37:03.421000+00:00,UPI,orders_S005_20260603.json,S005,S005_O00728,2026-06-03,13,6,3,Wednesday,23,2,2026-2027,Off-Peak,Weekday,Lunch,2026-06-03T17:41:50.872Z
ST002,C0428,20260603,2026-06-03T17:39:20.186841,O00730,Completed,2026-06-03 14:11:08.421000+00:00,UPI,orders_S005_20260603.json,S005,S005_O00730,2026-06-03,14,6,3,Wednesday,23,2,2026-2027,Off-Peak,Weekday,Lunch,2026-06-03T17:41:50.872Z
ST002,C0031,20260603,2026-06-03T17:39:20.186841,O00731,Completed,2026-06-03 17:15:34.421000+00:00,Card,orders_S005_20260603.json,S005,S005_O00731,2026-06-03,17,6,3,Wednesday,23,2,2026-2027,Off-Peak,Weekday,Dinner,2026-06-03T17:41:50.872Z
ST010,C0388,20260603,2026-06-03T17:39:20.186841,O00733,Completed,2026-06-03 12:48:23.421000+00:00,UPI,orders_S005_20260603.json,S005,S005_O00733,2026-06-03,12,6,3,Wednesday,23,2,2026-2027,Off-Peak,Weekday,Lunch,2026-06-03T17:41:50.872Z
ST006,C0354,20260603,2026-06-03T17:39:20.186841,O00735,Completed,2026-06-03 14:51:54.421000+00:00,Cash,orders_S005_20260603.json,S005,S005_O00735,2026-06-03,14,6,3,Wednesday,23,2,2026-2027,Off-Peak,Weekday,Lunch,2026-06-03T17:41:50.872Z
ST003,C0520,20260603,2026-06-03T17:39:20.186841,O00742,Completed,2026-06-03 15:37:17.421000+00:00,Cash,orders_S005_20260603.json,S005,S005_O00742,2026-06-03,15,6,3,Wednesday,23,2,2026-2027,Off-Peak,Weekday,Snack,2026-06-03T17:41:50.872Z
ST001,C0180,20260603,2026-06-03T17:39:20.186841,O00746,Completed,2026-06-03 11:46:19.421000+00:00,UPI,orders_S005_20260603.json,S005,S005_O00746,2026-06-03,11,6,3,Wednesday,23,2,2026-2027,Off-Peak,Weekday,Breakfast,2026-06-03T17:41:50.872Z
ST009,C0150,20260603,2026-06-03T17:39:20.186841,O00748,Completed,2026-06-03 11:15:53.421000+00:00,Card,orders_S005_20260603.json,S005,S005_O00748,2026-06-03,11,6,3,Wednesday,23,2,2026-2027,Off-Peak,Weekday,Breakfast,2026-06-03T17:41:50.872Z
ST015,C0346,20260603,2026-06-03T17:39:20.186841,O00749,Completed,2026-06-03 11:20:50.421000+00:00,Cash,orders_S005_20260603.json,S005,S005_O00749,2026-06-03,11,6,3,Wednesday,23,2,2026-2027,Off-Peak,Weekday,Breakfast,2026-06-03T17:41:50.872Z
ST006,C0168,20260603,2026-06-03T17:39:20.186841,O00750,Completed,2026-06-03 17:32:51.421000+00:00,Card,orders_S005_20260603.json,S005,S005_O00750,2026-06-03,17,6,3,Wednesday,23,2,2026-2027,Off-Peak,Weekday,Dinner,2026-06-03T17:41:50.872Z
ST015,C0037,20260603,2026-06-03T17:39:20.186841,O00751,Completed,2026-06-03 14:03:03.421000+00:00,Card,orders_S005_20260603.json,S005,S005_O00751,2026-06-03,14,6,3,Wednesday,23,2,2026-2027,Off-Peak,Weekday,Lunch,2026-06-03T17:41:50.872Z
ST013,C0095,20260603,2026-06-03T17:39:20.186841,O00755,Completed,2026-06-03 15:03:29.421000+00:00,UPI,orders_S005_20260603.json,S005,S005_O00755,2026-06-03,15,6,3,Wednesday,23,2,2026-2027,Off-Peak,Weekday,Snack,2026-06-03T17:41:50.872Z
ST015,C0055,20260603,2026-06-03T17:39:20.186841,O00762,Completed,2026-06-03 13:55:37.421000+00:00,Cash,orders_S005_20260603.json,S005,S005_O00762,2026-06-03,13,6,3,Wednesday,23,2,2026-2027,Off-Peak,Weekday,Lunch,2026-06-03T17:41:50.872Z
ST006,C0017,20260603,2026-06-03T17:39:20.186841,O00763,Completed,2026-06-03 12:42:17.421000+00:00,Cash,orders_S005_20260603.json,S005,S005_O00763,2026-06-03,12,6,3,Wednesday,23,2,2026-2027,Off-Peak,Weekday,Lunch,2026-06-03T17:41:50.872Z
ST002,C0056,20260603,2026-06-03T17:39:20.186841,O00764,Completed,2026-06-03 16:33:04.421000+00:00,UPI,orders_S005_20260603.json,S005,S005_O00764,2026-06-03,16,6,3,Wednesday,23,2,2026-2027,Off-Peak,Weekday,Snack,2026-06-03T17:41:50.872Z
ST003,C0036,20260603,2026-06-03T17:39:20.186841,O00766,Completed,2026-06-03 12:05:13.421000+00:00,Card,orders_S005_20260603.json,S005,S005_O00766,2026-06-03,12,6,3,Wednesday,23,2,2026-2027,Off-Peak,Weekday,Lunch,2026-06-03T17:41:50.872Z
ST008,C0125,20260603,2026-06-03T17:39:20.186841,O00777,Completed,2026-06-03 17:24:09.421000+00:00,Card,orders_S005_20260603.json,S005,S005_O00777,2026-06-03,17,6,3,Wednesday,23,2,2026-2027,Off-Peak,Weekday,Dinner,2026-06-03T17:41:50.872Z
ST008,C0155,20260603,2026-06-03T17:39:20.186841,O00778,Completed,2026-06-03 11:06:36.421000+00:00,UPI,orders_S005_20260603.json,S005,S005_O00778,2026-06-03,11,6,3,Wednesday,23,2,2026-2027,Off-Peak,Weekday,Breakfast,2026-06-03T17:41:50.872Z
ST011,C0021,20260603,2026-06-03T17:39:20.186841,O00779,Completed,2026-06-03 15:53:51.421000+00:00,UPI,orders_S005_20260603.json,S005,S005_O00779,2026-06-03,15,6,3,Wednesday,23,2,2026-2027,Off-Peak,Weekday,Snack,2026-06-03T17:41:50.872Z
ST003,C0434,20260603,2026-06-03T17:39:20.186841,O00783,Completed,2026-06-03 16:05:54.421000+00:00,Cash,orders_S005_20260603.json,S005,S005_O00783,2026-06-03,16,6,3,Wednesday,23,2,2026-2027,Off-Peak,Weekday,Snack,2026-06-03T17:41:50.872Z
ST007,C0104,20260603,2026-06-03T17:39:20.186841,O00786,Completed,2026-06-03 13:14:49.421000+00:00,UPI,orders_S005_20260603.json,S005,S005_O00786,2026-06-03,13,6,3,Wednesday,23,2,2026-2027,Off-Peak,Weekday,Lunch,2026-06-03T17:41:50.872Z
ST007,C0112,20260603,2026-06-03T17:39:20.186841,O00792,Completed,2026-06-03 14:15:40.421000+00:00,Card,orders_S005_20260603.json,S005,S005_O00792,2026-06-03,14,6,3,Wednesday,23,2,2026-2027,Off-Peak,Weekday,Lunch,2026-06-03T17:41:50.872Z
ST007,C0627,20260603,2026-06-03T17:39:20.186841,O00794,Completed,2026-06-03 13:50:01.421000+00:00,Cash,orders_S005_20260603.json,S005,S005_O00794,2026-06-03,13,6,3,Wednesday,23,2,2026-2027,Off-Peak,Weekday,Lunch,2026-06-03T17:41:50.872Z
ST004,C0288,20260603,2026-06-03T17:39:20.186841,O00799,Completed,2026-06-03 11:40:05.421000+00:00,UPI,orders_S005_20260603.json,S005,S005_O00799,2026-06-03,11,6,3,Wednesday,23,2,2026-2027,Off-Peak,Weekday,Breakfast,2026-06-03T17:41:50.872Z
ST010,C0242,20260603,2026-06-03T17:39:20.186841,O00801,Completed,2026-06-03 15:44:48.421000+00:00,Cash,orders_S005_20260603.json,S005,S005_O00801,2026-06-03,15,6,3,Wednesday,23,2,2026-2027,Off-Peak,Weekday,Snack,2026-06-03T17:41:50.872Z
ST002,C0422,20260603,2026-06-03T17:39:20.186841,O00803,Completed,2026-06-03 11:22:24.421000+00:00,Cash,orders_S005_20260603.json,S005,S005_O00803,2026-06-03,11,6,3,Wednesday,23,2,2026-2027,Off-Peak,Weekday,Breakfast,2026-06-03T17:41:50.872Z
ST008,C0227,20260603,2026-06-03T17:39:20.186841,O00804,Completed,2026-06-03 17:01:53.421000+00:00,UPI,orders_S005_20260603.json,S005,S005_O00804,2026-06-03,17,6,3,Wednesday,23,2,2026-2027,Off-Peak,Weekday,Dinner,2026-06-03T17:41:50.872Z
ST004,C0111,20260603,2026-06-03T17:39:20.186841,O00805,Completed,2026-06-03 15:32:45.421000+00:00,UPI,orders_S005_20260603.json,S005,S005_O00805,2026-06-03,15,6,3,Wednesday,23,2,2026-2027,Off-Peak,Weekday,Snack,2026-06-03T17:41:50.872Z
ST007,C0094,20260603,2026-06-03T17:39:20.186841,O00807,Completed,2026-06-03 15:17:55.421000+00:00,UPI,orders_S005_20260603.json,S005,S005_O00807,2026-06-03,15,6,3,Wednesday,23,2,2026-2027,Off-Peak,Weekday,Snack,2026-06-03T17:41:50.872Z
ST009,C0078,20260603,2026-06-03T17:39:20.186841,O00808,Completed,2026-06-03 14:05:42.421000+00:00,UPI,orders_S005_20260603.json,S005,S005_O00808,2026-06-03,14,6,3,Wednesday,23,2,2026-2027,Off-Peak,Weekday,Lunch,2026-06-03T17:41:50.872Z
ST006,C0176,20260603,2026-06-03T17:39:20.186841,O00817,Completed,2026-06-03 11:34:19.421000+00:00,Cash,orders_S005_20260603.json,S005,S005_O00817,2026-06-03,11,6,3,Wednesday,23,2,2026-2027,Off-Peak,Weekday,Breakfast,2026-06-03T17:41:50.872Z
ST014,C0103,20260603,2026-06-03T17:39:20.186841,O00819,Completed,2026-06-03 14:49:41.421000+00:00,UPI,orders_S005_20260603.json,S005,S005_O00819,2026-06-03,14,6,3,Wednesday,23,2,2026-2027,Off-Peak,Weekday,Lunch,2026-06-03T17:41:50.872Z
ST013,C0148,20260603,2026-06-03T17:39:20.186841,O00820,Completed,2026-06-03 13:03:09.421000+00:00,Cash,orders_S005_20260603.json,S005,S005_O00820,2026-06-03,13,6,3,Wednesday,23,2,2026-2027,Off-Peak,Weekday,Lunch,2026-06-03T17:41:50.872Z
ST007,C0207,20260603,2026-06-03T17:39:20.186841,O00821,Completed,2026-06-03 13:13:22.421000+00:00,UPI,orders_S005_20260603.json,S005,S005_O00821,2026-06-03,13,6,3,Wednesday,23,2,2026-2027,Off-Peak,Weekday,Lunch,2026-06-03T17:41:50.872Z
ST010,C0073,20260603,2026-06-03T17:39:20.186841,O00822,Completed,2026-06-03 15:37:16.421000+00:00,Cash,orders_S005_20260603.json,S005,S005_O00822,2026-06-03,15,6,3,Wednesday,23,2,2026-2027,Off-Peak,Weekday,Snack,2026-06-03T17:41:50.872Z
ST012,C0630,20260603,2026-06-03T17:39:20.186841,O00827,Completed,2026-06-03 17:40:27.421000+00:00,Card,orders_S005_20260603.json,S005,S005_O00827,2026-06-03,17,6,3,Wednesday,23,2,2026-2027,Off-Peak,Weekday,Dinner,2026-06-03T17:41:50.872Z
ST010,C0270,20260603,2026-06-03T17:39:20.186841,O00830,Completed,2026-06-03 13:33:50.421000+00:00,Card,orders_S005_20260603.json,S005,S005_O00830,2026-06-03,13,6,3,Wednesday,23,2,2026-2027,Off-Peak,Weekday,Lunch,2026-06-03T17:41:50.872Z
ST012,C0117,20260603,2026-06-03T17:39:20.186841,O00831,Completed,2026-06-03 16:00:16.421000+00:00,UPI,orders_S005_20260603.json,S005,S005_O00831,2026-06-03,16,6,3,Wednesday,23,2,2026-2027,Off-Peak,Weekday,Snack,2026-06-03T17:41:50.872Z
ST010,C0309,20260603,2026-06-03T17:39:20.186841,O00832,Completed,2026-06-03 14:27:45.421000+00:00,Card,orders_S005_20260603.json,S005,S005_O00832,2026-06-03,14,6,3,Wednesday,23,2,2026-2027,Off-Peak,Weekday,Lunch,2026-06-03T17:41:50.872Z
ST004,C0402,20260603,2026-06-03T17:39:20.186841,O00834,Completed,2026-06-03 13:03:35.421000+00:00,UPI,orders_S005_20260603.json,S005,S005_O00834,2026-06-03,13,6,3,Wednesday,23,2,2026-2027,Off-Peak,Weekday,Lunch,2026-06-03T17:41:50.872Z
ST015,C0376,20260603,2026-06-03T17:39:20.186841,O00839,Completed,2026-06-03 17:04:09.421000+00:00,Card,orders_S005_20260603.json,S005,S005_O00839,2026-06-03,17,6,3,Wednesday,23,2,2026-2027,Off-Peak,Weekday,Dinner,2026-06-03T17:41:50.872Z
ST012,C0077,20260603,2026-06-03T17:39:20.186841,O00843,Completed,2026-06-03 10:14:21.421000+00:00,Card,orders_S005_20260603.json,S005,S005_O00843,2026-06-03,10,6,3,Wednesday,23,2,2026-2027,Off-Peak,Weekday,Breakfast,2026-06-03T17:41:50.872Z
ST015,C0041,20260603,2026-06-03T17:39:20.186841,O00847,Completed,2026-06-03 13:29:46.421000+00:00,UPI,orders_S005_20260603.json,S005,S005_O00847,2026-06-03,13,6,3,Wednesday,23,2,2026-2027,Off-Peak,Weekday,Lunch,2026-06-03T17:41:50.872Z
ST009,C0383,20260603,2026-06-03T17:39:20.186841,O00849,Completed,2026-06-03 12:01:55.421000+00:00,UPI,orders_S005_20260603.json,S005,S005_O00849,2026-06-03,12,6,3,Wednesday,23,2,2026-2027,Off-Peak,Weekday,Lunch,2026-06-03T17:41:50.872Z
ST001,C0104,20260603,2026-06-03T17:39:20.186841,O00850,Completed,2026-06-03 15:54:21.421000+00:00,Card,orders_S005_20260603.json,S005,S005_O00850,2026-06-03,15,6,3,Wednesday,23,2,2026-2027,Off-Peak,Weekday,Snack,2026-06-03T17:41:50.872Z
ST003,C0160,20260603,2026-06-03T17:39:20.186841,O00851,Completed,2026-06-03 17:39:53.421000+00:00,Card,orders_S005_20260603.json,S005,S005_O00851,2026-06-03,17,6,3,Wednesday,23,2,2026-2027,Off-Peak,Weekday,Dinner,2026-06-03T17:41:50.872Z
ST014,C0163,20260603,2026-06-03T17:39:20.186841,O00852,Completed,2026-06-03 12:38:51.421000+00:00,Cash,orders_S005_20260603.json,S005,S005_O00852,2026-06-03,12,6,3,Wednesday,23,2,2026-2027,Off-Peak,Weekday,Lunch,2026-06-03T17:41:50.872Z
ST008,C0615,20260603,2026-06-03T17:39:20.186841,O00853,Completed,2026-06-03 13:08:46.421000+00:00,UPI,orders_S005_20260603.json,S005,S005_O00853,2026-06-03,13,6,3,Wednesday,23,2,2026-2027,Off-Peak,Weekday,Lunch,2026-06-03T17:41:50.872Z
ST001,C0068,20260603,2026-06-03T17:39:20.186841,O00860,Completed,2026-06-03 17:38:00.421000+00:00,Cash,orders_S005_20260603.json,S005,S005_O00860,2026-06-03,17,6,3,Wednesday,23,2,2026-2027,Off-Peak,Weekday,Dinner,2026-06-03T17:41:50.872Z
ST009,C0024,20260603,2026-06-03T17:39:20.186841,O00864,Completed,2026-06-03 13:51:38.421000+00:00,Cash,orders_S005_20260603.json,S005,S005_O00864,2026-06-03,13,6,3,Wednesday,23,2,2026-2027,Off-Peak,Weekday,Lunch,2026-06-03T17:41:50.872Z
ST006,C0597,20260603,2026-06-03T17:39:20.186841,O00866,Completed,2026-06-03 13:04:43.421000+00:00,UPI,orders_S005_20260603.json,S005,S005_O00866,2026-06-03,13,6,3,Wednesday,23,2,2026-2027,Off-Peak,Weekday,Lunch,2026-06-03T17:41:50.872Z
ST007,C0127,20260603,2026-06-03T17:39:20.186841,O00869,Completed,2026-06-03 16:18:45.421000+00:00,UPI,orders_S005_20260603.json,S005,S005_O00869,2026-06-03,16,6,3,Wednesday,23,2,2026-2027,Off-Peak,Weekday,Snack,2026-06-03T17:41:50.872Z
ST015,C0289,20260603,2026-06-03T17:39:20.186841,O00873,Completed,2026-06-03 13:42:25.421000+00:00,Cash,orders_S005_20260603.json,S005,S005_O00873,2026-06-03,13,6,3,Wednesday,23,2,2026-2027,Off-Peak,Weekday,Lunch,2026-06-03T17:41:50.872Z
ST008,C0090,20260603,2026-06-03T17:39:20.186841,O00876,Completed,2026-06-03 13:46:02.421000+00:00,Cash,orders_S005_20260603.json,S005,S005_O00876,2026-06-03,13,6,3,Wednesday,23,2,2026-2027,Off-Peak,Weekday,Lunch,2026-06-03T17:41:50.872Z
ST015,C0371,20260603,2026-06-03T17:39:20.186841,O00877,Completed,2026-06-03 13:48:33.421000+00:00,UPI,orders_S005_20260603.json,S005,S005_O00877,2026-06-03,13,6,3,Wednesday,23,2,2026-2027,Off-Peak,Weekday,Lunch,2026-06-03T17:41:50.872Z
ST008,C0391,20260603,2026-06-03T17:39:20.186841,O00878,Completed,2026-06-03 13:07:11.421000+00:00,UPI,orders_S005_20260603.json,S005,S005_O00878,2026-06-03,13,6,3,Wednesday,23,2,2026-2027,Off-Peak,Weekday,Lunch,2026-06-03T17:41:50.872Z
ST005,C0012,20260603,2026-06-03T17:39:20.186841,O00879,Completed,2026-06-03 16:44:10.421000+00:00,Card,orders_S005_20260603.json,S005,S005_O00879,2026-06-03,16,6,3,Wednesday,23,2,2026-2027,Off-Peak,Weekday,Snack,2026-06-03T17:41:50.872Z
ST001,C0072,20260603,2026-06-03T17:39:20.186841,O00881,Completed,2026-06-03 13:01:15.421000+00:00,UPI,orders_S005_20260603.json,S005,S005_O00881,2026-06-03,13,6,3,Wednesday,23,2,2026-2027,Off-Peak,Weekday,Lunch,2026-06-03T17:41:50.872Z
ST007,C0037,20260603,2026-06-03T17:39:20.186841,O00888,Completed,2026-06-03 14:37:19.421000+00:00,Card,orders_S005_20260603.json,S005,S005_O00888,2026-06-03,14,6,3,Wednesday,23,2,2026-2027,Off-Peak,Weekday,Lunch,2026-06-03T17:41:50.872Z
ST003,C0196,20260603,2026-06-03T17:39:20.186841,O00889,Completed,2026-06-03 14:01:49.421000+00:00,UPI,orders_S005_20260603.json,S005,S005_O00889,2026-06-03,14,6,3,Wednesday,23,2,2026-2027,Off-Peak,Weekday,Lunch,2026-06-03T17:41:50.872Z
ST007,C0339,20260603,2026-06-03T17:39:20.186841,O00890,Completed,2026-06-03 12:52:25.421000+00:00,UPI,orders_S005_20260603.json,S005,S005_O00890,2026-06-03,12,6,3,Wednesday,23,2,2026-2027,Off-Peak,Weekday,Lunch,2026-06-03T17:41:50.872Z
ST010,C0137,20260603,2026-06-03T17:39:02.237833,O00002,Completed,2026-06-03 13:33:35.484000+00:00,UPI,orders_S004_20260603.json,S004,S004_O00002,2026-06-03,13,6,3,Wednesday,23,2,2026-2027,Off-Peak,Weekday,Lunch,2026-06-03T17:41:50.872Z
ST012,C0328,20260603,2026-06-03T17:39:02.237833,O00004,Completed,2026-06-03 17:20:22.484000+00:00,Card,orders_S004_20260603.json,S004,S004_O00004,2026-06-03,17,6,3,Wednesday,23,2,2026-2027,Off-Peak,Weekday,Dinner,2026-06-03T17:41:50.872Z
ST008,C0067,20260603,2026-06-03T17:39:02.237833,O00012,Completed,2026-06-03 15:46:16.484000+00:00,Cash,orders_S004_20260603.json,S004,S004_O00012,2026-06-03,15,6,3,Wednesday,23,2,2026-2027,Off-Peak,Weekday,Snack,2026-06-03T17:41:50.872Z
ST001,C0198,20260603,2026-06-03T17:39:02.237833,O00014,Completed,2026-06-03 14:18:20.484000+00:00,Cash,orders_S004_20260603.json,S004,S004_O00014,2026-06-03,14,6,3,Wednesday,23,2,2026-2027,Off-Peak,Weekday,Lunch,2026-06-03T17:41:50.872Z
ST004,C0004,20260603,2026-06-03T17:39:02.237833,O00016,Completed,2026-06-03 12:00:44.484000+00:00,UPI,orders_S004_20260603.json,S004,S004_O00016,2026-06-03,12,6,3,Wednesday,23,2,2026-2027,Off-Peak,Weekday,Lunch,2026-06-03T17:41:50.872Z
ST015,C0068,20260603,2026-06-03T17:39:02.237833,O00018,Completed,2026-06-03 12:35:06.484000+00:00,UPI,orders_S004_20260603.json,S004,S004_O00018,2026-06-03,12,6,3,Wednesday,23,2,2026-2027,Off-Peak,Weekday,Lunch,2026-06-03T17:41:50.872Z
ST003,C0068,20260603,2026-06-03T17:39:02.237833,O00020,Completed,2026-06-03 14:10:56.484000+00:00,Card,orders_S004_20260603.json,S004,S004_O00020,2026-06-03,14,6,3,Wednesday,23,2,2026-2027,Off-Peak,Weekday,Lunch,2026-06-03T17:41:50.872Z
ST013,C0134,20260603,2026-06-03T17:39:02.237833,O00026,Completed,2026-06-03 13:15:41.484000+00:00,Card,orders_S004_20260603.json,S004,S004_O00026,2026-06-03,13,6,3,Wednesday,23,2,2026-2027,Off-Peak,Weekday,Lunch,2026-06-03T17:41:50.872Z
ST006,C0063,20260603,2026-06-03T17:39:02.237833,O00029,Completed,2026-06-03 15:57:14.484000+00:00,UPI,orders_S004_20260603.json,S004,S004_O00029,2026-06-03,15,6,3,Wednesday,23,2,2026-2027,Off-Peak,Weekday,Snack,2026-06-03T17:41:50.872Z
ST005,C0016,20260603,2026-06-03T17:39:02.237833,O00030,Completed,2026-06-03 12:40:46.484000+00:00,Card,orders_S004_20260603.json,S004,S004_O00030,2026-06-03,12,6,3,Wednesday,23,2,2026-2027,Off-Peak,Weekday,Lunch,2026-06-03T17:41:50.872Z
ST003,C0003,20260603,2026-06-03T17:39:02.237833,O00033,Completed,2026-06-03 14:13:00.484000+00:00,UPI,orders_S004_20260603.json,S004,S004_O00033,2026-06-03,14,6,3,Wednesday,23,2,2026-2027,Off-Peak,Weekday,Lunch,2026-06-03T17:41:50.872Z
ST003,C0001,20260603,2026-06-03T17:39:02.237833,O00035,Completed,2026-06-03 13:51:25.484000+00:00,Cash,orders_S004_20260603.json,S004,S004_O00035,2026-06-03,13,6,3,Wednesday,23,2,2026-2027,Off-Peak,Weekday,Lunch,2026-06-03T17:41:50.872Z
ST015,C0188,20260603,2026-06-03T17:39:02.237833,O00036,Completed,2026-06-03 11:23:47.484000+00:00,Cash,orders_S004_20260603.json,S004,S004_O00036,2026-06-03,11,6,3,Wednesday,23,2,2026-2027,Off-Peak,Weekday,Breakfast,2026-06-03T17:41:50.872Z
ST014,C0081,20260603,2026-06-03T17:39:02.237833,O00037,Completed,2026-06-03 14:31:23.484000+00:00,Cash,orders_S004_20260603.json,S004,S004_O00037,2026-06-03,14,6,3,Wednesday,23,2,2026-2027,Off-Peak,Weekday,Lunch,2026-06-03T17:41:50.872Z
ST003,C0059,20260603,2026-06-03T17:39:02.237833,O00038,Completed,2026-06-03 13:30:39.484000+00:00,Card,orders_S004_20260603.json,S004,S004_O00038,2026-06-03,13,6,3,Wednesday,23,2,2026-2027,Off-Peak,Weekday,Lunch,2026-06-03T17:41:50.872Z
ST009,C0074,20260603,2026-06-03T17:39:02.237833,O00043,Completed,2026-06-03 13:43:46.484000+00:00,Cash,orders_S004_20260603.json,S004,S004_O00043,2026-06-03,13,6,3,Wednesday,23,2,2026-2027,Off-Peak,Weekday,Lunch,2026-06-03T17:41:50.872Z
ST005,C0222,20260603,2026-06-03T17:39:02.237833,O00048,Completed,2026-06-03 13:04:16.484000+00:00,UPI,orders_S004_20260603.json,S004,S004_O00048,2026-06-03,13,6,3,Wednesday,23,2,2026-2027,Off-Peak,Weekday,Lunch,2026-06-03T17:41:50.872Z
ST004,C0351,20260603,2026-06-03T17:39:02.237833,O00053,Completed,2026-06-03 14:00:24.484000+00:00,UPI,orders_S004_20260603.json,S004,S004_O00053,2026-06-03,14,6,3,Wednesday,23,2,2026-2027,Off-Peak,Weekday,Lunch,2026-06-03T17:41:50.872Z
ST005,C0045,20260603,2026-06-03T17:39:02.237833,O00057,Completed,2026-06-03 13:18:51.484000+00:00,Cash,orders_S004_20260603.json,S004,S004_O00057,2026-06-03,13,6,3,Wednesday,23,2,2026-2027,Off-Peak,Weekday,Lunch,2026-06-03T17:41:50.872Z
ST006,C0215,20260603,2026-06-03T17:39:02.237833,O00065,Completed,2026-06-03 17:35:05.484000+00:00,UPI,orders_S004_20260603.json,S004,S004_O00065,2026-06-03,17,6,3,Wednesday,23,2,2026-2027,Off-Peak,Weekday,Dinner,2026-06-03T17:41:50.872Z
ST011,C0197,20260603,2026-06-03T17:39:02.237833,O00073,Completed,2026-06-03 13:50:56.484000+00:00,Cash,orders_S004_20260603.json,S004,S004_O00073,2026-06-03,13,6,3,Wednesday,23,2,2026-2027,Off-Peak,Weekday,Lunch,2026-06-03T17:41:50.872Z
ST013,C0011,20260603,2026-06-03T17:39:02.237833,O00080,Completed,2026-06-03 14:06:17.484000+00:00,UPI,orders_S004_20260603.json,S004,S004_O00080,2026-06-03,14,6,3,Wednesday,23,2,2026-2027,Off-Peak,Weekday,Lunch,2026-06-03T17:41:50.872Z
ST010,C0032,20260603,2026-06-03T17:39:02.237833,O00081,Completed,2026-06-03 11:27:19.484000+00:00,UPI,orders_S004_20260603.json,S004,S004_O00081,2026-06-03,11,6,3,Wednesday,23,2,2026-2027,Off-Peak,Weekday,Breakfast,2026-06-03T17:41:50.872Z
ST015,C0007,20260603,2026-06-03T17:39:02.237833,O00084,Completed,2026-06-03 14:30:47.484000+00:00,Cash,orders_S004_20260603.json,S004,S004_O00084,2026-06-03,14,6,3,Wednesday,23,2,2026-2027,Off-Peak,Weekday,Lunch,2026-06-03T17:41:50.872Z
ST008,C0031,20260603,2026-06-03T17:39:02.237833,O00085,Completed,2026-06-03 12:15:48.484000+00:00,Cash,orders_S004_20260603.json,S004,S004_O00085,2026-06-03,12,6,3,Wednesday,23,2,2026-2027,Off-Peak,Weekday,Lunch,2026-06-03T17:41:50.872Z
ST010,C0386,20260603,2026-06-03T17:39:02.237833,O00088,Completed,2026-06-03 14:37:12.484000+00:00,UPI,orders_S004_20260603.json,S004,S004_O00088,2026-06-03,14,6,3,Wednesday,23,2,2026-2027,Off-Peak,Weekday,Lunch,2026-06-03T17:41:50.872Z
ST001,C0042,20260603,2026-06-03T17:39:02.237833,O00091,Completed,2026-06-03 12:29:32.484000+00:00,Card,orders_S004_20260603.json,S004,S004_O00091,2026-06-03,12,6,3,Wednesday,23,2,2026-2027,Off-Peak,Weekday,Lunch,2026-06-03T17:41:50.872Z
ST006,C0290,20260603,2026-06-03T17:39:02.237833,O00094,Completed,2026-06-03 13:15:00.484000+00:00,Cash,orders_S004_20260603.json,S004,S004_O00094,2026-06-03,13,6,3,Wednesday,23,2,2026-2027,Off-Peak,Weekday,Lunch,2026-06-03T17:41:50.872Z
ST008,C0059,20260603,2026-06-03T17:39:02.237833,O00096,Completed,2026-06-03 16:50:04.484000+00:00,UPI,orders_S004_20260603.json,S004,S004_O00096,2026-06-03,16,6,3,Wednesday,23,2,2026-2027,Off-Peak,Weekday,Snack,2026-06-03T17:41:50.872Z
ST014,C0221,20260603,2026-06-03T17:39:02.237833,O00100,Completed,2026-06-03 14:14:08.484000+00:00,Card,orders_S004_20260603.json,S004,S004_O00100,2026-06-03,14,6,3,Wednesday,23,2,2026-2027,Off-Peak,Weekday,Lunch,2026-06-03T17:41:50.872Z
ST010,C0369,20260603,2026-06-03T17:39:02.237833,O00102,Completed,2026-06-03 13:11:14.484000+00:00,Cash,orders_S004_20260603.json,S004,S004_O00102,2026-06-03,13,6,3,Wednesday,23,2,2026-2027,Off-Peak,Weekday,Lunch,2026-06-03T17:41:50.872Z
ST006,C0073,20260603,2026-06-03T17:39:02.237833,O00110,Completed,2026-06-03 15:30:57.484000+00:00,UPI,orders_S004_20260603.json,S004,S004_O00110,2026-06-03,15,6,3,Wednesday,23,2,2026-2027,Off-Peak,Weekday,Snack,2026-06-03T17:41:50.872Z
ST004,C0006,20260603,2026-06-03T17:39:02.237833,O00111,Completed,2026-06-03 11:57:04.484000+00:00,UPI,orders_S004_20260603.json,S004,S004_O00111,2026-06-03,11,6,3,Wednesday,23,2,2026-2027,Off-Peak,Weekday,Breakfast,2026-06-03T17:41:50.872Z
ST008,C0204,20260603,2026-06-03T17:39:02.237833,O00115,Completed,2026-06-03 14:50:06.484000+00:00,UPI,orders_S004_20260603.json,S004,S004_O00115,2026-06-03,14,6,3,Wednesday,23,2,2026-2027,Off-Peak,Weekday,Lunch,2026-06-03T17:41:50.872Z
ST010,C0128,20260603,2026-06-03T17:39:02.237833,O00118,Completed,2026-06-03 13:27:53.484000+00:00,UPI,orders_S004_20260603.json,S004,S004_O00118,2026-06-03,13,6,3,Wednesday,23,2,2026-2027,Off-Peak,Weekday,Lunch,2026-06-03T17:41:50.872Z
ST001,C0064,20260603,2026-06-03T17:39:02.237833,O00119,Completed,2026-06-03 13:43:50.484000+00:00,UPI,orders_S004_20260603.json,S004,S004_O00119,2026-06-03,13,6,3,Wednesday,23,2,2026-2027,Off-Peak,Weekday,Lunch,2026-06-03T17:41:50.872Z
ST012,C0084,20260603,2026-06-03T17:39:02.237833,O00121,Completed,2026-06-03 17:17:52.484000+00:00,Card,orders_S004_20260603.json,S004,S004_O00121,2026-06-03,17,6,3,Wednesday,23,2,2026-2027,Off-Peak,Weekday,Dinner,2026-06-03T17:41:50.872Z
ST011,C0131,20260603,2026-06-03T17:39:02.237833,O00126,Completed,2026-06-03 11:44:22.484000+00:00,UPI,orders_S004_20260603.json,S004,S004_O00126,2026-06-03,11,6,3,Wednesday,23,2,2026-2027,Off-Peak,Weekday,Breakfast,2026-06-03T17:41:50.872Z
ST013,C0368,20260603,2026-06-03T17:39:02.237833,O00128,Completed,2026-06-03 11:13:07.484000+00:00,UPI,orders_S004_20260603.json,S004,S004_O00128,2026-06-03,11,6,3,Wednesday,23,2,2026-2027,Off-Peak,Weekday,Breakfast,2026-06-03T17:41:50.872Z
ST005,C0272,20260603,2026-06-03T17:39:02.237833,O00131,Completed,2026-06-03 14:17:31.484000+00:00,Card,orders_S004_20260603.json,S004,S004_O00131,2026-06-03,14,6,3,Wednesday,23,2,2026-2027,Off-Peak,Weekday,Lunch,2026-06-03T17:41:50.872Z
ST011,C0152,20260603,2026-06-03T17:39:02.237833,O00139,Completed,2026-06-03 12:49:11.484000+00:00,Card,orders_S004_20260603.json,S004,S004_O00139,2026-06-03,12,6,3,Wednesday,23,2,2026-2027,Off-Peak,Weekday,Lunch,2026-06-03T17:41:50.872Z
ST007,C0107,20260603,2026-06-03T17:39:02.237833,O00140,Completed,2026-06-03 12:02:19.484000+00:00,UPI,orders_S004_20260603.json,S004,S004_O00140,2026-06-03,12,6,3,Wednesday,23,2,2026-2027,Off-Peak,Weekday,Lunch,2026-06-03T17:41:50.872Z
ST011,C0303,20260603,2026-06-03T17:39:02.237833,O00145,Completed,2026-06-03 17:34:36.484000+00:00,Card,orders_S004_20260603.json,S004,S004_O00145,2026-06-03,17,6,3,Wednesday,23,2,2026-2027,Off-Peak,Weekday,Dinner,2026-06-03T17:41:50.872Z
ST015,C0047,20260603,2026-06-03T17:39:02.237833,O00147,Completed,2026-06-03 13:06:03.484000+00:00,Card,orders_S004_20260603.json,S004,S004_O00147,2026-06-03,13,6,3,Wednesday,23,2,2026-2027,Off-Peak,Weekday,Lunch,2026-06-03T17:41:50.872Z
ST014,C0018,20260603,2026-06-03T17:39:02.237833,O00150,Completed,2026-06-03 13:11:23.484000+00:00,Cash,orders_S004_20260603.json,S004,S004_O00150,2026-06-03,13,6,3,Wednesday,23,2,2026-2027,Off-Peak,Weekday,Lunch,2026-06-03T17:41:50.872Z
ST004,C0360,20260603,2026-06-03T17:39:02.237833,O00151,Completed,2026-06-03 16:09:22.484000+00:00,UPI,orders_S004_20260603.json,S004,S004_O00151,2026-06-03,16,6,3,Wednesday,23,2,2026-2027,Off-Peak,Weekday,Snack,2026-06-03T17:41:50.872Z
ST010,C0011,20260603,2026-06-03T17:39:02.237833,O00152,Completed,2026-06-03 11:38:53.484000+00:00,Cash,orders_S004_20260603.json,S004,S004_O00152,2026-06-03,11,6,3,Wednesday,23,2,2026-2027,Off-Peak,Weekday,Breakfast,2026-06-03T17:41:50.872Z
ST001,C0258,20260603,2026-06-03T17:39:02.237833,O00158,Completed,2026-06-03 12:55:05.484000+00:00,UPI,orders_S004_20260603.json,S004,S004_O00158,2026-06-03,12,6,3,Wednesday,23,2,2026-2027,Off-Peak,Weekday,Lunch,2026-06-03T17:41:50.872Z
ST013,C0310,20260603,2026-06-03T17:39:02.237833,O00160,Completed,2026-06-03 12:23:06.484000+00:00,UPI,orders_S004_20260603.json,S004,S004_O00160,2026-06-03,12,6,3,Wednesday,23,2,2026-2027,Off-Peak,Weekday,Lunch,2026-06-03T17:41:50.872Z
ST009,C0049,20260603,2026-06-03T17:39:02.237833,O00163,Completed,2026-06-03 17:06:02.484000+00:00,UPI,orders_S004_20260603.json,S004,S004_O00163,2026-06-03,17,6,3,Wednesday,23,2,2026-2027,Off-Peak,Weekday,Dinner,2026-06-03T17:41:50.872Z
ST006,C0106,20260603,2026-06-03T17:39:02.237833,O00164,Completed,2026-06-03 11:51:46.484000+00:00,Cash,orders_S004_20260603.json,S004,S004_O00164,2026-06-03,11,6,3,Wednesday,23,2,2026-2027,Off-Peak,Weekday,Breakfast,2026-06-03T17:41:50.872Z
ST005,C0029,20260603,2026-06-03T17:39:02.237833,O00167,Completed,2026-06-03 16:30:08.484000+00:00,UPI,orders_S004_20260603.json,S004,S004_O00167,2026-06-03,16,6,3,Wednesday,23,2,2026-2027,Off-Peak,Weekday,Snack,2026-06-03T17:41:50.872Z
ST009,C0017,20260603,2026-06-03T17:39:02.237833,O00172,Completed,2026-06-03 14:19:41.484000+00:00,UPI,orders_S004_20260603.json,S004,S004_O00172,2026-06-03,14,6,3,Wednesday,23,2,2026-2027,Off-Peak,Weekday,Lunch,2026-06-03T17:41:50.872Z
ST011,C0155,20260603,2026-06-03T17:39:02.237833,O00173,Completed,2026-06-03 14:04:13.484000+00:00,Card,orders_S004_20260603.json,S004,S004_O00173,2026-06-03,14,6,3,Wednesday,23,2,2026-2027,Off-Peak,Weekday,Lunch,2026-06-03T17:41:50.872Z
ST015,C0243,20260603,2026-06-03T17:39:02.237833,O00174,Completed,2026-06-03 13:19:42.484000+00:00,UPI,orders_S004_20260603.json,S004,S004_O00174,2026-06-03,13,6,3,Wednesday,23,2,2026-2027,Off-Peak,Weekday,Lunch,2026-06-03T17:41:50.872Z
ST015,C0417,20260603,2026-06-03T17:39:02.237833,O00176,Completed,2026-06-03 11:57:53.484000+00:00,UPI,orders_S004_20260603.json,S004,S004_O00176,2026-06-03,11,6,3,Wednesday,23,2,2026-2027,Off-Peak,Weekday,Breakfast,2026-06-03T17:41:50.872Z
ST009,C0111,20260603,2026-06-03T17:39:02.237833,O00177,Completed,2026-06-03 15:44:52.484000+00:00,Cash,orders_S004_20260603.json,S004,S004_O00177,2026-06-03,15,6,3,Wednesday,23,2,2026-2027,Off-Peak,Weekday,Snack,2026-06-03T17:41:50.872Z
ST001,C0412,20260603,2026-06-03T17:39:02.237833,O00179,Completed,2026-06-03 13:56:12.484000+00:00,UPI,orders_S004_20260603.json,S004,S004_O00179,2026-06-03,13,6,3,Wednesday,23,2,2026-2027,Off-Peak,Weekday,Lunch,2026-06-03T17:41:50.872Z
ST015,C0201,20260603,2026-06-03T17:39:02.237833,O00180,Completed,2026-06-03 17:32:36.484000+00:00,Card,orders_S004_20260603.json,S004,S004_O00180,2026-06-03,17,6,3,Wednesday,23,2,2026-2027,Off-Peak,Weekday,Dinner,2026-06-03T17:41:50.872Z
ST005,C0270,20260603,2026-06-03T17:39:02.237833,O00184,Completed,2026-06-03 14:28:42.484000+00:00,UPI,orders_S004_20260603.json,S004,S004_O00184,2026-06-03,14,6,3,Wednesday,23,2,2026-2027,Off-Peak,Weekday,Lunch,2026-06-03T17:41:50.872Z
ST013,C0062,20260603,2026-06-03T17:39:02.237833,O00186,Completed,2026-06-03 16:13:58.484000+00:00,UPI,orders_S004_20260603.json,S004,S004_O00186,2026-06-03,16,6,3,Wednesday,23,2,2026-2027,Off-Peak,Weekday,Snack,2026-06-03T17:41:50.872Z
ST001,C0314,20260603,2026-06-03T17:39:02.237833,O00191,Completed,2026-06-03 13:48:03.484000+00:00,UPI,orders_S004_20260603.json,S004,S004_O00191,2026-06-03,13,6,3,Wednesday,23,2,2026-2027,Off-Peak,Weekday,Lunch,2026-06-03T17:41:50.872Z
ST008,C0013,20260603,2026-06-03T17:39:02.237833,O00195,Completed,2026-06-03 13:23:27.484000+00:00,UPI,orders_S004_20260603.json,S004,S004_O00195,2026-06-03,13,6,3,Wednesday,23,2,2026-2027,Off-Peak,Weekday,Lunch,2026-06-03T17:41:50.872Z
ST008,C0297,20260603,2026-06-03T17:39:02.237833,O00196,Completed,2026-06-03 13:16:31.484000+00:00,Cash,orders_S004_20260603.json,S004,S004_O00196,2026-06-03,13,6,3,Wednesday,23,2,2026-2027,Off-Peak,Weekday,Lunch,2026-06-03T17:41:50.872Z
ST003,C0040,20260603,2026-06-03T17:39:02.237833,O00197,Completed,2026-06-03 10:30:37.484000+00:00,UPI,orders_S004_20260603.json,S004,S004_O00197,2026-06-03,10,6,3,Wednesday,23,2,2026-2027,Off-Peak,Weekday,Breakfast,2026-06-03T17:41:50.872Z
ST014,C0146,20260603,2026-06-03T17:39:02.237833,O00198,Completed,2026-06-03 15:04:23.484000+00:00,Cash,orders_S004_20260603.json,S004,S004_O00198,2026-06-03,15,6,3,Wednesday,23,2,2026-2027,Off-Peak,Weekday,Snack,2026-06-03T17:41:50.872Z
ST015,C0061,20260603,2026-06-03T17:39:02.237833,O00200,Completed,2026-06-03 17:00:59.484000+00:00,UPI,orders_S004_20260603.json,S004,S004_O00200,2026-06-03,17,6,3,Wednesday,23,2,2026-2027,Off-Peak,Weekday,Dinner,2026-06-03T17:41:50.872Z
ST015,C0001,20260603,2026-06-03T17:39:02.237833,O00203,Completed,2026-06-03 17:41:10.484000+00:00,UPI,orders_S004_20260603.json,S004,S004_O00203,2026-06-03,17,6,3,Wednesday,23,2,2026-2027,Off-Peak,Weekday,Dinner,2026-06-03T17:41:50.872Z
ST006,C0359,20260603,2026-06-03T17:39:02.237833,O00206,Completed,2026-06-03 13:07:13.484000+00:00,UPI,orders_S004_20260603.json,S004,S004_O00206,2026-06-03,13,6,3,Wednesday,23,2,2026-2027,Off-Peak,Weekday,Lunch,2026-06-03T17:41:50.872Z
ST012,C0273,20260603,2026-06-03T17:39:02.237833,O00208,Completed,2026-06-03 16:52:11.484000+00:00,Cash,orders_S004_20260603.json,S004,S004_O00208,2026-06-03,16,6,3,Wednesday,23,2,2026-2027,Off-Peak,Weekday,Snack,2026-06-03T17:41:50.872Z
ST010,C0143,20260603,2026-06-03T17:39:02.237833,O00209,Completed,2026-06-03 14:01:23.484000+00:00,UPI,orders_S004_20260603.json,S004,S004_O00209,2026-06-03,14,6,3,Wednesday,23,2,2026-2027,Off-Peak,Weekday,Lunch,2026-06-03T17:41:50.872Z
ST012,C0041,20260603,2026-06-03T17:39:02.237833,O00211,Completed,2026-06-03 13:26:16.484000+00:00,UPI,orders_S004_20260603.json,S004,S004_O00211,2026-06-03,13,6,3,Wednesday,23,2,2026-2027,Off-Peak,Weekday,Lunch,2026-06-03T17:41:50.872Z
ST010,C0257,20260603,2026-06-03T17:39:02.237833,O00215,Completed,2026-06-03 12:34:38.484000+00:00,UPI,orders_S004_20260603.json,S004,S004_O00215,2026-06-03,12,6,3,Wednesday,23,2,2026-2027,Off-Peak,Weekday,Lunch,2026-06-03T17:41:50.872Z
ST009,C0293,20260603,2026-06-03T17:39:02.237833,O00217,Completed,2026-06-03 16:04:40.484000+00:00,Cash,orders_S004_20260603.json,S004,S004_O00217,2026-06-03,16,6,3,Wednesday,23,2,2026-2027,Off-Peak,Weekday,Snack,2026-06-03T17:41:50.872Z
ST004,C0016,20260603,2026-06-03T17:39:02.237833,O00223,Completed,2026-06-03 17:01:48.484000+00:00,Card,orders_S004_20260603.json,S004,S004_O00223,2026-06-03,17,6,3,Wednesday,23,2,2026-2027,Off-Peak,Weekday,Dinner,2026-06-03T17:41:50.872Z
ST010,C0020,20260603,2026-06-03T17:39:02.237833,O00224,Completed,2026-06-03 13:04:04.484000+00:00,UPI,orders_S004_20260603.json,S004,S004_O00224,2026-06-03,13,6,3,Wednesday,23,2,2026-2027,Off-Peak,Weekday,Lunch,2026-06-03T17:41:50.872Z
ST008,C0241,20260603,2026-06-03T17:39:02.237833,O00230,Completed,2026-06-03 14:13:31.484000+00:00,Cash,orders_S004_20260603.json,S004,S004_O00230,2026-06-03,14,6,3,Wednesday,23,2,2026-2027,Off-Peak,Weekday,Lunch,2026-06-03T17:41:50.872Z
ST007,C0022,20260603,2026-06-03T17:39:02.237833,O00232,Completed,2026-06-03 17:37:26.484000+00:00,Cash,orders_S004_20260603.json,S004,S004_O00232,2026-06-03,17,6,3,Wednesday,23,2,2026-2027,Off-Peak,Weekday,Dinner,2026-06-03T17:41:50.872Z
ST005,C0330,20260603,2026-06-03T17:39:02.237833,O00235,Completed,2026-06-03 13:35:11.484000+00:00,UPI,orders_S004_20260603.json,S004,S004_O00235,2026-06-03,13,6,3,Wednesday,23,2,2026-2027,Off-Peak,Weekday,Lunch,2026-06-03T17:41:50.872Z
ST007,C0047,20260603,2026-06-03T17:39:02.237833,O00240,Completed,2026-06-03 16:37:37.484000+00:00,Cash,orders_S004_20260603.json,S004,S004_O00240,2026-06-03,16,6,3,Wednesday,23,2,2026-2027,Off-Peak,Weekday,Snack,2026-06-03T17:41:50.872Z
ST009,C0090,20260603,2026-06-03T17:39:02.237833,O00243,Completed,2026-06-03 12:43:08.484000+00:00,UPI,orders_S004_20260603.json,S004,S004_O00243,2026-06-03,12,6,3,Wednesday,23,2,2026-2027,Off-Peak,Weekday,Lunch,2026-06-03T17:41:50.872Z
ST013,C0326,20260603,2026-06-03T17:39:02.237833,O00244,Completed,2026-06-03 13:19:59.484000+00:00,UPI,orders_S004_20260603.json,S004,S004_O00244,2026-06-03,13,6,3,Wednesday,23,2,2026-2027,Off-Peak,Weekday,Lunch,2026-06-03T17:41:50.872Z
ST002,C0301,20260603,2026-06-03T17:39:02.237833,O00249,Completed,2026-06-03 13:10:52.484000+00:00,UPI,orders_S004_20260603.json,S004,S004_O00249,2026-06-03,13,6,3,Wednesday,23,2,2026-2027,Off-Peak,Weekday,Lunch,2026-06-03T17:41:50.872Z
ST002,C0217,20260603,2026-06-03T17:39:02.237833,O00252,Completed,2026-06-03 16:15:53.484000+00:00,Cash,orders_S004_20260603.json,S004,S004_O00252,2026-06-03,16,6,3,Wednesday,23,2,2026-2027,Off-Peak,Weekday,Snack,2026-06-03T17:41:50.872Z
ST013,C0413,20260603,2026-06-03T17:39:02.237833,O00255,Completed,2026-06-03 12:29:37.484000+00:00,Card,orders_S004_20260603.json,S004,S004_O00255,2026-06-03,12,6,3,Wednesday,23,2,2026-2027,Off-Peak,Weekday,Lunch,2026-06-03T17:41:50.872Z
ST010,C0002,20260603,2026-06-03T17:39:02.237833,O00257,Completed,2026-06-03 13:25:17.484000+00:00,Cash,orders_S004_20260603.json,S004,S004_O00257,2026-06-03,13,6,3,Wednesday,23,2,2026-2027,Off-Peak,Weekday,Lunch,2026-06-03T17:41:50.872Z
ST002,C0216,20260603,2026-06-03T17:39:02.237833,O00264,Completed,2026-06-03 17:03:12.484000+00:00,UPI,orders_S004_20260603.json,S004,S004_O00264,2026-06-03,17,6,3,Wednesday,23,2,2026-2027,Off-Peak,Weekday,Dinner,2026-06-03T17:41:50.872Z
ST003,C0074,20260603,2026-06-03T17:39:02.237833,O00270,Completed,2026-06-03 12:15:52.484000+00:00,Cash,orders_S004_20260603.json,S004,S004_O00270,2026-06-03,12,6,3,Wednesday,23,2,2026-2027,Off-Peak,Weekday,Lunch,2026-06-03T17:41:50.872Z
ST002,C0069,20260603,2026-06-03T17:39:02.237833,O00273,Completed,2026-06-03 12:46:36.484000+00:00,UPI,orders_S004_20260603.json,S004,S004_O00273,2026-06-03,12,6,3,Wednesday,23,2,2026-2027,Off-Peak,Weekday,Lunch,2026-06-03T17:41:50.872Z
ST005,C0373,20260603,2026-06-03T17:39:02.237833,O00279,Completed,2026-06-03 12:01:48.484000+00:00,UPI,orders_S004_20260603.json,S004,S004_O00279,2026-06-03,12,6,3,Wednesday,23,2,2026-2027,Off-Peak,Weekday,Lunch,2026-06-03T17:41:50.872Z
ST009,C0045,20260603,2026-06-03T17:39:02.237833,O00289,Completed,2026-06-03 11:51:45.484000+00:00,UPI,orders_S004_20260603.json,S004,S004_O00289,2026-06-03,11,6,3,Wednesday,23,2,2026-2027,Off-Peak,Weekday,Breakfast,2026-06-03T17:41:50.872Z
ST014,C0053,20260603,2026-06-03T17:39:02.237833,O00293,Completed,2026-06-03 11:17:16.484000+00:00,Cash,orders_S004_20260603.json,S004,S004_O00293,2026-06-03,11,6,3,Wednesday,23,2,2026-2027,Off-Peak,Weekday,Breakfast,2026-06-03T17:41:50.872Z
ST014,C0048,20260603,2026-06-03T17:39:02.237833,O00294,Completed,2026-06-03 14:21:40.484000+00:00,UPI,orders_S004_20260603.json,S004,S004_O00294,2026-06-03,14,6,3,Wednesday,23,2,2026-2027,Off-Peak,Weekday,Lunch,2026-06-03T17:41:50.872Z
ST004,C0042,20260603,2026-06-03T17:39:02.237833,O00295,Completed,2026-06-03 14:57:11.484000+00:00,Card,orders_S004_20260603.json,S004,S004_O00295,2026-06-03,14,6,3,Wednesday,23,2,2026-2027,Off-Peak,Weekday,Lunch,2026-06-03T17:41:50.872Z
ST008,C0182,20260603,2026-06-03T17:39:02.237833,O00296,Completed,2026-06-03 14:10:05.484000+00:00,Card,orders_S004_20260603.json,S004,S004_O00296,2026-06-03,14,6,3,Wednesday,23,2,2026-2027,Off-Peak,Weekday,Lunch,2026-06-03T17:41:50.872Z
ST011,C0032,20260603,2026-06-03T17:39:02.237833,O00297,Completed,2026-06-03 13:16:52.484000+00:00,UPI,orders_S004_20260603.json,S004,S004_O00297,2026-06-03,13,6,3,Wednesday,23,2,2026-2027,Off-Peak,Weekday,Lunch,2026-06-03T17:41:50.872Z
ST010,C0032,20260603,2026-06-03T17:39:02.237833,O00301,Completed,2026-06-03 15:53:49.484000+00:00,Card,orders_S004_20260603.json,S004,S004_O00301,2026-06-03,15,6,3,Wednesday,23,2,2026-2027,Off-Peak,Weekday,Snack,2026-06-03T17:41:50.872Z
ST008,C0244,20260603,2026-06-03T17:39:02.237833,O00302,Completed,2026-06-03 13:18:29.484000+00:00,Cash,orders_S004_20260603.json,S004,S004_O00302,2026-06-03,13,6,3,Wednesday,23,2,2026-2027,Off-Peak,Weekday,Lunch,2026-06-03T17:41:50.872Z
ST010,C0393,20260603,2026-06-03T17:39:02.237833,O00306,Completed,2026-06-03 13:11:11.484000+00:00,Card,orders_S004_20260603.json,S004,S004_O00306,2026-06-03,13,6,3,Wednesday,23,2,2026-2027,Off-Peak,Weekday,Lunch,2026-06-03T17:41:50.872Z
ST006,C0080,20260603,2026-06-03T17:39:02.237833,O00307,Completed,2026-06-03 17:07:33.484000+00:00,UPI,orders_S004_20260603.json,S004,S004_O00307,2026-06-03,17,6,3,Wednesday,23,2,2026-2027,Off-Peak,Weekday,Dinner,2026-06-03T17:41:50.872Z
ST014,C0223,20260603,2026-06-03T17:39:02.237833,O00311,Completed,2026-06-03 11:44:57.484000+00:00,Cash,orders_S004_20260603.json,S004,S004_O00311,2026-06-03,11,6,3,Wednesday,23,2,2026-2027,Off-Peak,Weekday,Breakfast,2026-06-03T17:41:50.872Z
ST002,C0326,20260603,2026-06-03T17:39:02.237833,O00314,Completed,2026-06-03 15:19:46.484000+00:00,UPI,orders_S004_20260603.json,S004,S004_O00314,2026-06-03,15,6,3,Wednesday,23,2,2026-2027,Off-Peak,Weekday,Snack,2026-06-03T17:41:50.872Z
ST005,C0227,20260603,2026-06-03T17:39:02.237833,O00317,Completed,2026-06-03 11:54:04.484000+00:00,UPI,orders_S004_20260603.json,S004,S004_O00317,2026-06-03,11,6,3,Wednesday,23,2,2026-2027,Off-Peak,Weekday,Breakfast,2026-06-03T17:41:50.872Z
ST007,C0008,20260603,2026-06-03T17:39:02.237833,O00319,Completed,2026-06-03 17:33:04.484000+00:00,UPI,orders_S004_20260603.json,S004,S004_O00319,2026-06-03,17,6,3,Wednesday,23,2,2026-2027,Off-Peak,Weekday,Dinner,2026-06-03T17:41:50.872Z
ST003,C0059,20260603,2026-06-03T17:39:02.237833,O00323,Completed,2026-06-03 14:40:42.484000+00:00,UPI,orders_S004_20260603.json,S004,S004_O00323,2026-06-03,14,6,3,Wednesday,23,2,2026-2027,Off-Peak,Weekday,Lunch,2026-06-03T17:41:50.872Z
ST012,C0015,20260603,2026-06-03T17:39:02.237833,O00326,Completed,2026-06-03 15:36:36.484000+00:00,UPI,orders_S004_20260603.json,S004,S004_O00326,2026-06-03,15,6,3,Wednesday,23,2,2026-2027,Off-Peak,Weekday,Snack,2026-06-03T17:41:50.872Z
ST007,C0027,20260603,2026-06-03T17:39:02.237833,O00329,Completed,2026-06-03 16:35:57.484000+00:00,Cash,orders_S004_20260603.json,S004,S004_O00329,2026-06-03,16,6,3,Wednesday,23,2,2026-2027,Off-Peak,Weekday,Snack,2026-06-03T17:41:50.872Z
ST008,C0337,20260603,2026-06-03T17:39:02.237833,O00333,Completed,2026-06-03 14:25:02.484000+00:00,UPI,orders_S004_20260603.json,S004,S004_O00333,2026-06-03,14,6,3,Wednesday,23,2,2026-2027,Off-Peak,Weekday,Lunch,2026-06-03T17:41:50.872Z
ST013,C0181,20260603,2026-06-03T17:39:02.237833,O00336,Completed,2026-06-03 13:33:09.484000+00:00,UPI,orders_S004_20260603.json,S004,S004_O00336,2026-06-03,13,6,3,Wednesday,23,2,2026-2027,Off-Peak,Weekday,Lunch,2026-06-03T17:41:50.872Z
ST004,C0245,20260603,2026-06-03T17:39:02.237833,O00337,Completed,2026-06-03 13:58:29.484000+00:00,UPI,orders_S004_20260603.json,S004,S004_O00337,2026-06-03,13,6,3,Wednesday,23,2,2026-2027,Off-Peak,Weekday,Lunch,2026-06-03T17:41:50.872Z
ST010,C0002,20260603,2026-06-03T17:39:02.237833,O00338,Completed,2026-06-03 15:07:19.484000+00:00,UPI,orders_S004_20260603.json,S004,S004_O00338,2026-06-03,15,6,3,Wednesday,23,2,2026-2027,Off-Peak,Weekday,Snack,2026-06-03T17:41:50.872Z
ST013,C0067,20260603,2026-06-03T17:39:02.237833,O00344,Completed,2026-06-03 13:08:35.484000+00:00,Cash,orders_S004_20260603.json,S004,S004_O00344,2026-06-03,13,6,3,Wednesday,23,2,2026-2027,Off-Peak,Weekday,Lunch,2026-06-03T17:41:50.872Z
ST003,C0033,20260603,2026-06-03T17:39:02.237833,O00345,Completed,2026-06-03 14:12:11.484000+00:00,UPI,orders_S004_20260603.json,S004,S004_O00345,2026-06-03,14,6,3,Wednesday,23,2,2026-2027,Off-Peak,Weekday,Lunch,2026-06-03T17:41:50.872Z
ST012,C0082,20260603,2026-06-03T17:39:02.237833,O00346,Completed,2026-06-03 16:40:40.484000+00:00,Cash,orders_S004_20260603.json,S004,S004_O00346,2026-06-03,16,6,3,Wednesday,23,2,2026-2027,Off-Peak,Weekday,Snack,2026-06-03T17:41:50.872Z
ST003,C0076,20260603,2026-06-03T17:39:02.237833,O00356,Completed,2026-06-03 15:53:26.484000+00:00,UPI,orders_S004_20260603.json,S004,S004_O00356,2026-06-03,15,6,3,Wednesday,23,2,2026-2027,Off-Peak,Weekday,Snack,2026-06-03T17:41:50.872Z
ST003,C0121,20260603,2026-06-03T17:39:02.237833,O00357,Completed,2026-06-03 16:49:30.484000+00:00,UPI,orders_S004_20260603.json,S004,S004_O00357,2026-06-03,16,6,3,Wednesday,23,2,2026-2027,Off-Peak,Weekday,Snack,2026-06-03T17:41:50.872Z
ST009,C0017,20260603,2026-06-03T17:39:02.237833,O00360,Completed,2026-06-03 14:14:07.484000+00:00,Cash,orders_S004_20260603.json,S004,S004_O00360,2026-06-03,14,6,3,Wednesday,23,2,2026-2027,Off-Peak,Weekday,Lunch,2026-06-03T17:41:50.872Z
ST004,C0048,20260603,2026-06-03T17:39:02.237833,O00363,Completed,2026-06-03 17:35:01.484000+00:00,Card,orders_S004_20260603.json,S004,S004_O00363,2026-06-03,17,6,3,Wednesday,23,2,2026-2027,Off-Peak,Weekday,Dinner,2026-06-03T17:41:50.872Z
ST001,C0274,20260603,2026-06-03T17:39:02.237833,O00365,Completed,2026-06-03 17:21:08.484000+00:00,Cash,orders_S004_20260603.json,S004,S004_O00365,2026-06-03,17,6,3,Wednesday,23,2,2026-2027,Off-Peak,Weekday,Dinner,2026-06-03T17:41:50.872Z
ST005,C0095,20260603,2026-06-03T17:39:02.237833,O00367,Completed,2026-06-03 17:06:14.484000+00:00,Cash,orders_S004_20260603.json,S004,S004_O00367,2026-06-03,17,6,3,Wednesday,23,2,2026-2027,Off-Peak,Weekday,Dinner,2026-06-03T17:41:50.872Z
ST008,C0005,20260603,2026-06-03T17:39:02.237833,O00368,Completed,2026-06-03 17:03:28.484000+00:00,UPI,orders_S004_20260603.json,S004,S004_O00368,2026-06-03,17,6,3,Wednesday,23,2,2026-2027,Off-Peak,Weekday,Dinner,2026-06-03T17:41:50.872Z
ST008,C0112,20260603,2026-06-03T17:39:02.237833,O00369,Completed,2026-06-03 16:14:20.484000+00:00,UPI,orders_S004_20260603.json,S004,S004_O00369,2026-06-03,16,6,3,Wednesday,23,2,2026-2027,Off-Peak,Weekday,Snack,2026-06-03T17:41:50.872Z
ST005,C0041,20260603,2026-06-03T17:39:02.237833,O00373,Completed,2026-06-03 13:32:53.484000+00:00,UPI,orders_S004_20260603.json,S004,S004_O00373,2026-06-03,13,6,3,Wednesday,23,2,2026-2027,Off-Peak,Weekday,Lunch,2026-06-03T17:41:50.872Z
ST002,C0141,20260603,2026-06-03T17:39:02.237833,O00374,Completed,2026-06-03 11:14:04.484000+00:00,UPI,orders_S004_20260603.json,S004,S004_O00374,2026-06-03,11,6,3,Wednesday,23,2,2026-2027,Off-Peak,Weekday,Breakfast,2026-06-03T17:41:50.872Z
ST004,C0092,20260603,2026-06-03T17:39:02.237833,O00384,Completed,2026-06-03 10:23:45.484000+00:00,UPI,orders_S004_20260603.json,S004,S004_O00384,2026-06-03,10,6,3,Wednesday,23,2,2026-2027,Off-Peak,Weekday,Breakfast,2026-06-03T17:41:50.872Z
ST003,C0087,20260603,2026-06-03T17:39:02.237833,O00385,Completed,2026-06-03 17:19:03.484000+00:00,UPI,orders_S004_20260603.json,S004,S004_O00385,2026-06-03,17,6,3,Wednesday,23,2,2026-2027,Off-Peak,Weekday,Dinner,2026-06-03T17:41:50.872Z
ST008,C0003,20260603,2026-06-03T17:39:02.237833,O00387,Completed,2026-06-03 13:11:44.484000+00:00,UPI,orders_S004_20260603.json,S004,S004_O00387,2026-06-03,13,6,3,Wednesday,23,2,2026-2027,Off-Peak,Weekday,Lunch,2026-06-03T17:41:50.872Z
ST007,C0049,20260603,2026-06-03T17:39:02.237833,O00390,Completed,2026-06-03 16:17:03.484000+00:00,UPI,orders_S004_20260603.json,S004,S004_O00390,2026-06-03,16,6,3,Wednesday,23,2,2026-2027,Off-Peak,Weekday,Snack,2026-06-03T17:41:50.872Z
ST006,C0326,20260603,2026-06-03T17:39:02.237833,O00391,Completed,2026-06-03 16:45:11.484000+00:00,UPI,orders_S004_20260603.json,S004,S004_O00391,2026-06-03,16,6,3,Wednesday,23,2,2026-2027,Off-Peak,Weekday,Snack,2026-06-03T17:41:50.872Z
ST013,C0148,20260603,2026-06-03T17:39:02.237833,O00392,Completed,2026-06-03 17:18:09.484000+00:00,UPI,orders_S004_20260603.json,S004,S004_O00392,2026-06-03,17,6,3,Wednesday,23,2,2026-2027,Off-Peak,Weekday,Dinner,2026-06-03T17:41:50.872Z
ST004,C0049,20260603,2026-06-03T17:39:02.237833,O00393,Completed,2026-06-03 13:14:48.484000+00:00,UPI,orders_S004_20260603.json,S004,S004_O00393,2026-06-03,13,6,3,Wednesday,23,2,2026-2027,Off-Peak,Weekday,Lunch,2026-06-03T17:41:50.872Z
ST009,C0051,20260603,2026-06-03T17:39:02.237833,O00397,Completed,2026-06-03 13:00:51.484000+00:00,UPI,orders_S004_20260603.json,S004,S004_O00397,2026-06-03,13,6,3,Wednesday,23,2,2026-2027,Off-Peak,Weekday,Lunch,2026-06-03T17:41:50.872Z
ST002,C0243,20260603,2026-06-03T17:39:02.237833,O00398,Completed,2026-06-03 16:10:44.484000+00:00,Cash,orders_S004_20260603.json,S004,S004_O00398,2026-06-03,16,6,3,Wednesday,23,2,2026-2027,Off-Peak,Weekday,Snack,2026-06-03T17:41:50.872Z
ST009,C0380,20260603,2026-06-03T17:39:02.237833,O00399,Completed,2026-06-03 16:28:43.484000+00:00,Card,orders_S004_20260603.json,S004,S004_O00399,2026-06-03,16,6,3,Wednesday,23,2,2026-2027,Off-Peak,Weekday,Snack,2026-06-03T17:41:50.872Z
ST011,C0323,20260603,2026-06-03T17:39:02.237833,O00400,Completed,2026-06-03 12:28:26.484000+00:00,Cash,orders_S004_20260603.json,S004,S004_O00400,2026-06-03,12,6,3,Wednesday,23,2,2026-2027,Off-Peak,Weekday,Lunch,2026-06-03T17:41:50.872Z
ST001,C0314,20260603,2026-06-03T17:39:02.237833,O00401,Completed,2026-06-03 11:37:13.484000+00:00,Cash,orders_S004_20260603.json,S004,S004_O00401,2026-06-03,11,6,3,Wednesday,23,2,2026-2027,Off-Peak,Weekday,Breakfast,2026-06-03T17:41:50.872Z
ST010,C0305,20260603,2026-06-03T17:39:02.237833,O00414,Completed,2026-06-03 13:40:48.484000+00:00,Cash,orders_S004_20260603.json,S004,S004_O00414,2026-06-03,13,6,3,Wednesday,23,2,2026-2027,Off-Peak,Weekday,Lunch,2026-06-03T17:41:50.872Z
ST008,C0410,20260603,2026-06-03T17:39:02.237833,O00415,Completed,2026-06-03 16:36:54.484000+00:00,UPI,orders_S004_20260603.json,S004,S004_O00415,2026-06-03,16,6,3,Wednesday,23,2,2026-2027,Off-Peak,Weekday,Snack,2026-06-03T17:41:50.872Z
ST012,C0036,20260603,2026-06-03T17:39:02.237833,O00418,Completed,2026-06-03 13:06:37.484000+00:00,Cash,orders_S004_20260603.json,S004,S004_O00418,2026-06-03,13,6,3,Wednesday,23,2,2026-2027,Off-Peak,Weekday,Lunch,2026-06-03T17:41:50.872Z
ST014,C0202,20260603,2026-06-03T17:39:02.237833,O00421,Completed,2026-06-03 10:29:26.484000+00:00,UPI,orders_S004_20260603.json,S004,S004_O00421,2026-06-03,10,6,3,Wednesday,23,2,2026-2027,Off-Peak,Weekday,Breakfast,2026-06-03T17:41:50.872Z
ST005,C0003,20260603,2026-06-03T17:39:02.237833,O00422,Completed,2026-06-03 13:11:04.484000+00:00,UPI,orders_S004_20260603.json,S004,S004_O00422,2026-06-03,13,6,3,Wednesday,23,2,2026-2027,Off-Peak,Weekday,Lunch,2026-06-03T17:41:50.872Z
ST008,C0376,20260603,2026-06-03T17:39:02.237833,O00425,Completed,2026-06-03 16:12:27.484000+00:00,Card,orders_S004_20260603.json,S004,S004_O00425,2026-06-03,16,6,3,Wednesday,23,2,2026-2027,Off-Peak,Weekday,Snack,2026-06-03T17:41:50.872Z
ST006,C0076,20260603,2026-06-03T17:39:02.237833,O00428,Completed,2026-06-03 16:16:28.484000+00:00,UPI,orders_S004_20260603.json,S004,S004_O00428,2026-06-03,16,6,3,Wednesday,23,2,2026-2027,Off-Peak,Weekday,Snack,2026-06-03T17:41:50.872Z
ST004,C0359,20260603,2026-06-03T17:39:02.237833,O00429,Completed,2026-06-03 13:44:42.484000+00:00,Card,orders_S004_20260603.json,S004,S004_O00429,2026-06-03,13,6,3,Wednesday,23,2,2026-2027,Off-Peak,Weekday,Lunch,2026-06-03T17:41:50.872Z
ST002,C0343,20260603,2026-06-03T17:39:02.237833,O00430,Completed,2026-06-03 11:02:11.484000+00:00,UPI,orders_S004_20260603.json,S004,S004_O00430,2026-06-03,11,6,3,Wednesday,23,2,2026-2027,Off-Peak,Weekday,Breakfast,2026-06-03T17:41:50.872Z
ST005,C0186,20260603,2026-06-03T17:39:02.237833,O00432,Completed,2026-06-03 15:23:36.484000+00:00,Cash,orders_S004_20260603.json,S004,S004_O00432,2026-06-03,15,6,3,Wednesday,23,2,2026-2027,Off-Peak,Weekday,Snack,2026-06-03T17:41:50.872Z
ST004,C0175,20260603,2026-06-03T17:39:02.237833,O00433,Completed,2026-06-03 12:19:05.484000+00:00,UPI,orders_S004_20260603.json,S004,S004_O00433,2026-06-03,12,6,3,Wednesday,23,2,2026-2027,Off-Peak,Weekday,Lunch,2026-06-03T17:41:50.872Z
ST009,C0126,20260603,2026-06-03T17:39:02.237833,O00435,Completed,2026-06-03 11:28:37.484000+00:00,UPI,orders_S004_20260603.json,S004,S004_O00435,2026-06-03,11,6,3,Wednesday,23,2,2026-2027,Off-Peak,Weekday,Breakfast,2026-06-03T17:41:50.872Z
ST005,C0330,20260603,2026-06-03T17:39:02.237833,O00438,Completed,2026-06-03 11:08:06.484000+00:00,Cash,orders_S004_20260603.json,S004,S004_O00438,2026-06-03,11,6,3,Wednesday,23,2,2026-2027,Off-Peak,Weekday,Breakfast,2026-06-03T17:41:50.872Z
ST014,C0060,20260603,2026-06-03T17:39:02.237833,O00441,Completed,2026-06-03 17:05:34.484000+00:00,UPI,orders_S004_20260603.json,S004,S004_O00441,2026-06-03,17,6,3,Wednesday,23,2,2026-2027,Off-Peak,Weekday,Dinner,2026-06-03T17:41:50.872Z
ST010,C0149,20260603,2026-06-03T17:39:02.237833,O00444,Completed,2026-06-03 12:52:32.484000+00:00,Cash,orders_S004_20260603.json,S004,S004_O00444,2026-06-03,12,6,3,Wednesday,23,2,2026-2027,Off-Peak,Weekday,Lunch,2026-06-03T17:41:50.872Z
ST009,C0183,20260603,2026-06-03T17:39:02.237833,O00447,Completed,2026-06-03 16:54:06.484000+00:00,Card,orders_S004_20260603.json,S004,S004_O00447,2026-06-03,16,6,3,Wednesday,23,2,2026-2027,Off-Peak,Weekday,Snack,2026-06-03T17:41:50.872Z
ST013,C0152,20260603,2026-06-03T17:39:02.237833,O00449,Completed,2026-06-03 12:09:59.484000+00:00,Cash,orders_S004_20260603.json,S004,S004_O00449,2026-06-03,12,6,3,Wednesday,23,2,2026-2027,Off-Peak,Weekday,Lunch,2026-06-03T17:41:50.872Z
ST010,C0127,20260603,2026-06-03T17:39:02.237833,O00452,Completed,2026-06-03 17:30:16.484000+00:00,UPI,orders_S004_20260603.json,S004,S004_O00452,2026-06-03,17,6,3,Wednesday,23,2,2026-2027,Off-Peak,Weekday,Dinner,2026-06-03T17:41:50.872Z
ST003,C0387,20260603,2026-06-03T17:39:02.237833,O00454,Completed,2026-06-03 12:34:48.484000+00:00,UPI,orders_S004_20260603.json,S004,S004_O00454,2026-06-03,12,6,3,Wednesday,23,2,2026-2027,Off-Peak,Weekday,Lunch,2026-06-03T17:41:50.872Z
ST006,C0304,20260603,2026-06-03T17:39:02.237833,O00455,Completed,2026-06-03 12:35:48.484000+00:00,UPI,orders_S004_20260603.json,S004,S004_O00455,2026-06-03,12,6,3,Wednesday,23,2,2026-2027,Off-Peak,Weekday,Lunch,2026-06-03T17:41:50.872Z
ST013,C0047,20260603,2026-06-03T17:39:02.237833,O00459,Completed,2026-06-03 12:04:50.484000+00:00,Cash,orders_S004_20260603.json,S004,S004_O00459,2026-06-03,12,6,3,Wednesday,23,2,2026-2027,Off-Peak,Weekday,Lunch,2026-06-03T17:41:50.872Z
ST008,C0036,20260603,2026-06-03T17:39:02.237833,O00462,Completed,2026-06-03 16:54:02.484000+00:00,UPI,orders_S004_20260603.json,S004,S004_O00462,2026-06-03,16,6,3,Wednesday,23,2,2026-2027,Off-Peak,Weekday,Snack,2026-06-03T17:41:50.872Z
ST008,C0205,20260603,2026-06-03T17:39:02.237833,O00463,Completed,2026-06-03 13:52:02.484000+00:00,Card,orders_S004_20260603.json,S004,S004_O00463,2026-06-03,13,6,3,Wednesday,23,2,2026-2027,Off-Peak,Weekday,Lunch,2026-06-03T17:41:50.872Z
ST006,C0381,20260603,2026-06-03T17:39:02.237833,O00468,Completed,2026-06-03 14:06:28.484000+00:00,UPI,orders_S004_20260603.json,S004,S004_O00468,2026-06-03,14,6,3,Wednesday,23,2,2026-2027,Off-Peak,Weekday,Lunch,2026-06-03T17:41:50.872Z
ST003,C0029,20260603,2026-06-03T17:39:02.237833,O00469,Completed,2026-06-03 13:58:38.484000+00:00,UPI,orders_S004_20260603.json,S004,S004_O00469,2026-06-03,13,6,3,Wednesday,23,2,2026-2027,Off-Peak,Weekday,Lunch,2026-06-03T17:41:50.872Z
ST005,C0414,20260603,2026-06-03T17:39:02.237833,O00471,Completed,2026-06-03 10:13:39.484000+00:00,Cash,orders_S004_20260603.json,S004,S004_O00471,2026-06-03,10,6,3,Wednesday,23,2,2026-2027,Off-Peak,Weekday,Breakfast,2026-06-03T17:41:50.872Z
ST003,C0236,20260603,2026-06-03T17:39:02.237833,O00473,Completed,2026-06-03 14:45:37.484000+00:00,Cash,orders_S004_20260603.json,S004,S004_O00473,2026-06-03,14,6,3,Wednesday,23,2,2026-2027,Off-Peak,Weekday,Lunch,2026-06-03T17:41:50.872Z
ST014,C0420,20260603,2026-06-03T17:39:02.237833,O00478,Completed,2026-06-03 12:53:25.484000+00:00,Cash,orders_S004_20260603.json,S004,S004_O00478,2026-06-03,12,6,3,Wednesday,23,2,2026-2027,Off-Peak,Weekday,Lunch,2026-06-03T17:41:50.872Z
ST004,C0384,20260603,2026-06-03T17:39:02.237833,O00481,Completed,2026-06-03 16:42:26.484000+00:00,UPI,orders_S004_20260603.json,S004,S004_O00481,2026-06-03,16,6,3,Wednesday,23,2,2026-2027,Off-Peak,Weekday,Snack,2026-06-03T17:41:50.872Z
ST015,C0081,20260603,2026-06-03T17:39:02.237833,O00482,Completed,2026-06-03 11:54:33.484000+00:00,UPI,orders_S004_20260603.json,S004,S004_O00482,2026-06-03,11,6,3,Wednesday,23,2,2026-2027,Off-Peak,Weekday,Breakfast,2026-06-03T17:41:50.872Z
ST001,C0211,20260603,2026-06-03T17:39:02.237833,O00485,Completed,2026-06-03 12:12:19.484000+00:00,Card,orders_S004_20260603.json,S004,S004_O00485,2026-06-03,12,6,3,Wednesday,23,2,2026-2027,Off-Peak,Weekday,Lunch,2026-06-03T17:41:50.872Z
ST006,C0018,20260603,2026-06-03T17:39:02.237833,O00487,Completed,2026-06-03 13:00:58.484000+00:00,Cash,orders_S004_20260603.json,S004,S004_O00487,2026-06-03,13,6,3,Wednesday,23,2,2026-2027,Off-Peak,Weekday,Lunch,2026-06-03T17:41:50.872Z
ST009,C0180,20260603,2026-06-03T17:39:02.237833,O00488,Completed,2026-06-03 17:11:36.484000+00:00,Cash,orders_S004_20260603.json,S004,S004_O00488,2026-06-03,17,6,3,Wednesday,23,2,2026-2027,Off-Peak,Weekday,Dinner,2026-06-03T17:41:50.872Z
ST015,C0362,20260603,2026-06-03T17:39:02.237833,O00489,Completed,2026-06-03 12:01:12.484000+00:00,Cash,orders_S004_20260603.json,S004,S004_O00489,2026-06-03,12,6,3,Wednesday,23,2,2026-2027,Off-Peak,Weekday,Lunch,2026-06-03T17:41:50.872Z
ST011,C0344,20260603,2026-06-03T17:39:02.237833,O00491,Completed,2026-06-03 14:58:38.484000+00:00,Cash,orders_S004_20260603.json,S004,S004_O00491,2026-06-03,14,6,3,Wednesday,23,2,2026-2027,Off-Peak,Weekday,Lunch,2026-06-03T17:41:50.872Z
ST015,C0111,20260603,2026-06-03T17:39:02.237833,O00494,Completed,2026-06-03 17:40:08.484000+00:00,Cash,orders_S004_20260603.json,S004,S004_O00494,2026-06-03,17,6,3,Wednesday,23,2,2026-2027,Off-Peak,Weekday,Dinner,2026-06-03T17:41:50.872Z
ST007,C0310,20260603,2026-06-03T17:39:02.237833,O00498,Completed,2026-06-03 14:10:18.484000+00:00,Cash,orders_S004_20260603.json,S004,S004_O00498,2026-06-03,14,6,3,Wednesday,23,2,2026-2027,Off-Peak,Weekday,Lunch,2026-06-03T17:41:50.872Z
ST001,C0382,20260603,2026-06-03T17:39:02.237833,O00499,Completed,2026-06-03 12:00:11.484000+00:00,Card,orders_S004_20260603.json,S004,S004_O00499,2026-06-03,12,6,3,Wednesday,23,2,2026-2027,Off-Peak,Weekday,Lunch,2026-06-03T17:41:50.872Z
ST010,C0024,20260603,2026-06-03T17:39:02.237833,O00500,Completed,2026-06-03 15:26:55.484000+00:00,Cash,orders_S004_20260603.json,S004,S004_O00500,2026-06-03,15,6,3,Wednesday,23,2,2026-2027,Off-Peak,Weekday,Snack,2026-06-03T17:41:50.872Z
ST008,C0081,20260603,2026-06-03T17:39:02.237833,O00508,Completed,2026-06-03 10:17:19.484000+00:00,UPI,orders_S004_20260603.json,S004,S004_O00508,2026-06-03,10,6,3,Wednesday,23,2,2026-2027,Off-Peak,Weekday,Breakfast,2026-06-03T17:41:50.872Z
ST013,C0106,20260603,2026-06-03T17:39:02.237833,O00512,Completed,2026-06-03 14:08:38.484000+00:00,Card,orders_S004_20260603.json,S004,S004_O00512,2026-06-03,14,6,3,Wednesday,23,2,2026-2027,Off-Peak,Weekday,Lunch,2026-06-03T17:41:50.872Z
ST012,C0010,20260603,2026-06-03T17:39:02.237833,O00514,Completed,2026-06-03 15:04:06.484000+00:00,UPI,orders_S004_20260603.json,S004,S004_O00514,2026-06-03,15,6,3,Wednesday,23,2,2026-2027,Off-Peak,Weekday,Snack,2026-06-03T17:41:50.872Z
ST001,C0084,20260603,2026-06-03T17:39:02.237833,O00519,Completed,2026-06-03 10:17:02.484000+00:00,Cash,orders_S004_20260603.json,S004,S004_O00519,2026-06-03,10,6,3,Wednesday,23,2,2026-2027,Off-Peak,Weekday,Breakfast,2026-06-03T17:41:50.872Z
ST003,C0012,20260603,2026-06-03T17:39:02.237833,O00524,Completed,2026-06-03 12:27:43.484000+00:00,UPI,orders_S004_20260603.json,S004,S004_O00524,2026-06-03,12,6,3,Wednesday,23,2,2026-2027,Off-Peak,Weekday,Lunch,2026-06-03T17:41:50.872Z
ST003,C0022,20260603,2026-06-03T17:39:02.237833,O00528,Completed,2026-06-03 10:06:30.484000+00:00,Cash,orders_S004_20260603.json,S004,S004_O00528,2026-06-03,10,6,3,Wednesday,23,2,2026-2027,Off-Peak,Weekday,Breakfast,2026-06-03T17:41:50.872Z
ST005,C0005,20260603,2026-06-03T17:39:02.237833,O00531,Completed,2026-06-03 12:02:14.484000+00:00,UPI,orders_S004_20260603.json,S004,S004_O00531,2026-06-03,12,6,3,Wednesday,23,2,2026-2027,Off-Peak,Weekday,Lunch,2026-06-03T17:41:50.872Z
ST008,C0221,20260603,2026-06-03T17:39:02.237833,O00532,Completed,2026-06-03 14:17:04.484000+00:00,Cash,orders_S004_20260603.json,S004,S004_O00532,2026-06-03,14,6,3,Wednesday,23,2,2026-2027,Off-Peak,Weekday,Lunch,2026-06-03T17:41:50.872Z
ST007,C0259,20260603,2026-06-03T17:39:02.237833,O00535,Completed,2026-06-03 13:32:48.484000+00:00,UPI,orders_S004_20260603.json,S004,S004_O00535,2026-06-03,13,6,3,Wednesday,23,2,2026-2027,Off-Peak,Weekday,Lunch,2026-06-03T17:41:50.872Z
ST011,C0237,20260603,2026-06-03T17:39:02.237833,O00544,Completed,2026-06-03 17:14:36.484000+00:00,UPI,orders_S004_20260603.json,S004,S004_O00544,2026-06-03,17,6,3,Wednesday,23,2,2026-2027,Off-Peak,Weekday,Dinner,2026-06-03T17:41:50.872Z
ST010,C0206,20260603,2026-06-03T17:39:02.237833,O00545,Completed,2026-06-03 13:51:20.484000+00:00,Card,orders_S004_20260603.json,S004,S004_O00545,2026-06-03,13,6,3,Wednesday,23,2,2026-2027,Off-Peak,Weekday,Lunch,2026-06-03T17:41:50.872Z
ST004,C0139,20260603,2026-06-03T17:39:02.237833,O00548,Completed,2026-06-03 16:19:48.484000+00:00,UPI,orders_S004_20260603.json,S004,S004_O00548,2026-06-03,16,6,3,Wednesday,23,2,2026-2027,Off-Peak,Weekday,Snack,2026-06-03T17:41:50.872Z
ST007,C0048,20260603,2026-06-03T17:39:02.237833,O00552,Completed,2026-06-03 10:33:46.484000+00:00,UPI,orders_S004_20260603.json,S004,S004_O00552,2026-06-03,10,6,3,Wednesday,23,2,2026-2027,Off-Peak,Weekday,Breakfast,2026-06-03T17:41:50.872Z
ST008,C0355,20260603,2026-06-03T17:39:02.237833,O00554,Completed,2026-06-03 13:05:16.484000+00:00,UPI,orders_S004_20260603.json,S004,S004_O00554,2026-06-03,13,6,3,Wednesday,23,2,2026-2027,Off-Peak,Weekday,Lunch,2026-06-03T17:41:50.872Z
ST013,C0041,20260603,2026-06-03T17:39:02.237833,O00557,Completed,2026-06-03 15:38:17.484000+00:00,Cash,orders_S004_20260603.json,S004,S004_O00557,2026-06-03,15,6,3,Wednesday,23,2,2026-2027,Off-Peak,Weekday,Snack,2026-06-03T17:41:50.872Z
ST011,C0093,20260603,2026-06-03T17:39:02.237833,O00558,Completed,2026-06-03 13:36:13.484000+00:00,Cash,orders_S004_20260603.json,S004,S004_O00558,2026-06-03,13,6,3,Wednesday,23,2,2026-2027,Off-Peak,Weekday,Lunch,2026-06-03T17:41:50.872Z
ST003,C0033,20260603,2026-06-03T17:39:02.237833,O00561,Completed,2026-06-03 17:17:07.484000+00:00,Cash,orders_S004_20260603.json,S004,S004_O00561,2026-06-03,17,6,3,Wednesday,23,2,2026-2027,Off-Peak,Weekday,Dinner,2026-06-03T17:41:50.872Z
ST004,C0383,20260603,2026-06-03T17:39:02.237833,O00564,Completed,2026-06-03 17:38:52.484000+00:00,UPI,orders_S004_20260603.json,S004,S004_O00564,2026-06-03,17,6,3,Wednesday,23,2,2026-2027,Off-Peak,Weekday,Dinner,2026-06-03T17:41:50.872Z
ST013,C0058,20260603,2026-06-03T17:39:02.237833,O00565,Completed,2026-06-03 11:06:12.484000+00:00,UPI,orders_S004_20260603.json,S004,S004_O00565,2026-06-03,11,6,3,Wednesday,23,2,2026-2027,Off-Peak,Weekday,Breakfast,2026-06-03T17:41:50.872Z
ST001,C0130,20260603,2026-06-03T17:39:02.237833,O00568,Completed,2026-06-03 12:13:42.484000+00:00,Cash,orders_S004_20260603.json,S004,S004_O00568,2026-06-03,12,6,3,Wednesday,23,2,2026-2027,Off-Peak,Weekday,Lunch,2026-06-03T17:41:50.872Z
ST015,C0008,20260603,2026-06-03T17:39:02.237833,O00570,Completed,2026-06-03 16:07:10.484000+00:00,UPI,orders_S004_20260603.json,S004,S004_O00570,2026-06-03,16,6,3,Wednesday,23,2,2026-2027,Off-Peak,Weekday,Snack,2026-06-03T17:41:50.872Z
ST005,C0354,20260603,2026-06-03T17:39:02.237833,O00573,Completed,2026-06-03 15:41:08.484000+00:00,UPI,orders_S004_20260603.json,S004,S004_O00573,2026-06-03,15,6,3,Wednesday,23,2,2026-2027,Off-Peak,Weekday,Snack,2026-06-03T17:41:50.872Z
ST009,C0408,20260603,2026-06-03T17:39:02.237833,O00574,Completed,2026-06-03 17:28:51.484000+00:00,Cash,orders_S004_20260603.json,S004,S004_O00574,2026-06-03,17,6,3,Wednesday,23,2,2026-2027,Off-Peak,Weekday,Dinner,2026-06-03T17:41:50.872Z
ST004,C0005,20260603,2026-06-03T17:39:02.237833,O00576,Completed,2026-06-03 15:57:44.484000+00:00,UPI,orders_S004_20260603.json,S004,S004_O00576,2026-06-03,15,6,3,Wednesday,23,2,2026-2027,Off-Peak,Weekday,Snack,2026-06-03T17:41:50.872Z
ST009,C0179,20260603,2026-06-03T17:39:02.237833,O00578,Completed,2026-06-03 12:17:15.484000+00:00,UPI,orders_S004_20260603.json,S004,S004_O00578,2026-06-03,12,6,3,Wednesday,23,2,2026-2027,Off-Peak,Weekday,Lunch,2026-06-03T17:41:50.872Z
ST015,C0293,20260603,2026-06-03T17:39:02.237833,O00584,Completed,2026-06-03 11:35:01.484000+00:00,Cash,orders_S004_20260603.json,S004,S004_O00584,2026-06-03,11,6,3,Wednesday,23,2,2026-2027,Off-Peak,Weekday,Breakfast,2026-06-03T17:41:50.872Z
ST001,C0191,20260603,2026-06-03T17:39:02.237833,O00586,Completed,2026-06-03 17:22:54.484000+00:00,UPI,orders_S004_20260603.json,S004,S004_O00586,2026-06-03,17,6,3,Wednesday,23,2,2026-2027,Off-Peak,Weekday,Dinner,2026-06-03T17:41:50.872Z
ST002,C0026,20260603,2026-06-03T17:39:02.237833,O00590,Completed,2026-06-03 13:10:53.484000+00:00,Cash,orders_S004_20260603.json,S004,S004_O00590,2026-06-03,13,6,3,Wednesday,23,2,2026-2027,Off-Peak,Weekday,Lunch,2026-06-03T17:41:50.872Z
ST011,C0013,20260603,2026-06-03T17:39:02.237833,O00592,Completed,2026-06-03 14:33:03.484000+00:00,UPI,orders_S004_20260603.json,S004,S004_O00592,2026-06-03,14,6,3,Wednesday,23,2,2026-2027,Off-Peak,Weekday,Lunch,2026-06-03T17:41:50.872Z
ST005,C0271,20260603,2026-06-03T17:39:02.237833,O00593,Completed,2026-06-03 11:53:37.484000+00:00,UPI,orders_S004_20260603.json,S004,S004_O00593,2026-06-03,11,6,3,Wednesday,23,2,2026-2027,Off-Peak,Weekday,Breakfast,2026-06-03T17:41:50.872Z
ST004,C0214,20260603,2026-06-03T17:39:02.237833,O00597,Completed,2026-06-03 14:12:51.484000+00:00,Cash,orders_S004_20260603.json,S004,S004_O00597,2026-06-03,14,6,3,Wednesday,23,2,2026-2027,Off-Peak,Weekday,Lunch,2026-06-03T17:41:50.872Z
ST008,C0236,20260603,2026-06-03T17:39:02.237833,O00601,Completed,2026-06-03 14:19:34.484000+00:00,UPI,orders_S004_20260603.json,S004,S004_O00601,2026-06-03,14,6,3,Wednesday,23,2,2026-2027,Off-Peak,Weekday,Lunch,2026-06-03T17:41:50.872Z
ST002,C0056,20260603,2026-06-03T17:39:02.237833,O00602,Completed,2026-06-03 13:13:58.484000+00:00,Card,orders_S004_20260603.json,S004,S004_O00602,2026-06-03,13,6,3,Wednesday,23,2,2026-2027,Off-Peak,Weekday,Lunch,2026-06-03T17:41:50.872Z
ST008,C0177,20260603,2026-06-03T17:39:02.237833,O00604,Completed,2026-06-03 11:53:07.484000+00:00,UPI,orders_S004_20260603.json,S004,S004_O00604,2026-06-03,11,6,3,Wednesday,23,2,2026-2027,Off-Peak,Weekday,Breakfast,2026-06-03T17:41:50.872Z
ST009,C0009,20260603,2026-06-03T17:39:02.237833,O00606,Completed,2026-06-03 11:06:54.484000+00:00,UPI,orders_S004_20260603.json,S004,S004_O00606,2026-06-03,11,6,3,Wednesday,23,2,2026-2027,Off-Peak,Weekday,Breakfast,2026-06-03T17:41:50.872Z
ST012,C0012,20260603,2026-06-03T17:39:02.237833,O00608,Completed,2026-06-03 16:49:43.484000+00:00,Cash,orders_S004_20260603.json,S004,S004_O00608,2026-06-03,16,6,3,Wednesday,23,2,2026-2027,Off-Peak,Weekday,Snack,2026-06-03T17:41:50.872Z
ST008,C0014,20260603,2026-06-03T17:39:02.237833,O00611,Completed,2026-06-03 16:18:30.484000+00:00,Card,orders_S004_20260603.json,S004,S004_O00611,2026-06-03,16,6,3,Wednesday,23,2,2026-2027,Off-Peak,Weekday,Snack,2026-06-03T17:41:50.872Z
ST005,C0219,20260603,2026-06-03T17:39:02.237833,O00613,Completed,2026-06-03 17:07:18.484000+00:00,UPI,orders_S004_20260603.json,S004,S004_O00613,2026-06-03,17,6,3,Wednesday,23,2,2026-2027,Off-Peak,Weekday,Dinner,2026-06-03T17:41:50.872Z
ST004,C0078,20260603,2026-06-03T17:39:02.237833,O00614,Completed,2026-06-03 16:17:11.484000+00:00,Cash,orders_S004_20260603.json,S004,S004_O00614,2026-06-03,16,6,3,Wednesday,23,2,2026-2027,Off-Peak,Weekday,Snack,2026-06-03T17:41:50.872Z
ST011,C0211,20260603,2026-06-03T17:39:02.237833,O00615,Completed,2026-06-03 12:03:51.484000+00:00,UPI,orders_S004_20260603.json,S004,S004_O00615,2026-06-03,12,6,3,Wednesday,23,2,2026-2027,Off-Peak,Weekday,Lunch,2026-06-03T17:41:50.872Z
ST005,C0067,20260603,2026-06-03T17:39:02.237833,O00616,Completed,2026-06-03 13:39:19.484000+00:00,UPI,orders_S004_20260603.json,S004,S004_O00616,2026-06-03,13,6,3,Wednesday,23,2,2026-2027,Off-Peak,Weekday,Lunch,2026-06-03T17:41:50.872Z
ST015,C0126,20260603,2026-06-03T17:39:02.237833,O00622,Completed,2026-06-03 17:28:56.484000+00:00,Card,orders_S004_20260603.json,S004,S004_O00622,2026-06-03,17,6,3,Wednesday,23,2,2026-2027,Off-Peak,Weekday,Dinner,2026-06-03T17:41:50.872Z
ST010,C0045,20260603,2026-06-03T17:39:02.237833,O00623,Completed,2026-06-03 14:59:09.484000+00:00,Cash,orders_S004_20260603.json,S004,S004_O00623,2026-06-03,14,6,3,Wednesday,23,2,2026-2027,Off-Peak,Weekday,Lunch,2026-06-03T17:41:50.872Z
ST005,C0243,20260603,2026-06-03T17:39:02.237833,O00627,Completed,2026-06-03 13:16:20.484000+00:00,Card,orders_S004_20260603.json,S004,S004_O00627,2026-06-03,13,6,3,Wednesday,23,2,2026-2027,Off-Peak,Weekday,Lunch,2026-06-03T17:41:50.872Z
ST005,C0065,20260603,2026-06-03T17:39:02.237833,O00628,Completed,2026-06-03 15:17:25.484000+00:00,Cash,orders_S004_20260603.json,S004,S004_O00628,2026-06-03,15,6,3,Wednesday,23,2,2026-2027,Off-Peak,Weekday,Snack,2026-06-03T17:41:50.872Z
ST008,C0028,20260603,2026-06-03T17:39:02.237833,O00631,Completed,2026-06-03 13:41:05.484000+00:00,Card,orders_S004_20260603.json,S004,S004_O00631,2026-06-03,13,6,3,Wednesday,23,2,2026-2027,Off-Peak,Weekday,Lunch,2026-06-03T17:41:50.872Z
ST014,C0332,20260603,2026-06-03T17:39:02.237833,O00633,Completed,2026-06-03 17:13:07.484000+00:00,Cash,orders_S004_20260603.json,S004,S004_O00633,2026-06-03,17,6,3,Wednesday,23,2,2026-2027,Off-Peak,Weekday,Dinner,2026-06-03T17:41:50.872Z
ST010,C0017,20260603,2026-06-03T17:39:02.237833,O00634,Completed,2026-06-03 14:23:10.484000+00:00,Cash,orders_S004_20260603.json,S004,S004_O00634,2026-06-03,14,6,3,Wednesday,23,2,2026-2027,Off-Peak,Weekday,Lunch,2026-06-03T17:41:50.872Z
ST010,C0330,20260603,2026-06-03T17:39:02.237833,O00635,Completed,2026-06-03 17:16:21.484000+00:00,UPI,orders_S004_20260603.json,S004,S004_O00635,2026-06-03,17,6,3,Wednesday,23,2,2026-2027,Off-Peak,Weekday,Dinner,2026-06-03T17:41:50.872Z
ST013,C0080,20260603,2026-06-03T17:39:02.237833,O00636,Completed,2026-06-03 11:44:13.484000+00:00,Cash,orders_S004_20260603.json,S004,S004_O00636,2026-06-03,11,6,3,Wednesday,23,2,2026-2027,Off-Peak,Weekday,Breakfast,2026-06-03T17:41:50.872Z
ST007,C0298,20260603,2026-06-03T17:39:02.237833,O00638,Completed,2026-06-03 14:48:18.484000+00:00,UPI,orders_S004_20260603.json,S004,S004_O00638,2026-06-03,14,6,3,Wednesday,23,2,2026-2027,Off-Peak,Weekday,Lunch,2026-06-03T17:41:50.872Z
ST014,C0038,20260603,2026-06-03T17:39:02.237833,O00648,Completed,2026-06-03 17:08:58.484000+00:00,Cash,orders_S004_20260603.json,S004,S004_O00648,2026-06-03,17,6,3,Wednesday,23,2,2026-2027,Off-Peak,Weekday,Dinner,2026-06-03T17:41:50.872Z
ST012,C0051,20260603,2026-06-03T17:39:02.237833,O00649,Completed,2026-06-03 17:09:28.484000+00:00,UPI,orders_S004_20260603.json,S004,S004_O00649,2026-06-03,17,6,3,Wednesday,23,2,2026-2027,Off-Peak,Weekday,Dinner,2026-06-03T17:41:50.872Z
ST007,C0111,20260603,2026-06-03T17:39:02.237833,O00650,Completed,2026-06-03 16:53:07.484000+00:00,Cash,orders_S004_20260603.json,S004,S004_O00650,2026-06-03,16,6,3,Wednesday,23,2,2026-2027,Off-Peak,Weekday,Snack,2026-06-03T17:41:50.872Z
ST004,C0216,20260603,2026-06-03T17:39:02.237833,O00653,Completed,2026-06-03 13:23:05.484000+00:00,Card,orders_S004_20260603.json,S004,S004_O00653,2026-06-03,13,6,3,Wednesday,23,2,2026-2027,Off-Peak,Weekday,Lunch,2026-06-03T17:41:50.872Z
ST008,C0216,20260603,2026-06-03T17:39:02.237833,O00655,Completed,2026-06-03 14:41:11.484000+00:00,Card,orders_S004_20260603.json,S004,S004_O00655,2026-06-03,14,6,3,Wednesday,23,2,2026-2027,Off-Peak,Weekday,Lunch,2026-06-03T17:41:50.872Z
ST001,C0089,20260603,2026-06-03T17:39:02.237833,O00656,Completed,2026-06-03 13:00:18.484000+00:00,UPI,orders_S004_20260603.json,S004,S004_O00656,2026-06-03,13,6,3,Wednesday,23,2,2026-2027,Off-Peak,Weekday,Lunch,2026-06-03T17:41:50.872Z
ST004,C0006,20260603,2026-06-03T17:39:02.237833,O00657,Completed,2026-06-03 13:09:51.484000+00:00,UPI,orders_S004_20260603.json,S004,S004_O00657,2026-06-03,13,6,3,Wednesday,23,2,2026-2027,Off-Peak,Weekday,Lunch,2026-06-03T17:41:50.872Z
ST009,C0077,20260603,2026-06-03T17:39:02.237833,O00658,Completed,2026-06-03 13:22:41.484000+00:00,UPI,orders_S004_20260603.json,S004,S004_O00658,2026-06-03,13,6,3,Wednesday,23,2,2026-2027,Off-Peak,Weekday,Lunch,2026-06-03T17:41:50.872Z
ST002,C0282,20260603,2026-06-03T17:39:02.237833,O00661,Completed,2026-06-03 15:02:00.484000+00:00,Card,orders_S004_20260603.json,S004,S004_O00661,2026-06-03,15,6,3,Wednesday,23,2,2026-2027,Off-Peak,Weekday,Snack,2026-06-03T17:41:50.872Z
ST002,C0080,20260603,2026-06-03T17:39:02.237833,O00665,Completed,2026-06-03 14:07:31.484000+00:00,Card,orders_S004_20260603.json,S004,S004_O00665,2026-06-03,14,6,3,Wednesday,23,2,2026-2027,Off-Peak,Weekday,Lunch,2026-06-03T17:41:50.872Z
ST009,C0227,20260603,2026-06-03T17:39:02.237833,O00672,Completed,2026-06-03 12:37:20.484000+00:00,Cash,orders_S004_20260603.json,S004,S004_O00672,2026-06-03,12,6,3,Wednesday,23,2,2026-2027,Off-Peak,Weekday,Lunch,2026-06-03T17:41:50.872Z
ST005,C0354,20260603,2026-06-03T17:39:02.237833,O00678,Completed,2026-06-03 12:21:11.484000+00:00,UPI,orders_S004_20260603.json,S004,S004_O00678,2026-06-03,12,6,3,Wednesday,23,2,2026-2027,Off-Peak,Weekday,Lunch,2026-06-03T17:41:50.872Z
ST005,C0175,20260603,2026-06-03T17:39:02.237833,O00680,Completed,2026-06-03 13:14:17.484000+00:00,Cash,orders_S004_20260603.json,S004,S004_O00680,2026-06-03,13,6,3,Wednesday,23,2,2026-2027,Off-Peak,Weekday,Lunch,2026-06-03T17:41:50.872Z
ST007,C0240,20260603,2026-06-03T17:39:02.237833,O00683,Completed,2026-06-03 14:31:21.484000+00:00,UPI,orders_S004_20260603.json,S004,S004_O00683,2026-06-03,14,6,3,Wednesday,23,2,2026-2027,Off-Peak,Weekday,Lunch,2026-06-03T17:41:50.872Z
ST006,C0309,20260603,2026-06-03T17:39:02.237833,O00687,Completed,2026-06-03 17:01:08.484000+00:00,UPI,orders_S004_20260603.json,S004,S004_O00687,2026-06-03,17,6,3,Wednesday,23,2,2026-2027,Off-Peak,Weekday,Dinner,2026-06-03T17:41:50.872Z
ST005,C0085,20260603,2026-06-03T17:39:02.237833,O00692,Completed,2026-06-03 14:00:54.484000+00:00,UPI,orders_S004_20260603.json,S004,S004_O00692,2026-06-03,14,6,3,Wednesday,23,2,2026-2027,Off-Peak,Weekday,Lunch,2026-06-03T17:41:50.872Z
ST013,C0205,20260603,2026-06-03T17:39:02.237833,O00695,Completed,2026-06-03 12:19:02.484000+00:00,Cash,orders_S004_20260603.json,S004,S004_O00695,2026-06-03,12,6,3,Wednesday,23,2,2026-2027,Off-Peak,Weekday,Lunch,2026-06-03T17:41:50.872Z
ST011,C0013,20260603,2026-06-03T17:39:02.237833,O00698,Completed,2026-06-03 12:42:27.484000+00:00,Card,orders_S004_20260603.json,S004,S004_O00698,2026-06-03,12,6,3,Wednesday,23,2,2026-2027,Off-Peak,Weekday,Lunch,2026-06-03T17:41:50.872Z
ST002,C0016,20260603,2026-06-03T17:39:02.237833,O00703,Completed,2026-06-03 12:02:17.484000+00:00,UPI,orders_S004_20260603.json,S004,S004_O00703,2026-06-03,12,6,3,Wednesday,23,2,2026-2027,Off-Peak,Weekday,Lunch,2026-06-03T17:41:50.872Z
ST001,C0048,20260603,2026-06-03T17:39:02.237833,O00704,Completed,2026-06-03 14:40:51.484000+00:00,Cash,orders_S004_20260603.json,S004,S004_O00704,2026-06-03,14,6,3,Wednesday,23,2,2026-2027,Off-Peak,Weekday,Lunch,2026-06-03T17:41:50.872Z
ST012,C0039,20260603,2026-06-03T17:39:02.237833,O00705,Completed,2026-06-03 12:09:13.484000+00:00,Card,orders_S004_20260603.json,S004,S004_O00705,2026-06-03,12,6,3,Wednesday,23,2,2026-2027,Off-Peak,Weekday,Lunch,2026-06-03T17:41:50.872Z
ST015,C0056,20260603,2026-06-03T17:39:02.237833,O00718,Completed,2026-06-03 13:34:43.484000+00:00,UPI,orders_S004_20260603.json,S004,S004_O00718,2026-06-03,13,6,3,Wednesday,23,2,2026-2027,Off-Peak,Weekday,Lunch,2026-06-03T17:41:50.872Z
ST007,C0265,20260603,2026-06-03T17:39:02.237833,O00719,Completed,2026-06-03 16:39:25.484000+00:00,Cash,orders_S004_20260603.json,S004,S004_O00719,2026-06-03,16,6,3,Wednesday,23,2,2026-2027,Off-Peak,Weekday,Snack,2026-06-03T17:41:50.872Z
ST010,C0419,20260603,2026-06-03T17:39:02.237833,O00721,Completed,2026-06-03 13:52:28.484000+00:00,Cash,orders_S004_20260603.json,S004,S004_O00721,2026-06-03,13,6,3,Wednesday,23,2,2026-2027,Off-Peak,Weekday,Lunch,2026-06-03T17:41:50.872Z
ST008,C0149,20260603,2026-06-03T17:39:02.237833,O00723,Completed,2026-06-03 13:21:50.484000+00:00,UPI,orders_S004_20260603.json,S004,S004_O00723,2026-06-03,13,6,3,Wednesday,23,2,2026-2027,Off-Peak,Weekday,Lunch,2026-06-03T17:41:50.872Z
ST008,C0210,20260603,2026-06-03T17:39:02.237833,O00727,Completed,2026-06-03 14:42:02.484000+00:00,UPI,orders_S004_20260603.json,S004,S004_O00727,2026-06-03,14,6,3,Wednesday,23,2,2026-2027,Off-Peak,Weekday,Lunch,2026-06-03T17:41:50.872Z
ST003,C0019,20260603,2026-06-03T17:39:02.237833,O00730,Completed,2026-06-03 13:15:45.484000+00:00,UPI,orders_S004_20260603.json,S004,S004_O00730,2026-06-03,13,6,3,Wednesday,23,2,2026-2027,Off-Peak,Weekday,Lunch,2026-06-03T17:41:50.872Z
ST009,C0076,20260603,2026-06-03T17:39:02.237833,O00732,Completed,2026-06-03 16:04:37.484000+00:00,Card,orders_S004_20260603.json,S004,S004_O00732,2026-06-03,16,6,3,Wednesday,23,2,2026-2027,Off-Peak,Weekday,Snack,2026-06-03T17:41:50.872Z
ST002,C0141,20260603,2026-06-03T17:39:02.237833,O00733,Completed,2026-06-03 14:04:51.484000+00:00,Cash,orders_S004_20260603.json,S004,S004_O00733,2026-06-03,14,6,3,Wednesday,23,2,2026-2027,Off-Peak,Weekday,Lunch,2026-06-03T17:41:50.872Z
ST009,C0081,20260603,2026-06-03T17:39:02.237833,O00734,Completed,2026-06-03 12:01:32.484000+00:00,UPI,orders_S004_20260603.json,S004,S004_O00734,2026-06-03,12,6,3,Wednesday,23,2,2026-2027,Off-Peak,Weekday,Lunch,2026-06-03T17:41:50.872Z
ST003,C0364,20260603,2026-06-03T17:39:02.237833,O00736,Completed,2026-06-03 14:48:49.484000+00:00,UPI,orders_S004_20260603.json,S004,S004_O00736,2026-06-03,14,6,3,Wednesday,23,2,2026-2027,Off-Peak,Weekday,Lunch,2026-06-03T17:41:50.872Z
ST002,C0017,20260603,2026-06-03T17:39:02.237833,O00744,Completed,2026-06-03 14:49:28.484000+00:00,UPI,orders_S004_20260603.json,S004,S004_O00744,2026-06-03,14,6,3,Wednesday,23,2,2026-2027,Off-Peak,Weekday,Lunch,2026-06-03T17:41:50.872Z
ST015,C0326,20260603,2026-06-03T17:39:02.237833,O00746,Completed,2026-06-03 15:41:44.484000+00:00,UPI,orders_S004_20260603.json,S004,S004_O00746,2026-06-03,15,6,3,Wednesday,23,2,2026-2027,Off-Peak,Weekday,Snack,2026-06-03T17:41:50.872Z
ST008,C0331,20260603,2026-06-03T17:39:02.237833,O00747,Completed,2026-06-03 16:06:17.484000+00:00,UPI,orders_S004_20260603.json,S004,S004_O00747,2026-06-03,16,6,3,Wednesday,23,2,2026-2027,Off-Peak,Weekday,Snack,2026-06-03T17:41:50.872Z
ST006,C0076,20260603,2026-06-03T17:39:02.237833,O00751,Completed,2026-06-03 13:22:36.484000+00:00,Cash,orders_S004_20260603.json,S004,S004_O00751,2026-06-03,13,6,3,Wednesday,23,2,2026-2027,Off-Peak,Weekday,Lunch,2026-06-03T17:41:50.872Z
ST015,C0419,20260603,2026-06-03T17:39:02.237833,O00755,Completed,2026-06-03 12:07:14.484000+00:00,UPI,orders_S004_20260603.json,S004,S004_O00755,2026-06-03,12,6,3,Wednesday,23,2,2026-2027,Off-Peak,Weekday,Lunch,2026-06-03T17:41:50.872Z
ST009,C0263,20260603,2026-06-03T17:39:02.237833,O00756,Completed,2026-06-03 14:11:04.484000+00:00,UPI,orders_S004_20260603.json,S004,S004_O00756,2026-06-03,14,6,3,Wednesday,23,2,2026-2027,Off-Peak,Weekday,Lunch,2026-06-03T17:41:50.872Z
ST014,C0320,20260603,2026-06-03T17:39:02.237833,O00759,Completed,2026-06-03 12:16:58.484000+00:00,Cash,orders_S004_20260603.json,S004,S004_O00759,2026-06-03,12,6,3,Wednesday,23,2,2026-2027,Off-Peak,Weekday,Lunch,2026-06-03T17:41:50.872Z
ST005,C0320,20260603,2026-06-03T17:39:02.237833,O00761,Completed,2026-06-03 14:56:43.484000+00:00,UPI,orders_S004_20260603.json,S004,S004_O00761,2026-06-03,14,6,3,Wednesday,23,2,2026-2027,Off-Peak,Weekday,Lunch,2026-06-03T17:41:50.872Z
ST015,C0081,20260603,2026-06-03T17:39:02.237833,O00764,Completed,2026-06-03 17:10:58.484000+00:00,UPI,orders_S004_20260603.json,S004,S004_O00764,2026-06-03,17,6,3,Wednesday,23,2,2026-2027,Off-Peak,Weekday,Dinner,2026-06-03T17:41:50.872Z
ST003,C0072,20260603,2026-06-03T17:39:02.237833,O00765,Completed,2026-06-03 15:02:11.484000+00:00,UPI,orders_S004_20260603.json,S004,S004_O00765,2026-06-03,15,6,3,Wednesday,23,2,2026-2027,Off-Peak,Weekday,Snack,2026-06-03T17:41:50.872Z
ST008,C0383,20260603,2026-06-03T17:39:02.237833,O00766,Completed,2026-06-03 17:15:47.484000+00:00,Cash,orders_S004_20260603.json,S004,S004_O00766,2026-06-03,17,6,3,Wednesday,23,2,2026-2027,Off-Peak,Weekday,Dinner,2026-06-03T17:41:50.872Z
ST008,C0296,20260603,2026-06-03T17:39:02.237833,O00767,Completed,2026-06-03 13:36:09.484000+00:00,UPI,orders_S004_20260603.json,S004,S004_O00767,2026-06-03,13,6,3,Wednesday,23,2,2026-2027,Off-Peak,Weekday,Lunch,2026-06-03T17:41:50.872Z
ST014,C0010,20260603,2026-06-03T17:39:02.237833,O00769,Completed,2026-06-03 17:10:04.484000+00:00,UPI,orders_S004_20260603.json,S004,S004_O00769,2026-06-03,17,6,3,Wednesday,23,2,2026-2027,Off-Peak,Weekday,Dinner,2026-06-03T17:41:50.872Z
ST005,C0314,20260603,2026-06-03T17:39:02.237833,O00774,Completed,2026-06-03 13:19:51.484000+00:00,Cash,orders_S004_20260603.json,S004,S004_O00774,2026-06-03,13,6,3,Wednesday,23,2,2026-2027,Off-Peak,Weekday,Lunch,2026-06-03T17:41:50.872Z
ST012,C0046,20260603,2026-06-03T17:39:02.237833,O00775,Completed,2026-06-03 13:46:12.484000+00:00,UPI,orders_S004_20260603.json,S004,S004_O00775,2026-06-03,13,6,3,Wednesday,23,2,2026-2027,Off-Peak,Weekday,Lunch,2026-06-03T17:41:50.872Z
ST010,C0081,20260603,2026-06-03T17:39:02.237833,O00777,Completed,2026-06-03 15:32:26.484000+00:00,UPI,orders_S004_20260603.json,S004,S004_O00777,2026-06-03,15,6,3,Wednesday,23,2,2026-2027,Off-Peak,Weekday,Snack,2026-06-03T17:41:50.872Z
ST007,C0239,20260603,2026-06-03T17:39:02.237833,O00781,Completed,2026-06-03 17:22:36.484000+00:00,Card,orders_S004_20260603.json,S004,S004_O00781,2026-06-03,17,6,3,Wednesday,23,2,2026-2027,Off-Peak,Weekday,Dinner,2026-06-03T17:41:50.872Z
ST012,C0066,20260603,2026-06-03T17:39:02.237833,O00782,Completed,2026-06-03 16:15:04.484000+00:00,Cash,orders_S004_20260603.json,S004,S004_O00782,2026-06-03,16,6,3,Wednesday,23,2,2026-2027,Off-Peak,Weekday,Snack,2026-06-03T17:41:50.872Z
ST009,C0045,20260603,2026-06-03T17:39:02.237833,O00783,Completed,2026-06-03 17:37:45.484000+00:00,UPI,orders_S004_20260603.json,S004,S004_O00783,2026-06-03,17,6,3,Wednesday,23,2,2026-2027,Off-Peak,Weekday,Dinner,2026-06-03T17:41:50.872Z
ST010,C0045,20260603,2026-06-03T17:39:02.237833,O00792,Completed,2026-06-03 15:50:53.484000+00:00,UPI,orders_S004_20260603.json,S004,S004_O00792,2026-06-03,15,6,3,Wednesday,23,2,2026-2027,Off-Peak,Weekday,Snack,2026-06-03T17:41:50.872Z
ST008,C0388,20260603,2026-06-03T17:39:02.237833,O00795,Completed,2026-06-03 17:10:19.484000+00:00,Card,orders_S004_20260603.json,S004,S004_O00795,2026-06-03,17,6,3,Wednesday,23,2,2026-2027,Off-Peak,Weekday,Dinner,2026-06-03T17:41:50.872Z
ST011,C0002,20260603,2026-06-03T17:39:02.237833,O00796,Completed,2026-06-03 14:14:46.484000+00:00,Cash,orders_S004_20260603.json,S004,S004_O00796,2026-06-03,14,6,3,Wednesday,23,2,2026-2027,Off-Peak,Weekday,Lunch,2026-06-03T17:41:50.872Z
ST008,C0020,20260603,2026-06-03T17:39:02.237833,O00798,Completed,2026-06-03 17:08:01.484000+00:00,Cash,orders_S004_20260603.json,S004,S004_O00798,2026-06-03,17,6,3,Wednesday,23,2,2026-2027,Off-Peak,Weekday,Dinner,2026-06-03T17:41:50.872Z
ST008,C0082,20260603,2026-06-03T17:39:02.237833,O00810,Completed,2026-06-03 12:20:27.484000+00:00,UPI,orders_S004_20260603.json,S004,S004_O00810,2026-06-03,12,6,3,Wednesday,23,2,2026-2027,Off-Peak,Weekday,Lunch,2026-06-03T17:41:50.872Z
ST003,C0046,20260603,2026-06-03T17:39:02.237833,O00811,Completed,2026-06-03 13:28:02.484000+00:00,UPI,orders_S004_20260603.json,S004,S004_O00811,2026-06-03,13,6,3,Wednesday,23,2,2026-2027,Off-Peak,Weekday,Lunch,2026-06-03T17:41:50.872Z
ST011,C0020,20260603,2026-06-03T17:39:02.237833,O00815,Completed,2026-06-03 10:29:35.484000+00:00,Cash,orders_S004_20260603.json,S004,S004_O00815,2026-06-03,10,6,3,Wednesday,23,2,2026-2027,Off-Peak,Weekday,Breakfast,2026-06-03T17:41:50.872Z
ST004,C0216,20260603,2026-06-03T17:39:02.237833,O00819,Completed,2026-06-03 17:09:26.484000+00:00,UPI,orders_S004_20260603.json,S004,S004_O00819,2026-06-03,17,6,3,Wednesday,23,2,2026-2027,Off-Peak,Weekday,Dinner,2026-06-03T17:41:50.872Z
ST009,C0104,20260603,2026-06-03T17:39:02.237833,O00822,Completed,2026-06-03 17:20:33.484000+00:00,UPI,orders_S004_20260603.json,S004,S004_O00822,2026-06-03,17,6,3,Wednesday,23,2,2026-2027,Off-Peak,Weekday,Dinner,2026-06-03T17:41:50.872Z
ST005,C0367,20260603,2026-06-03T17:39:02.237833,O00828,Completed,2026-06-03 14:49:20.484000+00:00,UPI,orders_S004_20260603.json,S004,S004_O00828,2026-06-03,14,6,3,Wednesday,23,2,2026-2027,Off-Peak,Weekday,Lunch,2026-06-03T17:41:50.872Z
ST001,C0232,20260603,2026-06-03T17:39:02.237833,O00830,Completed,2026-06-03 12:45:05.484000+00:00,UPI,orders_S004_20260603.json,S004,S004_O00830,2026-06-03,12,6,3,Wednesday,23,2,2026-2027,Off-Peak,Weekday,Lunch,2026-06-03T17:41:50.872Z
ST003,C0330,20260603,2026-06-03T17:39:02.237833,O00833,Completed,2026-06-03 12:11:22.484000+00:00,UPI,orders_S004_20260603.json,S004,S004_O00833,2026-06-03,12,6,3,Wednesday,23,2,2026-2027,Off-Peak,Weekday,Lunch,2026-06-03T17:41:50.872Z
ST014,C0363,20260603,2026-06-03T17:39:02.237833,O00835,Completed,2026-06-03 12:46:10.484000+00:00,UPI,orders_S004_20260603.json,S004,S004_O00835,2026-06-03,12,6,3,Wednesday,23,2,2026-2027,Off-Peak,Weekday,Lunch,2026-06-03T17:41:50.872Z
ST001,C0083,20260603,2026-06-03T17:39:02.237833,O00839,Completed,2026-06-03 13:56:38.484000+00:00,UPI,orders_S004_20260603.json,S004,S004_O00839,2026-06-03,13,6,3,Wednesday,23,2,2026-2027,Off-Peak,Weekday,Lunch,2026-06-03T17:41:50.872Z
ST015,C0173,20260603,2026-06-03T17:39:02.237833,O00842,Completed,2026-06-03 17:30:35.484000+00:00,UPI,orders_S004_20260603.json,S004,S004_O00842,2026-06-03,17,6,3,Wednesday,23,2,2026-2027,Off-Peak,Weekday,Dinner,2026-06-03T17:41:50.872Z
ST003,C0041,20260603,2026-06-03T17:39:02.237833,O00848,Completed,2026-06-03 13:38:26.484000+00:00,Cash,orders_S004_20260603.json,S004,S004_O00848,2026-06-03,13,6,3,Wednesday,23,2,2026-2027,Off-Peak,Weekday,Lunch,2026-06-03T17:41:50.872Z
ST014,C0060,20260603,2026-06-03T17:39:02.237833,O00849,Completed,2026-06-03 10:54:01.484000+00:00,UPI,orders_S004_20260603.json,S004,S004_O00849,2026-06-03,10,6,3,Wednesday,23,2,2026-2027,Off-Peak,Weekday,Breakfast,2026-06-03T17:41:50.872Z
ST002,C0066,20260603,2026-06-03T17:39:02.237833,O00858,Completed,2026-06-03 12:01:55.484000+00:00,UPI,orders_S004_20260603.json,S004,S004_O00858,2026-06-03,12,6,3,Wednesday,23,2,2026-2027,Off-Peak,Weekday,Lunch,2026-06-03T17:41:50.872Z
ST002,C0128,20260603,2026-06-03T17:39:02.237833,O00860,Completed,2026-06-03 15:35:37.484000+00:00,UPI,orders_S004_20260603.json,S004,S004_O00860,2026-06-03,15,6,3,Wednesday,23,2,2026-2027,Off-Peak,Weekday,Snack,2026-06-03T17:41:50.872Z
ST004,C0387,20260603,2026-06-03T17:39:02.237833,O00861,Completed,2026-06-03 14:22:29.484000+00:00,UPI,orders_S004_20260603.json,S004,S004_O00861,2026-06-03,14,6,3,Wednesday,23,2,2026-2027,Off-Peak,Weekday,Lunch,2026-06-03T17:41:50.872Z
ST013,C0101,20260603,2026-06-03T17:39:02.237833,O00862,Completed,2026-06-03 17:34:10.484000+00:00,UPI,orders_S004_20260603.json,S004,S004_O00862,2026-06-03,17,6,3,Wednesday,23,2,2026-2027,Off-Peak,Weekday,Dinner,2026-06-03T17:41:50.872Z
ST015,C0172,20260603,2026-06-03T17:39:02.237833,O00869,Completed,2026-06-03 12:42:09.484000+00:00,Cash,orders_S004_20260603.json,S004,S004_O00869,2026-06-03,12,6,3,Wednesday,23,2,2026-2027,Off-Peak,Weekday,Lunch,2026-06-03T17:41:50.872Z
ST001,C0070,20260603,2026-06-03T17:39:02.237833,O00870,Completed,2026-06-03 12:33:30.484000+00:00,UPI,orders_S004_20260603.json,S004,S004_O00870,2026-06-03,12,6,3,Wednesday,23,2,2026-2027,Off-Peak,Weekday,Lunch,2026-06-03T17:41:50.872Z
ST013,C0134,20260603,2026-06-03T17:39:02.237833,O00871,Completed,2026-06-03 15:58:30.484000+00:00,Card,orders_S004_20260603.json,S004,S004_O00871,2026-06-03,15,6,3,Wednesday,23,2,2026-2027,Off-Peak,Weekday,Snack,2026-06-03T17:41:50.872Z
ST014,C0333,20260603,2026-06-03T17:39:02.237833,O00877,Completed,2026-06-03 12:00:39.484000+00:00,UPI,orders_S004_20260603.json,S004,S004_O00877,2026-06-03,12,6,3,Wednesday,23,2,2026-2027,Off-Peak,Weekday,Lunch,2026-06-03T17:41:50.872Z
ST001,C0276,20260603,2026-06-03T17:39:02.237833,O00878,Completed,2026-06-03 17:26:26.484000+00:00,UPI,orders_S004_20260603.json,S004,S004_O00878,2026-06-03,17,6,3,Wednesday,23,2,2026-2027,Off-Peak,Weekday,Dinner,2026-06-03T17:41:50.872Z
ST015,C0028,20260603,2026-06-03T17:39:02.237833,O00881,Completed,2026-06-03 14:33:05.484000+00:00,Cash,orders_S004_20260603.json,S004,S004_O00881,2026-06-03,14,6,3,Wednesday,23,2,2026-2027,Off-Peak,Weekday,Lunch,2026-06-03T17:41:50.872Z
ST007,C0060,20260603,2026-06-03T17:39:02.237833,O00882,Completed,2026-06-03 10:50:38.484000+00:00,UPI,orders_S004_20260603.json,S004,S004_O00882,2026-06-03,10,6,3,Wednesday,23,2,2026-2027,Off-Peak,Weekday,Breakfast,2026-06-03T17:41:50.872Z
ST009,C0089,20260603,2026-06-03T17:39:02.237833,O00887,Completed,2026-06-03 16:15:01.484000+00:00,Cash,orders_S004_20260603.json,S004,S004_O00887,2026-06-03,16,6,3,Wednesday,23,2,2026-2027,Off-Peak,Weekday,Snack,2026-06-03T17:41:50.872Z
ST011,C0020,20260603,2026-06-03T17:39:02.237833,O00889,Completed,2026-06-03 14:28:29.484000+00:00,UPI,orders_S004_20260603.json,S004,S004_O00889,2026-06-03,14,6,3,Wednesday,23,2,2026-2027,Off-Peak,Weekday,Lunch,2026-06-03T17:41:50.872Z
ST001,C0032,20260603,2026-06-03T17:39:02.237833,O00894,Completed,2026-06-03 13:06:21.484000+00:00,Cash,orders_S004_20260603.json,S004,S004_O00894,2026-06-03,13,6,3,Wednesday,23,2,2026-2027,Off-Peak,Weekday,Lunch,2026-06-03T17:41:50.872Z
ST005,C0038,20260603,2026-06-03T17:39:02.237833,O00897,Completed,2026-06-03 12:36:18.484000+00:00,Cash,orders_S004_20260603.json,S004,S004_O00897,2026-06-03,12,6,3,Wednesday,23,2,2026-2027,Off-Peak,Weekday,Lunch,2026-06-03T17:41:50.872Z
ST012,C0359,20260603,2026-06-03T17:39:02.237833,O00898,Completed,2026-06-03 11:17:47.484000+00:00,Cash,orders_S004_20260603.json,S004,S004_O00898,2026-06-03,11,6,3,Wednesday,23,2,2026-2027,Off-Peak,Weekday,Breakfast,2026-06-03T17:41:50.872Z
ST010,C0215,20260603,2026-06-03T17:39:02.237833,O00899,Completed,2026-06-03 13:57:54.484000+00:00,Card,orders_S004_20260603.json,S004,S004_O00899,2026-06-03,13,6,3,Wednesday,23,2,2026-2027,Off-Peak,Weekday,Lunch,2026-06-03T17:41:50.872Z
ST006,C0025,20260603,2026-06-03T17:39:02.237833,O00900,Completed,2026-06-03 14:28:09.484000+00:00,Card,orders_S004_20260603.json,S004,S004_O00900,2026-06-03,14,6,3,Wednesday,23,2,2026-2027,Off-Peak,Weekday,Lunch,2026-06-03T17:41:50.872Z
ST009,C0189,20260603,2026-06-03T17:38:57.867061,O00007,Completed,2026-06-03 11:10:15.486000+00:00,Cash,orders_S006_20260603.json,S006,S006_O00007,2026-06-03,11,6,3,Wednesday,23,2,2026-2027,Off-Peak,Weekday,Breakfast,2026-06-03T17:41:50.872Z
ST007,C0136,20260603,2026-06-03T17:38:57.867061,O00008,Completed,2026-06-03 13:16:44.486000+00:00,Cash,orders_S006_20260603.json,S006,S006_O00008,2026-06-03,13,6,3,Wednesday,23,2,2026-2027,Off-Peak,Weekday,Lunch,2026-06-03T17:41:50.872Z
ST014,C0028,20260603,2026-06-03T17:38:57.867061,O00010,Completed,2026-06-03 14:44:18.486000+00:00,UPI,orders_S006_20260603.json,S006,S006_O00010,2026-06-03,14,6,3,Wednesday,23,2,2026-2027,Off-Peak,Weekday,Lunch,2026-06-03T17:41:50.872Z
ST014,C0055,20260603,2026-06-03T17:38:57.867061,O00011,Completed,2026-06-03 10:32:56.486000+00:00,UPI,orders_S006_20260603.json,S006,S006_O00011,2026-06-03,10,6,3,Wednesday,23,2,2026-2027,Off-Peak,Weekday,Breakfast,2026-06-03T17:41:50.872Z
ST007,C0014,20260603,2026-06-03T17:38:57.867061,O00013,Completed,2026-06-03 13:10:50.486000+00:00,Cash,orders_S006_20260603.json,S006,S006_O00013,2026-06-03,13,6,3,Wednesday,23,2,2026-2027,Off-Peak,Weekday,Lunch,2026-06-03T17:41:50.872Z
ST005,C0026,20260603,2026-06-03T17:38:57.867061,O00015,Completed,2026-06-03 14:15:34.486000+00:00,Cash,orders_S006_20260603.json,S006,S006_O00015,2026-06-03,14,6,3,Wednesday,23,2,2026-2027,Off-Peak,Weekday,Lunch,2026-06-03T17:41:50.872Z
ST011,C0187,20260603,2026-06-03T17:38:57.867061,O00016,Completed,2026-06-03 16:36:53.486000+00:00,Card,orders_S006_20260603.json,S006,S006_O00016,2026-06-03,16,6,3,Wednesday,23,2,2026-2027,Off-Peak,Weekday,Snack,2026-06-03T17:41:50.872Z
ST005,C0065,20260603,2026-06-03T17:38:57.867061,O00017,Completed,2026-06-03 12:59:13.486000+00:00,UPI,orders_S006_20260603.json,S006,S006_O00017,2026-06-03,12,6,3,Wednesday,23,2,2026-2027,Off-Peak,Weekday,Lunch,2026-06-03T17:41:50.872Z
ST005,C0012,20260603,2026-06-03T17:38:57.867061,O00021,Completed,2026-06-03 14:03:29.486000+00:00,Cash,orders_S006_20260603.json,S006,S006_O00021,2026-06-03,14,6,3,Wednesday,23,2,2026-2027,Off-Peak,Weekday,Lunch,2026-06-03T17:41:50.872Z
ST011,C0269,20260603,2026-06-03T17:38:57.867061,O00024,Completed,2026-06-03 17:39:42.486000+00:00,Cash,orders_S006_20260603.json,S006,S006_O00024,2026-06-03,17,6,3,Wednesday,23,2,2026-2027,Off-Peak,Weekday,Dinner,2026-06-03T17:41:50.872Z
ST012,C0131,20260603,2026-06-03T17:38:57.867061,O00027,Completed,2026-06-03 14:28:21.486000+00:00,UPI,orders_S006_20260603.json,S006,S006_O00027,2026-06-03,14,6,3,Wednesday,23,2,2026-2027,Off-Peak,Weekday,Lunch,2026-06-03T17:41:50.872Z
ST001,C0219,20260603,2026-06-03T17:38:57.867061,O00036,Completed,2026-06-03 17:24:25.486000+00:00,UPI,orders_S006_20260603.json,S006,S006_O00036,2026-06-03,17,6,3,Wednesday,23,2,2026-2027,Off-Peak,Weekday,Dinner,2026-06-03T17:41:50.872Z
ST001,C0012,20260603,2026-06-03T17:38:57.867061,O00038,Completed,2026-06-03 13:05:14.486000+00:00,UPI,orders_S006_20260603.json,S006,S006_O00038,2026-06-03,13,6,3,Wednesday,23,2,2026-2027,Off-Peak,Weekday,Lunch,2026-06-03T17:41:50.872Z
ST006,C0083,20260603,2026-06-03T17:38:57.867061,O00041,Completed,2026-06-03 12:24:56.486000+00:00,UPI,orders_S006_20260603.json,S006,S006_O00041,2026-06-03,12,6,3,Wednesday,23,2,2026-2027,Off-Peak,Weekday,Lunch,2026-06-03T17:41:50.872Z
ST012,C0007,20260603,2026-06-03T17:38:57.867061,O00042,Completed,2026-06-03 13:52:21.486000+00:00,Card,orders_S006_20260603.json,S006,S006_O00042,2026-06-03,13,6,3,Wednesday,23,2,2026-2027,Off-Peak,Weekday,Lunch,2026-06-03T17:41:50.872Z
ST003,C0003,20260603,2026-06-03T17:38:57.867061,O00043,Completed,2026-06-03 15:18:03.486000+00:00,Cash,orders_S006_20260603.json,S006,S006_O00043,2026-06-03,15,6,3,Wednesday,23,2,2026-2027,Off-Peak,Weekday,Snack,2026-06-03T17:41:50.872Z
ST008,C0004,20260603,2026-06-03T17:38:57.867061,O00047,Completed,2026-06-03 17:16:10.486000+00:00,UPI,orders_S006_20260603.json,S006,S006_O00047,2026-06-03,17,6,3,Wednesday,23,2,2026-2027,Off-Peak,Weekday,Dinner,2026-06-03T17:41:50.872Z
ST002,C0057,20260603,2026-06-03T17:38:57.867061,O00054,Completed,2026-06-03 15:50:42.486000+00:00,Cash,orders_S006_20260603.json,S006,S006_O00054,2026-06-03,15,6,3,Wednesday,23,2,2026-2027,Off-Peak,Weekday,Snack,2026-06-03T17:41:50.872Z
ST006,C0076,20260603,2026-06-03T17:38:57.867061,O00055,Completed,2026-06-03 16:53:54.486000+00:00,UPI,orders_S006_20260603.json,S006,S006_O00055,2026-06-03,16,6,3,Wednesday,23,2,2026-2027,Off-Peak,Weekday,Snack,2026-06-03T17:41:50.872Z
ST009,C0049,20260603,2026-06-03T17:38:57.867061,O00058,Completed,2026-06-03 17:40:32.486000+00:00,UPI,orders_S006_20260603.json,S006,S006_O00058,2026-06-03,17,6,3,Wednesday,23,2,2026-2027,Off-Peak,Weekday,Dinner,2026-06-03T17:41:50.872Z
ST015,C0191,20260603,2026-06-03T17:38:57.867061,O00059,Completed,2026-06-03 12:33:43.486000+00:00,Card,orders_S006_20260603.json,S006,S006_O00059,2026-06-03,12,6,3,Wednesday,23,2,2026-2027,Off-Peak,Weekday,Lunch,2026-06-03T17:41:50.872Z
ST010,C0150,20260603,2026-06-03T17:38:57.867061,O00062,Completed,2026-06-03 17:16:45.486000+00:00,UPI,orders_S006_20260603.json,S006,S006_O00062,2026-06-03,17,6,3,Wednesday,23,2,2026-2027,Off-Peak,Weekday,Dinner,2026-06-03T17:41:50.872Z
ST004,C0236,20260603,2026-06-03T17:38:57.867061,O00063,Completed,2026-06-03 12:16:14.486000+00:00,UPI,orders_S006_20260603.json,S006,S006_O00063,2026-06-03,12,6,3,Wednesday,23,2,2026-2027,Off-Peak,Weekday,Lunch,2026-06-03T17:41:50.872Z
ST007,C0294,20260603,2026-06-03T17:38:57.867061,O00066,Completed,2026-06-03 11:20:39.486000+00:00,Cash,orders_S006_20260603.json,S006,S006_O00066,2026-06-03,11,6,3,Wednesday,23,2,2026-2027,Off-Peak,Weekday,Breakfast,2026-06-03T17:41:50.872Z
ST003,C0059,20260603,2026-06-03T17:38:57.867061,O00068,Completed,2026-06-03 12:34:10.486000+00:00,UPI,orders_S006_20260603.json,S006,S006_O00068,2026-06-03,12,6,3,Wednesday,23,2,2026-2027,Off-Peak,Weekday,Lunch,2026-06-03T17:41:50.872Z
ST003,C0105,20260603,2026-06-03T17:38:57.867061,O00070,Completed,2026-06-03 12:17:08.486000+00:00,Cash,orders_S006_20260603.json,S006,S006_O00070,2026-06-03,12,6,3,Wednesday,23,2,2026-2027,Off-Peak,Weekday,Lunch,2026-06-03T17:41:50.872Z
ST009,C0234,20260603,2026-06-03T17:38:57.867061,O00071,Completed,2026-06-03 11:53:51.486000+00:00,Cash,orders_S006_20260603.json,S006,S006_O00071,2026-06-03,11,6,3,Wednesday,23,2,2026-2027,Off-Peak,Weekday,Breakfast,2026-06-03T17:41:50.872Z
ST006,C0214,20260603,2026-06-03T17:38:57.867061,O00072,Completed,2026-06-03 14:54:55.486000+00:00,UPI,orders_S006_20260603.json,S006,S006_O00072,2026-06-03,14,6,3,Wednesday,23,2,2026-2027,Off-Peak,Weekday,Lunch,2026-06-03T17:41:50.872Z
ST005,C0075,20260603,2026-06-03T17:38:57.867061,O00074,Completed,2026-06-03 16:15:49.486000+00:00,Cash,orders_S006_20260603.json,S006,S006_O00074,2026-06-03,16,6,3,Wednesday,23,2,2026-2027,Off-Peak,Weekday,Snack,2026-06-03T17:41:50.872Z
ST009,C0211,20260603,2026-06-03T17:38:57.867061,O00075,Completed,2026-06-03 15:13:00.486000+00:00,UPI,orders_S006_20260603.json,S006,S006_O00075,2026-06-03,15,6,3,Wednesday,23,2,2026-2027,Off-Peak,Weekday,Snack,2026-06-03T17:41:50.872Z
ST009,C0002,20260603,2026-06-03T17:38:57.867061,O00080,Completed,2026-06-03 16:50:52.486000+00:00,Card,orders_S006_20260603.json,S006,S006_O00080,2026-06-03,16,6,3,Wednesday,23,2,2026-2027,Off-Peak,Weekday,Snack,2026-06-03T17:41:50.872Z
ST005,C0285,20260603,2026-06-03T17:38:57.867061,O00081,Completed,2026-06-03 13:17:30.486000+00:00,Cash,orders_S006_20260603.json,S006,S006_O00081,2026-06-03,13,6,3,Wednesday,23,2,2026-2027,Off-Peak,Weekday,Lunch,2026-06-03T17:41:50.872Z
ST001,C0299,20260603,2026-06-03T17:38:57.867061,O00084,Completed,2026-06-03 11:21:20.486000+00:00,Cash,orders_S006_20260603.json,S006,S006_O00084,2026-06-03,11,6,3,Wednesday,23,2,2026-2027,Off-Peak,Weekday,Breakfast,2026-06-03T17:41:50.872Z
ST003,C0020,20260603,2026-06-03T17:38:57.867061,O00089,Completed,2026-06-03 11:52:05.486000+00:00,Cash,orders_S006_20260603.json,S006,S006_O00089,2026-06-03,11,6,3,Wednesday,23,2,2026-2027,Off-Peak,Weekday,Breakfast,2026-06-03T17:41:50.872Z
ST001,C0009,20260603,2026-06-03T17:38:57.867061,O00092,Completed,2026-06-03 16:23:46.486000+00:00,UPI,orders_S006_20260603.json,S006,S006_O00092,2026-06-03,16,6,3,Wednesday,23,2,2026-2027,Off-Peak,Weekday,Snack,2026-06-03T17:41:50.872Z
ST009,C0034,20260603,2026-06-03T17:38:57.867061,O00096,Completed,2026-06-03 13:07:38.486000+00:00,UPI,orders_S006_20260603.json,S006,S006_O00096,2026-06-03,13,6,3,Wednesday,23,2,2026-2027,Off-Peak,Weekday,Lunch,2026-06-03T17:41:50.872Z
ST007,C0044,20260603,2026-06-03T17:38:57.867061,O00104,Completed,2026-06-03 11:05:09.486000+00:00,UPI,orders_S006_20260603.json,S006,S006_O00104,2026-06-03,11,6,3,Wednesday,23,2,2026-2027,Off-Peak,Weekday,Breakfast,2026-06-03T17:41:50.872Z
ST013,C0058,20260603,2026-06-03T17:38:57.867061,O00110,Completed,2026-06-03 12:13:33.486000+00:00,Cash,orders_S006_20260603.json,S006,S006_O00110,2026-06-03,12,6,3,Wednesday,23,2,2026-2027,Off-Peak,Weekday,Lunch,2026-06-03T17:41:50.872Z
ST007,C0184,20260603,2026-06-03T17:38:57.867061,O00116,Completed,2026-06-03 15:10:33.486000+00:00,Card,orders_S006_20260603.json,S006,S006_O00116,2026-06-03,15,6,3,Wednesday,23,2,2026-2027,Off-Peak,Weekday,Snack,2026-06-03T17:41:50.872Z
ST006,C0056,20260603,2026-06-03T17:38:57.867061,O00119,Completed,2026-06-03 16:00:31.486000+00:00,UPI,orders_S006_20260603.json,S006,S006_O00119,2026-06-03,16,6,3,Wednesday,23,2,2026-2027,Off-Peak,Weekday,Snack,2026-06-03T17:41:50.872Z
ST008,C0048,20260603,2026-06-03T17:38:57.867061,O00120,Completed,2026-06-03 12:42:52.486000+00:00,Cash,orders_S006_20260603.json,S006,S006_O00120,2026-06-03,12,6,3,Wednesday,23,2,2026-2027,Off-Peak,Weekday,Lunch,2026-06-03T17:41:50.872Z
ST003,C0176,20260603,2026-06-03T17:38:57.867061,O00122,Completed,2026-06-03 13:25:38.486000+00:00,Cash,orders_S006_20260603.json,S006,S006_O00122,2026-06-03,13,6,3,Wednesday,23,2,2026-2027,Off-Peak,Weekday,Lunch,2026-06-03T17:41:50.872Z
ST013,C0096,20260603,2026-06-03T17:38:57.867061,O00123,Completed,2026-06-03 16:30:01.486000+00:00,Card,orders_S006_20260603.json,S006,S006_O00123,2026-06-03,16,6,3,Wednesday,23,2,2026-2027,Off-Peak,Weekday,Snack,2026-06-03T17:41:50.872Z
ST011,C0222,20260603,2026-06-03T17:38:57.867061,O00125,Completed,2026-06-03 12:04:18.486000+00:00,Cash,orders_S006_20260603.json,S006,S006_O00125,2026-06-03,12,6,3,Wednesday,23,2,2026-2027,Off-Peak,Weekday,Lunch,2026-06-03T17:41:50.872Z
ST012,C0271,20260603,2026-06-03T17:38:57.867061,O00128,Completed,2026-06-03 13:15:20.486000+00:00,UPI,orders_S006_20260603.json,S006,S006_O00128,2026-06-03,13,6,3,Wednesday,23,2,2026-2027,Off-Peak,Weekday,Lunch,2026-06-03T17:41:50.872Z
ST005,C0145,20260603,2026-06-03T17:38:57.867061,O00129,Completed,2026-06-03 11:33:21.486000+00:00,UPI,orders_S006_20260603.json,S006,S006_O00129,2026-06-03,11,6,3,Wednesday,23,2,2026-2027,Off-Peak,Weekday,Breakfast,2026-06-03T17:41:50.872Z
ST008,C0264,20260603,2026-06-03T17:38:57.867061,O00134,Completed,2026-06-03 17:31:54.486000+00:00,Cash,orders_S006_20260603.json,S006,S006_O00134,2026-06-03,17,6,3,Wednesday,23,2,2026-2027,Off-Peak,Weekday,Dinner,2026-06-03T17:41:50.872Z
ST008,C0151,20260603,2026-06-03T17:38:57.867061,O00136,Completed,2026-06-03 13:00:30.486000+00:00,Cash,orders_S006_20260603.json,S006,S006_O00136,2026-06-03,13,6,3,Wednesday,23,2,2026-2027,Off-Peak,Weekday,Lunch,2026-06-03T17:41:50.872Z
ST008,C0199,20260603,2026-06-03T17:38:57.867061,O00141,Completed,2026-06-03 15:33:57.486000+00:00,Card,orders_S006_20260603.json,S006,S006_O00141,2026-06-03,15,6,3,Wednesday,23,2,2026-2027,Off-Peak,Weekday,Snack,2026-06-03T17:41:50.872Z
ST015,C0287,20260603,2026-06-03T17:38:57.867061,O00143,Completed,2026-06-03 13:52:55.486000+00:00,UPI,orders_S006_20260603.json,S006,S006_O00143,2026-06-03,13,6,3,Wednesday,23,2,2026-2027,Off-Peak,Weekday,Lunch,2026-06-03T17:41:50.872Z
ST011,C0035,20260603,2026-06-03T17:38:57.867061,O00146,Completed,2026-06-03 17:10:49.486000+00:00,Card,orders_S006_20260603.json,S006,S006_O00146,2026-06-03,17,6,3,Wednesday,23,2,2026-2027,Off-Peak,Weekday,Dinner,2026-06-03T17:41:50.872Z
ST015,C0154,20260603,2026-06-03T17:38:57.867061,O00152,Completed,2026-06-03 14:50:11.486000+00:00,Cash,orders_S006_20260603.json,S006,S006_O00152,2026-06-03,14,6,3,Wednesday,23,2,2026-2027,Off-Peak,Weekday,Lunch,2026-06-03T17:41:50.872Z
ST002,C0255,20260603,2026-06-03T17:38:57.867061,O00159,Completed,2026-06-03 16:11:17.486000+00:00,UPI,orders_S006_20260603.json,S006,S006_O00159,2026-06-03,16,6,3,Wednesday,23,2,2026-2027,Off-Peak,Weekday,Snack,2026-06-03T17:41:50.872Z
ST007,C0184,20260603,2026-06-03T17:38:57.867061,O00163,Completed,2026-06-03 10:09:18.486000+00:00,UPI,orders_S006_20260603.json,S006,S006_O00163,2026-06-03,10,6,3,Wednesday,23,2,2026-2027,Off-Peak,Weekday,Breakfast,2026-06-03T17:41:50.872Z
ST013,C0028,20260603,2026-06-03T17:38:57.867061,O00164,Completed,2026-06-03 14:57:54.486000+00:00,UPI,orders_S006_20260603.json,S006,S006_O00164,2026-06-03,14,6,3,Wednesday,23,2,2026-2027,Off-Peak,Weekday,Lunch,2026-06-03T17:41:50.872Z
ST013,C0029,20260603,2026-06-03T17:38:57.867061,O00170,Completed,2026-06-03 13:37:21.486000+00:00,Cash,orders_S006_20260603.json,S006,S006_O00170,2026-06-03,13,6,3,Wednesday,23,2,2026-2027,Off-Peak,Weekday,Lunch,2026-06-03T17:41:50.872Z
ST006,C0054,20260603,2026-06-03T17:38:57.867061,O00179,Completed,2026-06-03 13:06:29.486000+00:00,Cash,orders_S006_20260603.json,S006,S006_O00179,2026-06-03,13,6,3,Wednesday,23,2,2026-2027,Off-Peak,Weekday,Lunch,2026-06-03T17:41:50.872Z
ST011,C0183,20260603,2026-06-03T17:38:57.867061,O00180,Completed,2026-06-03 17:36:05.486000+00:00,UPI,orders_S006_20260603.json,S006,S006_O00180,2026-06-03,17,6,3,Wednesday,23,2,2026-2027,Off-Peak,Weekday,Dinner,2026-06-03T17:41:50.872Z
ST010,C0108,20260603,2026-06-03T17:38:57.867061,O00187,Completed,2026-06-03 14:22:18.486000+00:00,Card,orders_S006_20260603.json,S006,S006_O00187,2026-06-03,14,6,3,Wednesday,23,2,2026-2027,Off-Peak,Weekday,Lunch,2026-06-03T17:41:50.872Z
ST015,C0077,20260603,2026-06-03T17:38:57.867061,O00191,Completed,2026-06-03 17:25:13.486000+00:00,Cash,orders_S006_20260603.json,S006,S006_O00191,2026-06-03,17,6,3,Wednesday,23,2,2026-2027,Off-Peak,Weekday,Dinner,2026-06-03T17:41:50.872Z
ST005,C0249,20260603,2026-06-03T17:38:57.867061,O00192,Completed,2026-06-03 16:05:01.486000+00:00,Cash,orders_S006_20260603.json,S006,S006_O00192,2026-06-03,16,6,3,Wednesday,23,2,2026-2027,Off-Peak,Weekday,Snack,2026-06-03T17:41:50.872Z
ST002,C0239,20260603,2026-06-03T17:38:57.867061,O00193,Completed,2026-06-03 15:56:19.486000+00:00,UPI,orders_S006_20260603.json,S006,S006_O00193,2026-06-03,15,6,3,Wednesday,23,2,2026-2027,Off-Peak,Weekday,Snack,2026-06-03T17:41:50.872Z
ST002,C0091,20260603,2026-06-03T17:38:57.867061,O00197,Completed,2026-06-03 17:25:51.486000+00:00,UPI,orders_S006_20260603.json,S006,S006_O00197,2026-06-03,17,6,3,Wednesday,23,2,2026-2027,Off-Peak,Weekday,Dinner,2026-06-03T17:41:50.872Z
ST004,C0004,20260603,2026-06-03T17:38:57.867061,O00198,Completed,2026-06-03 12:15:24.486000+00:00,Card,orders_S006_20260603.json,S006,S006_O00198,2026-06-03,12,6,3,Wednesday,23,2,2026-2027,Off-Peak,Weekday,Lunch,2026-06-03T17:41:50.872Z
ST003,C0073,20260603,2026-06-03T17:38:57.867061,O00200,Completed,2026-06-03 12:51:48.486000+00:00,Card,orders_S006_20260603.json,S006,S006_O00200,2026-06-03,12,6,3,Wednesday,23,2,2026-2027,Off-Peak,Weekday,Lunch,2026-06-03T17:41:50.872Z
ST014,C0284,20260603,2026-06-03T17:38:57.867061,O00201,Completed,2026-06-03 14:13:42.486000+00:00,UPI,orders_S006_20260603.json,S006,S006_O00201,2026-06-03,14,6,3,Wednesday,23,2,2026-2027,Off-Peak,Weekday,Lunch,2026-06-03T17:41:50.872Z
ST005,C0039,20260603,2026-06-03T17:38:57.867061,O00207,Completed,2026-06-03 17:38:32.486000+00:00,UPI,orders_S006_20260603.json,S006,S006_O00207,2026-06-03,17,6,3,Wednesday,23,2,2026-2027,Off-Peak,Weekday,Dinner,2026-06-03T17:41:50.872Z
ST004,C0027,20260603,2026-06-03T17:38:57.867061,O00212,Completed,2026-06-03 10:10:08.486000+00:00,UPI,orders_S006_20260603.json,S006,S006_O00212,2026-06-03,10,6,3,Wednesday,23,2,2026-2027,Off-Peak,Weekday,Breakfast,2026-06-03T17:41:50.872Z
ST001,C0270,20260603,2026-06-03T17:38:57.867061,O00213,Completed,2026-06-03 17:05:12.486000+00:00,UPI,orders_S006_20260603.json,S006,S006_O00213,2026-06-03,17,6,3,Wednesday,23,2,2026-2027,Off-Peak,Weekday,Dinner,2026-06-03T17:41:50.872Z
ST001,C0200,20260603,2026-06-03T17:38:57.867061,O00214,Completed,2026-06-03 13:36:00.486000+00:00,UPI,orders_S006_20260603.json,S006,S006_O00214,2026-06-03,13,6,3,Wednesday,23,2,2026-2027,Off-Peak,Weekday,Lunch,2026-06-03T17:41:50.872Z
ST010,C0045,20260603,2026-06-03T17:38:57.867061,O00217,Completed,2026-06-03 14:43:02.486000+00:00,UPI,orders_S006_20260603.json,S006,S006_O00217,2026-06-03,14,6,3,Wednesday,23,2,2026-2027,Off-Peak,Weekday,Lunch,2026-06-03T17:41:50.872Z
ST008,C0109,20260603,2026-06-03T17:38:57.867061,O00218,Completed,2026-06-03 15:35:13.486000+00:00,UPI,orders_S006_20260603.json,S006,S006_O00218,2026-06-03,15,6,3,Wednesday,23,2,2026-2027,Off-Peak,Weekday,Snack,2026-06-03T17:41:50.872Z
ST006,C0038,20260603,2026-06-03T17:38:57.867061,O00220,Completed,2026-06-03 14:35:14.486000+00:00,Cash,orders_S006_20260603.json,S006,S006_O00220,2026-06-03,14,6,3,Wednesday,23,2,2026-2027,Off-Peak,Weekday,Lunch,2026-06-03T17:41:50.872Z
ST007,C0203,20260603,2026-06-03T17:38:57.867061,O00221,Completed,2026-06-03 13:06:15.486000+00:00,Cash,orders_S006_20260603.json,S006,S006_O00221,2026-06-03,13,6,3,Wednesday,23,2,2026-2027,Off-Peak,Weekday,Lunch,2026-06-03T17:41:50.872Z
ST011,C0216,20260603,2026-06-03T17:38:57.867061,O00224,Completed,2026-06-03 14:35:49.486000+00:00,Card,orders_S006_20260603.json,S006,S006_O00224,2026-06-03,14,6,3,Wednesday,23,2,2026-2027,Off-Peak,Weekday,Lunch,2026-06-03T17:41:50.872Z
ST004,C0048,20260603,2026-06-03T17:38:57.867061,O00226,Completed,2026-06-03 13:28:13.486000+00:00,Card,orders_S006_20260603.json,S006,S006_O00226,2026-06-03,13,6,3,Wednesday,23,2,2026-2027,Off-Peak,Weekday,Lunch,2026-06-03T17:41:50.872Z
ST015,C0042,20260603,2026-06-03T17:38:57.867061,O00228,Completed,2026-06-03 14:10:55.486000+00:00,Cash,orders_S006_20260603.json,S006,S006_O00228,2026-06-03,14,6,3,Wednesday,23,2,2026-2027,Off-Peak,Weekday,Lunch,2026-06-03T17:41:50.872Z
ST013,C0190,20260603,2026-06-03T17:38:57.867061,O00230,Completed,2026-06-03 13:16:27.486000+00:00,Cash,orders_S006_20260603.json,S006,S006_O00230,2026-06-03,13,6,3,Wednesday,23,2,2026-2027,Off-Peak,Weekday,Lunch,2026-06-03T17:41:50.872Z
ST001,C0048,20260603,2026-06-03T17:38:57.867061,O00231,Completed,2026-06-03 16:36:27.486000+00:00,Card,orders_S006_20260603.json,S006,S006_O00231,2026-06-03,16,6,3,Wednesday,23,2,2026-2027,Off-Peak,Weekday,Snack,2026-06-03T17:41:50.872Z
ST007,C0097,20260603,2026-06-03T17:38:57.867061,O00234,Completed,2026-06-03 13:09:49.486000+00:00,UPI,orders_S006_20260603.json,S006,S006_O00234,2026-06-03,13,6,3,Wednesday,23,2,2026-2027,Off-Peak,Weekday,Lunch,2026-06-03T17:41:50.872Z
ST003,C0135,20260603,2026-06-03T17:38:57.867061,O00235,Completed,2026-06-03 10:31:41.486000+00:00,UPI,orders_S006_20260603.json,S006,S006_O00235,2026-06-03,10,6,3,Wednesday,23,2,2026-2027,Off-Peak,Weekday,Breakfast,2026-06-03T17:41:50.872Z
ST010,C0137,20260603,2026-06-03T17:38:57.867061,O00236,Completed,2026-06-03 12:46:23.486000+00:00,Cash,orders_S006_20260603.json,S006,S006_O00236,2026-06-03,12,6,3,Wednesday,23,2,2026-2027,Off-Peak,Weekday,Lunch,2026-06-03T17:41:50.872Z
ST006,C0166,20260603,2026-06-03T17:38:57.867061,O00260,Completed,2026-06-03 17:33:28.486000+00:00,Cash,orders_S006_20260603.json,S006,S006_O00260,2026-06-03,17,6,3,Wednesday,23,2,2026-2027,Off-Peak,Weekday,Dinner,2026-06-03T17:41:50.872Z
ST001,C0212,20260603,2026-06-03T17:38:57.867061,O00262,Completed,2026-06-03 11:20:12.486000+00:00,UPI,orders_S006_20260603.json,S006,S006_O00262,2026-06-03,11,6,3,Wednesday,23,2,2026-2027,Off-Peak,Weekday,Breakfast,2026-06-03T17:41:50.872Z
ST001,C0014,20260603,2026-06-03T17:38:57.867061,O00263,Completed,2026-06-03 13:35:45.486000+00:00,Cash,orders_S006_20260603.json,S006,S006_O00263,2026-06-03,13,6,3,Wednesday,23,2,2026-2027,Off-Peak,Weekday,Lunch,2026-06-03T17:41:50.872Z
ST015,C0167,20260603,2026-06-03T17:38:57.867061,O00265,Completed,2026-06-03 15:17:03.486000+00:00,UPI,orders_S006_20260603.json,S006,S006_O00265,2026-06-03,15,6,3,Wednesday,23,2,2026-2027,Off-Peak,Weekday,Snack,2026-06-03T17:41:50.872Z
ST008,C0182,20260603,2026-06-03T17:38:57.867061,O00266,Completed,2026-06-03 13:46:02.486000+00:00,UPI,orders_S006_20260603.json,S006,S006_O00266,2026-06-03,13,6,3,Wednesday,23,2,2026-2027,Off-Peak,Weekday,Lunch,2026-06-03T17:41:50.872Z
ST008,C0019,20260603,2026-06-03T17:38:57.867061,O00268,Completed,2026-06-03 12:06:45.486000+00:00,Card,orders_S006_20260603.json,S006,S006_O00268,2026-06-03,12,6,3,Wednesday,23,2,2026-2027,Off-Peak,Weekday,Lunch,2026-06-03T17:41:50.872Z
ST015,C0041,20260603,2026-06-03T17:38:57.867061,O00270,Completed,2026-06-03 10:48:15.486000+00:00,Cash,orders_S006_20260603.json,S006,S006_O00270,2026-06-03,10,6,3,Wednesday,23,2,2026-2027,Off-Peak,Weekday,Breakfast,2026-06-03T17:41:50.872Z
ST014,C0240,20260603,2026-06-03T17:38:57.867061,O00272,Completed,2026-06-03 13:55:02.486000+00:00,UPI,orders_S006_20260603.json,S006,S006_O00272,2026-06-03,13,6,3,Wednesday,23,2,2026-2027,Off-Peak,Weekday,Lunch,2026-06-03T17:41:50.872Z
ST001,C0037,20260603,2026-06-03T17:38:57.867061,O00273,Completed,2026-06-03 14:20:32.486000+00:00,UPI,orders_S006_20260603.json,S006,S006_O00273,2026-06-03,14,6,3,Wednesday,23,2,2026-2027,Off-Peak,Weekday,Lunch,2026-06-03T17:41:50.872Z
ST010,C0121,20260603,2026-06-03T17:38:57.867061,O00278,Completed,2026-06-03 13:35:23.486000+00:00,Cash,orders_S006_20260603.json,S006,S006_O00278,2026-06-03,13,6,3,Wednesday,23,2,2026-2027,Off-Peak,Weekday,Lunch,2026-06-03T17:41:50.872Z
ST013,C0248,20260603,2026-06-03T17:38:57.867061,O00281,Completed,2026-06-03 16:13:23.486000+00:00,UPI,orders_S006_20260603.json,S006,S006_O00281,2026-06-03,16,6,3,Wednesday,23,2,2026-2027,Off-Peak,Weekday,Snack,2026-06-03T17:41:50.872Z
ST004,C0191,20260603,2026-06-03T17:38:57.867061,O00282,Completed,2026-06-03 14:00:10.486000+00:00,Cash,orders_S006_20260603.json,S006,S006_O00282,2026-06-03,14,6,3,Wednesday,23,2,2026-2027,Off-Peak,Weekday,Lunch,2026-06-03T17:41:50.872Z
ST007,C0011,20260603,2026-06-03T17:38:57.867061,O00290,Completed,2026-06-03 16:38:37.486000+00:00,Card,orders_S006_20260603.json,S006,S006_O00290,2026-06-03,16,6,3,Wednesday,23,2,2026-2027,Off-Peak,Weekday,Snack,2026-06-03T17:41:50.872Z
ST002,C0041,20260603,2026-06-03T17:38:57.867061,O00293,Completed,2026-06-03 13:15:44.486000+00:00,UPI,orders_S006_20260603.json,S006,S006_O00293,2026-06-03,13,6,3,Wednesday,23,2,2026-2027,Off-Peak,Weekday,Lunch,2026-06-03T17:41:50.872Z
ST012,C0164,20260603,2026-06-03T17:38:57.867061,O00294,Completed,2026-06-03 11:21:16.486000+00:00,Cash,orders_S006_20260603.json,S006,S006_O00294,2026-06-03,11,6,3,Wednesday,23,2,2026-2027,Off-Peak,Weekday,Breakfast,2026-06-03T17:41:50.872Z
ST002,C0249,20260603,2026-06-03T17:38:57.867061,O00296,Completed,2026-06-03 15:47:43.486000+00:00,UPI,orders_S006_20260603.json,S006,S006_O00296,2026-06-03,15,6,3,Wednesday,23,2,2026-2027,Off-Peak,Weekday,Snack,2026-06-03T17:41:50.872Z
ST001,C0041,20260603,2026-06-03T17:38:57.867061,O00298,Completed,2026-06-03 16:51:18.486000+00:00,UPI,orders_S006_20260603.json,S006,S006_O00298,2026-06-03,16,6,3,Wednesday,23,2,2026-2027,Off-Peak,Weekday,Snack,2026-06-03T17:41:50.872Z
ST012,C0275,20260603,2026-06-03T17:38:57.867061,O00304,Completed,2026-06-03 17:33:58.486000+00:00,UPI,orders_S006_20260603.json,S006,S006_O00304,2026-06-03,17,6,3,Wednesday,23,2,2026-2027,Off-Peak,Weekday,Dinner,2026-06-03T17:41:50.872Z
ST004,C0045,20260603,2026-06-03T17:38:57.867061,O00309,Completed,2026-06-03 17:07:03.486000+00:00,Cash,orders_S006_20260603.json,S006,S006_O00309,2026-06-03,17,6,3,Wednesday,23,2,2026-2027,Off-Peak,Weekday,Dinner,2026-06-03T17:41:50.872Z
ST001,C0152,20260603,2026-06-03T17:38:57.867061,O00312,Completed,2026-06-03 13:23:08.486000+00:00,Cash,orders_S006_20260603.json,S006,S006_O00312,2026-06-03,13,6,3,Wednesday,23,2,2026-2027,Off-Peak,Weekday,Lunch,2026-06-03T17:41:50.872Z
ST005,C0001,20260603,2026-06-03T17:38:57.867061,O00313,Completed,2026-06-03 15:01:05.486000+00:00,UPI,orders_S006_20260603.json,S006,S006_O00313,2026-06-03,15,6,3,Wednesday,23,2,2026-2027,Off-Peak,Weekday,Snack,2026-06-03T17:41:50.872Z
ST005,C0058,20260603,2026-06-03T17:38:57.867061,O00317,Completed,2026-06-03 12:26:14.486000+00:00,UPI,orders_S006_20260603.json,S006,S006_O00317,2026-06-03,12,6,3,Wednesday,23,2,2026-2027,Off-Peak,Weekday,Lunch,2026-06-03T17:41:50.872Z
ST003,C0006,20260603,2026-06-03T17:38:57.867061,O00320,Completed,2026-06-03 12:08:06.486000+00:00,UPI,orders_S006_20260603.json,S006,S006_O00320,2026-06-03,12,6,3,Wednesday,23,2,2026-2027,Off-Peak,Weekday,Lunch,2026-06-03T17:41:50.872Z
ST004,C0048,20260603,2026-06-03T17:38:57.867061,O00323,Completed,2026-06-03 12:31:03.486000+00:00,UPI,orders_S006_20260603.json,S006,S006_O00323,2026-06-03,12,6,3,Wednesday,23,2,2026-2027,Off-Peak,Weekday,Lunch,2026-06-03T17:41:50.872Z
ST015,C0048,20260603,2026-06-03T17:38:57.867061,O00325,Completed,2026-06-03 13:29:33.486000+00:00,Cash,orders_S006_20260603.json,S006,S006_O00325,2026-06-03,13,6,3,Wednesday,23,2,2026-2027,Off-Peak,Weekday,Lunch,2026-06-03T17:41:50.872Z
ST003,C0132,20260603,2026-06-03T17:38:57.867061,O00326,Completed,2026-06-03 15:27:45.486000+00:00,UPI,orders_S006_20260603.json,S006,S006_O00326,2026-06-03,15,6,3,Wednesday,23,2,2026-2027,Off-Peak,Weekday,Snack,2026-06-03T17:41:50.872Z
ST012,C0126,20260603,2026-06-03T17:38:57.867061,O00327,Completed,2026-06-03 12:42:22.486000+00:00,Cash,orders_S006_20260603.json,S006,S006_O00327,2026-06-03,12,6,3,Wednesday,23,2,2026-2027,Off-Peak,Weekday,Lunch,2026-06-03T17:41:50.872Z
ST012,C0169,20260603,2026-06-03T17:38:57.867061,O00329,Completed,2026-06-03 17:30:31.486000+00:00,UPI,orders_S006_20260603.json,S006,S006_O00329,2026-06-03,17,6,3,Wednesday,23,2,2026-2027,Off-Peak,Weekday,Dinner,2026-06-03T17:41:50.872Z
ST010,C0049,20260603,2026-06-03T17:38:57.867061,O00330,Completed,2026-06-03 14:20:24.486000+00:00,UPI,orders_S006_20260603.json,S006,S006_O00330,2026-06-03,14,6,3,Wednesday,23,2,2026-2027,Off-Peak,Weekday,Lunch,2026-06-03T17:41:50.872Z
ST002,C0119,20260603,2026-06-03T17:38:57.867061,O00332,Completed,2026-06-03 16:12:15.486000+00:00,UPI,orders_S006_20260603.json,S006,S006_O00332,2026-06-03,16,6,3,Wednesday,23,2,2026-2027,Off-Peak,Weekday,Snack,2026-06-03T17:41:50.872Z
ST007,C0137,20260603,2026-06-03T17:38:57.867061,O00337,Completed,2026-06-03 15:39:55.486000+00:00,UPI,orders_S006_20260603.json,S006,S006_O00337,2026-06-03,15,6,3,Wednesday,23,2,2026-2027,Off-Peak,Weekday,Snack,2026-06-03T17:41:50.872Z
ST006,C0292,20260603,2026-06-03T17:38:57.867061,O00340,Completed,2026-06-03 15:17:40.486000+00:00,UPI,orders_S006_20260603.json,S006,S006_O00340,2026-06-03,15,6,3,Wednesday,23,2,2026-2027,Off-Peak,Weekday,Snack,2026-06-03T17:41:50.872Z
ST011,C0079,20260603,2026-06-03T17:38:57.867061,O00346,Completed,2026-06-03 13:20:27.486000+00:00,Cash,orders_S006_20260603.json,S006,S006_O00346,2026-06-03,13,6,3,Wednesday,23,2,2026-2027,Off-Peak,Weekday,Lunch,2026-06-03T17:41:50.872Z
ST002,C0225,20260603,2026-06-03T17:38:57.867061,O00347,Completed,2026-06-03 10:15:25.486000+00:00,UPI,orders_S006_20260603.json,S006,S006_O00347,2026-06-03,10,6,3,Wednesday,23,2,2026-2027,Off-Peak,Weekday,Breakfast,2026-06-03T17:41:50.872Z
ST015,C0234,20260603,2026-06-03T17:38:57.867061,O00353,Completed,2026-06-03 11:34:02.486000+00:00,Card,orders_S006_20260603.json,S006,S006_O00353,2026-06-03,11,6,3,Wednesday,23,2,2026-2027,Off-Peak,Weekday,Breakfast,2026-06-03T17:41:50.872Z
ST005,C0054,20260603,2026-06-03T17:38:57.867061,O00354,Completed,2026-06-03 16:01:05.486000+00:00,UPI,orders_S006_20260603.json,S006,S006_O00354,2026-06-03,16,6,3,Wednesday,23,2,2026-2027,Off-Peak,Weekday,Snack,2026-06-03T17:41:50.872Z
ST009,C0246,20260603,2026-06-03T17:38:57.867061,O00357,Completed,2026-06-03 13:24:13.486000+00:00,UPI,orders_S006_20260603.json,S006,S006_O00357,2026-06-03,13,6,3,Wednesday,23,2,2026-2027,Off-Peak,Weekday,Lunch,2026-06-03T17:41:50.872Z
ST005,C0286,20260603,2026-06-03T17:38:57.867061,O00359,Completed,2026-06-03 16:31:53.486000+00:00,UPI,orders_S006_20260603.json,S006,S006_O00359,2026-06-03,16,6,3,Wednesday,23,2,2026-2027,Off-Peak,Weekday,Snack,2026-06-03T17:41:50.872Z
ST008,C0269,20260603,2026-06-03T17:38:57.867061,O00363,Completed,2026-06-03 15:55:35.486000+00:00,UPI,orders_S006_20260603.json,S006,S006_O00363,2026-06-03,15,6,3,Wednesday,23,2,2026-2027,Off-Peak,Weekday,Snack,2026-06-03T17:41:50.872Z
ST013,C0249,20260603,2026-06-03T17:38:57.867061,O00364,Completed,2026-06-03 11:51:31.486000+00:00,UPI,orders_S006_20260603.json,S006,S006_O00364,2026-06-03,11,6,3,Wednesday,23,2,2026-2027,Off-Peak,Weekday,Breakfast,2026-06-03T17:41:50.872Z
ST002,C0145,20260603,2026-06-03T17:38:57.867061,O00367,Completed,2026-06-03 16:14:58.486000+00:00,Cash,orders_S006_20260603.json,S006,S006_O00367,2026-06-03,16,6,3,Wednesday,23,2,2026-2027,Off-Peak,Weekday,Snack,2026-06-03T17:41:50.872Z
ST009,C0295,20260603,2026-06-03T17:38:57.867061,O00371,Completed,2026-06-03 17:35:18.486000+00:00,Cash,orders_S006_20260603.json,S006,S006_O00371,2026-06-03,17,6,3,Wednesday,23,2,2026-2027,Off-Peak,Weekday,Dinner,2026-06-03T17:41:50.872Z
ST008,C0054,20260603,2026-06-03T17:38:57.867061,O00381,Completed,2026-06-03 17:04:08.486000+00:00,Cash,orders_S006_20260603.json,S006,S006_O00381,2026-06-03,17,6,3,Wednesday,23,2,2026-2027,Off-Peak,Weekday,Dinner,2026-06-03T17:41:50.872Z
ST012,C0089,20260603,2026-06-03T17:38:57.867061,O00383,Completed,2026-06-03 13:36:08.486000+00:00,UPI,orders_S006_20260603.json,S006,S006_O00383,2026-06-03,13,6,3,Wednesday,23,2,2026-2027,Off-Peak,Weekday,Lunch,2026-06-03T17:41:50.872Z
ST013,C0086,20260603,2026-06-03T17:38:57.867061,O00385,Completed,2026-06-03 10:15:21.486000+00:00,UPI,orders_S006_20260603.json,S006,S006_O00385,2026-06-03,10,6,3,Wednesday,23,2,2026-2027,Off-Peak,Weekday,Breakfast,2026-06-03T17:41:50.872Z
ST006,C0041,20260603,2026-06-03T17:38:57.867061,O00387,Completed,2026-06-03 17:22:55.486000+00:00,UPI,orders_S006_20260603.json,S006,S006_O00387,2026-06-03,17,6,3,Wednesday,23,2,2026-2027,Off-Peak,Weekday,Dinner,2026-06-03T17:41:50.872Z
ST008,C0091,20260603,2026-06-03T17:38:57.867061,O00388,Completed,2026-06-03 17:37:42.486000+00:00,UPI,orders_S006_20260603.json,S006,S006_O00388,2026-06-03,17,6,3,Wednesday,23,2,2026-2027,Off-Peak,Weekday,Dinner,2026-06-03T17:41:50.872Z
ST011,C0292,20260603,2026-06-03T17:38:57.867061,O00392,Completed,2026-06-03 14:37:22.486000+00:00,Card,orders_S006_20260603.json,S006,S006_O00392,2026-06-03,14,6,3,Wednesday,23,2,2026-2027,Off-Peak,Weekday,Lunch,2026-06-03T17:41:50.872Z
ST009,C0205,20260603,2026-06-03T17:38:57.867061,O00400,Completed,2026-06-03 12:41:13.486000+00:00,Cash,orders_S006_20260603.json,S006,S006_O00400,2026-06-03,12,6,3,Wednesday,23,2,2026-2027,Off-Peak,Weekday,Lunch,2026-06-03T17:41:50.872Z
ST002,C0043,20260603,2026-06-03T17:38:57.867061,O00401,Completed,2026-06-03 13:11:23.486000+00:00,Card,orders_S006_20260603.json,S006,S006_O00401,2026-06-03,13,6,3,Wednesday,23,2,2026-2027,Off-Peak,Weekday,Lunch,2026-06-03T17:41:50.872Z
ST008,C0005,20260603,2026-06-03T17:38:57.867061,O00402,Completed,2026-06-03 16:12:34.486000+00:00,UPI,orders_S006_20260603.json,S006,S006_O00402,2026-06-03,16,6,3,Wednesday,23,2,2026-2027,Off-Peak,Weekday,Snack,2026-06-03T17:41:50.872Z
ST010,C0225,20260603,2026-06-03T17:38:57.867061,O00404,Completed,2026-06-03 17:17:32.486000+00:00,UPI,orders_S006_20260603.json,S006,S006_O00404,2026-06-03,17,6,3,Wednesday,23,2,2026-2027,Off-Peak,Weekday,Dinner,2026-06-03T17:41:50.872Z
ST003,C0205,20260603,2026-06-03T17:38:57.867061,O00407,Completed,2026-06-03 14:09:10.486000+00:00,Card,orders_S006_20260603.json,S006,S006_O00407,2026-06-03,14,6,3,Wednesday,23,2,2026-2027,Off-Peak,Weekday,Lunch,2026-06-03T17:41:50.872Z
ST006,C0095,20260603,2026-06-03T17:38:57.867061,O00408,Completed,2026-06-03 13:26:37.486000+00:00,Card,orders_S006_20260603.json,S006,S006_O00408,2026-06-03,13,6,3,Wednesday,23,2,2026-2027,Off-Peak,Weekday,Lunch,2026-06-03T17:41:50.872Z
ST015,C0060,20260603,2026-06-03T17:38:57.867061,O00409,Completed,2026-06-03 13:34:35.486000+00:00,UPI,orders_S006_20260603.json,S006,S006_O00409,2026-06-03,13,6,3,Wednesday,23,2,2026-2027,Off-Peak,Weekday,Lunch,2026-06-03T17:41:50.872Z
ST012,C0042,20260603,2026-06-03T17:38:57.867061,O00411,Completed,2026-06-03 16:44:06.486000+00:00,Cash,orders_S006_20260603.json,S006,S006_O00411,2026-06-03,16,6,3,Wednesday,23,2,2026-2027,Off-Peak,Weekday,Snack,2026-06-03T17:41:50.872Z
ST012,C0233,20260603,2026-06-03T17:38:57.867061,O00412,Completed,2026-06-03 12:58:26.486000+00:00,Cash,orders_S006_20260603.json,S006,S006_O00412,2026-06-03,12,6,3,Wednesday,23,2,2026-2027,Off-Peak,Weekday,Lunch,2026-06-03T17:41:50.872Z
ST001,C0102,20260603,2026-06-03T17:38:57.867061,O00413,Completed,2026-06-03 17:11:32.486000+00:00,Card,orders_S006_20260603.json,S006,S006_O00413,2026-06-03,17,6,3,Wednesday,23,2,2026-2027,Off-Peak,Weekday,Dinner,2026-06-03T17:41:50.872Z
ST014,C0029,20260603,2026-06-03T17:38:57.867061,O00418,Completed,2026-06-03 14:43:23.486000+00:00,Cash,orders_S006_20260603.json,S006,S006_O00418,2026-06-03,14,6,3,Wednesday,23,2,2026-2027,Off-Peak,Weekday,Lunch,2026-06-03T17:41:50.872Z
ST004,C0181,20260603,2026-06-03T17:38:57.867061,O00422,Completed,2026-06-03 16:47:34.486000+00:00,UPI,orders_S006_20260603.json,S006,S006_O00422,2026-06-03,16,6,3,Wednesday,23,2,2026-2027,Off-Peak,Weekday,Snack,2026-06-03T17:41:50.872Z
ST003,C0038,20260603,2026-06-03T17:38:57.867061,O00423,Completed,2026-06-03 10:48:39.486000+00:00,UPI,orders_S006_20260603.json,S006,S006_O00423,2026-06-03,10,6,3,Wednesday,23,2,2026-2027,Off-Peak,Weekday,Breakfast,2026-06-03T17:41:50.872Z
ST008,C0058,20260603,2026-06-03T17:38:57.867061,O00427,Completed,2026-06-03 13:34:50.486000+00:00,UPI,orders_S006_20260603.json,S006,S006_O00427,2026-06-03,13,6,3,Wednesday,23,2,2026-2027,Off-Peak,Weekday,Lunch,2026-06-03T17:41:50.872Z
ST002,C0222,20260603,2026-06-03T17:38:57.867061,O00429,Completed,2026-06-03 13:12:27.486000+00:00,UPI,orders_S006_20260603.json,S006,S006_O00429,2026-06-03,13,6,3,Wednesday,23,2,2026-2027,Off-Peak,Weekday,Lunch,2026-06-03T17:41:50.872Z
ST013,C0017,20260603,2026-06-03T17:38:57.867061,O00431,Completed,2026-06-03 13:19:07.486000+00:00,Cash,orders_S006_20260603.json,S006,S006_O00431,2026-06-03,13,6,3,Wednesday,23,2,2026-2027,Off-Peak,Weekday,Lunch,2026-06-03T17:41:50.872Z
ST004,C0032,20260603,2026-06-03T17:38:57.867061,O00434,Completed,2026-06-03 13:18:35.486000+00:00,UPI,orders_S006_20260603.json,S006,S006_O00434,2026-06-03,13,6,3,Wednesday,23,2,2026-2027,Off-Peak,Weekday,Lunch,2026-06-03T17:41:50.872Z
ST009,C0271,20260603,2026-06-03T17:38:57.867061,O00438,Completed,2026-06-03 13:01:24.486000+00:00,UPI,orders_S006_20260603.json,S006,S006_O00438,2026-06-03,13,6,3,Wednesday,23,2,2026-2027,Off-Peak,Weekday,Lunch,2026-06-03T17:41:50.872Z
ST001,C0253,20260603,2026-06-03T17:38:57.867061,O00439,Completed,2026-06-03 12:10:50.486000+00:00,Card,orders_S006_20260603.json,S006,S006_O00439,2026-06-03,12,6,3,Wednesday,23,2,2026-2027,Off-Peak,Weekday,Lunch,2026-06-03T17:41:50.872Z
ST013,C0020,20260603,2026-06-03T17:38:57.867061,O00446,Completed,2026-06-03 11:14:08.486000+00:00,Card,orders_S006_20260603.json,S006,S006_O00446,2026-06-03,11,6,3,Wednesday,23,2,2026-2027,Off-Peak,Weekday,Breakfast,2026-06-03T17:41:50.872Z
ST013,C0034,20260603,2026-06-03T17:38:57.867061,O00447,Completed,2026-06-03 12:17:48.486000+00:00,Card,orders_S006_20260603.json,S006,S006_O00447,2026-06-03,12,6,3,Wednesday,23,2,2026-2027,Off-Peak,Weekday,Lunch,2026-06-03T17:41:50.872Z
ST006,C0040,20260603,2026-06-03T17:38:57.867061,O00448,Completed,2026-06-03 13:27:07.486000+00:00,UPI,orders_S006_20260603.json,S006,S006_O00448,2026-06-03,13,6,3,Wednesday,23,2,2026-2027,Off-Peak,Weekday,Lunch,2026-06-03T17:41:50.872Z
ST004,C0045,20260603,2026-06-03T17:38:57.867061,O00450,Completed,2026-06-03 11:41:17.486000+00:00,Cash,orders_S006_20260603.json,S006,S006_O00450,2026-06-03,11,6,3,Wednesday,23,2,2026-2027,Off-Peak,Weekday,Breakfast,2026-06-03T17:41:50.872Z
ST011,C0204,20260603,2026-06-03T17:38:57.867061,O00452,Completed,2026-06-03 12:49:27.486000+00:00,UPI,orders_S006_20260603.json,S006,S006_O00452,2026-06-03,12,6,3,Wednesday,23,2,2026-2027,Off-Peak,Weekday,Lunch,2026-06-03T17:41:50.872Z
ST004,C0061,20260603,2026-06-03T17:38:57.867061,O00453,Completed,2026-06-03 13:59:25.486000+00:00,Cash,orders_S006_20260603.json,S006,S006_O00453,2026-06-03,13,6,3,Wednesday,23,2,2026-2027,Off-Peak,Weekday,Lunch,2026-06-03T17:41:50.872Z
ST006,C0034,20260603,2026-06-03T17:38:57.867061,O00456,Completed,2026-06-03 17:17:14.486000+00:00,Cash,orders_S006_20260603.json,S006,S006_O00456,2026-06-03,17,6,3,Wednesday,23,2,2026-2027,Off-Peak,Weekday,Dinner,2026-06-03T17:41:50.872Z
ST008,C0053,20260603,2026-06-03T17:38:57.867061,O00458,Completed,2026-06-03 17:41:15.486000+00:00,UPI,orders_S006_20260603.json,S006,S006_O00458,2026-06-03,17,6,3,Wednesday,23,2,2026-2027,Off-Peak,Weekday,Dinner,2026-06-03T17:41:50.872Z
ST012,C0163,20260603,2026-06-03T17:38:57.867061,O00460,Completed,2026-06-03 14:01:06.486000+00:00,Cash,orders_S006_20260603.json,S006,S006_O00460,2026-06-03,14,6,3,Wednesday,23,2,2026-2027,Off-Peak,Weekday,Lunch,2026-06-03T17:41:50.872Z
ST009,C0130,20260603,2026-06-03T17:38:57.867061,O00462,Completed,2026-06-03 15:45:09.486000+00:00,Cash,orders_S006_20260603.json,S006,S006_O00462,2026-06-03,15,6,3,Wednesday,23,2,2026-2027,Off-Peak,Weekday,Snack,2026-06-03T17:41:50.872Z
ST008,C0058,20260603,2026-06-03T17:38:57.867061,O00469,Completed,2026-06-03 13:04:35.486000+00:00,Cash,orders_S006_20260603.json,S006,S006_O00469,2026-06-03,13,6,3,Wednesday,23,2,2026-2027,Off-Peak,Weekday,Lunch,2026-06-03T17:41:50.872Z
ST006,C0237,20260603,2026-06-03T17:38:57.867061,O00472,Completed,2026-06-03 12:33:33.486000+00:00,UPI,orders_S006_20260603.json,S006,S006_O00472,2026-06-03,12,6,3,Wednesday,23,2,2026-2027,Off-Peak,Weekday,Lunch,2026-06-03T17:41:50.872Z
ST011,C0089,20260603,2026-06-03T17:38:57.867061,O00476,Completed,2026-06-03 14:29:03.486000+00:00,UPI,orders_S006_20260603.json,S006,S006_O00476,2026-06-03,14,6,3,Wednesday,23,2,2026-2027,Off-Peak,Weekday,Lunch,2026-06-03T17:41:50.872Z
ST001,C0253,20260603,2026-06-03T17:38:57.867061,O00477,Completed,2026-06-03 16:18:04.486000+00:00,UPI,orders_S006_20260603.json,S006,S006_O00477,2026-06-03,16,6,3,Wednesday,23,2,2026-2027,Off-Peak,Weekday,Snack,2026-06-03T17:41:50.872Z
ST007,C0184,20260603,2026-06-03T17:38:57.867061,O00478,Completed,2026-06-03 13:45:01.486000+00:00,Cash,orders_S006_20260603.json,S006,S006_O00478,2026-06-03,13,6,3,Wednesday,23,2,2026-2027,Off-Peak,Weekday,Lunch,2026-06-03T17:41:50.872Z
ST015,C0090,20260603,2026-06-03T17:38:57.867061,O00480,Completed,2026-06-03 13:33:24.486000+00:00,Cash,orders_S006_20260603.json,S006,S006_O00480,2026-06-03,13,6,3,Wednesday,23,2,2026-2027,Off-Peak,Weekday,Lunch,2026-06-03T17:41:50.872Z
ST014,C0177,20260603,2026-06-03T17:38:57.867061,O00483,Completed,2026-06-03 11:30:05.486000+00:00,UPI,orders_S006_20260603.json,S006,S006_O00483,2026-06-03,11,6,3,Wednesday,23,2,2026-2027,Off-Peak,Weekday,Breakfast,2026-06-03T17:41:50.872Z
ST003,C0046,20260603,2026-06-03T17:38:57.867061,O00485,Completed,2026-06-03 16:52:53.486000+00:00,Cash,orders_S006_20260603.json,S006,S006_O00485,2026-06-03,16,6,3,Wednesday,23,2,2026-2027,Off-Peak,Weekday,Snack,2026-06-03T17:41:50.872Z
ST002,C0059,20260603,2026-06-03T17:38:57.867061,O00487,Completed,2026-06-03 16:01:22.486000+00:00,Cash,orders_S006_20260603.json,S006,S006_O00487,2026-06-03,16,6,3,Wednesday,23,2,2026-2027,Off-Peak,Weekday,Snack,2026-06-03T17:41:50.872Z
ST011,C0058,20260603,2026-06-03T17:38:57.867061,O00488,Completed,2026-06-03 11:23:24.486000+00:00,UPI,orders_S006_20260603.json,S006,S006_O00488,2026-06-03,11,6,3,Wednesday,23,2,2026-2027,Off-Peak,Weekday,Breakfast,2026-06-03T17:41:50.872Z
ST009,C0182,20260603,2026-06-03T17:38:57.867061,O00489,Completed,2026-06-03 11:49:57.486000+00:00,Cash,orders_S006_20260603.json,S006,S006_O00489,2026-06-03,11,6,3,Wednesday,23,2,2026-2027,Off-Peak,Weekday,Breakfast,2026-06-03T17:41:50.872Z
ST007,C0117,20260603,2026-06-03T17:38:57.867061,O00490,Completed,2026-06-03 12:03:38.486000+00:00,UPI,orders_S006_20260603.json,S006,S006_O00490,2026-06-03,12,6,3,Wednesday,23,2,2026-2027,Off-Peak,Weekday,Lunch,2026-06-03T17:41:50.872Z
ST006,C0298,20260603,2026-06-03T17:38:57.867061,O00493,Completed,2026-06-03 17:32:39.486000+00:00,UPI,orders_S006_20260603.json,S006,S006_O00493,2026-06-03,17,6,3,Wednesday,23,2,2026-2027,Off-Peak,Weekday,Dinner,2026-06-03T17:41:50.872Z
ST013,C0098,20260603,2026-06-03T17:38:57.867061,O00496,Completed,2026-06-03 13:47:42.486000+00:00,Cash,orders_S006_20260603.json,S006,S006_O00496,2026-06-03,13,6,3,Wednesday,23,2,2026-2027,Off-Peak,Weekday,Lunch,2026-06-03T17:41:50.872Z
ST002,C0047,20260603,2026-06-03T17:38:57.867061,O00498,Completed,2026-06-03 17:24:17.486000+00:00,UPI,orders_S006_20260603.json,S006,S006_O00498,2026-06-03,17,6,3,Wednesday,23,2,2026-2027,Off-Peak,Weekday,Dinner,2026-06-03T17:41:50.872Z
ST003,C0031,20260603,2026-06-03T17:38:57.867061,O00499,Completed,2026-06-03 15:37:15.486000+00:00,UPI,orders_S006_20260603.json,S006,S006_O00499,2026-06-03,15,6,3,Wednesday,23,2,2026-2027,Off-Peak,Weekday,Snack,2026-06-03T17:41:50.872Z
ST005,C0049,20260603,2026-06-03T17:38:57.867061,O00503,Completed,2026-06-03 16:58:21.486000+00:00,Cash,orders_S006_20260603.json,S006,S006_O00503,2026-06-03,16,6,3,Wednesday,23,2,2026-2027,Off-Peak,Weekday,Snack,2026-06-03T17:41:50.872Z
ST001,C0059,20260603,2026-06-03T17:38:57.867061,O00504,Completed,2026-06-03 15:49:49.486000+00:00,Card,orders_S006_20260603.json,S006,S006_O00504,2026-06-03,15,6,3,Wednesday,23,2,2026-2027,Off-Peak,Weekday,Snack,2026-06-03T17:41:50.872Z
ST001,C0013,20260603,2026-06-03T17:38:57.867061,O00509,Completed,2026-06-03 13:49:51.486000+00:00,UPI,orders_S006_20260603.json,S006,S006_O00509,2026-06-03,13,6,3,Wednesday,23,2,2026-2027,Off-Peak,Weekday,Lunch,2026-06-03T17:41:50.872Z
ST012,C0232,20260603,2026-06-03T17:38:57.867061,O00511,Completed,2026-06-03 15:59:38.486000+00:00,UPI,orders_S006_20260603.json,S006,S006_O00511,2026-06-03,15,6,3,Wednesday,23,2,2026-2027,Off-Peak,Weekday,Snack,2026-06-03T17:41:50.872Z
ST013,C0080,20260603,2026-06-03T17:38:57.867061,O00513,Completed,2026-06-03 17:41:07.486000+00:00,UPI,orders_S006_20260603.json,S006,S006_O00513,2026-06-03,17,6,3,Wednesday,23,2,2026-2027,Off-Peak,Weekday,Dinner,2026-06-03T17:41:50.872Z
ST002,C0144,20260603,2026-06-03T17:38:57.867061,O00515,Completed,2026-06-03 14:34:09.486000+00:00,Cash,orders_S006_20260603.json,S006,S006_O00515,2026-06-03,14,6,3,Wednesday,23,2,2026-2027,Off-Peak,Weekday,Lunch,2026-06-03T17:41:50.872Z
ST005,C0151,20260603,2026-06-03T17:38:57.867061,O00518,Completed,2026-06-03 12:45:02.486000+00:00,UPI,orders_S006_20260603.json,S006,S006_O00518,2026-06-03,12,6,3,Wednesday,23,2,2026-2027,Off-Peak,Weekday,Lunch,2026-06-03T17:41:50.872Z
ST011,C0033,20260603,2026-06-03T17:38:57.867061,O00521,Completed,2026-06-03 13:44:14.486000+00:00,UPI,orders_S006_20260603.json,S006,S006_O00521,2026-06-03,13,6,3,Wednesday,23,2,2026-2027,Off-Peak,Weekday,Lunch,2026-06-03T17:41:50.872Z
ST009,C0282,20260603,2026-06-03T17:38:57.867061,O00523,Completed,2026-06-03 10:42:02.486000+00:00,Cash,orders_S006_20260603.json,S006,S006_O00523,2026-06-03,10,6,3,Wednesday,23,2,2026-2027,Off-Peak,Weekday,Breakfast,2026-06-03T17:41:50.872Z
ST006,C0046,20260603,2026-06-03T17:38:57.867061,O00531,Completed,2026-06-03 15:46:10.486000+00:00,Card,orders_S006_20260603.json,S006,S006_O00531,2026-06-03,15,6,3,Wednesday,23,2,2026-2027,Off-Peak,Weekday,Snack,2026-06-03T17:41:50.872Z
ST010,C0132,20260603,2026-06-03T17:38:57.867061,O00543,Completed,2026-06-03 13:38:56.486000+00:00,Card,orders_S006_20260603.json,S006,S006_O00543,2026-06-03,13,6,3,Wednesday,23,2,2026-2027,Off-Peak,Weekday,Lunch,2026-06-03T17:41:50.872Z
ST011,C0160,20260603,2026-06-03T17:38:57.867061,O00544,Completed,2026-06-03 16:46:54.486000+00:00,UPI,orders_S006_20260603.json,S006,S006_O00544,2026-06-03,16,6,3,Wednesday,23,2,2026-2027,Off-Peak,Weekday,Snack,2026-06-03T17:41:50.872Z
ST008,C0046,20260603,2026-06-03T17:38:57.867061,O00549,Completed,2026-06-03 14:58:41.486000+00:00,Cash,orders_S006_20260603.json,S006,S006_O00549,2026-06-03,14,6,3,Wednesday,23,2,2026-2027,Off-Peak,Weekday,Lunch,2026-06-03T17:41:50.872Z
ST015,C0013,20260603,2026-06-03T17:38:57.867061,O00552,Completed,2026-06-03 16:37:17.486000+00:00,Cash,orders_S006_20260603.json,S006,S006_O00552,2026-06-03,16,6,3,Wednesday,23,2,2026-2027,Off-Peak,Weekday,Snack,2026-06-03T17:41:50.872Z
ST012,C0039,20260603,2026-06-03T17:38:57.867061,O00553,Completed,2026-06-03 13:43:00.486000+00:00,Card,orders_S006_20260603.json,S006,S006_O00553,2026-06-03,13,6,3,Wednesday,23,2,2026-2027,Off-Peak,Weekday,Lunch,2026-06-03T17:41:50.872Z
ST009,C0276,20260603,2026-06-03T17:38:57.867061,O00559,Completed,2026-06-03 16:14:26.486000+00:00,UPI,orders_S006_20260603.json,S006,S006_O00559,2026-06-03,16,6,3,Wednesday,23,2,2026-2027,Off-Peak,Weekday,Snack,2026-06-03T17:41:50.872Z
ST011,C0165,20260603,2026-06-03T17:38:57.867061,O00562,Completed,2026-06-03 17:08:03.486000+00:00,Card,orders_S006_20260603.json,S006,S006_O00562,2026-06-03,17,6,3,Wednesday,23,2,2026-2027,Off-Peak,Weekday,Dinner,2026-06-03T17:41:50.872Z
ST010,C0045,20260603,2026-06-03T17:38:57.867061,O00567,Completed,2026-06-03 16:14:26.486000+00:00,Cash,orders_S006_20260603.json,S006,S006_O00567,2026-06-03,16,6,3,Wednesday,23,2,2026-2027,Off-Peak,Weekday,Snack,2026-06-03T17:41:50.872Z
ST009,C0124,20260603,2026-06-03T17:38:57.867061,O00571,Completed,2026-06-03 13:31:37.486000+00:00,UPI,orders_S006_20260603.json,S006,S006_O00571,2026-06-03,13,6,3,Wednesday,23,2,2026-2027,Off-Peak,Weekday,Lunch,2026-06-03T17:41:50.872Z
ST013,C0271,20260603,2026-06-03T17:38:57.867061,O00573,Completed,2026-06-03 15:08:46.486000+00:00,Cash,orders_S006_20260603.json,S006,S006_O00573,2026-06-03,15,6,3,Wednesday,23,2,2026-2027,Off-Peak,Weekday,Snack,2026-06-03T17:41:50.872Z
ST015,C0001,20260603,2026-06-03T17:38:57.867061,O00576,Completed,2026-06-03 17:12:45.486000+00:00,UPI,orders_S006_20260603.json,S006,S006_O00576,2026-06-03,17,6,3,Wednesday,23,2,2026-2027,Off-Peak,Weekday,Dinner,2026-06-03T17:41:50.872Z
ST008,C0003,20260603,2026-06-03T17:38:57.867061,O00579,Completed,2026-06-03 11:23:37.486000+00:00,UPI,orders_S006_20260603.json,S006,S006_O00579,2026-06-03,11,6,3,Wednesday,23,2,2026-2027,Off-Peak,Weekday,Breakfast,2026-06-03T17:41:50.872Z
ST011,C0148,20260603,2026-06-03T17:38:57.867061,O00580,Completed,2026-06-03 17:25:45.486000+00:00,Card,orders_S006_20260603.json,S006,S006_O00580,2026-06-03,17,6,3,Wednesday,23,2,2026-2027,Off-Peak,Weekday,Dinner,2026-06-03T17:41:50.872Z
ST007,C0001,20260603,2026-06-03T17:38:57.867061,O00582,Completed,2026-06-03 15:14:41.486000+00:00,Cash,orders_S006_20260603.json,S006,S006_O00582,2026-06-03,15,6,3,Wednesday,23,2,2026-2027,Off-Peak,Weekday,Snack,2026-06-03T17:41:50.872Z
ST005,C0109,20260603,2026-06-03T17:38:57.867061,O00584,Completed,2026-06-03 12:13:58.486000+00:00,Cash,orders_S006_20260603.json,S006,S006_O00584,2026-06-03,12,6,3,Wednesday,23,2,2026-2027,Off-Peak,Weekday,Lunch,2026-06-03T17:41:50.872Z
ST015,C0035,20260603,2026-06-03T17:38:57.867061,O00585,Completed,2026-06-03 17:20:56.486000+00:00,Card,orders_S006_20260603.json,S006,S006_O00585,2026-06-03,17,6,3,Wednesday,23,2,2026-2027,Off-Peak,Weekday,Dinner,2026-06-03T17:41:50.872Z
ST003,C0051,20260603,2026-06-03T17:38:57.867061,O00586,Completed,2026-06-03 12:52:01.486000+00:00,UPI,orders_S006_20260603.json,S006,S006_O00586,2026-06-03,12,6,3,Wednesday,23,2,2026-2027,Off-Peak,Weekday,Lunch,2026-06-03T17:41:50.872Z
ST009,C0009,20260603,2026-06-03T17:38:57.867061,O00594,Completed,2026-06-03 13:17:03.486000+00:00,Cash,orders_S006_20260603.json,S006,S006_O00594,2026-06-03,13,6,3,Wednesday,23,2,2026-2027,Off-Peak,Weekday,Lunch,2026-06-03T17:41:50.872Z
ST014,C0028,20260603,2026-06-03T17:38:57.867061,O00595,Completed,2026-06-03 17:38:34.486000+00:00,Card,orders_S006_20260603.json,S006,S006_O00595,2026-06-03,17,6,3,Wednesday,23,2,2026-2027,Off-Peak,Weekday,Dinner,2026-06-03T17:41:50.872Z
ST002,C0046,20260603,2026-06-03T17:38:57.867061,O00607,Completed,2026-06-03 12:11:42.486000+00:00,Card,orders_S006_20260603.json,S006,S006_O00607,2026-06-03,12,6,3,Wednesday,23,2,2026-2027,Off-Peak,Weekday,Lunch,2026-06-03T17:41:50.872Z
ST013,C0278,20260603,2026-06-03T17:38:57.867061,O00614,Completed,2026-06-03 13:28:49.486000+00:00,Cash,orders_S006_20260603.json,S006,S006_O00614,2026-06-03,13,6,3,Wednesday,23,2,2026-2027,Off-Peak,Weekday,Lunch,2026-06-03T17:41:50.872Z
ST006,C0001,20260603,2026-06-03T17:38:57.867061,O00615,Completed,2026-06-03 17:23:17.486000+00:00,UPI,orders_S006_20260603.json,S006,S006_O00615,2026-06-03,17,6,3,Wednesday,23,2,2026-2027,Off-Peak,Weekday,Dinner,2026-06-03T17:41:50.872Z
ST012,C0256,20260603,2026-06-03T17:38:57.867061,O00616,Completed,2026-06-03 10:04:15.486000+00:00,UPI,orders_S006_20260603.json,S006,S006_O00616,2026-06-03,10,6,3,Wednesday,23,2,2026-2027,Off-Peak,Weekday,Breakfast,2026-06-03T17:41:50.872Z
ST014,C0149,20260603,2026-06-03T17:38:57.867061,O00617,Completed,2026-06-03 13:29:48.486000+00:00,UPI,orders_S006_20260603.json,S006,S006_O00617,2026-06-03,13,6,3,Wednesday,23,2,2026-2027,Off-Peak,Weekday,Lunch,2026-06-03T17:41:50.872Z
ST007,C0039,20260603,2026-06-03T17:38:57.867061,O00618,Completed,2026-06-03 13:19:53.486000+00:00,Card,orders_S006_20260603.json,S006,S006_O00618,2026-06-03,13,6,3,Wednesday,23,2,2026-2027,Off-Peak,Weekday,Lunch,2026-06-03T17:41:50.872Z
ST008,C0019,20260603,2026-06-03T17:38:57.867061,O00621,Completed,2026-06-03 12:46:58.486000+00:00,Cash,orders_S006_20260603.json,S006,S006_O00621,2026-06-03,12,6,3,Wednesday,23,2,2026-2027,Off-Peak,Weekday,Lunch,2026-06-03T17:41:50.872Z
ST006,C0165,20260603,2026-06-03T17:38:57.867061,O00622,Completed,2026-06-03 14:56:00.486000+00:00,Card,orders_S006_20260603.json,S006,S006_O00622,2026-06-03,14,6,3,Wednesday,23,2,2026-2027,Off-Peak,Weekday,Lunch,2026-06-03T17:41:50.872Z
ST005,C0032,20260603,2026-06-03T17:38:57.867061,O00624,Completed,2026-06-03 17:21:14.486000+00:00,Cash,orders_S006_20260603.json,S006,S006_O00624,2026-06-03,17,6,3,Wednesday,23,2,2026-2027,Off-Peak,Weekday,Dinner,2026-06-03T17:41:50.872Z
ST004,C0015,20260603,2026-06-03T17:38:57.867061,O00626,Completed,2026-06-03 13:53:08.486000+00:00,UPI,orders_S006_20260603.json,S006,S006_O00626,2026-06-03,13,6,3,Wednesday,23,2,2026-2027,Off-Peak,Weekday,Lunch,2026-06-03T17:41:50.872Z
ST012,C0024,20260603,2026-06-03T17:38:57.867061,O00628,Completed,2026-06-03 13:16:19.486000+00:00,UPI,orders_S006_20260603.json,S006,S006_O00628,2026-06-03,13,6,3,Wednesday,23,2,2026-2027,Off-Peak,Weekday,Lunch,2026-06-03T17:41:50.872Z
ST005,C0023,20260603,2026-06-03T17:38:57.867061,O00635,Completed,2026-06-03 13:13:01.486000+00:00,Cash,orders_S006_20260603.json,S006,S006_O00635,2026-06-03,13,6,3,Wednesday,23,2,2026-2027,Off-Peak,Weekday,Lunch,2026-06-03T17:41:50.872Z
ST012,C0007,20260603,2026-06-03T17:38:57.867061,O00639,Completed,2026-06-03 12:36:13.486000+00:00,Cash,orders_S006_20260603.json,S006,S006_O00639,2026-06-03,12,6,3,Wednesday,23,2,2026-2027,Off-Peak,Weekday,Lunch,2026-06-03T17:41:50.872Z
ST003,C0047,20260603,2026-06-03T17:38:57.867061,O00642,Completed,2026-06-03 14:19:17.486000+00:00,UPI,orders_S006_20260603.json,S006,S006_O00642,2026-06-03,14,6,3,Wednesday,23,2,2026-2027,Off-Peak,Weekday,Lunch,2026-06-03T17:41:50.872Z
ST012,C0273,20260603,2026-06-03T17:38:57.867061,O00647,Completed,2026-06-03 12:31:21.486000+00:00,UPI,orders_S006_20260603.json,S006,S006_O00647,2026-06-03,12,6,3,Wednesday,23,2,2026-2027,Off-Peak,Weekday,Lunch,2026-06-03T17:41:50.872Z
ST013,C0064,20260603,2026-06-03T17:38:57.867061,O00651,Completed,2026-06-03 14:37:49.486000+00:00,Cash,orders_S006_20260603.json,S006,S006_O00651,2026-06-03,14,6,3,Wednesday,23,2,2026-2027,Off-Peak,Weekday,Lunch,2026-06-03T17:41:50.872Z
ST010,C0014,20260603,2026-06-03T17:38:57.867061,O00656,Completed,2026-06-03 15:30:21.486000+00:00,UPI,orders_S006_20260603.json,S006,S006_O00656,2026-06-03,15,6,3,Wednesday,23,2,2026-2027,Off-Peak,Weekday,Snack,2026-06-03T17:41:50.872Z
ST013,C0209,20260603,2026-06-03T17:38:57.867061,O00660,Completed,2026-06-03 14:32:51.486000+00:00,Cash,orders_S006_20260603.json,S006,S006_O00660,2026-06-03,14,6,3,Wednesday,23,2,2026-2027,Off-Peak,Weekday,Lunch,2026-06-03T17:41:50.872Z
ST005,C0267,20260603,2026-06-03T17:38:57.867061,O00661,Completed,2026-06-03 11:54:05.486000+00:00,UPI,orders_S006_20260603.json,S006,S006_O00661,2026-06-03,11,6,3,Wednesday,23,2,2026-2027,Off-Peak,Weekday,Breakfast,2026-06-03T17:41:50.872Z
ST014,C0020,20260603,2026-06-03T17:38:57.867061,O00663,Completed,2026-06-03 11:50:32.486000+00:00,UPI,orders_S006_20260603.json,S006,S006_O00663,2026-06-03,11,6,3,Wednesday,23,2,2026-2027,Off-Peak,Weekday,Breakfast,2026-06-03T17:41:50.872Z
ST007,C0242,20260603,2026-06-03T17:38:57.867061,O00664,Completed,2026-06-03 11:13:25.486000+00:00,Cash,orders_S006_20260603.json,S006,S006_O00664,2026-06-03,11,6,3,Wednesday,23,2,2026-2027,Off-Peak,Weekday,Breakfast,2026-06-03T17:41:50.872Z
ST002,C0019,20260603,2026-06-03T17:38:57.867061,O00665,Completed,2026-06-03 15:27:40.486000+00:00,Cash,orders_S006_20260603.json,S006,S006_O00665,2026-06-03,15,6,3,Wednesday,23,2,2026-2027,Off-Peak,Weekday,Snack,2026-06-03T17:41:50.872Z
ST005,C0268,20260603,2026-06-03T17:38:57.867061,O00669,Completed,2026-06-03 17:02:34.486000+00:00,Card,orders_S006_20260603.json,S006,S006_O00669,2026-06-03,17,6,3,Wednesday,23,2,2026-2027,Off-Peak,Weekday,Dinner,2026-06-03T17:41:50.872Z
ST006,C0249,20260603,2026-06-03T17:38:57.867061,O00671,Completed,2026-06-03 10:45:12.486000+00:00,Cash,orders_S006_20260603.json,S006,S006_O00671,2026-06-03,10,6,3,Wednesday,23,2,2026-2027,Off-Peak,Weekday,Breakfast,2026-06-03T17:41:50.872Z
ST013,C0045,20260603,2026-06-03T17:38:57.867061,O00672,Completed,2026-06-03 16:12:51.486000+00:00,Cash,orders_S006_20260603.json,S006,S006_O00672,2026-06-03,16,6,3,Wednesday,23,2,2026-2027,Off-Peak,Weekday,Snack,2026-06-03T17:41:50.872Z
ST013,C0186,20260603,2026-06-03T17:38:57.867061,O00673,Completed,2026-06-03 11:54:09.486000+00:00,UPI,orders_S006_20260603.json,S006,S006_O00673,2026-06-03,11,6,3,Wednesday,23,2,2026-2027,Off-Peak,Weekday,Breakfast,2026-06-03T17:41:50.872Z
ST007,C0035,20260603,2026-06-03T17:38:57.867061,O00675,Completed,2026-06-03 16:10:48.486000+00:00,Card,orders_S006_20260603.json,S006,S006_O00675,2026-06-03,16,6,3,Wednesday,23,2,2026-2027,Off-Peak,Weekday,Snack,2026-06-03T17:41:50.872Z
ST009,C0199,20260603,2026-06-03T17:38:57.867061,O00676,Completed,2026-06-03 11:03:44.486000+00:00,UPI,orders_S006_20260603.json,S006,S006_O00676,2026-06-03,11,6,3,Wednesday,23,2,2026-2027,Off-Peak,Weekday,Breakfast,2026-06-03T17:41:50.872Z
ST004,C0025,20260603,2026-06-03T17:38:57.867061,O00677,Completed,2026-06-03 14:54:49.486000+00:00,Card,orders_S006_20260603.json,S006,S006_O00677,2026-06-03,14,6,3,Wednesday,23,2,2026-2027,Off-Peak,Weekday,Lunch,2026-06-03T17:41:50.872Z
ST008,C0283,20260603,2026-06-03T17:38:57.867061,O00679,Completed,2026-06-03 11:08:33.486000+00:00,UPI,orders_S006_20260603.json,S006,S006_O00679,2026-06-03,11,6,3,Wednesday,23,2,2026-2027,Off-Peak,Weekday,Breakfast,2026-06-03T17:41:50.872Z
ST003,C0174,20260603,2026-06-03T17:38:57.867061,O00681,Completed,2026-06-03 16:13:26.486000+00:00,UPI,orders_S006_20260603.json,S006,S006_O00681,2026-06-03,16,6,3,Wednesday,23,2,2026-2027,Off-Peak,Weekday,Snack,2026-06-03T17:41:50.872Z
ST013,C0104,20260603,2026-06-03T17:38:57.867061,O00689,Completed,2026-06-03 14:23:04.486000+00:00,Cash,orders_S006_20260603.json,S006,S006_O00689,2026-06-03,14,6,3,Wednesday,23,2,2026-2027,Off-Peak,Weekday,Lunch,2026-06-03T17:41:50.872Z
ST009,C0042,20260603,2026-06-03T17:38:57.867061,O00691,Completed,2026-06-03 15:57:37.486000+00:00,Cash,orders_S006_20260603.json,S006,S006_O00691,2026-06-03,15,6,3,Wednesday,23,2,2026-2027,Off-Peak,Weekday,Snack,2026-06-03T17:41:50.872Z
ST012,C0194,20260603,2026-06-03T17:38:57.867061,O00693,Completed,2026-06-03 14:35:37.486000+00:00,UPI,orders_S006_20260603.json,S006,S006_O00693,2026-06-03,14,6,3,Wednesday,23,2,2026-2027,Off-Peak,Weekday,Lunch,2026-06-03T17:41:50.872Z
ST006,C0225,20260603,2026-06-03T17:38:57.867061,O00694,Completed,2026-06-03 13:01:17.486000+00:00,UPI,orders_S006_20260603.json,S006,S006_O00694,2026-06-03,13,6,3,Wednesday,23,2,2026-2027,Off-Peak,Weekday,Lunch,2026-06-03T17:41:50.872Z
ST005,C0194,20260603,2026-06-03T17:38:57.867061,O00697,Completed,2026-06-03 12:35:55.486000+00:00,UPI,orders_S006_20260603.json,S006,S006_O00697,2026-06-03,12,6,3,Wednesday,23,2,2026-2027,Off-Peak,Weekday,Lunch,2026-06-03T17:41:50.872Z
ST006,C0126,20260603,2026-06-03T17:38:57.867061,O00706,Completed,2026-06-03 15:48:07.486000+00:00,Card,orders_S006_20260603.json,S006,S006_O00706,2026-06-03,15,6,3,Wednesday,23,2,2026-2027,Off-Peak,Weekday,Snack,2026-06-03T17:41:50.872Z
ST008,C0064,20260603,2026-06-03T17:38:57.867061,O00708,Completed,2026-06-03 11:32:02.486000+00:00,Card,orders_S006_20260603.json,S006,S006_O00708,2026-06-03,11,6,3,Wednesday,23,2,2026-2027,Off-Peak,Weekday,Breakfast,2026-06-03T17:41:50.872Z
ST012,C0092,20260603,2026-06-03T17:38:57.867061,O00709,Completed,2026-06-03 14:25:35.486000+00:00,UPI,orders_S006_20260603.json,S006,S006_O00709,2026-06-03,14,6,3,Wednesday,23,2,2026-2027,Off-Peak,Weekday,Lunch,2026-06-03T17:41:50.872Z
ST006,C0117,20260603,2026-06-03T17:38:57.867061,O00710,Completed,2026-06-03 11:55:26.486000+00:00,UPI,orders_S006_20260603.json,S006,S006_O00710,2026-06-03,11,6,3,Wednesday,23,2,2026-2027,Off-Peak,Weekday,Breakfast,2026-06-03T17:41:50.872Z
ST001,C0097,20260603,2026-06-03T17:38:57.867061,O00713,Completed,2026-06-03 10:31:43.486000+00:00,UPI,orders_S006_20260603.json,S006,S006_O00713,2026-06-03,10,6,3,Wednesday,23,2,2026-2027,Off-Peak,Weekday,Breakfast,2026-06-03T17:41:50.872Z
ST006,C0080,20260603,2026-06-03T17:38:57.867061,O00716,Completed,2026-06-03 14:22:04.486000+00:00,UPI,orders_S006_20260603.json,S006,S006_O00716,2026-06-03,14,6,3,Wednesday,23,2,2026-2027,Off-Peak,Weekday,Lunch,2026-06-03T17:41:50.872Z
ST004,C0121,20260603,2026-06-03T17:38:57.867061,O00718,Completed,2026-06-03 13:14:35.486000+00:00,Cash,orders_S006_20260603.json,S006,S006_O00718,2026-06-03,13,6,3,Wednesday,23,2,2026-2027,Off-Peak,Weekday,Lunch,2026-06-03T17:41:50.872Z
ST009,C0034,20260603,2026-06-03T17:38:57.867061,O00720,Completed,2026-06-03 17:34:28.486000+00:00,Cash,orders_S006_20260603.json,S006,S006_O00720,2026-06-03,17,6,3,Wednesday,23,2,2026-2027,Off-Peak,Weekday,Dinner,2026-06-03T17:41:50.872Z
ST015,C0236,20260603,2026-06-03T17:38:57.867061,O00721,Completed,2026-06-03 15:32:21.486000+00:00,Cash,orders_S006_20260603.json,S006,S006_O00721,2026-06-03,15,6,3,Wednesday,23,2,2026-2027,Off-Peak,Weekday,Snack,2026-06-03T17:41:50.872Z
ST008,C0102,20260603,2026-06-03T17:38:57.867061,O00726,Completed,2026-06-03 13:01:29.486000+00:00,Cash,orders_S006_20260603.json,S006,S006_O00726,2026-06-03,13,6,3,Wednesday,23,2,2026-2027,Off-Peak,Weekday,Lunch,2026-06-03T17:41:50.872Z
ST002,C0014,20260603,2026-06-03T17:38:57.867061,O00732,Completed,2026-06-03 13:50:04.486000+00:00,Card,orders_S006_20260603.json,S006,S006_O00732,2026-06-03,13,6,3,Wednesday,23,2,2026-2027,Off-Peak,Weekday,Lunch,2026-06-03T17:41:50.872Z
ST001,C0027,20260603,2026-06-03T17:38:57.867061,O00735,Completed,2026-06-03 15:04:47.486000+00:00,UPI,orders_S006_20260603.json,S006,S006_O00735,2026-06-03,15,6,3,Wednesday,23,2,2026-2027,Off-Peak,Weekday,Snack,2026-06-03T17:41:50.872Z
ST013,C0063,20260603,2026-06-03T17:38:57.867061,O00738,Completed,2026-06-03 14:53:41.486000+00:00,UPI,orders_S006_20260603.json,S006,S006_O00738,2026-06-03,14,6,3,Wednesday,23,2,2026-2027,Off-Peak,Weekday,Lunch,2026-06-03T17:41:50.872Z
ST013,C0046,20260603,2026-06-03T17:38:57.867061,O00745,Completed,2026-06-03 17:16:11.486000+00:00,UPI,orders_S006_20260603.json,S006,S006_O00745,2026-06-03,17,6,3,Wednesday,23,2,2026-2027,Off-Peak,Weekday,Dinner,2026-06-03T17:41:50.872Z
ST011,C0125,20260603,2026-06-03T17:38:57.867061,O00747,Completed,2026-06-03 17:21:25.486000+00:00,Cash,orders_S006_20260603.json,S006,S006_O00747,2026-06-03,17,6,3,Wednesday,23,2,2026-2027,Off-Peak,Weekday,Dinner,2026-06-03T17:41:50.872Z
ST004,C0278,20260603,2026-06-03T17:38:57.867061,O00748,Completed,2026-06-03 17:40:56.486000+00:00,Card,orders_S006_20260603.json,S006,S006_O00748,2026-06-03,17,6,3,Wednesday,23,2,2026-2027,Off-Peak,Weekday,Dinner,2026-06-03T17:41:50.872Z
ST004,C0100,20260603,2026-06-03T17:38:57.867061,O00749,Completed,2026-06-03 13:01:38.486000+00:00,UPI,orders_S006_20260603.json,S006,S006_O00749,2026-06-03,13,6,3,Wednesday,23,2,2026-2027,Off-Peak,Weekday,Lunch,2026-06-03T17:41:50.872Z
ST008,C0201,20260603,2026-06-03T17:38:57.867061,O00753,Completed,2026-06-03 15:04:46.486000+00:00,UPI,orders_S006_20260603.json,S006,S006_O00753,2026-06-03,15,6,3,Wednesday,23,2,2026-2027,Off-Peak,Weekday,Snack,2026-06-03T17:41:50.872Z
ST001,C0015,20260603,2026-06-03T17:38:57.867061,O00754,Completed,2026-06-03 17:13:03.486000+00:00,UPI,orders_S006_20260603.json,S006,S006_O00754,2026-06-03,17,6,3,Wednesday,23,2,2026-2027,Off-Peak,Weekday,Dinner,2026-06-03T17:41:50.872Z
ST014,C0030,20260603,2026-06-03T17:38:57.867061,O00755,Completed,2026-06-03 17:40:39.486000+00:00,UPI,orders_S006_20260603.json,S006,S006_O00755,2026-06-03,17,6,3,Wednesday,23,2,2026-2027,Off-Peak,Weekday,Dinner,2026-06-03T17:41:50.872Z
ST012,C0184,20260603,2026-06-03T17:38:57.867061,O00758,Completed,2026-06-03 17:37:38.486000+00:00,UPI,orders_S006_20260603.json,S006,S006_O00758,2026-06-03,17,6,3,Wednesday,23,2,2026-2027,Off-Peak,Weekday,Dinner,2026-06-03T17:41:50.872Z
ST005,C0032,20260603,2026-06-03T17:38:57.867061,O00762,Completed,2026-06-03 16:28:38.486000+00:00,UPI,orders_S006_20260603.json,S006,S006_O00762,2026-06-03,16,6,3,Wednesday,23,2,2026-2027,Off-Peak,Weekday,Snack,2026-06-03T17:41:50.872Z
ST008,C0184,20260603,2026-06-03T17:38:57.867061,O00763,Completed,2026-06-03 15:12:35.486000+00:00,UPI,orders_S006_20260603.json,S006,S006_O00763,2026-06-03,15,6,3,Wednesday,23,2,2026-2027,Off-Peak,Weekday,Snack,2026-06-03T17:41:50.872Z
ST011,C0237,20260603,2026-06-03T17:38:57.867061,O00764,Completed,2026-06-03 14:22:47.486000+00:00,Card,orders_S006_20260603.json,S006,S006_O00764,2026-06-03,14,6,3,Wednesday,23,2,2026-2027,Off-Peak,Weekday,Lunch,2026-06-03T17:41:50.872Z
ST012,C0177,20260603,2026-06-03T17:38:57.867061,O00765,Completed,2026-06-03 13:27:13.486000+00:00,UPI,orders_S006_20260603.json,S006,S006_O00765,2026-06-03,13,6,3,Wednesday,23,2,2026-2027,Off-Peak,Weekday,Lunch,2026-06-03T17:41:50.872Z
ST004,C0046,20260603,2026-06-03T17:38:57.867061,O00766,Completed,2026-06-03 16:47:48.486000+00:00,Cash,orders_S006_20260603.json,S006,S006_O00766,2026-06-03,16,6,3,Wednesday,23,2,2026-2027,Off-Peak,Weekday,Snack,2026-06-03T17:41:50.872Z
ST004,C0038,20260603,2026-06-03T17:38:57.867061,O00767,Completed,2026-06-03 16:05:35.486000+00:00,Cash,orders_S006_20260603.json,S006,S006_O00767,2026-06-03,16,6,3,Wednesday,23,2,2026-2027,Off-Peak,Weekday,Snack,2026-06-03T17:41:50.872Z
ST002,C0050,20260603,2026-06-03T17:38:57.867061,O00774,Completed,2026-06-03 13:56:12.486000+00:00,Cash,orders_S006_20260603.json,S006,S006_O00774,2026-06-03,13,6,3,Wednesday,23,2,2026-2027,Off-Peak,Weekday,Lunch,2026-06-03T17:41:50.872Z
ST015,C0037,20260603,2026-06-03T17:38:57.867061,O00780,Completed,2026-06-03 12:13:38.486000+00:00,UPI,orders_S006_20260603.json,S006,S006_O00780,2026-06-03,12,6,3,Wednesday,23,2,2026-2027,Off-Peak,Weekday,Lunch,2026-06-03T17:41:50.872Z
ST008,C0209,20260603,2026-06-03T17:38:57.867061,O00785,Completed,2026-06-03 12:30:06.486000+00:00,Card,orders_S006_20260603.json,S006,S006_O00785,2026-06-03,12,6,3,Wednesday,23,2,2026-2027,Off-Peak,Weekday,Lunch,2026-06-03T17:41:50.872Z
ST007,C0014,20260603,2026-06-03T17:38:57.867061,O00786,Completed,2026-06-03 10:06:04.486000+00:00,Cash,orders_S006_20260603.json,S006,S006_O00786,2026-06-03,10,6,3,Wednesday,23,2,2026-2027,Off-Peak,Weekday,Breakfast,2026-06-03T17:41:50.872Z
ST007,C0043,20260603,2026-06-03T17:38:57.867061,O00787,Completed,2026-06-03 13:37:03.486000+00:00,UPI,orders_S006_20260603.json,S006,S006_O00787,2026-06-03,13,6,3,Wednesday,23,2,2026-2027,Off-Peak,Weekday,Lunch,2026-06-03T17:41:50.872Z
ST002,C0200,20260603,2026-06-03T17:38:57.867061,O00789,Completed,2026-06-03 14:11:08.486000+00:00,UPI,orders_S006_20260603.json,S006,S006_O00789,2026-06-03,14,6,3,Wednesday,23,2,2026-2027,Off-Peak,Weekday,Lunch,2026-06-03T17:41:50.872Z
ST005,C0324,20260603,2026-06-03T17:39:00.876080,O00005,Completed,2026-06-03 14:22:27.811000+00:00,Cash,orders_S003_20260603.json,S003,S003_O00005,2026-06-03,14,6,3,Wednesday,23,2,2026-2027,Off-Peak,Weekday,Lunch,2026-06-03T17:41:50.872Z
ST005,C0210,20260603,2026-06-03T17:39:00.876080,O00008,Completed,2026-06-03 14:08:45.811000+00:00,UPI,orders_S003_20260603.json,S003,S003_O00008,2026-06-03,14,6,3,Wednesday,23,2,2026-2027,Off-Peak,Weekday,Lunch,2026-06-03T17:41:50.872Z
ST010,C0087,20260603,2026-06-03T17:39:00.876080,O00018,Completed,2026-06-03 11:50:36.811000+00:00,UPI,orders_S003_20260603.json,S003,S003_O00018,2026-06-03,11,6,3,Wednesday,23,2,2026-2027,Off-Peak,Weekday,Breakfast,2026-06-03T17:41:50.872Z
ST013,C0364,20260603,2026-06-03T17:39:00.876080,O00027,Completed,2026-06-03 13:45:03.811000+00:00,Cash,orders_S003_20260603.json,S003,S003_O00027,2026-06-03,13,6,3,Wednesday,23,2,2026-2027,Off-Peak,Weekday,Lunch,2026-06-03T17:41:50.872Z
ST007,C0058,20260603,2026-06-03T17:39:00.876080,O00031,Completed,2026-06-03 17:26:45.811000+00:00,Card,orders_S003_20260603.json,S003,S003_O00031,2026-06-03,17,6,3,Wednesday,23,2,2026-2027,Off-Peak,Weekday,Dinner,2026-06-03T17:41:50.872Z
ST013,C0022,20260603,2026-06-03T17:39:00.876080,O00038,Completed,2026-06-03 12:03:37.811000+00:00,UPI,orders_S003_20260603.json,S003,S003_O00038,2026-06-03,12,6,3,Wednesday,23,2,2026-2027,Off-Peak,Weekday,Lunch,2026-06-03T17:41:50.872Z
ST012,C0146,20260603,2026-06-03T17:39:00.876080,O00040,Completed,2026-06-03 15:24:08.811000+00:00,UPI,orders_S003_20260603.json,S003,S003_O00040,2026-06-03,15,6,3,Wednesday,23,2,2026-2027,Off-Peak,Weekday,Snack,2026-06-03T17:41:50.872Z
ST015,C0028,20260603,2026-06-03T17:39:00.876080,O00056,Completed,2026-06-03 11:41:59.811000+00:00,UPI,orders_S003_20260603.json,S003,S003_O00056,2026-06-03,11,6,3,Wednesday,23,2,2026-2027,Off-Peak,Weekday,Breakfast,2026-06-03T17:41:50.872Z
ST001,C0046,20260603,2026-06-03T17:39:00.876080,O00057,Completed,2026-06-03 17:04:22.811000+00:00,UPI,orders_S003_20260603.json,S003,S003_O00057,2026-06-03,17,6,3,Wednesday,23,2,2026-2027,Off-Peak,Weekday,Dinner,2026-06-03T17:41:50.872Z
ST009,C0207,20260603,2026-06-03T17:39:00.876080,O00058,Completed,2026-06-03 13:33:00.811000+00:00,UPI,orders_S003_20260603.json,S003,S003_O00058,2026-06-03,13,6,3,Wednesday,23,2,2026-2027,Off-Peak,Weekday,Lunch,2026-06-03T17:41:50.872Z
ST014,C0015,20260603,2026-06-03T17:39:00.876080,O00062,Completed,2026-06-03 14:05:55.811000+00:00,Cash,orders_S003_20260603.json,S003,S003_O00062,2026-06-03,14,6,3,Wednesday,23,2,2026-2027,Off-Peak,Weekday,Lunch,2026-06-03T17:41:50.872Z
ST006,C0086,20260603,2026-06-03T17:39:00.876080,O00066,Completed,2026-06-03 14:01:28.811000+00:00,UPI,orders_S003_20260603.json,S003,S003_O00066,2026-06-03,14,6,3,Wednesday,23,2,2026-2027,Off-Peak,Weekday,Lunch,2026-06-03T17:41:50.872Z
ST003,C0275,20260603,2026-06-03T17:39:00.876080,O00067,Completed,2026-06-03 14:18:20.811000+00:00,UPI,orders_S003_20260603.json,S003,S003_O00067,2026-06-03,14,6,3,Wednesday,23,2,2026-2027,Off-Peak,Weekday,Lunch,2026-06-03T17:41:50.872Z
ST015,C0117,20260603,2026-06-03T17:39:00.876080,O00071,Completed,2026-06-03 17:40:28.811000+00:00,UPI,orders_S003_20260603.json,S003,S003_O00071,2026-06-03,17,6,3,Wednesday,23,2,2026-2027,Off-Peak,Weekday,Dinner,2026-06-03T17:41:50.872Z
ST007,C0368,20260603,2026-06-03T17:39:00.876080,O00073,Completed,2026-06-03 13:55:39.811000+00:00,Cash,orders_S003_20260603.json,S003,S003_O00073,2026-06-03,13,6,3,Wednesday,23,2,2026-2027,Off-Peak,Weekday,Lunch,2026-06-03T17:41:50.872Z
ST012,C0053,20260603,2026-06-03T17:39:00.876080,O00076,Completed,2026-06-03 16:58:33.811000+00:00,UPI,orders_S003_20260603.json,S003,S003_O00076,2026-06-03,16,6,3,Wednesday,23,2,2026-2027,Off-Peak,Weekday,Snack,2026-06-03T17:41:50.872Z
ST003,C0092,20260603,2026-06-03T17:39:00.876080,O00079,Completed,2026-06-03 13:51:19.811000+00:00,UPI,orders_S003_20260603.json,S003,S003_O00079,2026-06-03,13,6,3,Wednesday,23,2,2026-2027,Off-Peak,Weekday,Lunch,2026-06-03T17:41:50.872Z
ST013,C0424,20260603,2026-06-03T17:39:00.876080,O00081,Completed,2026-06-03 12:55:19.811000+00:00,UPI,orders_S003_20260603.json,S003,S003_O00081,2026-06-03,12,6,3,Wednesday,23,2,2026-2027,Off-Peak,Weekday,Lunch,2026-06-03T17:41:50.872Z
ST006,C0054,20260603,2026-06-03T17:39:00.876080,O00083,Completed,2026-06-03 14:02:06.811000+00:00,UPI,orders_S003_20260603.json,S003,S003_O00083,2026-06-03,14,6,3,Wednesday,23,2,2026-2027,Off-Peak,Weekday,Lunch,2026-06-03T17:41:50.872Z
ST009,C0038,20260603,2026-06-03T17:39:00.876080,O00084,Completed,2026-06-03 14:29:27.811000+00:00,Cash,orders_S003_20260603.json,S003,S003_O00084,2026-06-03,14,6,3,Wednesday,23,2,2026-2027,Off-Peak,Weekday,Lunch,2026-06-03T17:41:50.872Z
ST005,C0182,20260603,2026-06-03T17:39:00.876080,O00094,Completed,2026-06-03 12:17:16.811000+00:00,UPI,orders_S003_20260603.json,S003,S003_O00094,2026-06-03,12,6,3,Wednesday,23,2,2026-2027,Off-Peak,Weekday,Lunch,2026-06-03T17:41:50.872Z
ST012,C0002,20260603,2026-06-03T17:39:00.876080,O00095,Completed,2026-06-03 13:13:12.811000+00:00,Card,orders_S003_20260603.json,S003,S003_O00095,2026-06-03,13,6,3,Wednesday,23,2,2026-2027,Off-Peak,Weekday,Lunch,2026-06-03T17:41:50.872Z
ST008,C0022,20260603,2026-06-03T17:39:00.876080,O00097,Completed,2026-06-03 12:34:19.811000+00:00,Cash,orders_S003_20260603.json,S003,S003_O00097,2026-06-03,12,6,3,Wednesday,23,2,2026-2027,Off-Peak,Weekday,Lunch,2026-06-03T17:41:50.872Z
ST012,C0103,20260603,2026-06-03T17:39:00.876080,O00098,Completed,2026-06-03 13:21:08.811000+00:00,Cash,orders_S003_20260603.json,S003,S003_O00098,2026-06-03,13,6,3,Wednesday,23,2,2026-2027,Off-Peak,Weekday,Lunch,2026-06-03T17:41:50.872Z
ST005,C0275,20260603,2026-06-03T17:39:00.876080,O00100,Completed,2026-06-03 13:22:59.811000+00:00,Cash,orders_S003_20260603.json,S003,S003_O00100,2026-06-03,13,6,3,Wednesday,23,2,2026-2027,Off-Peak,Weekday,Lunch,2026-06-03T17:41:50.872Z
ST006,C0282,20260603,2026-06-03T17:39:00.876080,O00101,Completed,2026-06-03 13:00:41.811000+00:00,Card,orders_S003_20260603.json,S003,S003_O00101,2026-06-03,13,6,3,Wednesday,23,2,2026-2027,Off-Peak,Weekday,Lunch,2026-06-03T17:41:50.872Z
ST013,C0032,20260603,2026-06-03T17:39:00.876080,O00103,Completed,2026-06-03 14:28:48.811000+00:00,Cash,orders_S003_20260603.json,S003,S003_O00103,2026-06-03,14,6,3,Wednesday,23,2,2026-2027,Off-Peak,Weekday,Lunch,2026-06-03T17:41:50.872Z
ST003,C0082,20260603,2026-06-03T17:39:00.876080,O00104,Completed,2026-06-03 15:51:27.811000+00:00,UPI,orders_S003_20260603.json,S003,S003_O00104,2026-06-03,15,6,3,Wednesday,23,2,2026-2027,Off-Peak,Weekday,Snack,2026-06-03T17:41:50.872Z
ST010,C0034,20260603,2026-06-03T17:39:00.876080,O00107,Completed,2026-06-03 15:38:14.811000+00:00,UPI,orders_S003_20260603.json,S003,S003_O00107,2026-06-03,15,6,3,Wednesday,23,2,2026-2027,Off-Peak,Weekday,Snack,2026-06-03T17:41:50.872Z
ST011,C0253,20260603,2026-06-03T17:39:00.876080,O00110,Completed,2026-06-03 16:31:11.811000+00:00,Card,orders_S003_20260603.json,S003,S003_O00110,2026-06-03,16,6,3,Wednesday,23,2,2026-2027,Off-Peak,Weekday,Snack,2026-06-03T17:41:50.872Z
ST013,C0236,20260603,2026-06-03T17:39:00.876080,O00111,Completed,2026-06-03 15:08:11.811000+00:00,UPI,orders_S003_20260603.json,S003,S003_O00111,2026-06-03,15,6,3,Wednesday,23,2,2026-2027,Off-Peak,Weekday,Snack,2026-06-03T17:41:50.872Z
ST013,C0051,20260603,2026-06-03T17:39:00.876080,O00113,Completed,2026-06-03 17:08:04.811000+00:00,UPI,orders_S003_20260603.json,S003,S003_O00113,2026-06-03,17,6,3,Wednesday,23,2,2026-2027,Off-Peak,Weekday,Dinner,2026-06-03T17:41:50.872Z
ST008,C0170,20260603,2026-06-03T17:39:00.876080,O00115,Completed,2026-06-03 16:49:29.811000+00:00,Cash,orders_S003_20260603.json,S003,S003_O00115,2026-06-03,16,6,3,Wednesday,23,2,2026-2027,Off-Peak,Weekday,Snack,2026-06-03T17:41:50.872Z
ST004,C0318,20260603,2026-06-03T17:39:00.876080,O00116,Completed,2026-06-03 12:09:29.811000+00:00,UPI,orders_S003_20260603.json,S003,S003_O00116,2026-06-03,12,6,3,Wednesday,23,2,2026-2027,Off-Peak,Weekday,Lunch,2026-06-03T17:41:50.872Z
ST006,C0230,20260603,2026-06-03T17:39:00.876080,O00124,Completed,2026-06-03 15:04:23.811000+00:00,UPI,orders_S003_20260603.json,S003,S003_O00124,2026-06-03,15,6,3,Wednesday,23,2,2026-2027,Off-Peak,Weekday,Snack,2026-06-03T17:41:50.872Z
ST014,C0231,20260603,2026-06-03T17:39:00.876080,O00127,Completed,2026-06-03 17:06:10.811000+00:00,Cash,orders_S003_20260603.json,S003,S003_O00127,2026-06-03,17,6,3,Wednesday,23,2,2026-2027,Off-Peak,Weekday,Dinner,2026-06-03T17:41:50.872Z
ST008,C0062,20260603,2026-06-03T17:39:00.876080,O00129,Completed,2026-06-03 17:37:21.811000+00:00,Cash,orders_S003_20260603.json,S003,S003_O00129,2026-06-03,17,6,3,Wednesday,23,2,2026-2027,Off-Peak,Weekday,Dinner,2026-06-03T17:41:50.872Z
ST011,C0157,20260603,2026-06-03T17:39:00.876080,O00131,Completed,2026-06-03 17:29:31.811000+00:00,UPI,orders_S003_20260603.json,S003,S003_O00131,2026-06-03,17,6,3,Wednesday,23,2,2026-2027,Off-Peak,Weekday,Dinner,2026-06-03T17:41:50.872Z
ST004,C0392,20260603,2026-06-03T17:39:00.876080,O00144,Completed,2026-06-03 13:41:12.811000+00:00,UPI,orders_S003_20260603.json,S003,S003_O00144,2026-06-03,13,6,3,Wednesday,23,2,2026-2027,Off-Peak,Weekday,Lunch,2026-06-03T17:41:50.872Z
ST004,C0016,20260603,2026-06-03T17:39:00.876080,O00145,Completed,2026-06-03 15:01:02.811000+00:00,UPI,orders_S003_20260603.json,S003,S003_O00145,2026-06-03,15,6,3,Wednesday,23,2,2026-2027,Off-Peak,Weekday,Snack,2026-06-03T17:41:50.872Z
ST011,C0370,20260603,2026-06-03T17:39:00.876080,O00148,Completed,2026-06-03 12:47:22.811000+00:00,Card,orders_S003_20260603.json,S003,S003_O00148,2026-06-03,12,6,3,Wednesday,23,2,2026-2027,Off-Peak,Weekday,Lunch,2026-06-03T17:41:50.872Z
ST005,C0019,20260603,2026-06-03T17:39:00.876080,O00150,Completed,2026-06-03 15:15:10.811000+00:00,Cash,orders_S003_20260603.json,S003,S003_O00150,2026-06-03,15,6,3,Wednesday,23,2,2026-2027,Off-Peak,Weekday,Snack,2026-06-03T17:41:50.872Z
ST005,C0001,20260603,2026-06-03T17:39:00.876080,O00151,Completed,2026-06-03 17:15:15.811000+00:00,UPI,orders_S003_20260603.json,S003,S003_O00151,2026-06-03,17,6,3,Wednesday,23,2,2026-2027,Off-Peak,Weekday,Dinner,2026-06-03T17:41:50.872Z
ST009,C0219,20260603,2026-06-03T17:39:00.876080,O00155,Completed,2026-06-03 17:29:55.811000+00:00,UPI,orders_S003_20260603.json,S003,S003_O00155,2026-06-03,17,6,3,Wednesday,23,2,2026-2027,Off-Peak,Weekday,Dinner,2026-06-03T17:41:50.872Z
ST002,C0013,20260603,2026-06-03T17:39:00.876080,O00156,Completed,2026-06-03 12:50:49.811000+00:00,UPI,orders_S003_20260603.json,S003,S003_O00156,2026-06-03,12,6,3,Wednesday,23,2,2026-2027,Off-Peak,Weekday,Lunch,2026-06-03T17:41:50.872Z
ST006,C0249,20260603,2026-06-03T17:39:00.876080,O00158,Completed,2026-06-03 10:35:46.811000+00:00,Cash,orders_S003_20260603.json,S003,S003_O00158,2026-06-03,10,6,3,Wednesday,23,2,2026-2027,Off-Peak,Weekday,Breakfast,2026-06-03T17:41:50.872Z
ST003,C0392,20260603,2026-06-03T17:39:00.876080,O00159,Completed,2026-06-03 13:44:54.811000+00:00,Cash,orders_S003_20260603.json,S003,S003_O00159,2026-06-03,13,6,3,Wednesday,23,2,2026-2027,Off-Peak,Weekday,Lunch,2026-06-03T17:41:50.872Z
ST008,C0339,20260603,2026-06-03T17:39:00.876080,O00162,Completed,2026-06-03 16:42:46.811000+00:00,UPI,orders_S003_20260603.json,S003,S003_O00162,2026-06-03,16,6,3,Wednesday,23,2,2026-2027,Off-Peak,Weekday,Snack,2026-06-03T17:41:50.872Z
ST010,C0328,20260603,2026-06-03T17:39:00.876080,O00163,Completed,2026-06-03 13:42:08.811000+00:00,Card,orders_S003_20260603.json,S003,S003_O00163,2026-06-03,13,6,3,Wednesday,23,2,2026-2027,Off-Peak,Weekday,Lunch,2026-06-03T17:41:50.872Z
ST008,C0328,20260603,2026-06-03T17:39:00.876080,O00166,Completed,2026-06-03 14:49:14.811000+00:00,UPI,orders_S003_20260603.json,S003,S003_O00166,2026-06-03,14,6,3,Wednesday,23,2,2026-2027,Off-Peak,Weekday,Lunch,2026-06-03T17:41:50.872Z
ST007,C0055,20260603,2026-06-03T17:39:00.876080,O00167,Completed,2026-06-03 13:56:55.811000+00:00,UPI,orders_S003_20260603.json,S003,S003_O00167,2026-06-03,13,6,3,Wednesday,23,2,2026-2027,Off-Peak,Weekday,Lunch,2026-06-03T17:41:50.872Z
ST012,C0202,20260603,2026-06-03T17:39:00.876080,O00169,Completed,2026-06-03 16:56:35.811000+00:00,UPI,orders_S003_20260603.json,S003,S003_O00169,2026-06-03,16,6,3,Wednesday,23,2,2026-2027,Off-Peak,Weekday,Snack,2026-06-03T17:41:50.872Z
ST002,C0288,20260603,2026-06-03T17:39:00.876080,O00171,Completed,2026-06-03 13:42:29.811000+00:00,Card,orders_S003_20260603.json,S003,S003_O00171,2026-06-03,13,6,3,Wednesday,23,2,2026-2027,Off-Peak,Weekday,Lunch,2026-06-03T17:41:50.872Z
ST010,C0019,20260603,2026-06-03T17:39:00.876080,O00172,Completed,2026-06-03 16:51:15.811000+00:00,Card,orders_S003_20260603.json,S003,S003_O00172,2026-06-03,16,6,3,Wednesday,23,2,2026-2027,Off-Peak,Weekday,Snack,2026-06-03T17:41:50.872Z
ST010,C0456,20260603,2026-06-03T17:39:00.876080,O00174,Completed,2026-06-03 17:15:58.811000+00:00,Cash,orders_S003_20260603.json,S003,S003_O00174,2026-06-03,17,6,3,Wednesday,23,2,2026-2027,Off-Peak,Weekday,Dinner,2026-06-03T17:41:50.872Z
ST011,C0065,20260603,2026-06-03T17:39:00.876080,O00176,Completed,2026-06-03 16:54:14.811000+00:00,Cash,orders_S003_20260603.json,S003,S003_O00176,2026-06-03,16,6,3,Wednesday,23,2,2026-2027,Off-Peak,Weekday,Snack,2026-06-03T17:41:50.872Z
ST004,C0377,20260603,2026-06-03T17:39:00.876080,O00180,Completed,2026-06-03 16:39:00.811000+00:00,UPI,orders_S003_20260603.json,S003,S003_O00180,2026-06-03,16,6,3,Wednesday,23,2,2026-2027,Off-Peak,Weekday,Snack,2026-06-03T17:41:50.872Z
ST013,C0066,20260603,2026-06-03T17:39:00.876080,O00181,Completed,2026-06-03 14:18:19.811000+00:00,UPI,orders_S003_20260603.json,S003,S003_O00181,2026-06-03,14,6,3,Wednesday,23,2,2026-2027,Off-Peak,Weekday,Lunch,2026-06-03T17:41:50.872Z
ST015,C0461,20260603,2026-06-03T17:39:00.876080,O00183,Completed,2026-06-03 16:09:56.811000+00:00,Card,orders_S003_20260603.json,S003,S003_O00183,2026-06-03,16,6,3,Wednesday,23,2,2026-2027,Off-Peak,Weekday,Snack,2026-06-03T17:41:50.872Z
ST003,C0033,20260603,2026-06-03T17:39:00.876080,O00185,Completed,2026-06-03 14:52:35.811000+00:00,UPI,orders_S003_20260603.json,S003,S003_O00185,2026-06-03,14,6,3,Wednesday,23,2,2026-2027,Off-Peak,Weekday,Lunch,2026-06-03T17:41:50.872Z
ST008,C0118,20260603,2026-06-03T17:39:00.876080,O00187,Completed,2026-06-03 12:05:15.811000+00:00,Cash,orders_S003_20260603.json,S003,S003_O00187,2026-06-03,12,6,3,Wednesday,23,2,2026-2027,Off-Peak,Weekday,Lunch,2026-06-03T17:41:50.872Z
ST014,C0005,20260603,2026-06-03T17:39:00.876080,O00192,Completed,2026-06-03 16:11:31.811000+00:00,UPI,orders_S003_20260603.json,S003,S003_O00192,2026-06-03,16,6,3,Wednesday,23,2,2026-2027,Off-Peak,Weekday,Snack,2026-06-03T17:41:50.872Z
ST010,C0050,20260603,2026-06-03T17:39:00.876080,O00194,Completed,2026-06-03 13:07:49.811000+00:00,UPI,orders_S003_20260603.json,S003,S003_O00194,2026-06-03,13,6,3,Wednesday,23,2,2026-2027,Off-Peak,Weekday,Lunch,2026-06-03T17:41:50.872Z
ST011,C0045,20260603,2026-06-03T17:39:00.876080,O00195,Completed,2026-06-03 17:04:56.811000+00:00,Cash,orders_S003_20260603.json,S003,S003_O00195,2026-06-03,17,6,3,Wednesday,23,2,2026-2027,Off-Peak,Weekday,Dinner,2026-06-03T17:41:50.872Z
ST013,C0090,20260603,2026-06-03T17:39:00.876080,O00196,Completed,2026-06-03 14:31:42.811000+00:00,Card,orders_S003_20260603.json,S003,S003_O00196,2026-06-03,14,6,3,Wednesday,23,2,2026-2027,Off-Peak,Weekday,Lunch,2026-06-03T17:41:50.872Z
ST010,C0186,20260603,2026-06-03T17:39:00.876080,O00198,Completed,2026-06-03 14:24:07.811000+00:00,UPI,orders_S003_20260603.json,S003,S003_O00198,2026-06-03,14,6,3,Wednesday,23,2,2026-2027,Off-Peak,Weekday,Lunch,2026-06-03T17:41:50.872Z
ST009,C0010,20260603,2026-06-03T17:39:00.876080,O00199,Completed,2026-06-03 13:12:12.811000+00:00,Cash,orders_S003_20260603.json,S003,S003_O00199,2026-06-03,13,6,3,Wednesday,23,2,2026-2027,Off-Peak,Weekday,Lunch,2026-06-03T17:41:50.872Z
ST011,C0246,20260603,2026-06-03T17:39:00.876080,O00201,Completed,2026-06-03 16:18:48.811000+00:00,UPI,orders_S003_20260603.json,S003,S003_O00201,2026-06-03,16,6,3,Wednesday,23,2,2026-2027,Off-Peak,Weekday,Snack,2026-06-03T17:41:50.872Z
ST011,C0058,20260603,2026-06-03T17:39:00.876080,O00202,Completed,2026-06-03 13:19:35.811000+00:00,UPI,orders_S003_20260603.json,S003,S003_O00202,2026-06-03,13,6,3,Wednesday,23,2,2026-2027,Off-Peak,Weekday,Lunch,2026-06-03T17:41:50.872Z
ST015,C0451,20260603,2026-06-03T17:39:00.876080,O00203,Completed,2026-06-03 17:25:26.811000+00:00,Cash,orders_S003_20260603.json,S003,S003_O00203,2026-06-03,17,6,3,Wednesday,23,2,2026-2027,Off-Peak,Weekday,Dinner,2026-06-03T17:41:50.872Z
ST006,C0401,20260603,2026-06-03T17:39:00.876080,O00217,Completed,2026-06-03 11:30:08.811000+00:00,Cash,orders_S003_20260603.json,S003,S003_O00217,2026-06-03,11,6,3,Wednesday,23,2,2026-2027,Off-Peak,Weekday,Breakfast,2026-06-03T17:41:50.872Z
ST004,C0053,20260603,2026-06-03T17:39:00.876080,O00230,Completed,2026-06-03 14:58:57.811000+00:00,Cash,orders_S003_20260603.json,S003,S003_O00230,2026-06-03,14,6,3,Wednesday,23,2,2026-2027,Off-Peak,Weekday,Lunch,2026-06-03T17:41:50.872Z
ST009,C0001,20260603,2026-06-03T17:39:00.876080,O00231,Completed,2026-06-03 14:41:44.811000+00:00,Card,orders_S003_20260603.json,S003,S003_O00231,2026-06-03,14,6,3,Wednesday,23,2,2026-2027,Off-Peak,Weekday,Lunch,2026-06-03T17:41:50.872Z
ST006,C0076,20260603,2026-06-03T17:39:00.876080,O00233,Completed,2026-06-03 15:51:24.811000+00:00,UPI,orders_S003_20260603.json,S003,S003_O00233,2026-06-03,15,6,3,Wednesday,23,2,2026-2027,Off-Peak,Weekday,Snack,2026-06-03T17:41:50.872Z
ST015,C0348,20260603,2026-06-03T17:39:00.876080,O00239,Completed,2026-06-03 14:48:55.811000+00:00,UPI,orders_S003_20260603.json,S003,S003_O00239,2026-06-03,14,6,3,Wednesday,23,2,2026-2027,Off-Peak,Weekday,Lunch,2026-06-03T17:41:50.872Z
ST008,C0167,20260603,2026-06-03T17:39:00.876080,O00240,Completed,2026-06-03 12:29:49.811000+00:00,UPI,orders_S003_20260603.json,S003,S003_O00240,2026-06-03,12,6,3,Wednesday,23,2,2026-2027,Off-Peak,Weekday,Lunch,2026-06-03T17:41:50.872Z
ST014,C0308,20260603,2026-06-03T17:39:00.876080,O00243,Completed,2026-06-03 17:40:03.811000+00:00,Card,orders_S003_20260603.json,S003,S003_O00243,2026-06-03,17,6,3,Wednesday,23,2,2026-2027,Off-Peak,Weekday,Dinner,2026-06-03T17:41:50.872Z
ST012,C0287,20260603,2026-06-03T17:39:00.876080,O00246,Completed,2026-06-03 14:26:47.811000+00:00,UPI,orders_S003_20260603.json,S003,S003_O00246,2026-06-03,14,6,3,Wednesday,23,2,2026-2027,Off-Peak,Weekday,Lunch,2026-06-03T17:41:50.872Z
ST014,C0082,20260603,2026-06-03T17:39:00.876080,O00247,Completed,2026-06-03 16:48:49.811000+00:00,Cash,orders_S003_20260603.json,S003,S003_O00247,2026-06-03,16,6,3,Wednesday,23,2,2026-2027,Off-Peak,Weekday,Snack,2026-06-03T17:41:50.872Z
ST004,C0017,20260603,2026-06-03T17:39:00.876080,O00249,Completed,2026-06-03 17:12:49.811000+00:00,Cash,orders_S003_20260603.json,S003,S003_O00249,2026-06-03,17,6,3,Wednesday,23,2,2026-2027,Off-Peak,Weekday,Dinner,2026-06-03T17:41:50.872Z
ST009,C0021,20260603,2026-06-03T17:39:00.876080,O00252,Completed,2026-06-03 10:02:19.811000+00:00,UPI,orders_S003_20260603.json,S003,S003_O00252,2026-06-03,10,6,3,Wednesday,23,2,2026-2027,Off-Peak,Weekday,Breakfast,2026-06-03T17:41:50.872Z
ST011,C0423,20260603,2026-06-03T17:39:00.876080,O00253,Completed,2026-06-03 14:17:40.811000+00:00,Card,orders_S003_20260603.json,S003,S003_O00253,2026-06-03,14,6,3,Wednesday,23,2,2026-2027,Off-Peak,Weekday,Lunch,2026-06-03T17:41:50.872Z
ST014,C0060,20260603,2026-06-03T17:39:00.876080,O00257,Completed,2026-06-03 13:49:24.811000+00:00,Card,orders_S003_20260603.json,S003,S003_O00257,2026-06-03,13,6,3,Wednesday,23,2,2026-2027,Off-Peak,Weekday,Lunch,2026-06-03T17:41:50.872Z
ST011,C0029,20260603,2026-06-03T17:39:00.876080,O00259,Completed,2026-06-03 12:49:14.811000+00:00,Card,orders_S003_20260603.json,S003,S003_O00259,2026-06-03,12,6,3,Wednesday,23,2,2026-2027,Off-Peak,Weekday,Lunch,2026-06-03T17:41:50.872Z
ST006,C0043,20260603,2026-06-03T17:39:00.876080,O00261,Completed,2026-06-03 11:43:35.811000+00:00,Cash,orders_S003_20260603.json,S003,S003_O00261,2026-06-03,11,6,3,Wednesday,23,2,2026-2027,Off-Peak,Weekday,Breakfast,2026-06-03T17:41:50.872Z
ST006,C0093,20260603,2026-06-03T17:39:00.876080,O00264,Completed,2026-06-03 14:51:16.811000+00:00,UPI,orders_S003_20260603.json,S003,S003_O00264,2026-06-03,14,6,3,Wednesday,23,2,2026-2027,Off-Peak,Weekday,Lunch,2026-06-03T17:41:50.872Z
ST005,C0219,20260603,2026-06-03T17:39:00.876080,O00265,Completed,2026-06-03 13:08:10.811000+00:00,UPI,orders_S003_20260603.json,S003,S003_O00265,2026-06-03,13,6,3,Wednesday,23,2,2026-2027,Off-Peak,Weekday,Lunch,2026-06-03T17:41:50.872Z
ST012,C0046,20260603,2026-06-03T17:39:00.876080,O00270,Completed,2026-06-03 11:52:08.811000+00:00,UPI,orders_S003_20260603.json,S003,S003_O00270,2026-06-03,11,6,3,Wednesday,23,2,2026-2027,Off-Peak,Weekday,Breakfast,2026-06-03T17:41:50.872Z
ST015,C0051,20260603,2026-06-03T17:39:00.876080,O00271,Completed,2026-06-03 13:58:47.811000+00:00,Cash,orders_S003_20260603.json,S003,S003_O00271,2026-06-03,13,6,3,Wednesday,23,2,2026-2027,Off-Peak,Weekday,Lunch,2026-06-03T17:41:50.872Z
ST011,C0029,20260603,2026-06-03T17:39:00.876080,O00272,Completed,2026-06-03 11:33:51.811000+00:00,UPI,orders_S003_20260603.json,S003,S003_O00272,2026-06-03,11,6,3,Wednesday,23,2,2026-2027,Off-Peak,Weekday,Breakfast,2026-06-03T17:41:50.872Z
ST001,C0014,20260603,2026-06-03T17:39:00.876080,O00276,Completed,2026-06-03 17:39:02.811000+00:00,Cash,orders_S003_20260603.json,S003,S003_O00276,2026-06-03,17,6,3,Wednesday,23,2,2026-2027,Off-Peak,Weekday,Dinner,2026-06-03T17:41:50.872Z
ST009,C0207,20260603,2026-06-03T17:39:00.876080,O00278,Completed,2026-06-03 12:30:44.811000+00:00,UPI,orders_S003_20260603.json,S003,S003_O00278,2026-06-03,12,6,3,Wednesday,23,2,2026-2027,Off-Peak,Weekday,Lunch,2026-06-03T17:41:50.872Z
ST001,C0090,20260603,2026-06-03T17:39:00.876080,O00280,Completed,2026-06-03 17:08:01.811000+00:00,Card,orders_S003_20260603.json,S003,S003_O00280,2026-06-03,17,6,3,Wednesday,23,2,2026-2027,Off-Peak,Weekday,Dinner,2026-06-03T17:41:50.872Z
ST006,C0260,20260603,2026-06-03T17:39:00.876080,O00287,Completed,2026-06-03 11:11:59.811000+00:00,Card,orders_S003_20260603.json,S003,S003_O00287,2026-06-03,11,6,3,Wednesday,23,2,2026-2027,Off-Peak,Weekday,Breakfast,2026-06-03T17:41:50.872Z
ST001,C0360,20260603,2026-06-03T17:39:00.876080,O00290,Completed,2026-06-03 13:34:17.811000+00:00,UPI,orders_S003_20260603.json,S003,S003_O00290,2026-06-03,13,6,3,Wednesday,23,2,2026-2027,Off-Peak,Weekday,Lunch,2026-06-03T17:41:50.872Z
ST003,C0036,20260603,2026-06-03T17:39:00.876080,O00293,Completed,2026-06-03 13:39:17.811000+00:00,Cash,orders_S003_20260603.json,S003,S003_O00293,2026-06-03,13,6,3,Wednesday,23,2,2026-2027,Off-Peak,Weekday,Lunch,2026-06-03T17:41:50.872Z
ST010,C0410,20260603,2026-06-03T17:39:00.876080,O00300,Completed,2026-06-03 13:19:09.811000+00:00,UPI,orders_S003_20260603.json,S003,S003_O00300,2026-06-03,13,6,3,Wednesday,23,2,2026-2027,Off-Peak,Weekday,Lunch,2026-06-03T17:41:50.872Z
ST008,C0313,20260603,2026-06-03T17:39:00.876080,O00303,Completed,2026-06-03 12:12:24.811000+00:00,Card,orders_S003_20260603.json,S003,S003_O00303,2026-06-03,12,6,3,Wednesday,23,2,2026-2027,Off-Peak,Weekday,Lunch,2026-06-03T17:41:50.872Z
ST009,C0102,20260603,2026-06-03T17:39:00.876080,O00306,Completed,2026-06-03 16:08:45.811000+00:00,UPI,orders_S003_20260603.json,S003,S003_O00306,2026-06-03,16,6,3,Wednesday,23,2,2026-2027,Off-Peak,Weekday,Snack,2026-06-03T17:41:50.872Z
ST002,C0257,20260603,2026-06-03T17:39:00.876080,O00309,Completed,2026-06-03 16:03:01.811000+00:00,UPI,orders_S003_20260603.json,S003,S003_O00309,2026-06-03,16,6,3,Wednesday,23,2,2026-2027,Off-Peak,Weekday,Snack,2026-06-03T17:41:50.872Z
ST015,C0033,20260603,2026-06-03T17:39:00.876080,O00310,Completed,2026-06-03 14:54:06.811000+00:00,Cash,orders_S003_20260603.json,S003,S003_O00310,2026-06-03,14,6,3,Wednesday,23,2,2026-2027,Off-Peak,Weekday,Lunch,2026-06-03T17:41:50.872Z
ST014,C0002,20260603,2026-06-03T17:39:00.876080,O00314,Completed,2026-06-03 17:10:47.811000+00:00,Card,orders_S003_20260603.json,S003,S003_O00314,2026-06-03,17,6,3,Wednesday,23,2,2026-2027,Off-Peak,Weekday,Dinner,2026-06-03T17:41:50.872Z
ST014,C0140,20260603,2026-06-03T17:39:00.876080,O00315,Completed,2026-06-03 14:04:18.811000+00:00,UPI,orders_S003_20260603.json,S003,S003_O00315,2026-06-03,14,6,3,Wednesday,23,2,2026-2027,Off-Peak,Weekday,Lunch,2026-06-03T17:41:50.872Z
ST007,C0312,20260603,2026-06-03T17:39:00.876080,O00316,Completed,2026-06-03 14:38:21.811000+00:00,UPI,orders_S003_20260603.json,S003,S003_O00316,2026-06-03,14,6,3,Wednesday,23,2,2026-2027,Off-Peak,Weekday,Lunch,2026-06-03T17:41:50.872Z
ST011,C0017,20260603,2026-06-03T17:39:00.876080,O00318,Completed,2026-06-03 15:14:18.811000+00:00,Card,orders_S003_20260603.json,S003,S003_O00318,2026-06-03,15,6,3,Wednesday,23,2,2026-2027,Off-Peak,Weekday,Snack,2026-06-03T17:41:50.872Z
ST015,C0082,20260603,2026-06-03T17:39:00.876080,O00322,Completed,2026-06-03 17:25:55.811000+00:00,Cash,orders_S003_20260603.json,S003,S003_O00322,2026-06-03,17,6,3,Wednesday,23,2,2026-2027,Off-Peak,Weekday,Dinner,2026-06-03T17:41:50.872Z
ST009,C0010,20260603,2026-06-03T17:39:00.876080,O00324,Completed,2026-06-03 13:24:55.811000+00:00,UPI,orders_S003_20260603.json,S003,S003_O00324,2026-06-03,13,6,3,Wednesday,23,2,2026-2027,Off-Peak,Weekday,Lunch,2026-06-03T17:41:50.872Z
ST006,C0386,20260603,2026-06-03T17:39:00.876080,O00326,Completed,2026-06-03 15:49:28.811000+00:00,UPI,orders_S003_20260603.json,S003,S003_O00326,2026-06-03,15,6,3,Wednesday,23,2,2026-2027,Off-Peak,Weekday,Snack,2026-06-03T17:41:50.872Z
ST010,C0050,20260603,2026-06-03T17:39:00.876080,O00328,Completed,2026-06-03 13:36:55.811000+00:00,UPI,orders_S003_20260603.json,S003,S003_O00328,2026-06-03,13,6,3,Wednesday,23,2,2026-2027,Off-Peak,Weekday,Lunch,2026-06-03T17:41:50.872Z
ST014,C0274,20260603,2026-06-03T17:39:00.876080,O00335,Completed,2026-06-03 13:27:30.811000+00:00,Cash,orders_S003_20260603.json,S003,S003_O00335,2026-06-03,13,6,3,Wednesday,23,2,2026-2027,Off-Peak,Weekday,Lunch,2026-06-03T17:41:50.872Z
ST009,C0456,20260603,2026-06-03T17:39:00.876080,O00340,Completed,2026-06-03 13:44:42.811000+00:00,Cash,orders_S003_20260603.json,S003,S003_O00340,2026-06-03,13,6,3,Wednesday,23,2,2026-2027,Off-Peak,Weekday,Lunch,2026-06-03T17:41:50.872Z
ST013,C0230,20260603,2026-06-03T17:39:00.876080,O00342,Completed,2026-06-03 13:15:17.811000+00:00,Card,orders_S003_20260603.json,S003,S003_O00342,2026-06-03,13,6,3,Wednesday,23,2,2026-2027,Off-Peak,Weekday,Lunch,2026-06-03T17:41:50.872Z
ST014,C0297,20260603,2026-06-03T17:39:00.876080,O00345,Completed,2026-06-03 14:42:25.811000+00:00,Card,orders_S003_20260603.json,S003,S003_O00345,2026-06-03,14,6,3,Wednesday,23,2,2026-2027,Off-Peak,Weekday,Lunch,2026-06-03T17:41:50.872Z
ST001,C0164,20260603,2026-06-03T17:39:00.876080,O00346,Completed,2026-06-03 16:11:59.811000+00:00,UPI,orders_S003_20260603.json,S003,S003_O00346,2026-06-03,16,6,3,Wednesday,23,2,2026-2027,Off-Peak,Weekday,Snack,2026-06-03T17:41:50.872Z
ST004,C0094,20260603,2026-06-03T17:39:00.876080,O00348,Completed,2026-06-03 17:00:55.811000+00:00,Card,orders_S003_20260603.json,S003,S003_O00348,2026-06-03,17,6,3,Wednesday,23,2,2026-2027,Off-Peak,Weekday,Dinner,2026-06-03T17:41:50.872Z
ST009,C0320,20260603,2026-06-03T17:39:00.876080,O00350,Completed,2026-06-03 13:13:45.811000+00:00,Card,orders_S003_20260603.json,S003,S003_O00350,2026-06-03,13,6,3,Wednesday,23,2,2026-2027,Off-Peak,Weekday,Lunch,2026-06-03T17:41:50.872Z
ST004,C0030,20260603,2026-06-03T17:39:00.876080,O00359,Completed,2026-06-03 14:02:40.811000+00:00,UPI,orders_S003_20260603.json,S003,S003_O00359,2026-06-03,14,6,3,Wednesday,23,2,2026-2027,Off-Peak,Weekday,Lunch,2026-06-03T17:41:50.872Z
ST010,C0052,20260603,2026-06-03T17:39:00.876080,O00361,Completed,2026-06-03 15:37:21.811000+00:00,Card,orders_S003_20260603.json,S003,S003_O00361,2026-06-03,15,6,3,Wednesday,23,2,2026-2027,Off-Peak,Weekday,Snack,2026-06-03T17:41:50.872Z
ST001,C0240,20260603,2026-06-03T17:39:00.876080,O00362,Completed,2026-06-03 12:45:32.811000+00:00,UPI,orders_S003_20260603.json,S003,S003_O00362,2026-06-03,12,6,3,Wednesday,23,2,2026-2027,Off-Peak,Weekday,Lunch,2026-06-03T17:41:50.872Z
ST014,C0450,20260603,2026-06-03T17:39:00.876080,O00364,Completed,2026-06-03 11:09:16.811000+00:00,UPI,orders_S003_20260603.json,S003,S003_O00364,2026-06-03,11,6,3,Wednesday,23,2,2026-2027,Off-Peak,Weekday,Breakfast,2026-06-03T17:41:50.872Z
ST009,C0375,20260603,2026-06-03T17:39:00.876080,O00367,Completed,2026-06-03 16:45:32.811000+00:00,Cash,orders_S003_20260603.json,S003,S003_O00367,2026-06-03,16,6,3,Wednesday,23,2,2026-2027,Off-Peak,Weekday,Snack,2026-06-03T17:41:50.872Z
ST003,C0333,20260603,2026-06-03T17:39:00.876080,O00371,Completed,2026-06-03 14:18:20.811000+00:00,UPI,orders_S003_20260603.json,S003,S003_O00371,2026-06-03,14,6,3,Wednesday,23,2,2026-2027,Off-Peak,Weekday,Lunch,2026-06-03T17:41:50.872Z
ST010,C0124,20260603,2026-06-03T17:39:00.876080,O00377,Completed,2026-06-03 13:37:46.811000+00:00,Cash,orders_S003_20260603.json,S003,S003_O00377,2026-06-03,13,6,3,Wednesday,23,2,2026-2027,Off-Peak,Weekday,Lunch,2026-06-03T17:41:50.872Z
ST010,C0066,20260603,2026-06-03T17:39:00.876080,O00379,Completed,2026-06-03 15:32:49.811000+00:00,Cash,orders_S003_20260603.json,S003,S003_O00379,2026-06-03,15,6,3,Wednesday,23,2,2026-2027,Off-Peak,Weekday,Snack,2026-06-03T17:41:50.872Z
ST002,C0047,20260603,2026-06-03T17:39:00.876080,O00380,Completed,2026-06-03 11:06:13.811000+00:00,UPI,orders_S003_20260603.json,S003,S003_O00380,2026-06-03,11,6,3,Wednesday,23,2,2026-2027,Off-Peak,Weekday,Breakfast,2026-06-03T17:41:50.872Z
ST015,C0285,20260603,2026-06-03T17:39:00.876080,O00382,Completed,2026-06-03 14:34:26.811000+00:00,Cash,orders_S003_20260603.json,S003,S003_O00382,2026-06-03,14,6,3,Wednesday,23,2,2026-2027,Off-Peak,Weekday,Lunch,2026-06-03T17:41:50.872Z
ST014,C0463,20260603,2026-06-03T17:39:00.876080,O00383,Completed,2026-06-03 12:04:23.811000+00:00,Cash,orders_S003_20260603.json,S003,S003_O00383,2026-06-03,12,6,3,Wednesday,23,2,2026-2027,Off-Peak,Weekday,Lunch,2026-06-03T17:41:50.872Z
ST003,C0297,20260603,2026-06-03T17:39:00.876080,O00384,Completed,2026-06-03 13:47:50.811000+00:00,UPI,orders_S003_20260603.json,S003,S003_O00384,2026-06-03,13,6,3,Wednesday,23,2,2026-2027,Off-Peak,Weekday,Lunch,2026-06-03T17:41:50.872Z
ST009,C0144,20260603,2026-06-03T17:39:00.876080,O00387,Completed,2026-06-03 11:33:32.811000+00:00,Card,orders_S003_20260603.json,S003,S003_O00387,2026-06-03,11,6,3,Wednesday,23,2,2026-2027,Off-Peak,Weekday,Breakfast,2026-06-03T17:41:50.872Z
ST011,C0131,20260603,2026-06-03T17:39:00.876080,O00390,Completed,2026-06-03 17:41:35.811000+00:00,UPI,orders_S003_20260603.json,S003,S003_O00390,2026-06-03,17,6,3,Wednesday,23,2,2026-2027,Off-Peak,Weekday,Dinner,2026-06-03T17:41:50.872Z
ST002,C0060,20260603,2026-06-03T17:39:00.876080,O00396,Completed,2026-06-03 13:43:53.811000+00:00,Cash,orders_S003_20260603.json,S003,S003_O00396,2026-06-03,13,6,3,Wednesday,23,2,2026-2027,Off-Peak,Weekday,Lunch,2026-06-03T17:41:50.872Z
ST006,C0444,20260603,2026-06-03T17:39:00.876080,O00402,Completed,2026-06-03 14:03:03.811000+00:00,UPI,orders_S003_20260603.json,S003,S003_O00402,2026-06-03,14,6,3,Wednesday,23,2,2026-2027,Off-Peak,Weekday,Lunch,2026-06-03T17:41:50.872Z
ST008,C0028,20260603,2026-06-03T17:39:00.876080,O00405,Completed,2026-06-03 13:39:10.811000+00:00,Cash,orders_S003_20260603.json,S003,S003_O00405,2026-06-03,13,6,3,Wednesday,23,2,2026-2027,Off-Peak,Weekday,Lunch,2026-06-03T17:41:50.872Z
ST008,C0282,20260603,2026-06-03T17:39:00.876080,O00410,Completed,2026-06-03 13:40:23.811000+00:00,UPI,orders_S003_20260603.json,S003,S003_O00410,2026-06-03,13,6,3,Wednesday,23,2,2026-2027,Off-Peak,Weekday,Lunch,2026-06-03T17:41:50.872Z
ST011,C0386,20260603,2026-06-03T17:39:00.876080,O00421,Completed,2026-06-03 12:08:40.811000+00:00,Card,orders_S003_20260603.json,S003,S003_O00421,2026-06-03,12,6,3,Wednesday,23,2,2026-2027,Off-Peak,Weekday,Lunch,2026-06-03T17:41:50.872Z
ST015,C0066,20260603,2026-06-03T17:39:00.876080,O00422,Completed,2026-06-03 15:19:34.811000+00:00,Card,orders_S003_20260603.json,S003,S003_O00422,2026-06-03,15,6,3,Wednesday,23,2,2026-2027,Off-Peak,Weekday,Snack,2026-06-03T17:41:50.872Z
ST009,C0036,20260603,2026-06-03T17:39:00.876080,O00423,Completed,2026-06-03 16:42:57.811000+00:00,Cash,orders_S003_20260603.json,S003,S003_O00423,2026-06-03,16,6,3,Wednesday,23,2,2026-2027,Off-Peak,Weekday,Snack,2026-06-03T17:41:50.872Z
ST012,C0062,20260603,2026-06-03T17:39:00.876080,O00427,Completed,2026-06-03 11:07:42.811000+00:00,UPI,orders_S003_20260603.json,S003,S003_O00427,2026-06-03,11,6,3,Wednesday,23,2,2026-2027,Off-Peak,Weekday,Breakfast,2026-06-03T17:41:50.872Z
ST015,C0220,20260603,2026-06-03T17:39:00.876080,O00428,Completed,2026-06-03 14:24:11.811000+00:00,UPI,orders_S003_20260603.json,S003,S003_O00428,2026-06-03,14,6,3,Wednesday,23,2,2026-2027,Off-Peak,Weekday,Lunch,2026-06-03T17:41:50.872Z
ST015,C0059,20260603,2026-06-03T17:39:00.876080,O00429,Completed,2026-06-03 12:07:17.811000+00:00,UPI,orders_S003_20260603.json,S003,S003_O00429,2026-06-03,12,6,3,Wednesday,23,2,2026-2027,Off-Peak,Weekday,Lunch,2026-06-03T17:41:50.872Z
ST002,C0043,20260603,2026-06-03T17:39:00.876080,O00431,Completed,2026-06-03 11:42:56.811000+00:00,Card,orders_S003_20260603.json,S003,S003_O00431,2026-06-03,11,6,3,Wednesday,23,2,2026-2027,Off-Peak,Weekday,Breakfast,2026-06-03T17:41:50.872Z
ST012,C0070,20260603,2026-06-03T17:39:00.876080,O00432,Completed,2026-06-03 16:09:32.811000+00:00,UPI,orders_S003_20260603.json,S003,S003_O00432,2026-06-03,16,6,3,Wednesday,23,2,2026-2027,Off-Peak,Weekday,Snack,2026-06-03T17:41:50.872Z
ST004,C0091,20260603,2026-06-03T17:39:00.876080,O00434,Completed,2026-06-03 13:04:01.811000+00:00,Cash,orders_S003_20260603.json,S003,S003_O00434,2026-06-03,13,6,3,Wednesday,23,2,2026-2027,Off-Peak,Weekday,Lunch,2026-06-03T17:41:50.872Z
ST007,C0088,20260603,2026-06-03T17:39:00.876080,O00435,Completed,2026-06-03 11:44:06.811000+00:00,Card,orders_S003_20260603.json,S003,S003_O00435,2026-06-03,11,6,3,Wednesday,23,2,2026-2027,Off-Peak,Weekday,Breakfast,2026-06-03T17:41:50.872Z
ST008,C0074,20260603,2026-06-03T17:39:00.876080,O00438,Completed,2026-06-03 16:41:16.811000+00:00,Cash,orders_S003_20260603.json,S003,S003_O00438,2026-06-03,16,6,3,Wednesday,23,2,2026-2027,Off-Peak,Weekday,Snack,2026-06-03T17:41:50.872Z
ST014,C0138,20260603,2026-06-03T17:39:00.876080,O00445,Completed,2026-06-03 16:50:05.811000+00:00,Card,orders_S003_20260603.json,S003,S003_O00445,2026-06-03,16,6,3,Wednesday,23,2,2026-2027,Off-Peak,Weekday,Snack,2026-06-03T17:41:50.872Z
ST010,C0091,20260603,2026-06-03T17:39:00.876080,O00448,Completed,2026-06-03 14:39:51.811000+00:00,Cash,orders_S003_20260603.json,S003,S003_O00448,2026-06-03,14,6,3,Wednesday,23,2,2026-2027,Off-Peak,Weekday,Lunch,2026-06-03T17:41:50.872Z
ST004,C0170,20260603,2026-06-03T17:39:00.876080,O00453,Completed,2026-06-03 12:02:14.811000+00:00,Cash,orders_S003_20260603.json,S003,S003_O00453,2026-06-03,12,6,3,Wednesday,23,2,2026-2027,Off-Peak,Weekday,Lunch,2026-06-03T17:41:50.872Z
ST007,C0435,20260603,2026-06-03T17:39:00.876080,O00454,Completed,2026-06-03 16:11:45.811000+00:00,Cash,orders_S003_20260603.json,S003,S003_O00454,2026-06-03,16,6,3,Wednesday,23,2,2026-2027,Off-Peak,Weekday,Snack,2026-06-03T17:41:50.872Z
ST005,C0282,20260603,2026-06-03T17:39:00.876080,O00455,Completed,2026-06-03 13:00:20.811000+00:00,Cash,orders_S003_20260603.json,S003,S003_O00455,2026-06-03,13,6,3,Wednesday,23,2,2026-2027,Off-Peak,Weekday,Lunch,2026-06-03T17:41:50.872Z
ST015,C0062,20260603,2026-06-03T17:39:00.876080,O00457,Completed,2026-06-03 17:29:56.811000+00:00,UPI,orders_S003_20260603.json,S003,S003_O00457,2026-06-03,17,6,3,Wednesday,23,2,2026-2027,Off-Peak,Weekday,Dinner,2026-06-03T17:41:50.872Z
ST001,C0040,20260603,2026-06-03T17:39:00.876080,O00459,Completed,2026-06-03 17:17:21.811000+00:00,UPI,orders_S003_20260603.json,S003,S003_O00459,2026-06-03,17,6,3,Wednesday,23,2,2026-2027,Off-Peak,Weekday,Dinner,2026-06-03T17:41:50.872Z
ST004,C0045,20260603,2026-06-03T17:39:00.876080,O00460,Completed,2026-06-03 17:13:49.811000+00:00,Card,orders_S003_20260603.json,S003,S003_O00460,2026-06-03,17,6,3,Wednesday,23,2,2026-2027,Off-Peak,Weekday,Dinner,2026-06-03T17:41:50.872Z
ST002,C0018,20260603,2026-06-03T17:39:00.876080,O00461,Completed,2026-06-03 16:13:58.811000+00:00,UPI,orders_S003_20260603.json,S003,S003_O00461,2026-06-03,16,6,3,Wednesday,23,2,2026-2027,Off-Peak,Weekday,Snack,2026-06-03T17:41:50.872Z
ST015,C0400,20260603,2026-06-03T17:39:00.876080,O00462,Completed,2026-06-03 14:05:42.811000+00:00,UPI,orders_S003_20260603.json,S003,S003_O00462,2026-06-03,14,6,3,Wednesday,23,2,2026-2027,Off-Peak,Weekday,Lunch,2026-06-03T17:41:50.872Z
ST010,C0108,20260603,2026-06-03T17:39:00.876080,O00463,Completed,2026-06-03 14:45:45.811000+00:00,Cash,orders_S003_20260603.json,S003,S003_O00463,2026-06-03,14,6,3,Wednesday,23,2,2026-2027,Off-Peak,Weekday,Lunch,2026-06-03T17:41:50.872Z
ST004,C0463,20260603,2026-06-03T17:39:00.876080,O00467,Completed,2026-06-03 17:10:57.811000+00:00,Cash,orders_S003_20260603.json,S003,S003_O00467,2026-06-03,17,6,3,Wednesday,23,2,2026-2027,Off-Peak,Weekday,Dinner,2026-06-03T17:41:50.872Z
ST008,C0092,20260603,2026-06-03T17:39:00.876080,O00469,Completed,2026-06-03 17:34:19.811000+00:00,UPI,orders_S003_20260603.json,S003,S003_O00469,2026-06-03,17,6,3,Wednesday,23,2,2026-2027,Off-Peak,Weekday,Dinner,2026-06-03T17:41:50.872Z
ST014,C0026,20260603,2026-06-03T17:39:00.876080,O00473,Completed,2026-06-03 14:58:04.811000+00:00,UPI,orders_S003_20260603.json,S003,S003_O00473,2026-06-03,14,6,3,Wednesday,23,2,2026-2027,Off-Peak,Weekday,Lunch,2026-06-03T17:41:50.872Z
ST012,C0064,20260603,2026-06-03T17:39:00.876080,O00477,Completed,2026-06-03 16:38:29.811000+00:00,UPI,orders_S003_20260603.json,S003,S003_O00477,2026-06-03,16,6,3,Wednesday,23,2,2026-2027,Off-Peak,Weekday,Snack,2026-06-03T17:41:50.872Z
ST011,C0009,20260603,2026-06-03T17:39:00.876080,O00481,Completed,2026-06-03 17:37:29.811000+00:00,Cash,orders_S003_20260603.json,S003,S003_O00481,2026-06-03,17,6,3,Wednesday,23,2,2026-2027,Off-Peak,Weekday,Dinner,2026-06-03T17:41:50.872Z
ST006,C0428,20260603,2026-06-03T17:39:00.876080,O00484,Completed,2026-06-03 12:00:29.811000+00:00,UPI,orders_S003_20260603.json,S003,S003_O00484,2026-06-03,12,6,3,Wednesday,23,2,2026-2027,Off-Peak,Weekday,Lunch,2026-06-03T17:41:50.872Z
ST008,C0198,20260603,2026-06-03T17:39:00.876080,O00487,Completed,2026-06-03 16:13:24.811000+00:00,Cash,orders_S003_20260603.json,S003,S003_O00487,2026-06-03,16,6,3,Wednesday,23,2,2026-2027,Off-Peak,Weekday,Snack,2026-06-03T17:41:50.872Z
ST006,C0147,20260603,2026-06-03T17:39:00.876080,O00488,Completed,2026-06-03 13:12:09.811000+00:00,Cash,orders_S003_20260603.json,S003,S003_O00488,2026-06-03,13,6,3,Wednesday,23,2,2026-2027,Off-Peak,Weekday,Lunch,2026-06-03T17:41:50.872Z
ST015,C0289,20260603,2026-06-03T17:39:00.876080,O00490,Completed,2026-06-03 16:52:11.811000+00:00,UPI,orders_S003_20260603.json,S003,S003_O00490,2026-06-03,16,6,3,Wednesday,23,2,2026-2027,Off-Peak,Weekday,Snack,2026-06-03T17:41:50.872Z
ST007,C0046,20260603,2026-06-03T17:39:00.876080,O00494,Completed,2026-06-03 15:18:07.811000+00:00,UPI,orders_S003_20260603.json,S003,S003_O00494,2026-06-03,15,6,3,Wednesday,23,2,2026-2027,Off-Peak,Weekday,Snack,2026-06-03T17:41:50.872Z
ST003,C0317,20260603,2026-06-03T17:39:00.876080,O00499,Completed,2026-06-03 10:01:41.811000+00:00,UPI,orders_S003_20260603.json,S003,S003_O00499,2026-06-03,10,6,3,Wednesday,23,2,2026-2027,Off-Peak,Weekday,Breakfast,2026-06-03T17:41:50.872Z
ST001,C0017,20260603,2026-06-03T17:39:00.876080,O00500,Completed,2026-06-03 14:10:39.811000+00:00,Cash,orders_S003_20260603.json,S003,S003_O00500,2026-06-03,14,6,3,Wednesday,23,2,2026-2027,Off-Peak,Weekday,Lunch,2026-06-03T17:41:50.872Z
ST012,C0006,20260603,2026-06-03T17:39:00.876080,O00501,Completed,2026-06-03 14:09:18.811000+00:00,UPI,orders_S003_20260603.json,S003,S003_O00501,2026-06-03,14,6,3,Wednesday,23,2,2026-2027,Off-Peak,Weekday,Lunch,2026-06-03T17:41:50.872Z
ST006,C0004,20260603,2026-06-03T17:39:00.876080,O00502,Completed,2026-06-03 12:13:35.811000+00:00,Cash,orders_S003_20260603.json,S003,S003_O00502,2026-06-03,12,6,3,Wednesday,23,2,2026-2027,Off-Peak,Weekday,Lunch,2026-06-03T17:41:50.872Z
ST013,C0093,20260603,2026-06-03T17:39:00.876080,O00503,Completed,2026-06-03 13:53:48.811000+00:00,Cash,orders_S003_20260603.json,S003,S003_O00503,2026-06-03,13,6,3,Wednesday,23,2,2026-2027,Off-Peak,Weekday,Lunch,2026-06-03T17:41:50.872Z
ST010,C0293,20260603,2026-06-03T17:39:00.876080,O00505,Completed,2026-06-03 17:34:18.811000+00:00,UPI,orders_S003_20260603.json,S003,S003_O00505,2026-06-03,17,6,3,Wednesday,23,2,2026-2027,Off-Peak,Weekday,Dinner,2026-06-03T17:41:50.872Z
ST008,C0045,20260603,2026-06-03T17:39:00.876080,O00507,Completed,2026-06-03 13:34:43.811000+00:00,UPI,orders_S003_20260603.json,S003,S003_O00507,2026-06-03,13,6,3,Wednesday,23,2,2026-2027,Off-Peak,Weekday,Lunch,2026-06-03T17:41:50.872Z
ST001,C0291,20260603,2026-06-03T17:39:00.876080,O00509,Completed,2026-06-03 11:28:57.811000+00:00,Card,orders_S003_20260603.json,S003,S003_O00509,2026-06-03,11,6,3,Wednesday,23,2,2026-2027,Off-Peak,Weekday,Breakfast,2026-06-03T17:41:50.872Z
ST013,C0022,20260603,2026-06-03T17:39:00.876080,O00512,Completed,2026-06-03 16:21:16.811000+00:00,Card,orders_S003_20260603.json,S003,S003_O00512,2026-06-03,16,6,3,Wednesday,23,2,2026-2027,Off-Peak,Weekday,Snack,2026-06-03T17:41:50.872Z
ST002,C0093,20260603,2026-06-03T17:39:00.876080,O00517,Completed,2026-06-03 15:28:13.811000+00:00,UPI,orders_S003_20260603.json,S003,S003_O00517,2026-06-03,15,6,3,Wednesday,23,2,2026-2027,Off-Peak,Weekday,Snack,2026-06-03T17:41:50.872Z
ST011,C0172,20260603,2026-06-03T17:39:00.876080,O00518,Completed,2026-06-03 16:16:29.811000+00:00,UPI,orders_S003_20260603.json,S003,S003_O00518,2026-06-03,16,6,3,Wednesday,23,2,2026-2027,Off-Peak,Weekday,Snack,2026-06-03T17:41:50.872Z
ST011,C0038,20260603,2026-06-03T17:39:00.876080,O00521,Completed,2026-06-03 13:47:27.811000+00:00,Cash,orders_S003_20260603.json,S003,S003_O00521,2026-06-03,13,6,3,Wednesday,23,2,2026-2027,Off-Peak,Weekday,Lunch,2026-06-03T17:41:50.872Z
ST012,C0008,20260603,2026-06-03T17:39:00.876080,O00523,Completed,2026-06-03 13:34:16.811000+00:00,UPI,orders_S003_20260603.json,S003,S003_O00523,2026-06-03,13,6,3,Wednesday,23,2,2026-2027,Off-Peak,Weekday,Lunch,2026-06-03T17:41:50.872Z
ST002,C0075,20260603,2026-06-03T17:39:00.876080,O00524,Completed,2026-06-03 13:03:08.811000+00:00,UPI,orders_S003_20260603.json,S003,S003_O00524,2026-06-03,13,6,3,Wednesday,23,2,2026-2027,Off-Peak,Weekday,Lunch,2026-06-03T17:41:50.872Z
ST011,C0016,20260603,2026-06-03T17:39:00.876080,O00537,Completed,2026-06-03 13:54:28.811000+00:00,UPI,orders_S003_20260603.json,S003,S003_O00537,2026-06-03,13,6,3,Wednesday,23,2,2026-2027,Off-Peak,Weekday,Lunch,2026-06-03T17:41:50.872Z
ST005,C0056,20260603,2026-06-03T17:39:00.876080,O00543,Completed,2026-06-03 17:40:24.811000+00:00,Cash,orders_S003_20260603.json,S003,S003_O00543,2026-06-03,17,6,3,Wednesday,23,2,2026-2027,Off-Peak,Weekday,Dinner,2026-06-03T17:41:50.872Z
ST011,C0147,20260603,2026-06-03T17:39:00.876080,O00545,Completed,2026-06-03 13:19:25.811000+00:00,UPI,orders_S003_20260603.json,S003,S003_O00545,2026-06-03,13,6,3,Wednesday,23,2,2026-2027,Off-Peak,Weekday,Lunch,2026-06-03T17:41:50.872Z
ST001,C0072,20260603,2026-06-03T17:39:00.876080,O00546,Completed,2026-06-03 12:36:53.811000+00:00,UPI,orders_S003_20260603.json,S003,S003_O00546,2026-06-03,12,6,3,Wednesday,23,2,2026-2027,Off-Peak,Weekday,Lunch,2026-06-03T17:41:50.872Z
ST005,C0007,20260603,2026-06-03T17:39:00.876080,O00550,Completed,2026-06-03 12:12:08.811000+00:00,Cash,orders_S003_20260603.json,S003,S003_O00550,2026-06-03,12,6,3,Wednesday,23,2,2026-2027,Off-Peak,Weekday,Lunch,2026-06-03T17:41:50.872Z
ST007,C0034,20260603,2026-06-03T17:39:00.876080,O00551,Completed,2026-06-03 13:15:06.811000+00:00,UPI,orders_S003_20260603.json,S003,S003_O00551,2026-06-03,13,6,3,Wednesday,23,2,2026-2027,Off-Peak,Weekday,Lunch,2026-06-03T17:41:50.872Z
ST009,C0034,20260603,2026-06-03T17:39:00.876080,O00552,Completed,2026-06-03 15:46:50.811000+00:00,Cash,orders_S003_20260603.json,S003,S003_O00552,2026-06-03,15,6,3,Wednesday,23,2,2026-2027,Off-Peak,Weekday,Snack,2026-06-03T17:41:50.872Z
ST012,C0053,20260603,2026-06-03T17:39:00.876080,O00555,Completed,2026-06-03 13:06:43.811000+00:00,Cash,orders_S003_20260603.json,S003,S003_O00555,2026-06-03,13,6,3,Wednesday,23,2,2026-2027,Off-Peak,Weekday,Lunch,2026-06-03T17:41:50.872Z
ST006,C0290,20260603,2026-06-03T17:39:00.876080,O00558,Completed,2026-06-03 14:02:11.811000+00:00,Card,orders_S003_20260603.json,S003,S003_O00558,2026-06-03,14,6,3,Wednesday,23,2,2026-2027,Off-Peak,Weekday,Lunch,2026-06-03T17:41:50.872Z
ST015,C0348,20260603,2026-06-03T17:39:00.876080,O00559,Completed,2026-06-03 13:48:06.811000+00:00,Cash,orders_S003_20260603.json,S003,S003_O00559,2026-06-03,13,6,3,Wednesday,23,2,2026-2027,Off-Peak,Weekday,Lunch,2026-06-03T17:41:50.872Z
ST014,C0035,20260603,2026-06-03T17:39:00.876080,O00560,Completed,2026-06-03 13:23:58.811000+00:00,Card,orders_S003_20260603.json,S003,S003_O00560,2026-06-03,13,6,3,Wednesday,23,2,2026-2027,Off-Peak,Weekday,Lunch,2026-06-03T17:41:50.872Z
ST001,C0015,20260603,2026-06-03T17:39:00.876080,O00568,Completed,2026-06-03 10:41:22.811000+00:00,Card,orders_S003_20260603.json,S003,S003_O00568,2026-06-03,10,6,3,Wednesday,23,2,2026-2027,Off-Peak,Weekday,Breakfast,2026-06-03T17:41:50.872Z
ST007,C0118,20260603,2026-06-03T17:39:00.876080,O00569,Completed,2026-06-03 17:11:14.811000+00:00,Cash,orders_S003_20260603.json,S003,S003_O00569,2026-06-03,17,6,3,Wednesday,23,2,2026-2027,Off-Peak,Weekday,Dinner,2026-06-03T17:41:50.872Z
ST010,C0179,20260603,2026-06-03T17:39:00.876080,O00570,Completed,2026-06-03 14:35:32.811000+00:00,UPI,orders_S003_20260603.json,S003,S003_O00570,2026-06-03,14,6,3,Wednesday,23,2,2026-2027,Off-Peak,Weekday,Lunch,2026-06-03T17:41:50.872Z
ST014,C0054,20260603,2026-06-03T17:39:00.876080,O00577,Completed,2026-06-03 14:32:36.811000+00:00,UPI,orders_S003_20260603.json,S003,S003_O00577,2026-06-03,14,6,3,Wednesday,23,2,2026-2027,Off-Peak,Weekday,Lunch,2026-06-03T17:41:50.872Z
ST007,C0287,20260603,2026-06-03T17:39:00.876080,O00578,Completed,2026-06-03 12:24:38.811000+00:00,UPI,orders_S003_20260603.json,S003,S003_O00578,2026-06-03,12,6,3,Wednesday,23,2,2026-2027,Off-Peak,Weekday,Lunch,2026-06-03T17:41:50.872Z
ST007,C0041,20260603,2026-06-03T17:39:00.876080,O00580,Completed,2026-06-03 13:25:12.811000+00:00,Cash,orders_S003_20260603.json,S003,S003_O00580,2026-06-03,13,6,3,Wednesday,23,2,2026-2027,Off-Peak,Weekday,Lunch,2026-06-03T17:41:50.872Z
ST015,C0365,20260603,2026-06-03T17:39:00.876080,O00582,Completed,2026-06-03 17:25:45.811000+00:00,UPI,orders_S003_20260603.json,S003,S003_O00582,2026-06-03,17,6,3,Wednesday,23,2,2026-2027,Off-Peak,Weekday,Dinner,2026-06-03T17:41:50.872Z
ST008,C0153,20260603,2026-06-03T17:39:00.876080,O00583,Completed,2026-06-03 17:23:18.811000+00:00,UPI,orders_S003_20260603.json,S003,S003_O00583,2026-06-03,17,6,3,Wednesday,23,2,2026-2027,Off-Peak,Weekday,Dinner,2026-06-03T17:41:50.872Z
ST009,C0463,20260603,2026-06-03T17:39:00.876080,O00584,Completed,2026-06-03 11:13:30.811000+00:00,Cash,orders_S003_20260603.json,S003,S003_O00584,2026-06-03,11,6,3,Wednesday,23,2,2026-2027,Off-Peak,Weekday,Breakfast,2026-06-03T17:41:50.872Z
ST013,C0098,20260603,2026-06-03T17:39:00.876080,O00587,Completed,2026-06-03 16:19:48.811000+00:00,UPI,orders_S003_20260603.json,S003,S003_O00587,2026-06-03,16,6,3,Wednesday,23,2,2026-2027,Off-Peak,Weekday,Snack,2026-06-03T17:41:50.872Z
ST004,C0018,20260603,2026-06-03T17:39:00.876080,O00590,Completed,2026-06-03 13:56:07.811000+00:00,Card,orders_S003_20260603.json,S003,S003_O00590,2026-06-03,13,6,3,Wednesday,23,2,2026-2027,Off-Peak,Weekday,Lunch,2026-06-03T17:41:50.872Z
ST001,C0274,20260603,2026-06-03T17:39:00.876080,O00592,Completed,2026-06-03 16:03:04.811000+00:00,UPI,orders_S003_20260603.json,S003,S003_O00592,2026-06-03,16,6,3,Wednesday,23,2,2026-2027,Off-Peak,Weekday,Snack,2026-06-03T17:41:50.872Z
ST007,C0335,20260603,2026-06-03T17:39:00.876080,O00593,Completed,2026-06-03 17:28:40.811000+00:00,Cash,orders_S003_20260603.json,S003,S003_O00593,2026-06-03,17,6,3,Wednesday,23,2,2026-2027,Off-Peak,Weekday,Dinner,2026-06-03T17:41:50.872Z
ST002,C0436,20260603,2026-06-03T17:39:00.876080,O00595,Completed,2026-06-03 17:18:57.811000+00:00,UPI,orders_S003_20260603.json,S003,S003_O00595,2026-06-03,17,6,3,Wednesday,23,2,2026-2027,Off-Peak,Weekday,Dinner,2026-06-03T17:41:50.872Z
ST011,C0039,20260603,2026-06-03T17:39:00.876080,O00600,Completed,2026-06-03 17:30:03.811000+00:00,Card,orders_S003_20260603.json,S003,S003_O00600,2026-06-03,17,6,3,Wednesday,23,2,2026-2027,Off-Peak,Weekday,Dinner,2026-06-03T17:41:50.872Z
ST012,C0027,20260603,2026-06-03T17:39:00.876080,O00601,Completed,2026-06-03 16:35:24.811000+00:00,Card,orders_S003_20260603.json,S003,S003_O00601,2026-06-03,16,6,3,Wednesday,23,2,2026-2027,Off-Peak,Weekday,Snack,2026-06-03T17:41:50.872Z
ST010,C0342,20260603,2026-06-03T17:39:00.876080,O00602,Completed,2026-06-03 15:14:58.811000+00:00,Card,orders_S003_20260603.json,S003,S003_O00602,2026-06-03,15,6,3,Wednesday,23,2,2026-2027,Off-Peak,Weekday,Snack,2026-06-03T17:41:50.872Z
ST014,C0106,20260603,2026-06-03T17:39:00.876080,O00605,Completed,2026-06-03 16:49:37.811000+00:00,Card,orders_S003_20260603.json,S003,S003_O00605,2026-06-03,16,6,3,Wednesday,23,2,2026-2027,Off-Peak,Weekday,Snack,2026-06-03T17:41:50.872Z
ST004,C0013,20260603,2026-06-03T17:39:00.876080,O00609,Completed,2026-06-03 16:52:14.811000+00:00,UPI,orders_S003_20260603.json,S003,S003_O00609,2026-06-03,16,6,3,Wednesday,23,2,2026-2027,Off-Peak,Weekday,Snack,2026-06-03T17:41:50.872Z
ST011,C0059,20260603,2026-06-03T17:39:00.876080,O00611,Completed,2026-06-03 14:22:54.811000+00:00,Cash,orders_S003_20260603.json,S003,S003_O00611,2026-06-03,14,6,3,Wednesday,23,2,2026-2027,Off-Peak,Weekday,Lunch,2026-06-03T17:41:50.872Z
ST013,C0006,20260603,2026-06-03T17:39:00.876080,O00613,Completed,2026-06-03 14:34:38.811000+00:00,UPI,orders_S003_20260603.json,S003,S003_O00613,2026-06-03,14,6,3,Wednesday,23,2,2026-2027,Off-Peak,Weekday,Lunch,2026-06-03T17:41:50.872Z
ST010,C0365,20260603,2026-06-03T17:39:00.876080,O00614,Completed,2026-06-03 14:57:53.811000+00:00,Card,orders_S003_20260603.json,S003,S003_O00614,2026-06-03,14,6,3,Wednesday,23,2,2026-2027,Off-Peak,Weekday,Lunch,2026-06-03T17:41:50.872Z
ST007,C0001,20260603,2026-06-03T17:39:00.876080,O00618,Completed,2026-06-03 13:11:33.811000+00:00,Cash,orders_S003_20260603.json,S003,S003_O00618,2026-06-03,13,6,3,Wednesday,23,2,2026-2027,Off-Peak,Weekday,Lunch,2026-06-03T17:41:50.872Z
ST009,C0092,20260603,2026-06-03T17:39:00.876080,O00620,Completed,2026-06-03 12:11:21.811000+00:00,UPI,orders_S003_20260603.json,S003,S003_O00620,2026-06-03,12,6,3,Wednesday,23,2,2026-2027,Off-Peak,Weekday,Lunch,2026-06-03T17:41:50.872Z
ST006,C0275,20260603,2026-06-03T17:39:00.876080,O00624,Completed,2026-06-03 17:13:39.811000+00:00,UPI,orders_S003_20260603.json,S003,S003_O00624,2026-06-03,17,6,3,Wednesday,23,2,2026-2027,Off-Peak,Weekday,Dinner,2026-06-03T17:41:50.872Z
ST004,C0371,20260603,2026-06-03T17:39:00.876080,O00625,Completed,2026-06-03 17:35:28.811000+00:00,UPI,orders_S003_20260603.json,S003,S003_O00625,2026-06-03,17,6,3,Wednesday,23,2,2026-2027,Off-Peak,Weekday,Dinner,2026-06-03T17:41:50.872Z
ST012,C0180,20260603,2026-06-03T17:39:00.876080,O00627,Completed,2026-06-03 17:41:38.811000+00:00,Card,orders_S003_20260603.json,S003,S003_O00627,2026-06-03,17,6,3,Wednesday,23,2,2026-2027,Off-Peak,Weekday,Dinner,2026-06-03T17:41:50.872Z
ST003,C0022,20260603,2026-06-03T17:39:00.876080,O00629,Completed,2026-06-03 17:25:46.811000+00:00,UPI,orders_S003_20260603.json,S003,S003_O00629,2026-06-03,17,6,3,Wednesday,23,2,2026-2027,Off-Peak,Weekday,Dinner,2026-06-03T17:41:50.872Z
ST002,C0064,20260603,2026-06-03T17:39:00.876080,O00630,Completed,2026-06-03 12:32:34.811000+00:00,Card,orders_S003_20260603.json,S003,S003_O00630,2026-06-03,12,6,3,Wednesday,23,2,2026-2027,Off-Peak,Weekday,Lunch,2026-06-03T17:41:50.872Z
ST004,C0224,20260603,2026-06-03T17:39:00.876080,O00631,Completed,2026-06-03 13:06:24.811000+00:00,Cash,orders_S003_20260603.json,S003,S003_O00631,2026-06-03,13,6,3,Wednesday,23,2,2026-2027,Off-Peak,Weekday,Lunch,2026-06-03T17:41:50.872Z
ST012,C0101,20260603,2026-06-03T17:39:00.876080,O00634,Completed,2026-06-03 14:31:17.811000+00:00,UPI,orders_S003_20260603.json,S003,S003_O00634,2026-06-03,14,6,3,Wednesday,23,2,2026-2027,Off-Peak,Weekday,Lunch,2026-06-03T17:41:50.872Z
ST013,C0076,20260603,2026-06-03T17:39:00.876080,O00636,Completed,2026-06-03 17:31:21.811000+00:00,UPI,orders_S003_20260603.json,S003,S003_O00636,2026-06-03,17,6,3,Wednesday,23,2,2026-2027,Off-Peak,Weekday,Dinner,2026-06-03T17:41:50.872Z
ST003,C0048,20260603,2026-06-03T17:39:00.876080,O00638,Completed,2026-06-03 10:16:57.811000+00:00,Cash,orders_S003_20260603.json,S003,S003_O00638,2026-06-03,10,6,3,Wednesday,23,2,2026-2027,Off-Peak,Weekday,Breakfast,2026-06-03T17:41:50.872Z
ST012,C0077,20260603,2026-06-03T17:39:00.876080,O00641,Completed,2026-06-03 13:25:00.811000+00:00,UPI,orders_S003_20260603.json,S003,S003_O00641,2026-06-03,13,6,3,Wednesday,23,2,2026-2027,Off-Peak,Weekday,Lunch,2026-06-03T17:41:50.872Z
ST008,C0087,20260603,2026-06-03T17:39:00.876080,O00648,Completed,2026-06-03 12:21:57.811000+00:00,Cash,orders_S003_20260603.json,S003,S003_O00648,2026-06-03,12,6,3,Wednesday,23,2,2026-2027,Off-Peak,Weekday,Lunch,2026-06-03T17:41:50.872Z
ST006,C0323,20260603,2026-06-03T17:39:00.876080,O00649,Completed,2026-06-03 13:37:26.811000+00:00,UPI,orders_S003_20260603.json,S003,S003_O00649,2026-06-03,13,6,3,Wednesday,23,2,2026-2027,Off-Peak,Weekday,Lunch,2026-06-03T17:41:50.872Z
ST010,C0386,20260603,2026-06-03T17:39:00.876080,O00653,Completed,2026-06-03 11:19:31.811000+00:00,Cash,orders_S003_20260603.json,S003,S003_O00653,2026-06-03,11,6,3,Wednesday,23,2,2026-2027,Off-Peak,Weekday,Breakfast,2026-06-03T17:41:50.872Z
ST001,C0269,20260603,2026-06-03T17:39:00.876080,O00654,Completed,2026-06-03 13:21:10.811000+00:00,Card,orders_S003_20260603.json,S003,S003_O00654,2026-06-03,13,6,3,Wednesday,23,2,2026-2027,Off-Peak,Weekday,Lunch,2026-06-03T17:41:50.872Z
ST012,C0004,20260603,2026-06-03T17:39:00.876080,O00655,Completed,2026-06-03 13:46:57.811000+00:00,UPI,orders_S003_20260603.json,S003,S003_O00655,2026-06-03,13,6,3,Wednesday,23,2,2026-2027,Off-Peak,Weekday,Lunch,2026-06-03T17:41:50.872Z
ST009,C0055,20260603,2026-06-03T17:39:00.876080,O00658,Completed,2026-06-03 13:31:01.811000+00:00,Cash,orders_S003_20260603.json,S003,S003_O00658,2026-06-03,13,6,3,Wednesday,23,2,2026-2027,Off-Peak,Weekday,Lunch,2026-06-03T17:41:50.872Z
ST010,C0042,20260603,2026-06-03T17:39:00.876080,O00660,Completed,2026-06-03 16:41:18.811000+00:00,Cash,orders_S003_20260603.json,S003,S003_O00660,2026-06-03,16,6,3,Wednesday,23,2,2026-2027,Off-Peak,Weekday,Snack,2026-06-03T17:41:50.872Z
ST011,C0082,20260603,2026-06-03T17:39:00.876080,O00661,Completed,2026-06-03 13:46:57.811000+00:00,Cash,orders_S003_20260603.json,S003,S003_O00661,2026-06-03,13,6,3,Wednesday,23,2,2026-2027,Off-Peak,Weekday,Lunch,2026-06-03T17:41:50.872Z
ST002,C0079,20260603,2026-06-03T17:39:00.876080,O00663,Completed,2026-06-03 13:48:08.811000+00:00,UPI,orders_S003_20260603.json,S003,S003_O00663,2026-06-03,13,6,3,Wednesday,23,2,2026-2027,Off-Peak,Weekday,Lunch,2026-06-03T17:41:50.872Z
ST003,C0087,20260603,2026-06-03T17:39:00.876080,O00670,Completed,2026-06-03 13:28:21.811000+00:00,Card,orders_S003_20260603.json,S003,S003_O00670,2026-06-03,13,6,3,Wednesday,23,2,2026-2027,Off-Peak,Weekday,Lunch,2026-06-03T17:41:50.872Z
ST009,C0421,20260603,2026-06-03T17:39:00.876080,O00671,Completed,2026-06-03 12:18:57.811000+00:00,Card,orders_S003_20260603.json,S003,S003_O00671,2026-06-03,12,6,3,Wednesday,23,2,2026-2027,Off-Peak,Weekday,Lunch,2026-06-03T17:41:50.872Z
ST011,C0016,20260603,2026-06-03T17:39:00.876080,O00676,Completed,2026-06-03 14:06:22.811000+00:00,Cash,orders_S003_20260603.json,S003,S003_O00676,2026-06-03,14,6,3,Wednesday,23,2,2026-2027,Off-Peak,Weekday,Lunch,2026-06-03T17:41:50.872Z
ST001,C0026,20260603,2026-06-03T17:39:00.876080,O00681,Completed,2026-06-03 13:53:19.811000+00:00,UPI,orders_S003_20260603.json,S003,S003_O00681,2026-06-03,13,6,3,Wednesday,23,2,2026-2027,Off-Peak,Weekday,Lunch,2026-06-03T17:41:50.872Z
ST008,C0207,20260603,2026-06-03T17:39:00.876080,O00682,Completed,2026-06-03 12:19:22.811000+00:00,Card,orders_S003_20260603.json,S003,S003_O00682,2026-06-03,12,6,3,Wednesday,23,2,2026-2027,Off-Peak,Weekday,Lunch,2026-06-03T17:41:50.872Z
ST011,C0037,20260603,2026-06-03T17:39:00.876080,O00683,Completed,2026-06-03 15:34:40.811000+00:00,UPI,orders_S003_20260603.json,S003,S003_O00683,2026-06-03,15,6,3,Wednesday,23,2,2026-2027,Off-Peak,Weekday,Snack,2026-06-03T17:41:50.872Z
ST009,C0037,20260603,2026-06-03T17:39:00.876080,O00684,Completed,2026-06-03 10:38:12.811000+00:00,Cash,orders_S003_20260603.json,S003,S003_O00684,2026-06-03,10,6,3,Wednesday,23,2,2026-2027,Off-Peak,Weekday,Breakfast,2026-06-03T17:41:50.872Z
ST012,C0056,20260603,2026-06-03T17:39:00.876080,O00685,Completed,2026-06-03 14:29:50.811000+00:00,Card,orders_S003_20260603.json,S003,S003_O00685,2026-06-03,14,6,3,Wednesday,23,2,2026-2027,Off-Peak,Weekday,Lunch,2026-06-03T17:41:50.872Z
ST008,C0443,20260603,2026-06-03T17:39:00.876080,O00687,Completed,2026-06-03 16:14:49.811000+00:00,Cash,orders_S003_20260603.json,S003,S003_O00687,2026-06-03,16,6,3,Wednesday,23,2,2026-2027,Off-Peak,Weekday,Snack,2026-06-03T17:41:50.872Z
ST010,C0038,20260603,2026-06-03T17:39:00.876080,O00693,Completed,2026-06-03 12:58:02.811000+00:00,UPI,orders_S003_20260603.json,S003,S003_O00693,2026-06-03,12,6,3,Wednesday,23,2,2026-2027,Off-Peak,Weekday,Lunch,2026-06-03T17:41:50.872Z
ST011,C0185,20260603,2026-06-03T17:39:00.876080,O00695,Completed,2026-06-03 17:02:24.811000+00:00,Cash,orders_S003_20260603.json,S003,S003_O00695,2026-06-03,17,6,3,Wednesday,23,2,2026-2027,Off-Peak,Weekday,Dinner,2026-06-03T17:41:50.872Z
ST013,C0192,20260603,2026-06-03T17:39:00.876080,O00696,Completed,2026-06-03 13:47:34.811000+00:00,UPI,orders_S003_20260603.json,S003,S003_O00696,2026-06-03,13,6,3,Wednesday,23,2,2026-2027,Off-Peak,Weekday,Lunch,2026-06-03T17:41:50.872Z
ST007,C0102,20260603,2026-06-03T17:39:00.876080,O00697,Completed,2026-06-03 14:49:49.811000+00:00,Cash,orders_S003_20260603.json,S003,S003_O00697,2026-06-03,14,6,3,Wednesday,23,2,2026-2027,Off-Peak,Weekday,Lunch,2026-06-03T17:41:50.872Z
ST006,C0020,20260603,2026-06-03T17:39:00.876080,O00699,Completed,2026-06-03 16:44:46.811000+00:00,Cash,orders_S003_20260603.json,S003,S003_O00699,2026-06-03,16,6,3,Wednesday,23,2,2026-2027,Off-Peak,Weekday,Snack,2026-06-03T17:41:50.872Z
ST001,C0042,20260603,2026-06-03T17:39:00.876080,O00700,Completed,2026-06-03 12:35:52.811000+00:00,UPI,orders_S003_20260603.json,S003,S003_O00700,2026-06-03,12,6,3,Wednesday,23,2,2026-2027,Off-Peak,Weekday,Lunch,2026-06-03T17:41:50.872Z
ST006,C0022,20260603,2026-06-03T17:39:00.876080,O00701,Completed,2026-06-03 13:03:08.811000+00:00,UPI,orders_S003_20260603.json,S003,S003_O00701,2026-06-03,13,6,3,Wednesday,23,2,2026-2027,Off-Peak,Weekday,Lunch,2026-06-03T17:41:50.872Z
ST014,C0059,20260603,2026-06-03T17:39:00.876080,O00702,Completed,2026-06-03 12:56:28.811000+00:00,UPI,orders_S003_20260603.json,S003,S003_O00702,2026-06-03,12,6,3,Wednesday,23,2,2026-2027,Off-Peak,Weekday,Lunch,2026-06-03T17:41:50.872Z
ST004,C0309,20260603,2026-06-03T17:39:00.876080,O00704,Completed,2026-06-03 12:19:56.811000+00:00,Cash,orders_S003_20260603.json,S003,S003_O00704,2026-06-03,12,6,3,Wednesday,23,2,2026-2027,Off-Peak,Weekday,Lunch,2026-06-03T17:41:50.872Z
ST002,C0082,20260603,2026-06-03T17:39:00.876080,O00705,Completed,2026-06-03 16:31:48.811000+00:00,UPI,orders_S003_20260603.json,S003,S003_O00705,2026-06-03,16,6,3,Wednesday,23,2,2026-2027,Off-Peak,Weekday,Snack,2026-06-03T17:41:50.872Z
ST002,C0110,20260603,2026-06-03T17:39:00.876080,O00706,Completed,2026-06-03 17:24:58.811000+00:00,UPI,orders_S003_20260603.json,S003,S003_O00706,2026-06-03,17,6,3,Wednesday,23,2,2026-2027,Off-Peak,Weekday,Dinner,2026-06-03T17:41:50.872Z
ST005,C0257,20260603,2026-06-03T17:39:00.876080,O00707,Completed,2026-06-03 13:12:28.811000+00:00,UPI,orders_S003_20260603.json,S003,S003_O00707,2026-06-03,13,6,3,Wednesday,23,2,2026-2027,Off-Peak,Weekday,Lunch,2026-06-03T17:41:50.872Z
ST007,C0123,20260603,2026-06-03T17:39:00.876080,O00717,Completed,2026-06-03 12:06:58.811000+00:00,Cash,orders_S003_20260603.json,S003,S003_O00717,2026-06-03,12,6,3,Wednesday,23,2,2026-2027,Off-Peak,Weekday,Lunch,2026-06-03T17:41:50.872Z
ST004,C0381,20260603,2026-06-03T17:39:00.876080,O00719,Completed,2026-06-03 12:28:40.811000+00:00,Cash,orders_S003_20260603.json,S003,S003_O00719,2026-06-03,12,6,3,Wednesday,23,2,2026-2027,Off-Peak,Weekday,Lunch,2026-06-03T17:41:50.872Z
ST015,C0345,20260603,2026-06-03T17:39:00.876080,O00723,Completed,2026-06-03 17:34:04.811000+00:00,UPI,orders_S003_20260603.json,S003,S003_O00723,2026-06-03,17,6,3,Wednesday,23,2,2026-2027,Off-Peak,Weekday,Dinner,2026-06-03T17:41:50.872Z
ST005,C0278,20260603,2026-06-03T17:39:00.876080,O00725,Completed,2026-06-03 13:23:10.811000+00:00,UPI,orders_S003_20260603.json,S003,S003_O00725,2026-06-03,13,6,3,Wednesday,23,2,2026-2027,Off-Peak,Weekday,Lunch,2026-06-03T17:41:50.872Z
ST010,C0074,20260603,2026-06-03T17:39:00.876080,O00731,Completed,2026-06-03 10:32:27.811000+00:00,Card,orders_S003_20260603.json,S003,S003_O00731,2026-06-03,10,6,3,Wednesday,23,2,2026-2027,Off-Peak,Weekday,Breakfast,2026-06-03T17:41:50.872Z
ST008,C0079,20260603,2026-06-03T17:39:00.876080,O00735,Completed,2026-06-03 17:31:18.811000+00:00,Card,orders_S003_20260603.json,S003,S003_O00735,2026-06-03,17,6,3,Wednesday,23,2,2026-2027,Off-Peak,Weekday,Dinner,2026-06-03T17:41:50.872Z
ST009,C0330,20260603,2026-06-03T17:39:00.876080,O00738,Completed,2026-06-03 11:14:42.811000+00:00,Card,orders_S003_20260603.json,S003,S003_O00738,2026-06-03,11,6,3,Wednesday,23,2,2026-2027,Off-Peak,Weekday,Breakfast,2026-06-03T17:41:50.872Z
ST007,C0082,20260603,2026-06-03T17:39:00.876080,O00739,Completed,2026-06-03 14:48:04.811000+00:00,UPI,orders_S003_20260603.json,S003,S003_O00739,2026-06-03,14,6,3,Wednesday,23,2,2026-2027,Off-Peak,Weekday,Lunch,2026-06-03T17:41:50.872Z
ST010,C0071,20260603,2026-06-03T17:39:00.876080,O00740,Completed,2026-06-03 13:20:43.811000+00:00,UPI,orders_S003_20260603.json,S003,S003_O00740,2026-06-03,13,6,3,Wednesday,23,2,2026-2027,Off-Peak,Weekday,Lunch,2026-06-03T17:41:50.872Z
ST009,C0081,20260603,2026-06-03T17:39:00.876080,O00741,Completed,2026-06-03 17:19:48.811000+00:00,Card,orders_S003_20260603.json,S003,S003_O00741,2026-06-03,17,6,3,Wednesday,23,2,2026-2027,Off-Peak,Weekday,Dinner,2026-06-03T17:41:50.872Z
ST005,C0034,20260603,2026-06-03T17:39:00.876080,O00746,Completed,2026-06-03 13:33:03.811000+00:00,UPI,orders_S003_20260603.json,S003,S003_O00746,2026-06-03,13,6,3,Wednesday,23,2,2026-2027,Off-Peak,Weekday,Lunch,2026-06-03T17:41:50.872Z
ST011,C0004,20260603,2026-06-03T17:39:00.876080,O00747,Completed,2026-06-03 15:38:41.811000+00:00,Cash,orders_S003_20260603.json,S003,S003_O00747,2026-06-03,15,6,3,Wednesday,23,2,2026-2027,Off-Peak,Weekday,Snack,2026-06-03T17:41:50.872Z
ST004,C0329,20260603,2026-06-03T17:39:00.876080,O00749,Completed,2026-06-03 17:30:00.811000+00:00,Cash,orders_S003_20260603.json,S003,S003_O00749,2026-06-03,17,6,3,Wednesday,23,2,2026-2027,Off-Peak,Weekday,Dinner,2026-06-03T17:41:50.872Z
ST001,C0348,20260603,2026-06-03T17:39:00.876080,O00751,Completed,2026-06-03 17:37:08.811000+00:00,UPI,orders_S003_20260603.json,S003,S003_O00751,2026-06-03,17,6,3,Wednesday,23,2,2026-2027,Off-Peak,Weekday,Dinner,2026-06-03T17:41:50.872Z
ST013,C0047,20260603,2026-06-03T17:39:00.876080,O00759,Completed,2026-06-03 14:30:12.811000+00:00,Cash,orders_S003_20260603.json,S003,S003_O00759,2026-06-03,14,6,3,Wednesday,23,2,2026-2027,Off-Peak,Weekday,Lunch,2026-06-03T17:41:50.872Z
ST003,C0022,20260603,2026-06-03T17:39:00.876080,O00760,Completed,2026-06-03 15:22:56.811000+00:00,Cash,orders_S003_20260603.json,S003,S003_O00760,2026-06-03,15,6,3,Wednesday,23,2,2026-2027,Off-Peak,Weekday,Snack,2026-06-03T17:41:50.872Z
ST007,C0202,20260603,2026-06-03T17:38:59.027416,O00001,Completed,2026-06-03 12:26:21.176000+00:00,UPI,orders_S001_20260603.json,S001,S001_O00001,2026-06-03,12,6,3,Wednesday,23,2,2026-2027,Off-Peak,Weekday,Lunch,2026-06-03T17:41:50.872Z
ST007,C0309,20260603,2026-06-03T17:38:59.027416,O00006,Completed,2026-06-03 11:21:42.176000+00:00,Cash,orders_S001_20260603.json,S001,S001_O00006,2026-06-03,11,6,3,Wednesday,23,2,2026-2027,Off-Peak,Weekday,Breakfast,2026-06-03T17:41:50.872Z
ST001,C0053,20260603,2026-06-03T17:38:59.027416,O00013,Completed,2026-06-03 12:01:15.176000+00:00,Cash,orders_S001_20260603.json,S001,S001_O00013,2026-06-03,12,6,3,Wednesday,23,2,2026-2027,Off-Peak,Weekday,Lunch,2026-06-03T17:41:50.872Z
ST004,C0030,20260603,2026-06-03T17:38:59.027416,O00014,Completed,2026-06-03 15:30:42.176000+00:00,UPI,orders_S001_20260603.json,S001,S001_O00014,2026-06-03,15,6,3,Wednesday,23,2,2026-2027,Off-Peak,Weekday,Snack,2026-06-03T17:41:50.872Z
ST012,C0252,20260603,2026-06-03T17:38:59.027416,O00015,Completed,2026-06-03 16:23:10.176000+00:00,Cash,orders_S001_20260603.json,S001,S001_O00015,2026-06-03,16,6,3,Wednesday,23,2,2026-2027,Off-Peak,Weekday,Snack,2026-06-03T17:41:50.872Z
ST009,C0097,20260603,2026-06-03T17:38:59.027416,O00020,Completed,2026-06-03 17:27:42.176000+00:00,Cash,orders_S001_20260603.json,S001,S001_O00020,2026-06-03,17,6,3,Wednesday,23,2,2026-2027,Off-Peak,Weekday,Dinner,2026-06-03T17:41:50.872Z
ST007,C0161,20260603,2026-06-03T17:38:59.027416,O00021,Completed,2026-06-03 11:26:52.176000+00:00,Card,orders_S001_20260603.json,S001,S001_O00021,2026-06-03,11,6,3,Wednesday,23,2,2026-2027,Off-Peak,Weekday,Breakfast,2026-06-03T17:41:50.872Z
ST008,C0073,20260603,2026-06-03T17:38:59.027416,O00025,Completed,2026-06-03 15:59:05.176000+00:00,UPI,orders_S001_20260603.json,S001,S001_O00025,2026-06-03,15,6,3,Wednesday,23,2,2026-2027,Off-Peak,Weekday,Snack,2026-06-03T17:41:50.872Z
ST005,C0093,20260603,2026-06-03T17:38:59.027416,O00027,Completed,2026-06-03 17:31:13.176000+00:00,UPI,orders_S001_20260603.json,S001,S001_O00027,2026-06-03,17,6,3,Wednesday,23,2,2026-2027,Off-Peak,Weekday,Dinner,2026-06-03T17:41:50.872Z
ST009,C0107,20260603,2026-06-03T17:38:59.027416,O00029,Completed,2026-06-03 14:15:46.176000+00:00,Cash,orders_S001_20260603.json,S001,S001_O00029,2026-06-03,14,6,3,Wednesday,23,2,2026-2027,Off-Peak,Weekday,Lunch,2026-06-03T17:41:50.872Z
ST011,C0064,20260603,2026-06-03T17:38:59.027416,O00031,Completed,2026-06-03 16:25:44.176000+00:00,Cash,orders_S001_20260603.json,S001,S001_O00031,2026-06-03,16,6,3,Wednesday,23,2,2026-2027,Off-Peak,Weekday,Snack,2026-06-03T17:41:50.872Z
ST004,C0081,20260603,2026-06-03T17:38:59.027416,O00033,Completed,2026-06-03 17:29:17.176000+00:00,UPI,orders_S001_20260603.json,S001,S001_O00033,2026-06-03,17,6,3,Wednesday,23,2,2026-2027,Off-Peak,Weekday,Dinner,2026-06-03T17:41:50.872Z
ST013,C0197,20260603,2026-06-03T17:38:59.027416,O00034,Completed,2026-06-03 14:07:47.176000+00:00,Cash,orders_S001_20260603.json,S001,S001_O00034,2026-06-03,14,6,3,Wednesday,23,2,2026-2027,Off-Peak,Weekday,Lunch,2026-06-03T17:41:50.872Z
ST010,C0073,20260603,2026-06-03T17:38:59.027416,O00035,Completed,2026-06-03 14:47:30.176000+00:00,Card,orders_S001_20260603.json,S001,S001_O00035,2026-06-03,14,6,3,Wednesday,23,2,2026-2027,Off-Peak,Weekday,Lunch,2026-06-03T17:41:50.872Z
ST005,C0195,20260603,2026-06-03T17:38:59.027416,O00037,Completed,2026-06-03 14:00:45.176000+00:00,UPI,orders_S001_20260603.json,S001,S001_O00037,2026-06-03,14,6,3,Wednesday,23,2,2026-2027,Off-Peak,Weekday,Lunch,2026-06-03T17:41:50.872Z
ST011,C0517,20260603,2026-06-03T17:38:59.027416,O00038,Completed,2026-06-03 12:18:44.176000+00:00,Card,orders_S001_20260603.json,S001,S001_O00038,2026-06-03,12,6,3,Wednesday,23,2,2026-2027,Off-Peak,Weekday,Lunch,2026-06-03T17:41:50.872Z
ST008,C0514,20260603,2026-06-03T17:38:59.027416,O00040,Completed,2026-06-03 17:03:16.176000+00:00,UPI,orders_S001_20260603.json,S001,S001_O00040,2026-06-03,17,6,3,Wednesday,23,2,2026-2027,Off-Peak,Weekday,Dinner,2026-06-03T17:41:50.872Z
ST011,C0229,20260603,2026-06-03T17:38:59.027416,O00041,Completed,2026-06-03 12:31:04.176000+00:00,UPI,orders_S001_20260603.json,S001,S001_O00041,2026-06-03,12,6,3,Wednesday,23,2,2026-2027,Off-Peak,Weekday,Lunch,2026-06-03T17:41:50.872Z
ST004,C0023,20260603,2026-06-03T17:38:59.027416,O00042,Completed,2026-06-03 13:36:19.176000+00:00,UPI,orders_S001_20260603.json,S001,S001_O00042,2026-06-03,13,6,3,Wednesday,23,2,2026-2027,Off-Peak,Weekday,Lunch,2026-06-03T17:41:50.872Z
ST012,C0254,20260603,2026-06-03T17:38:59.027416,O00045,Completed,2026-06-03 17:39:03.176000+00:00,UPI,orders_S001_20260603.json,S001,S001_O00045,2026-06-03,17,6,3,Wednesday,23,2,2026-2027,Off-Peak,Weekday,Dinner,2026-06-03T17:41:50.872Z
ST008,C0001,20260603,2026-06-03T17:38:59.027416,O00047,Completed,2026-06-03 14:04:10.176000+00:00,Cash,orders_S001_20260603.json,S001,S001_O00047,2026-06-03,14,6,3,Wednesday,23,2,2026-2027,Off-Peak,Weekday,Lunch,2026-06-03T17:41:50.872Z
ST005,C0325,20260603,2026-06-03T17:38:59.027416,O00053,Completed,2026-06-03 13:44:19.176000+00:00,Cash,orders_S001_20260603.json,S001,S001_O00053,2026-06-03,13,6,3,Wednesday,23,2,2026-2027,Off-Peak,Weekday,Lunch,2026-06-03T17:41:50.872Z
ST008,C0274,20260603,2026-06-03T17:38:59.027416,O00058,Completed,2026-06-03 14:37:27.176000+00:00,Card,orders_S001_20260603.json,S001,S001_O00058,2026-06-03,14,6,3,Wednesday,23,2,2026-2027,Off-Peak,Weekday,Lunch,2026-06-03T17:41:50.872Z
ST014,C0382,20260603,2026-06-03T17:38:59.027416,O00071,Completed,2026-06-03 13:04:17.176000+00:00,UPI,orders_S001_20260603.json,S001,S001_O00071,2026-06-03,13,6,3,Wednesday,23,2,2026-2027,Off-Peak,Weekday,Lunch,2026-06-03T17:41:50.872Z
ST002,C0087,20260603,2026-06-03T17:38:59.027416,O00078,Completed,2026-06-03 12:32:37.176000+00:00,Card,orders_S001_20260603.json,S001,S001_O00078,2026-06-03,12,6,3,Wednesday,23,2,2026-2027,Off-Peak,Weekday,Lunch,2026-06-03T17:41:50.872Z
ST006,C0077,20260603,2026-06-03T17:38:59.027416,O00086,Completed,2026-06-03 12:50:03.176000+00:00,UPI,orders_S001_20260603.json,S001,S001_O00086,2026-06-03,12,6,3,Wednesday,23,2,2026-2027,Off-Peak,Weekday,Lunch,2026-06-03T17:41:50.872Z
ST003,C0311,20260603,2026-06-03T17:38:59.027416,O00087,Completed,2026-06-03 15:26:36.176000+00:00,UPI,orders_S001_20260603.json,S001,S001_O00087,2026-06-03,15,6,3,Wednesday,23,2,2026-2027,Off-Peak,Weekday,Snack,2026-06-03T17:41:50.872Z
ST004,C0262,20260603,2026-06-03T17:38:59.027416,O00088,Completed,2026-06-03 12:55:24.176000+00:00,UPI,orders_S001_20260603.json,S001,S001_O00088,2026-06-03,12,6,3,Wednesday,23,2,2026-2027,Off-Peak,Weekday,Lunch,2026-06-03T17:41:50.872Z
ST011,C0483,20260603,2026-06-03T17:38:59.027416,O00090,Completed,2026-06-03 10:51:29.176000+00:00,Cash,orders_S001_20260603.json,S001,S001_O00090,2026-06-03,10,6,3,Wednesday,23,2,2026-2027,Off-Peak,Weekday,Breakfast,2026-06-03T17:41:50.872Z
ST007,C0079,20260603,2026-06-03T17:38:59.027416,O00091,Completed,2026-06-03 12:22:37.176000+00:00,Cash,orders_S001_20260603.json,S001,S001_O00091,2026-06-03,12,6,3,Wednesday,23,2,2026-2027,Off-Peak,Weekday,Lunch,2026-06-03T17:41:50.872Z
ST012,C0227,20260603,2026-06-03T17:38:59.027416,O00093,Completed,2026-06-03 15:36:22.176000+00:00,UPI,orders_S001_20260603.json,S001,S001_O00093,2026-06-03,15,6,3,Wednesday,23,2,2026-2027,Off-Peak,Weekday,Snack,2026-06-03T17:41:50.872Z
ST012,C0231,20260603,2026-06-03T17:38:59.027416,O00099,Completed,2026-06-03 17:28:02.176000+00:00,UPI,orders_S001_20260603.json,S001,S001_O00099,2026-06-03,17,6,3,Wednesday,23,2,2026-2027,Off-Peak,Weekday,Dinner,2026-06-03T17:41:50.872Z
ST003,C0531,20260603,2026-06-03T17:38:59.027416,O00103,Completed,2026-06-03 17:07:29.176000+00:00,Cash,orders_S001_20260603.json,S001,S001_O00103,2026-06-03,17,6,3,Wednesday,23,2,2026-2027,Off-Peak,Weekday,Dinner,2026-06-03T17:41:50.872Z
ST007,C0305,20260603,2026-06-03T17:38:59.027416,O00104,Completed,2026-06-03 15:43:46.176000+00:00,Card,orders_S001_20260603.json,S001,S001_O00104,2026-06-03,15,6,3,Wednesday,23,2,2026-2027,Off-Peak,Weekday,Snack,2026-06-03T17:41:50.872Z
ST005,C0364,20260603,2026-06-03T17:38:59.027416,O00106,Completed,2026-06-03 13:23:43.176000+00:00,Cash,orders_S001_20260603.json,S001,S001_O00106,2026-06-03,13,6,3,Wednesday,23,2,2026-2027,Off-Peak,Weekday,Lunch,2026-06-03T17:41:50.872Z
ST002,C0557,20260603,2026-06-03T17:38:59.027416,O00110,Completed,2026-06-03 13:02:19.176000+00:00,UPI,orders_S001_20260603.json,S001,S001_O00110,2026-06-03,13,6,3,Wednesday,23,2,2026-2027,Off-Peak,Weekday,Lunch,2026-06-03T17:41:50.872Z
ST008,C0057,20260603,2026-06-03T17:38:59.027416,O00114,Completed,2026-06-03 16:44:23.176000+00:00,Card,orders_S001_20260603.json,S001,S001_O00114,2026-06-03,16,6,3,Wednesday,23,2,2026-2027,Off-Peak,Weekday,Snack,2026-06-03T17:41:50.872Z
ST002,C0050,20260603,2026-06-03T17:38:59.027416,O00116,Completed,2026-06-03 17:25:17.176000+00:00,Card,orders_S001_20260603.json,S001,S001_O00116,2026-06-03,17,6,3,Wednesday,23,2,2026-2027,Off-Peak,Weekday,Dinner,2026-06-03T17:41:50.872Z
ST003,C0064,20260603,2026-06-03T17:38:59.027416,O00118,Completed,2026-06-03 11:50:21.176000+00:00,Cash,orders_S001_20260603.json,S001,S001_O00118,2026-06-03,11,6,3,Wednesday,23,2,2026-2027,Off-Peak,Weekday,Breakfast,2026-06-03T17:41:50.872Z
ST010,C0211,20260603,2026-06-03T17:38:59.027416,O00119,Completed,2026-06-03 14:53:48.176000+00:00,UPI,orders_S001_20260603.json,S001,S001_O00119,2026-06-03,14,6,3,Wednesday,23,2,2026-2027,Off-Peak,Weekday,Lunch,2026-06-03T17:41:50.872Z
ST013,C0200,20260603,2026-06-03T17:38:59.027416,O00121,Completed,2026-06-03 16:09:08.176000+00:00,UPI,orders_S001_20260603.json,S001,S001_O00121,2026-06-03,16,6,3,Wednesday,23,2,2026-2027,Off-Peak,Weekday,Snack,2026-06-03T17:41:50.872Z
ST011,C0105,20260603,2026-06-03T17:38:59.027416,O00127,Completed,2026-06-03 11:30:54.176000+00:00,UPI,orders_S001_20260603.json,S001,S001_O00127,2026-06-03,11,6,3,Wednesday,23,2,2026-2027,Off-Peak,Weekday,Breakfast,2026-06-03T17:41:50.872Z
ST009,C0273,20260603,2026-06-03T17:38:59.027416,O00129,Completed,2026-06-03 12:17:39.176000+00:00,Cash,orders_S001_20260603.json,S001,S001_O00129,2026-06-03,12,6,3,Wednesday,23,2,2026-2027,Off-Peak,Weekday,Lunch,2026-06-03T17:41:50.872Z
ST011,C0445,20260603,2026-06-03T17:38:59.027416,O00131,Completed,2026-06-03 13:44:07.176000+00:00,Card,orders_S001_20260603.json,S001,S001_O00131,2026-06-03,13,6,3,Wednesday,23,2,2026-2027,Off-Peak,Weekday,Lunch,2026-06-03T17:41:50.872Z
ST002,C0109,20260603,2026-06-03T17:38:59.027416,O00133,Completed,2026-06-03 17:29:25.176000+00:00,UPI,orders_S001_20260603.json,S001,S001_O00133,2026-06-03,17,6,3,Wednesday,23,2,2026-2027,Off-Peak,Weekday,Dinner,2026-06-03T17:41:50.872Z
ST011,C0524,20260603,2026-06-03T17:38:59.027416,O00134,Completed,2026-06-03 17:16:23.176000+00:00,Card,orders_S001_20260603.json,S001,S001_O00134,2026-06-03,17,6,3,Wednesday,23,2,2026-2027,Off-Peak,Weekday,Dinner,2026-06-03T17:41:50.872Z
ST002,C0025,20260603,2026-06-03T17:38:59.027416,O00135,Completed,2026-06-03 12:53:05.176000+00:00,Cash,orders_S001_20260603.json,S001,S001_O00135,2026-06-03,12,6,3,Wednesday,23,2,2026-2027,Off-Peak,Weekday,Lunch,2026-06-03T17:41:50.872Z
ST009,C0016,20260603,2026-06-03T17:38:59.027416,O00136,Completed,2026-06-03 17:08:35.176000+00:00,Cash,orders_S001_20260603.json,S001,S001_O00136,2026-06-03,17,6,3,Wednesday,23,2,2026-2027,Off-Peak,Weekday,Dinner,2026-06-03T17:41:50.872Z
ST006,C0081,20260603,2026-06-03T17:38:59.027416,O00143,Completed,2026-06-03 14:44:48.176000+00:00,UPI,orders_S001_20260603.json,S001,S001_O00143,2026-06-03,14,6,3,Wednesday,23,2,2026-2027,Off-Peak,Weekday,Lunch,2026-06-03T17:41:50.872Z
ST002,C0292,20260603,2026-06-03T17:38:59.027416,O00144,Completed,2026-06-03 14:09:36.176000+00:00,UPI,orders_S001_20260603.json,S001,S001_O00144,2026-06-03,14,6,3,Wednesday,23,2,2026-2027,Off-Peak,Weekday,Lunch,2026-06-03T17:41:50.872Z
ST007,C0124,20260603,2026-06-03T17:38:59.027416,O00148,Completed,2026-06-03 12:05:17.176000+00:00,UPI,orders_S001_20260603.json,S001,S001_O00148,2026-06-03,12,6,3,Wednesday,23,2,2026-2027,Off-Peak,Weekday,Lunch,2026-06-03T17:41:50.872Z
ST009,C0242,20260603,2026-06-03T17:38:59.027416,O00150,Completed,2026-06-03 13:43:43.176000+00:00,Cash,orders_S001_20260603.json,S001,S001_O00150,2026-06-03,13,6,3,Wednesday,23,2,2026-2027,Off-Peak,Weekday,Lunch,2026-06-03T17:41:50.872Z
ST004,C0015,20260603,2026-06-03T17:38:59.027416,O00151,Completed,2026-06-03 12:25:38.176000+00:00,UPI,orders_S001_20260603.json,S001,S001_O00151,2026-06-03,12,6,3,Wednesday,23,2,2026-2027,Off-Peak,Weekday,Lunch,2026-06-03T17:41:50.872Z
ST006,C0067,20260603,2026-06-03T17:38:59.027416,O00152,Completed,2026-06-03 14:08:48.176000+00:00,UPI,orders_S001_20260603.json,S001,S001_O00152,2026-06-03,14,6,3,Wednesday,23,2,2026-2027,Off-Peak,Weekday,Lunch,2026-06-03T17:41:50.872Z
ST011,C0020,20260603,2026-06-03T17:38:59.027416,O00160,Completed,2026-06-03 15:49:10.176000+00:00,UPI,orders_S001_20260603.json,S001,S001_O00160,2026-06-03,15,6,3,Wednesday,23,2,2026-2027,Off-Peak,Weekday,Snack,2026-06-03T17:41:50.872Z
ST009,C0015,20260603,2026-06-03T17:38:59.027416,O00167,Completed,2026-06-03 17:17:37.176000+00:00,UPI,orders_S001_20260603.json,S001,S001_O00167,2026-06-03,17,6,3,Wednesday,23,2,2026-2027,Off-Peak,Weekday,Dinner,2026-06-03T17:41:50.872Z
ST006,C0481,20260603,2026-06-03T17:38:59.027416,O00172,Completed,2026-06-03 12:06:51.176000+00:00,Card,orders_S001_20260603.json,S001,S001_O00172,2026-06-03,12,6,3,Wednesday,23,2,2026-2027,Off-Peak,Weekday,Lunch,2026-06-03T17:41:50.872Z
ST012,C0011,20260603,2026-06-03T17:38:59.027416,O00173,Completed,2026-06-03 13:41:11.176000+00:00,UPI,orders_S001_20260603.json,S001,S001_O00173,2026-06-03,13,6,3,Wednesday,23,2,2026-2027,Off-Peak,Weekday,Lunch,2026-06-03T17:41:50.872Z
ST010,C0533,20260603,2026-06-03T17:38:59.027416,O00177,Completed,2026-06-03 16:54:42.176000+00:00,Card,orders_S001_20260603.json,S001,S001_O00177,2026-06-03,16,6,3,Wednesday,23,2,2026-2027,Off-Peak,Weekday,Snack,2026-06-03T17:41:50.872Z
ST006,C0037,20260603,2026-06-03T17:38:59.027416,O00178,Completed,2026-06-03 17:37:42.176000+00:00,UPI,orders_S001_20260603.json,S001,S001_O00178,2026-06-03,17,6,3,Wednesday,23,2,2026-2027,Off-Peak,Weekday,Dinner,2026-06-03T17:41:50.872Z
ST014,C0397,20260603,2026-06-03T17:38:59.027416,O00180,Completed,2026-06-03 17:24:41.176000+00:00,UPI,orders_S001_20260603.json,S001,S001_O00180,2026-06-03,17,6,3,Wednesday,23,2,2026-2027,Off-Peak,Weekday,Dinner,2026-06-03T17:41:50.872Z
ST013,C0534,20260603,2026-06-03T17:38:59.027416,O00189,Completed,2026-06-03 15:15:19.176000+00:00,UPI,orders_S001_20260603.json,S001,S001_O00189,2026-06-03,15,6,3,Wednesday,23,2,2026-2027,Off-Peak,Weekday,Snack,2026-06-03T17:41:50.872Z
ST015,C0072,20260603,2026-06-03T17:38:59.027416,O00194,Completed,2026-06-03 16:48:10.176000+00:00,Cash,orders_S001_20260603.json,S001,S001_O00194,2026-06-03,16,6,3,Wednesday,23,2,2026-2027,Off-Peak,Weekday,Snack,2026-06-03T17:41:50.872Z
ST011,C0063,20260603,2026-06-03T17:38:59.027416,O00202,Completed,2026-06-03 15:07:03.176000+00:00,Cash,orders_S001_20260603.json,S001,S001_O00202,2026-06-03,15,6,3,Wednesday,23,2,2026-2027,Off-Peak,Weekday,Snack,2026-06-03T17:41:50.872Z
ST012,C0141,20260603,2026-06-03T17:38:59.027416,O00211,Completed,2026-06-03 14:49:43.176000+00:00,UPI,orders_S001_20260603.json,S001,S001_O00211,2026-06-03,14,6,3,Wednesday,23,2,2026-2027,Off-Peak,Weekday,Lunch,2026-06-03T17:41:50.872Z
ST008,C0338,20260603,2026-06-03T17:38:59.027416,O00212,Completed,2026-06-03 14:08:04.176000+00:00,UPI,orders_S001_20260603.json,S001,S001_O00212,2026-06-03,14,6,3,Wednesday,23,2,2026-2027,Off-Peak,Weekday,Lunch,2026-06-03T17:41:50.872Z
ST006,C0471,20260603,2026-06-03T17:38:59.027416,O00213,Completed,2026-06-03 14:50:12.176000+00:00,Card,orders_S001_20260603.json,S001,S001_O00213,2026-06-03,14,6,3,Wednesday,23,2,2026-2027,Off-Peak,Weekday,Lunch,2026-06-03T17:41:50.872Z
ST014,C0389,20260603,2026-06-03T17:38:59.027416,O00215,Completed,2026-06-03 14:22:55.176000+00:00,Cash,orders_S001_20260603.json,S001,S001_O00215,2026-06-03,14,6,3,Wednesday,23,2,2026-2027,Off-Peak,Weekday,Lunch,2026-06-03T17:41:50.872Z
ST007,C0119,20260603,2026-06-03T17:38:59.027416,O00216,Completed,2026-06-03 16:51:23.176000+00:00,Cash,orders_S001_20260603.json,S001,S001_O00216,2026-06-03,16,6,3,Wednesday,23,2,2026-2027,Off-Peak,Weekday,Snack,2026-06-03T17:41:50.872Z
ST005,C0048,20260603,2026-06-03T17:38:59.027416,O00219,Completed,2026-06-03 12:38:52.176000+00:00,UPI,orders_S001_20260603.json,S001,S001_O00219,2026-06-03,12,6,3,Wednesday,23,2,2026-2027,Off-Peak,Weekday,Lunch,2026-06-03T17:41:50.872Z
ST010,C0081,20260603,2026-06-03T17:38:59.027416,O00220,Completed,2026-06-03 13:42:18.176000+00:00,Cash,orders_S001_20260603.json,S001,S001_O00220,2026-06-03,13,6,3,Wednesday,23,2,2026-2027,Off-Peak,Weekday,Lunch,2026-06-03T17:41:50.872Z
ST012,C0127,20260603,2026-06-03T17:38:59.027416,O00221,Completed,2026-06-03 14:28:22.176000+00:00,Card,orders_S001_20260603.json,S001,S001_O00221,2026-06-03,14,6,3,Wednesday,23,2,2026-2027,Off-Peak,Weekday,Lunch,2026-06-03T17:41:50.872Z
ST013,C0278,20260603,2026-06-03T17:38:59.027416,O00222,Completed,2026-06-03 17:27:17.176000+00:00,Card,orders_S001_20260603.json,S001,S001_O00222,2026-06-03,17,6,3,Wednesday,23,2,2026-2027,Off-Peak,Weekday,Dinner,2026-06-03T17:41:50.872Z
ST013,C0095,20260603,2026-06-03T17:38:59.027416,O00223,Completed,2026-06-03 12:40:25.176000+00:00,Cash,orders_S001_20260603.json,S001,S001_O00223,2026-06-03,12,6,3,Wednesday,23,2,2026-2027,Off-Peak,Weekday,Lunch,2026-06-03T17:41:50.872Z
ST011,C0442,20260603,2026-06-03T17:38:59.027416,O00224,Completed,2026-06-03 14:01:09.176000+00:00,Cash,orders_S001_20260603.json,S001,S001_O00224,2026-06-03,14,6,3,Wednesday,23,2,2026-2027,Off-Peak,Weekday,Lunch,2026-06-03T17:41:50.872Z
ST006,C0387,20260603,2026-06-03T17:38:59.027416,O00225,Completed,2026-06-03 12:04:15.176000+00:00,UPI,orders_S001_20260603.json,S001,S001_O00225,2026-06-03,12,6,3,Wednesday,23,2,2026-2027,Off-Peak,Weekday,Lunch,2026-06-03T17:41:50.872Z
ST001,C0530,20260603,2026-06-03T17:38:59.027416,O00228,Completed,2026-06-03 17:17:15.176000+00:00,Cash,orders_S001_20260603.json,S001,S001_O00228,2026-06-03,17,6,3,Wednesday,23,2,2026-2027,Off-Peak,Weekday,Dinner,2026-06-03T17:41:50.872Z
ST003,C0020,20260603,2026-06-03T17:38:59.027416,O00231,Completed,2026-06-03 14:08:54.176000+00:00,Card,orders_S001_20260603.json,S001,S001_O00231,2026-06-03,14,6,3,Wednesday,23,2,2026-2027,Off-Peak,Weekday,Lunch,2026-06-03T17:41:50.872Z
ST013,C0549,20260603,2026-06-03T17:38:59.027416,O00235,Completed,2026-06-03 17:14:07.176000+00:00,UPI,orders_S001_20260603.json,S001,S001_O00235,2026-06-03,17,6,3,Wednesday,23,2,2026-2027,Off-Peak,Weekday,Dinner,2026-06-03T17:41:50.872Z
ST014,C0171,20260603,2026-06-03T17:38:59.027416,O00241,Completed,2026-06-03 14:08:27.176000+00:00,UPI,orders_S001_20260603.json,S001,S001_O00241,2026-06-03,14,6,3,Wednesday,23,2,2026-2027,Off-Peak,Weekday,Lunch,2026-06-03T17:41:50.872Z
ST006,C0044,20260603,2026-06-03T17:38:59.027416,O00242,Completed,2026-06-03 13:09:19.176000+00:00,Card,orders_S001_20260603.json,S001,S001_O00242,2026-06-03,13,6,3,Wednesday,23,2,2026-2027,Off-Peak,Weekday,Lunch,2026-06-03T17:41:50.872Z
ST002,C0075,20260603,2026-06-03T17:38:59.027416,O00243,Completed,2026-06-03 15:33:57.176000+00:00,UPI,orders_S001_20260603.json,S001,S001_O00243,2026-06-03,15,6,3,Wednesday,23,2,2026-2027,Off-Peak,Weekday,Snack,2026-06-03T17:41:50.872Z
ST010,C0240,20260603,2026-06-03T17:38:59.027416,O00245,Completed,2026-06-03 13:41:10.176000+00:00,UPI,orders_S001_20260603.json,S001,S001_O00245,2026-06-03,13,6,3,Wednesday,23,2,2026-2027,Off-Peak,Weekday,Lunch,2026-06-03T17:41:50.872Z
ST011,C0022,20260603,2026-06-03T17:38:59.027416,O00247,Completed,2026-06-03 12:55:01.176000+00:00,Cash,orders_S001_20260603.json,S001,S001_O00247,2026-06-03,12,6,3,Wednesday,23,2,2026-2027,Off-Peak,Weekday,Lunch,2026-06-03T17:41:50.872Z
ST010,C0225,20260603,2026-06-03T17:38:59.027416,O00248,Completed,2026-06-03 16:13:49.176000+00:00,Cash,orders_S001_20260603.json,S001,S001_O00248,2026-06-03,16,6,3,Wednesday,23,2,2026-2027,Off-Peak,Weekday,Snack,2026-06-03T17:41:50.872Z
ST006,C0141,20260603,2026-06-03T17:38:59.027416,O00251,Completed,2026-06-03 13:26:30.176000+00:00,Cash,orders_S001_20260603.json,S001,S001_O00251,2026-06-03,13,6,3,Wednesday,23,2,2026-2027,Off-Peak,Weekday,Lunch,2026-06-03T17:41:50.872Z
ST004,C0135,20260603,2026-06-03T17:38:59.027416,O00258,Completed,2026-06-03 13:25:32.176000+00:00,UPI,orders_S001_20260603.json,S001,S001_O00258,2026-06-03,13,6,3,Wednesday,23,2,2026-2027,Off-Peak,Weekday,Lunch,2026-06-03T17:41:50.872Z
ST015,C0164,20260603,2026-06-03T17:38:59.027416,O00259,Completed,2026-06-03 17:03:18.176000+00:00,Card,orders_S001_20260603.json,S001,S001_O00259,2026-06-03,17,6,3,Wednesday,23,2,2026-2027,Off-Peak,Weekday,Dinner,2026-06-03T17:41:50.872Z
ST005,C0095,20260603,2026-06-03T17:38:59.027416,O00262,Completed,2026-06-03 12:35:12.176000+00:00,UPI,orders_S001_20260603.json,S001,S001_O00262,2026-06-03,12,6,3,Wednesday,23,2,2026-2027,Off-Peak,Weekday,Lunch,2026-06-03T17:41:50.872Z
ST006,C0098,20260603,2026-06-03T17:38:59.027416,O00264,Completed,2026-06-03 13:06:25.176000+00:00,Cash,orders_S001_20260603.json,S001,S001_O00264,2026-06-03,13,6,3,Wednesday,23,2,2026-2027,Off-Peak,Weekday,Lunch,2026-06-03T17:41:50.872Z
ST007,C0249,20260603,2026-06-03T17:38:59.027416,O00265,Completed,2026-06-03 17:09:12.176000+00:00,Cash,orders_S001_20260603.json,S001,S001_O00265,2026-06-03,17,6,3,Wednesday,23,2,2026-2027,Off-Peak,Weekday,Dinner,2026-06-03T17:41:50.872Z
ST008,C0088,20260603,2026-06-03T17:38:59.027416,O00266,Completed,2026-06-03 12:08:45.176000+00:00,Cash,orders_S001_20260603.json,S001,S001_O00266,2026-06-03,12,6,3,Wednesday,23,2,2026-2027,Off-Peak,Weekday,Lunch,2026-06-03T17:41:50.872Z
ST015,C0037,20260603,2026-06-03T17:38:59.027416,O00267,Completed,2026-06-03 13:57:32.176000+00:00,Cash,orders_S001_20260603.json,S001,S001_O00267,2026-06-03,13,6,3,Wednesday,23,2,2026-2027,Off-Peak,Weekday,Lunch,2026-06-03T17:41:50.872Z
ST010,C0437,20260603,2026-06-03T17:38:59.027416,O00268,Completed,2026-06-03 14:39:47.176000+00:00,UPI,orders_S001_20260603.json,S001,S001_O00268,2026-06-03,14,6,3,Wednesday,23,2,2026-2027,Off-Peak,Weekday,Lunch,2026-06-03T17:41:50.872Z
ST007,C0029,20260603,2026-06-03T17:38:59.027416,O00270,Completed,2026-06-03 11:21:43.176000+00:00,Cash,orders_S001_20260603.json,S001,S001_O00270,2026-06-03,11,6,3,Wednesday,23,2,2026-2027,Off-Peak,Weekday,Breakfast,2026-06-03T17:41:50.872Z
ST010,C0539,20260603,2026-06-03T17:38:59.027416,O00272,Completed,2026-06-03 16:41:50.176000+00:00,Cash,orders_S001_20260603.json,S001,S001_O00272,2026-06-03,16,6,3,Wednesday,23,2,2026-2027,Off-Peak,Weekday,Snack,2026-06-03T17:41:50.872Z
ST015,C0021,20260603,2026-06-03T17:38:59.027416,O00285,Completed,2026-06-03 16:18:45.176000+00:00,UPI,orders_S001_20260603.json,S001,S001_O00285,2026-06-03,16,6,3,Wednesday,23,2,2026-2027,Off-Peak,Weekday,Snack,2026-06-03T17:41:50.872Z
ST009,C0053,20260603,2026-06-03T17:38:59.027416,O00286,Completed,2026-06-03 16:30:13.176000+00:00,UPI,orders_S001_20260603.json,S001,S001_O00286,2026-06-03,16,6,3,Wednesday,23,2,2026-2027,Off-Peak,Weekday,Snack,2026-06-03T17:41:50.872Z
ST011,C0193,20260603,2026-06-03T17:38:59.027416,O00288,Completed,2026-06-03 15:42:57.176000+00:00,UPI,orders_S001_20260603.json,S001,S001_O00288,2026-06-03,15,6,3,Wednesday,23,2,2026-2027,Off-Peak,Weekday,Snack,2026-06-03T17:41:50.872Z
ST011,C0147,20260603,2026-06-03T17:38:59.027416,O00289,Completed,2026-06-03 13:21:45.176000+00:00,Cash,orders_S001_20260603.json,S001,S001_O00289,2026-06-03,13,6,3,Wednesday,23,2,2026-2027,Off-Peak,Weekday,Lunch,2026-06-03T17:41:50.872Z
ST011,C0042,20260603,2026-06-03T17:38:59.027416,O00290,Completed,2026-06-03 10:35:59.176000+00:00,Card,orders_S001_20260603.json,S001,S001_O00290,2026-06-03,10,6,3,Wednesday,23,2,2026-2027,Off-Peak,Weekday,Breakfast,2026-06-03T17:41:50.872Z
ST015,C0249,20260603,2026-06-03T17:38:59.027416,O00296,Completed,2026-06-03 12:19:36.176000+00:00,Card,orders_S001_20260603.json,S001,S001_O00296,2026-06-03,12,6,3,Wednesday,23,2,2026-2027,Off-Peak,Weekday,Lunch,2026-06-03T17:41:50.872Z
ST015,C0188,20260603,2026-06-03T17:38:59.027416,O00297,Completed,2026-06-03 16:41:34.176000+00:00,Card,orders_S001_20260603.json,S001,S001_O00297,2026-06-03,16,6,3,Wednesday,23,2,2026-2027,Off-Peak,Weekday,Snack,2026-06-03T17:41:50.872Z
ST006,C0367,20260603,2026-06-03T17:38:59.027416,O00303,Completed,2026-06-03 16:15:28.176000+00:00,UPI,orders_S001_20260603.json,S001,S001_O00303,2026-06-03,16,6,3,Wednesday,23,2,2026-2027,Off-Peak,Weekday,Snack,2026-06-03T17:41:50.872Z
ST007,C0009,20260603,2026-06-03T17:38:59.027416,O00318,Completed,2026-06-03 12:59:30.176000+00:00,UPI,orders_S001_20260603.json,S001,S001_O00318,2026-06-03,12,6,3,Wednesday,23,2,2026-2027,Off-Peak,Weekday,Lunch,2026-06-03T17:41:50.872Z
ST007,C0283,20260603,2026-06-03T17:38:59.027416,O00319,Completed,2026-06-03 13:41:46.176000+00:00,UPI,orders_S001_20260603.json,S001,S001_O00319,2026-06-03,13,6,3,Wednesday,23,2,2026-2027,Off-Peak,Weekday,Lunch,2026-06-03T17:41:50.872Z
ST012,C0191,20260603,2026-06-03T17:38:59.027416,O00322,Completed,2026-06-03 13:34:25.176000+00:00,Card,orders_S001_20260603.json,S001,S001_O00322,2026-06-03,13,6,3,Wednesday,23,2,2026-2027,Off-Peak,Weekday,Lunch,2026-06-03T17:41:50.872Z
ST013,C0463,20260603,2026-06-03T17:38:59.027416,O00325,Completed,2026-06-03 13:12:59.176000+00:00,UPI,orders_S001_20260603.json,S001,S001_O00325,2026-06-03,13,6,3,Wednesday,23,2,2026-2027,Off-Peak,Weekday,Lunch,2026-06-03T17:41:50.872Z
ST008,C0242,20260603,2026-06-03T17:38:59.027416,O00327,Completed,2026-06-03 15:04:06.176000+00:00,Cash,orders_S001_20260603.json,S001,S001_O00327,2026-06-03,15,6,3,Wednesday,23,2,2026-2027,Off-Peak,Weekday,Snack,2026-06-03T17:41:50.872Z
ST006,C0350,20260603,2026-06-03T17:38:59.027416,O00330,Completed,2026-06-03 16:52:58.176000+00:00,Cash,orders_S001_20260603.json,S001,S001_O00330,2026-06-03,16,6,3,Wednesday,23,2,2026-2027,Off-Peak,Weekday,Snack,2026-06-03T17:41:50.872Z
ST011,C0054,20260603,2026-06-03T17:38:59.027416,O00338,Completed,2026-06-03 13:15:16.176000+00:00,UPI,orders_S001_20260603.json,S001,S001_O00338,2026-06-03,13,6,3,Wednesday,23,2,2026-2027,Off-Peak,Weekday,Lunch,2026-06-03T17:41:50.872Z
ST014,C0249,20260603,2026-06-03T17:38:59.027416,O00340,Completed,2026-06-03 16:43:38.176000+00:00,UPI,orders_S001_20260603.json,S001,S001_O00340,2026-06-03,16,6,3,Wednesday,23,2,2026-2027,Off-Peak,Weekday,Snack,2026-06-03T17:41:50.872Z
ST013,C0362,20260603,2026-06-03T17:38:59.027416,O00343,Completed,2026-06-03 14:47:07.176000+00:00,UPI,orders_S001_20260603.json,S001,S001_O00343,2026-06-03,14,6,3,Wednesday,23,2,2026-2027,Off-Peak,Weekday,Lunch,2026-06-03T17:41:50.872Z
ST015,C0054,20260603,2026-06-03T17:38:59.027416,O00344,Completed,2026-06-03 15:38:45.176000+00:00,UPI,orders_S001_20260603.json,S001,S001_O00344,2026-06-03,15,6,3,Wednesday,23,2,2026-2027,Off-Peak,Weekday,Snack,2026-06-03T17:41:50.872Z
ST011,C0142,20260603,2026-06-03T17:38:59.027416,O00345,Completed,2026-06-03 17:18:24.176000+00:00,UPI,orders_S001_20260603.json,S001,S001_O00345,2026-06-03,17,6,3,Wednesday,23,2,2026-2027,Off-Peak,Weekday,Dinner,2026-06-03T17:41:50.872Z
ST002,C0166,20260603,2026-06-03T17:38:59.027416,O00346,Completed,2026-06-03 16:32:56.176000+00:00,Card,orders_S001_20260603.json,S001,S001_O00346,2026-06-03,16,6,3,Wednesday,23,2,2026-2027,Off-Peak,Weekday,Snack,2026-06-03T17:41:50.872Z
ST008,C0430,20260603,2026-06-03T17:38:59.027416,O00350,Completed,2026-06-03 17:24:36.176000+00:00,Cash,orders_S001_20260603.json,S001,S001_O00350,2026-06-03,17,6,3,Wednesday,23,2,2026-2027,Off-Peak,Weekday,Dinner,2026-06-03T17:41:50.872Z
ST015,C0049,20260603,2026-06-03T17:38:59.027416,O00353,Completed,2026-06-03 13:34:31.176000+00:00,Cash,orders_S001_20260603.json,S001,S001_O00353,2026-06-03,13,6,3,Wednesday,23,2,2026-2027,Off-Peak,Weekday,Lunch,2026-06-03T17:41:50.872Z
ST015,C0509,20260603,2026-06-03T17:38:59.027416,O00357,Completed,2026-06-03 12:40:42.176000+00:00,UPI,orders_S001_20260603.json,S001,S001_O00357,2026-06-03,12,6,3,Wednesday,23,2,2026-2027,Off-Peak,Weekday,Lunch,2026-06-03T17:41:50.872Z
ST006,C0066,20260603,2026-06-03T17:38:59.027416,O00361,Completed,2026-06-03 15:39:33.176000+00:00,UPI,orders_S001_20260603.json,S001,S001_O00361,2026-06-03,15,6,3,Wednesday,23,2,2026-2027,Off-Peak,Weekday,Snack,2026-06-03T17:41:50.872Z
ST011,C0441,20260603,2026-06-03T17:38:59.027416,O00363,Completed,2026-06-03 15:43:52.176000+00:00,Card,orders_S001_20260603.json,S001,S001_O00363,2026-06-03,15,6,3,Wednesday,23,2,2026-2027,Off-Peak,Weekday,Snack,2026-06-03T17:41:50.872Z
ST008,C0045,20260603,2026-06-03T17:38:59.027416,O00365,Completed,2026-06-03 12:00:44.176000+00:00,Card,orders_S001_20260603.json,S001,S001_O00365,2026-06-03,12,6,3,Wednesday,23,2,2026-2027,Off-Peak,Weekday,Lunch,2026-06-03T17:41:50.872Z
ST006,C0434,20260603,2026-06-03T17:38:59.027416,O00374,Completed,2026-06-03 12:27:14.176000+00:00,Cash,orders_S001_20260603.json,S001,S001_O00374,2026-06-03,12,6,3,Wednesday,23,2,2026-2027,Off-Peak,Weekday,Lunch,2026-06-03T17:41:50.872Z
ST009,C0060,20260603,2026-06-03T17:38:59.027416,O00376,Completed,2026-06-03 16:28:31.176000+00:00,Card,orders_S001_20260603.json,S001,S001_O00376,2026-06-03,16,6,3,Wednesday,23,2,2026-2027,Off-Peak,Weekday,Snack,2026-06-03T17:41:50.872Z
ST005,C0020,20260603,2026-06-03T17:38:59.027416,O00378,Completed,2026-06-03 16:15:45.176000+00:00,UPI,orders_S001_20260603.json,S001,S001_O00378,2026-06-03,16,6,3,Wednesday,23,2,2026-2027,Off-Peak,Weekday,Snack,2026-06-03T17:41:50.872Z
ST005,C0095,20260603,2026-06-03T17:38:59.027416,O00380,Completed,2026-06-03 13:19:28.176000+00:00,UPI,orders_S001_20260603.json,S001,S001_O00380,2026-06-03,13,6,3,Wednesday,23,2,2026-2027,Off-Peak,Weekday,Lunch,2026-06-03T17:41:50.872Z
ST009,C0213,20260603,2026-06-03T17:38:59.027416,O00381,Completed,2026-06-03 13:27:28.176000+00:00,UPI,orders_S001_20260603.json,S001,S001_O00381,2026-06-03,13,6,3,Wednesday,23,2,2026-2027,Off-Peak,Weekday,Lunch,2026-06-03T17:41:50.872Z
ST010,C0025,20260603,2026-06-03T17:38:59.027416,O00382,Completed,2026-06-03 11:22:35.176000+00:00,Cash,orders_S001_20260603.json,S001,S001_O00382,2026-06-03,11,6,3,Wednesday,23,2,2026-2027,Off-Peak,Weekday,Breakfast,2026-06-03T17:41:50.872Z
ST003,C0071,20260603,2026-06-03T17:38:59.027416,O00385,Completed,2026-06-03 14:17:19.176000+00:00,UPI,orders_S001_20260603.json,S001,S001_O00385,2026-06-03,14,6,3,Wednesday,23,2,2026-2027,Off-Peak,Weekday,Lunch,2026-06-03T17:41:50.872Z
ST006,C0520,20260603,2026-06-03T17:38:59.027416,O00388,Completed,2026-06-03 13:19:00.176000+00:00,Card,orders_S001_20260603.json,S001,S001_O00388,2026-06-03,13,6,3,Wednesday,23,2,2026-2027,Off-Peak,Weekday,Lunch,2026-06-03T17:41:50.872Z
ST006,C0533,20260603,2026-06-03T17:38:59.027416,O00391,Completed,2026-06-03 14:20:11.176000+00:00,UPI,orders_S001_20260603.json,S001,S001_O00391,2026-06-03,14,6,3,Wednesday,23,2,2026-2027,Off-Peak,Weekday,Lunch,2026-06-03T17:41:50.872Z
ST011,C0400,20260603,2026-06-03T17:38:59.027416,O00396,Completed,2026-06-03 12:54:50.176000+00:00,UPI,orders_S001_20260603.json,S001,S001_O00396,2026-06-03,12,6,3,Wednesday,23,2,2026-2027,Off-Peak,Weekday,Lunch,2026-06-03T17:41:50.872Z
ST003,C0298,20260603,2026-06-03T17:38:59.027416,O00401,Completed,2026-06-03 13:15:42.176000+00:00,Cash,orders_S001_20260603.json,S001,S001_O00401,2026-06-03,13,6,3,Wednesday,23,2,2026-2027,Off-Peak,Weekday,Lunch,2026-06-03T17:41:50.872Z
ST013,C0284,20260603,2026-06-03T17:38:59.027416,O00402,Completed,2026-06-03 12:41:43.176000+00:00,UPI,orders_S001_20260603.json,S001,S001_O00402,2026-06-03,12,6,3,Wednesday,23,2,2026-2027,Off-Peak,Weekday,Lunch,2026-06-03T17:41:50.872Z
ST002,C0109,20260603,2026-06-03T17:38:59.027416,O00406,Completed,2026-06-03 11:06:18.176000+00:00,UPI,orders_S001_20260603.json,S001,S001_O00406,2026-06-03,11,6,3,Wednesday,23,2,2026-2027,Off-Peak,Weekday,Breakfast,2026-06-03T17:41:50.872Z
ST002,C0412,20260603,2026-06-03T17:38:59.027416,O00409,Completed,2026-06-03 17:19:02.176000+00:00,UPI,orders_S001_20260603.json,S001,S001_O00409,2026-06-03,17,6,3,Wednesday,23,2,2026-2027,Off-Peak,Weekday,Dinner,2026-06-03T17:41:50.872Z
ST015,C0404,20260603,2026-06-03T17:38:59.027416,O00410,Completed,2026-06-03 17:06:43.176000+00:00,Card,orders_S001_20260603.json,S001,S001_O00410,2026-06-03,17,6,3,Wednesday,23,2,2026-2027,Off-Peak,Weekday,Dinner,2026-06-03T17:41:50.872Z
ST009,C0042,20260603,2026-06-03T17:38:59.027416,O00411,Completed,2026-06-03 15:11:35.176000+00:00,UPI,orders_S001_20260603.json,S001,S001_O00411,2026-06-03,15,6,3,Wednesday,23,2,2026-2027,Off-Peak,Weekday,Snack,2026-06-03T17:41:50.872Z
ST011,C0030,20260603,2026-06-03T17:38:59.027416,O00416,Completed,2026-06-03 17:12:29.176000+00:00,Card,orders_S001_20260603.json,S001,S001_O00416,2026-06-03,17,6,3,Wednesday,23,2,2026-2027,Off-Peak,Weekday,Dinner,2026-06-03T17:41:50.872Z
ST003,C0135,20260603,2026-06-03T17:38:59.027416,O00418,Completed,2026-06-03 13:22:54.176000+00:00,Card,orders_S001_20260603.json,S001,S001_O00418,2026-06-03,13,6,3,Wednesday,23,2,2026-2027,Off-Peak,Weekday,Lunch,2026-06-03T17:41:50.872Z
ST006,C0031,20260603,2026-06-03T17:38:59.027416,O00420,Completed,2026-06-03 17:15:19.176000+00:00,Cash,orders_S001_20260603.json,S001,S001_O00420,2026-06-03,17,6,3,Wednesday,23,2,2026-2027,Off-Peak,Weekday,Dinner,2026-06-03T17:41:50.872Z
ST013,C0359,20260603,2026-06-03T17:38:59.027416,O00428,Completed,2026-06-03 14:29:36.176000+00:00,UPI,orders_S001_20260603.json,S001,S001_O00428,2026-06-03,14,6,3,Wednesday,23,2,2026-2027,Off-Peak,Weekday,Lunch,2026-06-03T17:41:50.872Z
ST011,C0354,20260603,2026-06-03T17:38:59.027416,O00431,Completed,2026-06-03 15:27:06.176000+00:00,Cash,orders_S001_20260603.json,S001,S001_O00431,2026-06-03,15,6,3,Wednesday,23,2,2026-2027,Off-Peak,Weekday,Snack,2026-06-03T17:41:50.872Z
ST014,C0069,20260603,2026-06-03T17:38:59.027416,O00432,Completed,2026-06-03 17:02:28.176000+00:00,Card,orders_S001_20260603.json,S001,S001_O00432,2026-06-03,17,6,3,Wednesday,23,2,2026-2027,Off-Peak,Weekday,Dinner,2026-06-03T17:41:50.872Z
ST006,C0199,20260603,2026-06-03T17:38:59.027416,O00436,Completed,2026-06-03 17:17:38.176000+00:00,Card,orders_S001_20260603.json,S001,S001_O00436,2026-06-03,17,6,3,Wednesday,23,2,2026-2027,Off-Peak,Weekday,Dinner,2026-06-03T17:41:50.872Z
ST009,C0523,20260603,2026-06-03T17:38:59.027416,O00437,Completed,2026-06-03 16:36:17.176000+00:00,Card,orders_S001_20260603.json,S001,S001_O00437,2026-06-03,16,6,3,Wednesday,23,2,2026-2027,Off-Peak,Weekday,Snack,2026-06-03T17:41:50.872Z
ST012,C0291,20260603,2026-06-03T17:38:59.027416,O00439,Completed,2026-06-03 12:17:55.176000+00:00,Card,orders_S001_20260603.json,S001,S001_O00439,2026-06-03,12,6,3,Wednesday,23,2,2026-2027,Off-Peak,Weekday,Lunch,2026-06-03T17:41:50.872Z
ST013,C0426,20260603,2026-06-03T17:38:59.027416,O00440,Completed,2026-06-03 15:45:20.176000+00:00,Card,orders_S001_20260603.json,S001,S001_O00440,2026-06-03,15,6,3,Wednesday,23,2,2026-2027,Off-Peak,Weekday,Snack,2026-06-03T17:41:50.872Z
ST012,C0383,20260603,2026-06-03T17:38:59.027416,O00444,Completed,2026-06-03 17:00:55.176000+00:00,UPI,orders_S001_20260603.json,S001,S001_O00444,2026-06-03,17,6,3,Wednesday,23,2,2026-2027,Off-Peak,Weekday,Dinner,2026-06-03T17:41:50.872Z
ST002,C0056,20260603,2026-06-03T17:38:59.027416,O00454,Completed,2026-06-03 13:06:00.176000+00:00,UPI,orders_S001_20260603.json,S001,S001_O00454,2026-06-03,13,6,3,Wednesday,23,2,2026-2027,Off-Peak,Weekday,Lunch,2026-06-03T17:41:50.872Z
ST012,C0003,20260603,2026-06-03T17:38:59.027416,O00455,Completed,2026-06-03 15:43:28.176000+00:00,UPI,orders_S001_20260603.json,S001,S001_O00455,2026-06-03,15,6,3,Wednesday,23,2,2026-2027,Off-Peak,Weekday,Snack,2026-06-03T17:41:50.872Z
ST008,C0321,20260603,2026-06-03T17:38:59.027416,O00456,Completed,2026-06-03 13:55:27.176000+00:00,UPI,orders_S001_20260603.json,S001,S001_O00456,2026-06-03,13,6,3,Wednesday,23,2,2026-2027,Off-Peak,Weekday,Lunch,2026-06-03T17:41:50.872Z
ST014,C0414,20260603,2026-06-03T17:38:59.027416,O00458,Completed,2026-06-03 17:24:49.176000+00:00,UPI,orders_S001_20260603.json,S001,S001_O00458,2026-06-03,17,6,3,Wednesday,23,2,2026-2027,Off-Peak,Weekday,Dinner,2026-06-03T17:41:50.872Z
ST012,C0056,20260603,2026-06-03T17:38:59.027416,O00460,Completed,2026-06-03 14:22:46.176000+00:00,UPI,orders_S001_20260603.json,S001,S001_O00460,2026-06-03,14,6,3,Wednesday,23,2,2026-2027,Off-Peak,Weekday,Lunch,2026-06-03T17:41:50.872Z
ST002,C0073,20260603,2026-06-03T17:38:59.027416,O00463,Completed,2026-06-03 17:08:15.176000+00:00,UPI,orders_S001_20260603.json,S001,S001_O00463,2026-06-03,17,6,3,Wednesday,23,2,2026-2027,Off-Peak,Weekday,Dinner,2026-06-03T17:41:50.872Z
ST011,C0064,20260603,2026-06-03T17:38:59.027416,O00467,Completed,2026-06-03 15:24:07.176000+00:00,Cash,orders_S001_20260603.json,S001,S001_O00467,2026-06-03,15,6,3,Wednesday,23,2,2026-2027,Off-Peak,Weekday,Snack,2026-06-03T17:41:50.872Z
ST007,C0520,20260603,2026-06-03T17:38:59.027416,O00471,Completed,2026-06-03 14:59:03.176000+00:00,Cash,orders_S001_20260603.json,S001,S001_O00471,2026-06-03,14,6,3,Wednesday,23,2,2026-2027,Off-Peak,Weekday,Lunch,2026-06-03T17:41:50.872Z
ST011,C0015,20260603,2026-06-03T17:38:59.027416,O00477,Completed,2026-06-03 13:39:38.176000+00:00,Cash,orders_S001_20260603.json,S001,S001_O00477,2026-06-03,13,6,3,Wednesday,23,2,2026-2027,Off-Peak,Weekday,Lunch,2026-06-03T17:41:50.872Z
ST005,C0389,20260603,2026-06-03T17:38:59.027416,O00480,Completed,2026-06-03 14:08:47.176000+00:00,Cash,orders_S001_20260603.json,S001,S001_O00480,2026-06-03,14,6,3,Wednesday,23,2,2026-2027,Off-Peak,Weekday,Lunch,2026-06-03T17:41:50.872Z
ST007,C0088,20260603,2026-06-03T17:38:59.027416,O00481,Completed,2026-06-03 13:57:01.176000+00:00,UPI,orders_S001_20260603.json,S001,S001_O00481,2026-06-03,13,6,3,Wednesday,23,2,2026-2027,Off-Peak,Weekday,Lunch,2026-06-03T17:41:50.872Z
ST008,C0268,20260603,2026-06-03T17:38:59.027416,O00482,Completed,2026-06-03 12:45:36.176000+00:00,UPI,orders_S001_20260603.json,S001,S001_O00482,2026-06-03,12,6,3,Wednesday,23,2,2026-2027,Off-Peak,Weekday,Lunch,2026-06-03T17:41:50.872Z
ST006,C0221,20260603,2026-06-03T17:38:59.027416,O00483,Completed,2026-06-03 17:31:54.176000+00:00,UPI,orders_S001_20260603.json,S001,S001_O00483,2026-06-03,17,6,3,Wednesday,23,2,2026-2027,Off-Peak,Weekday,Dinner,2026-06-03T17:41:50.872Z
ST004,C0014,20260603,2026-06-03T17:38:59.027416,O00489,Completed,2026-06-03 13:43:57.176000+00:00,Card,orders_S001_20260603.json,S001,S001_O00489,2026-06-03,13,6,3,Wednesday,23,2,2026-2027,Off-Peak,Weekday,Lunch,2026-06-03T17:41:50.872Z
ST004,C0356,20260603,2026-06-03T17:38:59.027416,O00492,Completed,2026-06-03 16:50:19.176000+00:00,UPI,orders_S001_20260603.json,S001,S001_O00492,2026-06-03,16,6,3,Wednesday,23,2,2026-2027,Off-Peak,Weekday,Snack,2026-06-03T17:41:50.872Z
ST012,C0442,20260603,2026-06-03T17:38:59.027416,O00496,Completed,2026-06-03 10:42:24.176000+00:00,UPI,orders_S001_20260603.json,S001,S001_O00496,2026-06-03,10,6,3,Wednesday,23,2,2026-2027,Off-Peak,Weekday,Breakfast,2026-06-03T17:41:50.872Z
ST004,C0012,20260603,2026-06-03T17:38:59.027416,O00498,Completed,2026-06-03 13:17:05.176000+00:00,Card,orders_S001_20260603.json,S001,S001_O00498,2026-06-03,13,6,3,Wednesday,23,2,2026-2027,Off-Peak,Weekday,Lunch,2026-06-03T17:41:50.872Z
ST002,C0419,20260603,2026-06-03T17:38:59.027416,O00500,Completed,2026-06-03 13:08:40.176000+00:00,Cash,orders_S001_20260603.json,S001,S001_O00500,2026-06-03,13,6,3,Wednesday,23,2,2026-2027,Off-Peak,Weekday,Lunch,2026-06-03T17:41:50.872Z
ST005,C0062,20260603,2026-06-03T17:38:59.027416,O00501,Completed,2026-06-03 12:42:08.176000+00:00,Card,orders_S001_20260603.json,S001,S001_O00501,2026-06-03,12,6,3,Wednesday,23,2,2026-2027,Off-Peak,Weekday,Lunch,2026-06-03T17:41:50.872Z
ST013,C0036,20260603,2026-06-03T17:38:59.027416,O00503,Completed,2026-06-03 16:04:12.176000+00:00,Cash,orders_S001_20260603.json,S001,S001_O00503,2026-06-03,16,6,3,Wednesday,23,2,2026-2027,Off-Peak,Weekday,Snack,2026-06-03T17:41:50.872Z
ST007,C0142,20260603,2026-06-03T17:38:59.027416,O00504,Completed,2026-06-03 13:10:28.176000+00:00,UPI,orders_S001_20260603.json,S001,S001_O00504,2026-06-03,13,6,3,Wednesday,23,2,2026-2027,Off-Peak,Weekday,Lunch,2026-06-03T17:41:50.872Z
ST014,C0314,20260603,2026-06-03T17:38:59.027416,O00506,Completed,2026-06-03 13:10:51.176000+00:00,Cash,orders_S001_20260603.json,S001,S001_O00506,2026-06-03,13,6,3,Wednesday,23,2,2026-2027,Off-Peak,Weekday,Lunch,2026-06-03T17:41:50.872Z
ST011,C0179,20260603,2026-06-03T17:38:59.027416,O00508,Completed,2026-06-03 15:22:25.176000+00:00,UPI,orders_S001_20260603.json,S001,S001_O00508,2026-06-03,15,6,3,Wednesday,23,2,2026-2027,Off-Peak,Weekday,Snack,2026-06-03T17:41:50.872Z
ST004,C0389,20260603,2026-06-03T17:38:59.027416,O00511,Completed,2026-06-03 13:03:53.176000+00:00,UPI,orders_S001_20260603.json,S001,S001_O00511,2026-06-03,13,6,3,Wednesday,23,2,2026-2027,Off-Peak,Weekday,Lunch,2026-06-03T17:41:50.872Z
ST015,C0014,20260603,2026-06-03T17:38:59.027416,O00515,Completed,2026-06-03 17:02:29.176000+00:00,Cash,orders_S001_20260603.json,S001,S001_O00515,2026-06-03,17,6,3,Wednesday,23,2,2026-2027,Off-Peak,Weekday,Dinner,2026-06-03T17:41:50.872Z
ST005,C0065,20260603,2026-06-03T17:38:59.027416,O00518,Completed,2026-06-03 12:39:39.176000+00:00,UPI,orders_S001_20260603.json,S001,S001_O00518,2026-06-03,12,6,3,Wednesday,23,2,2026-2027,Off-Peak,Weekday,Lunch,2026-06-03T17:41:50.872Z
ST011,C0189,20260603,2026-06-03T17:38:59.027416,O00520,Completed,2026-06-03 14:56:51.176000+00:00,Card,orders_S001_20260603.json,S001,S001_O00520,2026-06-03,14,6,3,Wednesday,23,2,2026-2027,Off-Peak,Weekday,Lunch,2026-06-03T17:41:50.872Z
ST015,C0058,20260603,2026-06-03T17:38:59.027416,O00523,Completed,2026-06-03 14:20:38.176000+00:00,Card,orders_S001_20260603.json,S001,S001_O00523,2026-06-03,14,6,3,Wednesday,23,2,2026-2027,Off-Peak,Weekday,Lunch,2026-06-03T17:41:50.872Z
ST013,C0192,20260603,2026-06-03T17:38:59.027416,O00524,Completed,2026-06-03 16:51:30.176000+00:00,Cash,orders_S001_20260603.json,S001,S001_O00524,2026-06-03,16,6,3,Wednesday,23,2,2026-2027,Off-Peak,Weekday,Snack,2026-06-03T17:41:50.872Z
ST004,C0065,20260603,2026-06-03T17:38:59.027416,O00525,Completed,2026-06-03 15:10:06.176000+00:00,UPI,orders_S001_20260603.json,S001,S001_O00525,2026-06-03,15,6,3,Wednesday,23,2,2026-2027,Off-Peak,Weekday,Snack,2026-06-03T17:41:50.872Z
ST006,C0355,20260603,2026-06-03T17:38:59.027416,O00528,Completed,2026-06-03 15:20:51.176000+00:00,Card,orders_S001_20260603.json,S001,S001_O00528,2026-06-03,15,6,3,Wednesday,23,2,2026-2027,Off-Peak,Weekday,Snack,2026-06-03T17:41:50.872Z
ST010,C0519,20260603,2026-06-03T17:38:59.027416,O00529,Completed,2026-06-03 11:44:22.176000+00:00,UPI,orders_S001_20260603.json,S001,S001_O00529,2026-06-03,11,6,3,Wednesday,23,2,2026-2027,Off-Peak,Weekday,Breakfast,2026-06-03T17:41:50.872Z
ST010,C0015,20260603,2026-06-03T17:38:59.027416,O00531,Completed,2026-06-03 14:02:05.176000+00:00,UPI,orders_S001_20260603.json,S001,S001_O00531,2026-06-03,14,6,3,Wednesday,23,2,2026-2027,Off-Peak,Weekday,Lunch,2026-06-03T17:41:50.872Z
ST014,C0406,20260603,2026-06-03T17:38:59.027416,O00533,Completed,2026-06-03 17:11:58.176000+00:00,UPI,orders_S001_20260603.json,S001,S001_O00533,2026-06-03,17,6,3,Wednesday,23,2,2026-2027,Off-Peak,Weekday,Dinner,2026-06-03T17:41:50.872Z
ST013,C0496,20260603,2026-06-03T17:38:59.027416,O00534,Completed,2026-06-03 11:37:45.176000+00:00,UPI,orders_S001_20260603.json,S001,S001_O00534,2026-06-03,11,6,3,Wednesday,23,2,2026-2027,Off-Peak,Weekday,Breakfast,2026-06-03T17:41:50.872Z
ST003,C0036,20260603,2026-06-03T17:38:59.027416,O00536,Completed,2026-06-03 13:19:20.176000+00:00,Cash,orders_S001_20260603.json,S001,S001_O00536,2026-06-03,13,6,3,Wednesday,23,2,2026-2027,Off-Peak,Weekday,Lunch,2026-06-03T17:41:50.872Z
ST012,C0055,20260603,2026-06-03T17:38:59.027416,O00545,Completed,2026-06-03 17:00:16.176000+00:00,UPI,orders_S001_20260603.json,S001,S001_O00545,2026-06-03,17,6,3,Wednesday,23,2,2026-2027,Off-Peak,Weekday,Dinner,2026-06-03T17:41:50.872Z
ST007,C0001,20260603,2026-06-03T17:38:59.027416,O00546,Completed,2026-06-03 16:06:46.176000+00:00,UPI,orders_S001_20260603.json,S001,S001_O00546,2026-06-03,16,6,3,Wednesday,23,2,2026-2027,Off-Peak,Weekday,Snack,2026-06-03T17:41:50.872Z
ST002,C0523,20260603,2026-06-03T17:38:59.027416,O00550,Completed,2026-06-03 16:20:16.176000+00:00,UPI,orders_S001_20260603.json,S001,S001_O00550,2026-06-03,16,6,3,Wednesday,23,2,2026-2027,Off-Peak,Weekday,Snack,2026-06-03T17:41:50.872Z
ST001,C0155,20260603,2026-06-03T17:38:59.027416,O00552,Completed,2026-06-03 17:39:57.176000+00:00,UPI,orders_S001_20260603.json,S001,S001_O00552,2026-06-03,17,6,3,Wednesday,23,2,2026-2027,Off-Peak,Weekday,Dinner,2026-06-03T17:41:50.872Z
ST012,C0323,20260603,2026-06-03T17:38:59.027416,O00554,Completed,2026-06-03 14:12:26.176000+00:00,Card,orders_S001_20260603.json,S001,S001_O00554,2026-06-03,14,6,3,Wednesday,23,2,2026-2027,Off-Peak,Weekday,Lunch,2026-06-03T17:41:50.872Z
ST008,C0267,20260603,2026-06-03T17:38:59.027416,O00557,Completed,2026-06-03 13:52:42.176000+00:00,UPI,orders_S001_20260603.json,S001,S001_O00557,2026-06-03,13,6,3,Wednesday,23,2,2026-2027,Off-Peak,Weekday,Lunch,2026-06-03T17:41:50.872Z
ST002,C0077,20260603,2026-06-03T17:38:59.027416,O00558,Completed,2026-06-03 11:10:40.176000+00:00,UPI,orders_S001_20260603.json,S001,S001_O00558,2026-06-03,11,6,3,Wednesday,23,2,2026-2027,Off-Peak,Weekday,Breakfast,2026-06-03T17:41:50.872Z
ST015,C0146,20260603,2026-06-03T17:38:59.027416,O00559,Completed,2026-06-03 13:50:25.176000+00:00,Cash,orders_S001_20260603.json,S001,S001_O00559,2026-06-03,13,6,3,Wednesday,23,2,2026-2027,Off-Peak,Weekday,Lunch,2026-06-03T17:41:50.872Z
ST015,C0049,20260603,2026-06-03T17:38:59.027416,O00560,Completed,2026-06-03 13:34:24.176000+00:00,UPI,orders_S001_20260603.json,S001,S001_O00560,2026-06-03,13,6,3,Wednesday,23,2,2026-2027,Off-Peak,Weekday,Lunch,2026-06-03T17:41:50.872Z
ST005,C0121,20260603,2026-06-03T17:38:59.027416,O00561,Completed,2026-06-03 14:02:16.176000+00:00,UPI,orders_S001_20260603.json,S001,S001_O00561,2026-06-03,14,6,3,Wednesday,23,2,2026-2027,Off-Peak,Weekday,Lunch,2026-06-03T17:41:50.872Z
ST011,C0366,20260603,2026-06-03T17:38:59.027416,O00562,Completed,2026-06-03 16:03:09.176000+00:00,UPI,orders_S001_20260603.json,S001,S001_O00562,2026-06-03,16,6,3,Wednesday,23,2,2026-2027,Off-Peak,Weekday,Snack,2026-06-03T17:41:50.872Z
ST009,C0337,20260603,2026-06-03T17:38:59.027416,O00566,Completed,2026-06-03 12:57:54.176000+00:00,Cash,orders_S001_20260603.json,S001,S001_O00566,2026-06-03,12,6,3,Wednesday,23,2,2026-2027,Off-Peak,Weekday,Lunch,2026-06-03T17:41:50.872Z
ST014,C0118,20260603,2026-06-03T17:38:59.027416,O00569,Completed,2026-06-03 12:05:43.176000+00:00,Cash,orders_S001_20260603.json,S001,S001_O00569,2026-06-03,12,6,3,Wednesday,23,2,2026-2027,Off-Peak,Weekday,Lunch,2026-06-03T17:41:50.872Z
ST014,C0209,20260603,2026-06-03T17:38:59.027416,O00571,Completed,2026-06-03 13:35:25.176000+00:00,UPI,orders_S001_20260603.json,S001,S001_O00571,2026-06-03,13,6,3,Wednesday,23,2,2026-2027,Off-Peak,Weekday,Lunch,2026-06-03T17:41:50.872Z
ST007,C0090,20260603,2026-06-03T17:38:59.027416,O00575,Completed,2026-06-03 16:34:56.176000+00:00,UPI,orders_S001_20260603.json,S001,S001_O00575,2026-06-03,16,6,3,Wednesday,23,2,2026-2027,Off-Peak,Weekday,Snack,2026-06-03T17:41:50.872Z
ST001,C0320,20260603,2026-06-03T17:38:59.027416,O00577,Completed,2026-06-03 13:38:43.176000+00:00,UPI,orders_S001_20260603.json,S001,S001_O00577,2026-06-03,13,6,3,Wednesday,23,2,2026-2027,Off-Peak,Weekday,Lunch,2026-06-03T17:41:50.872Z
ST008,C0097,20260603,2026-06-03T17:38:59.027416,O00587,Completed,2026-06-03 17:12:17.176000+00:00,Cash,orders_S001_20260603.json,S001,S001_O00587,2026-06-03,17,6,3,Wednesday,23,2,2026-2027,Off-Peak,Weekday,Dinner,2026-06-03T17:41:50.872Z
ST010,C0059,20260603,2026-06-03T17:38:59.027416,O00594,Completed,2026-06-03 14:51:00.176000+00:00,Card,orders_S001_20260603.json,S001,S001_O00594,2026-06-03,14,6,3,Wednesday,23,2,2026-2027,Off-Peak,Weekday,Lunch,2026-06-03T17:41:50.872Z
ST011,C0142,20260603,2026-06-03T17:38:59.027416,O00596,Completed,2026-06-03 17:16:13.176000+00:00,Cash,orders_S001_20260603.json,S001,S001_O00596,2026-06-03,17,6,3,Wednesday,23,2,2026-2027,Off-Peak,Weekday,Dinner,2026-06-03T17:41:50.872Z
ST011,C0551,20260603,2026-06-03T17:38:59.027416,O00599,Completed,2026-06-03 13:04:21.176000+00:00,UPI,orders_S001_20260603.json,S001,S001_O00599,2026-06-03,13,6,3,Wednesday,23,2,2026-2027,Off-Peak,Weekday,Lunch,2026-06-03T17:41:50.872Z
ST011,C0523,20260603,2026-06-03T17:38:59.027416,O00600,Completed,2026-06-03 16:41:45.176000+00:00,UPI,orders_S001_20260603.json,S001,S001_O00600,2026-06-03,16,6,3,Wednesday,23,2,2026-2027,Off-Peak,Weekday,Snack,2026-06-03T17:41:50.872Z
ST013,C0482,20260603,2026-06-03T17:38:59.027416,O00601,Completed,2026-06-03 13:48:15.176000+00:00,Card,orders_S001_20260603.json,S001,S001_O00601,2026-06-03,13,6,3,Wednesday,23,2,2026-2027,Off-Peak,Weekday,Lunch,2026-06-03T17:41:50.872Z
ST006,C0416,20260603,2026-06-03T17:38:59.027416,O00604,Completed,2026-06-03 12:45:36.176000+00:00,Cash,orders_S001_20260603.json,S001,S001_O00604,2026-06-03,12,6,3,Wednesday,23,2,2026-2027,Off-Peak,Weekday,Lunch,2026-06-03T17:41:50.872Z
ST015,C0392,20260603,2026-06-03T17:38:59.027416,O00605,Completed,2026-06-03 15:34:40.176000+00:00,Card,orders_S001_20260603.json,S001,S001_O00605,2026-06-03,15,6,3,Wednesday,23,2,2026-2027,Off-Peak,Weekday,Snack,2026-06-03T17:41:50.872Z
ST011,C0045,20260603,2026-06-03T17:38:59.027416,O00606,Completed,2026-06-03 17:19:54.176000+00:00,Card,orders_S001_20260603.json,S001,S001_O00606,2026-06-03,17,6,3,Wednesday,23,2,2026-2027,Off-Peak,Weekday,Dinner,2026-06-03T17:41:50.872Z
ST005,C0034,20260603,2026-06-03T17:38:59.027416,O00607,Completed,2026-06-03 14:06:30.176000+00:00,Cash,orders_S001_20260603.json,S001,S001_O00607,2026-06-03,14,6,3,Wednesday,23,2,2026-2027,Off-Peak,Weekday,Lunch,2026-06-03T17:41:50.872Z
ST005,C0360,20260603,2026-06-03T17:38:59.027416,O00609,Completed,2026-06-03 13:22:14.176000+00:00,UPI,orders_S001_20260603.json,S001,S001_O00609,2026-06-03,13,6,3,Wednesday,23,2,2026-2027,Off-Peak,Weekday,Lunch,2026-06-03T17:41:50.872Z
ST004,C0131,20260603,2026-06-03T17:38:59.027416,O00616,Completed,2026-06-03 17:03:00.176000+00:00,Cash,orders_S001_20260603.json,S001,S001_O00616,2026-06-03,17,6,3,Wednesday,23,2,2026-2027,Off-Peak,Weekday,Dinner,2026-06-03T17:41:50.872Z
ST013,C0160,20260603,2026-06-03T17:38:59.027416,O00617,Completed,2026-06-03 14:48:10.176000+00:00,Cash,orders_S001_20260603.json,S001,S001_O00617,2026-06-03,14,6,3,Wednesday,23,2,2026-2027,Off-Peak,Weekday,Lunch,2026-06-03T17:41:50.872Z
ST007,C0113,20260603,2026-06-03T17:38:59.027416,O00618,Completed,2026-06-03 13:27:40.176000+00:00,Card,orders_S001_20260603.json,S001,S001_O00618,2026-06-03,13,6,3,Wednesday,23,2,2026-2027,Off-Peak,Weekday,Lunch,2026-06-03T17:41:50.872Z
ST002,C0080,20260603,2026-06-03T17:38:59.027416,O00622,Completed,2026-06-03 13:32:37.176000+00:00,Card,orders_S001_20260603.json,S001,S001_O00622,2026-06-03,13,6,3,Wednesday,23,2,2026-2027,Off-Peak,Weekday,Lunch,2026-06-03T17:41:50.872Z
ST010,C0347,20260603,2026-06-03T17:38:59.027416,O00623,Completed,2026-06-03 17:18:29.176000+00:00,Cash,orders_S001_20260603.json,S001,S001_O00623,2026-06-03,17,6,3,Wednesday,23,2,2026-2027,Off-Peak,Weekday,Dinner,2026-06-03T17:41:50.872Z
ST010,C0352,20260603,2026-06-03T17:38:59.027416,O00626,Completed,2026-06-03 15:08:13.176000+00:00,Cash,orders_S001_20260603.json,S001,S001_O00626,2026-06-03,15,6,3,Wednesday,23,2,2026-2027,Off-Peak,Weekday,Snack,2026-06-03T17:41:50.872Z
ST007,C0398,20260603,2026-06-03T17:38:59.027416,O00627,Completed,2026-06-03 13:45:41.176000+00:00,Card,orders_S001_20260603.json,S001,S001_O00627,2026-06-03,13,6,3,Wednesday,23,2,2026-2027,Off-Peak,Weekday,Lunch,2026-06-03T17:41:50.872Z
ST001,C0013,20260603,2026-06-03T17:38:59.027416,O00628,Completed,2026-06-03 16:34:39.176000+00:00,Cash,orders_S001_20260603.json,S001,S001_O00628,2026-06-03,16,6,3,Wednesday,23,2,2026-2027,Off-Peak,Weekday,Snack,2026-06-03T17:41:50.872Z
ST004,C0327,20260603,2026-06-03T17:38:59.027416,O00630,Completed,2026-06-03 13:16:30.176000+00:00,Cash,orders_S001_20260603.json,S001,S001_O00630,2026-06-03,13,6,3,Wednesday,23,2,2026-2027,Off-Peak,Weekday,Lunch,2026-06-03T17:41:50.872Z
ST002,C0164,20260603,2026-06-03T17:38:59.027416,O00637,Completed,2026-06-03 13:36:42.176000+00:00,Cash,orders_S001_20260603.json,S001,S001_O00637,2026-06-03,13,6,3,Wednesday,23,2,2026-2027,Off-Peak,Weekday,Lunch,2026-06-03T17:41:50.872Z
ST011,C0486,20260603,2026-06-03T17:38:59.027416,O00638,Completed,2026-06-03 12:46:06.176000+00:00,UPI,orders_S001_20260603.json,S001,S001_O00638,2026-06-03,12,6,3,Wednesday,23,2,2026-2027,Off-Peak,Weekday,Lunch,2026-06-03T17:41:50.872Z
ST015,C0086,20260603,2026-06-03T17:38:59.027416,O00642,Completed,2026-06-03 13:41:10.176000+00:00,UPI,orders_S001_20260603.json,S001,S001_O00642,2026-06-03,13,6,3,Wednesday,23,2,2026-2027,Off-Peak,Weekday,Lunch,2026-06-03T17:41:50.872Z
ST007,C0072,20260603,2026-06-03T17:38:59.027416,O00644,Completed,2026-06-03 13:25:29.176000+00:00,Cash,orders_S001_20260603.json,S001,S001_O00644,2026-06-03,13,6,3,Wednesday,23,2,2026-2027,Off-Peak,Weekday,Lunch,2026-06-03T17:41:50.872Z
ST012,C0083,20260603,2026-06-03T17:38:59.027416,O00650,Completed,2026-06-03 12:16:41.176000+00:00,Card,orders_S001_20260603.json,S001,S001_O00650,2026-06-03,12,6,3,Wednesday,23,2,2026-2027,Off-Peak,Weekday,Lunch,2026-06-03T17:41:50.872Z
ST006,C0084,20260603,2026-06-03T17:38:59.027416,O00656,Completed,2026-06-03 14:48:31.176000+00:00,Card,orders_S001_20260603.json,S001,S001_O00656,2026-06-03,14,6,3,Wednesday,23,2,2026-2027,Off-Peak,Weekday,Lunch,2026-06-03T17:41:50.872Z
ST007,C0281,20260603,2026-06-03T17:38:59.027416,O00657,Completed,2026-06-03 12:14:35.176000+00:00,Card,orders_S001_20260603.json,S001,S001_O00657,2026-06-03,12,6,3,Wednesday,23,2,2026-2027,Off-Peak,Weekday,Lunch,2026-06-03T17:41:50.872Z
ST002,C0226,20260603,2026-06-03T17:38:59.027416,O00658,Completed,2026-06-03 12:28:51.176000+00:00,Card,orders_S001_20260603.json,S001,S001_O00658,2026-06-03,12,6,3,Wednesday,23,2,2026-2027,Off-Peak,Weekday,Lunch,2026-06-03T17:41:50.872Z
ST011,C0026,20260603,2026-06-03T17:38:59.027416,O00664,Completed,2026-06-03 17:28:07.176000+00:00,UPI,orders_S001_20260603.json,S001,S001_O00664,2026-06-03,17,6,3,Wednesday,23,2,2026-2027,Off-Peak,Weekday,Dinner,2026-06-03T17:41:50.872Z
ST008,C0480,20260603,2026-06-03T17:38:59.027416,O00666,Completed,2026-06-03 17:06:02.176000+00:00,UPI,orders_S001_20260603.json,S001,S001_O00666,2026-06-03,17,6,3,Wednesday,23,2,2026-2027,Off-Peak,Weekday,Dinner,2026-06-03T17:41:50.872Z
ST014,C0057,20260603,2026-06-03T17:38:59.027416,O00668,Completed,2026-06-03 13:54:25.176000+00:00,Cash,orders_S001_20260603.json,S001,S001_O00668,2026-06-03,13,6,3,Wednesday,23,2,2026-2027,Off-Peak,Weekday,Lunch,2026-06-03T17:41:50.872Z
