batch_id,customer_id,ingestion_timestamp,order_id,order_status,order_timestamp,payment_mode,source_file,staff_id,store_id,order_sk,reject_reason,quarantine_at,order_date,order_hour,order_month,order_day,order_weekday,week_of_year,quarter,financial_year,peak_hour_flag,weekend_flag,meal_period,silver_processed_at
20260603,C0037,2026-06-03T17:39:02.237833,O00001,Completed,2026-06-03T19:45:38.484Z,UPI,orders_S004_20260603.json,ST003,S004,S004_O00001,FUTURE_TIMESTAMP,2026-06-03T17:42:56.835Z,,,,,,,,,,,,
20260603,C0232,2026-06-03T17:39:02.237833,O00003,Completed,2026-06-03T18:44:49.484Z,UPI,orders_S004_20260603.json,ST012,S004,S004_O00003,FUTURE_TIMESTAMP,2026-06-03T17:42:56.835Z,,,,,,,,,,,,
20260603,C0397,2026-06-03T17:39:02.237833,O00005,Completed,2026-06-03T19:44:11.484Z,Cash,orders_S004_20260603.json,ST010,S004,S004_O00005,FUTURE_TIMESTAMP,2026-06-03T17:42:56.835Z,,,,,,,,,,,,
20260603,C0334,2026-06-03T17:39:02.237833,O00006,Completed,2026-06-03T19:45:35.484Z,Cash,orders_S004_20260603.json,ST003,S004,S004_O00006,FUTURE_TIMESTAMP,2026-06-03T17:42:56.835Z,,,,,,,,,,,,
20260603,C0002,2026-06-03T17:39:02.237833,O00007,Completed,2026-06-03T18:22:35.484Z,UPI,orders_S004_20260603.json,ST011,S004,S004_O00007,FUTURE_TIMESTAMP,2026-06-03T17:42:56.835Z,,,,,,,,,,,,
20260603,C0418,2026-06-03T17:39:02.237833,O00008,Completed,2026-06-03T20:35:11.484Z,UPI,orders_S004_20260603.json,ST006,S004,S004_O00008,FUTURE_TIMESTAMP,2026-06-03T17:42:56.835Z,,,,,,,,,,,,
20260603,C0001,2026-06-03T17:39:02.237833,O00009,Completed,2026-06-03T19:44:15.484Z,UPI,orders_S004_20260603.json,ST012,S004,S004_O00009,FUTURE_TIMESTAMP,2026-06-03T17:42:56.835Z,,,,,,,,,,,,
20260603,C0071,2026-06-03T17:39:02.237833,O00010,Completed,2026-06-03T17:58:42.484Z,UPI,orders_S004_20260603.json,ST013,S004,S004_O00010,FUTURE_TIMESTAMP,2026-06-03T17:42:56.835Z,,,,,,,,,,,,
20260603,,2026-06-03T17:39:02.237833,O00011,Completed,2026-06-03T16:48:05.484Z,UPI,orders_S004_20260603.json,ST014,S004,S004_O00011,MISSING_CUSTOMER_ID,2026-06-03T17:42:56.835Z,,,,,,,,,,,,
20260603,C0191,2026-06-03T17:39:02.237833,O00013,Completed,2026-06-03T19:45:59.484Z,Cash,orders_S004_20260603.json,ST004,S004,S004_O00013,FUTURE_TIMESTAMP,2026-06-03T17:42:56.835Z,,,,,,,,,,,,
20260603,C0192,2026-06-03T17:39:02.237833,O00015,Completed,2026-06-03T19:11:18.484Z,UPI,orders_S004_20260603.json,ST003,S004,S004_O00015,FUTURE_TIMESTAMP,2026-06-03T17:42:56.835Z,,,,,,,,,,,,
20260603,C0044,2026-06-03T17:39:02.237833,O00017,Completed,2026-06-03T19:06:45.484Z,Cash,orders_S004_20260603.json,ST006,S004,S004_O00017,FUTURE_TIMESTAMP,2026-06-03T17:42:56.835Z,,,,,,,,,,,,
20260603,C0315,2026-06-03T17:39:02.237833,O00019,Completed,2026-06-03T19:15:33.484Z,UPI,orders_S004_20260603.json,ST006,S004,S004_O00019,FUTURE_TIMESTAMP,2026-06-03T17:42:56.835Z,,,,,,,,,,,,
20260603,C0053,2026-06-03T17:39:02.237833,O00021,Completed,2026-06-03T18:56:24.484Z,Card,orders_S004_20260603.json,ST005,S004,S004_O00021,FUTURE_TIMESTAMP,2026-06-03T17:42:56.835Z,,,,,,,,,,,,
20260603,C0072,2026-06-03T17:39:02.237833,O00022,Completed,2026-06-03T20:29:15.484Z,UPI,orders_S004_20260603.json,ST009,S004,S004_O00022,FUTURE_TIMESTAMP,2026-06-03T17:42:56.835Z,,,,,,,,,,,,
20260603,C0031,2026-06-03T17:39:02.237833,O00023,Completed,2026-06-03T13:32:02.484Z,Crypto,orders_S004_20260603.json,ST003,S004,S004_O00023,INVALID_PAYMENT_MODE: Crypto,2026-06-03T17:42:56.835Z,,,,,,,,,,,,
20260603,C0030,2026-06-03T17:39:02.237833,O00024,Completed,2026-06-03T19:19:06.484Z,UPI,orders_S004_20260603.json,ST012,S004,S004_O00024,FUTURE_TIMESTAMP,2026-06-03T17:42:56.835Z,,,,,,,,,,,,
20260603,C0061,2026-06-03T17:39:02.237833,O00025,Completed,2026-06-03T20:12:05.484Z,Cash,orders_S004_20260603.json,ST014,S004,S004_O00025,FUTURE_TIMESTAMP,2026-06-03T17:42:56.835Z,,,,,,,,,,,,
20260603,C0191,2026-06-03T17:39:02.237833,O00027,Completed,2026-06-03T20:49:56.484Z,Card,orders_S004_20260603.json,ST003,S004,S004_O00027,FUTURE_TIMESTAMP,2026-06-03T17:42:56.835Z,,,,,,,,,,,,
20260603,C0082,2026-06-03T17:39:02.237833,O00028,Completed,2026-06-03T19:54:13.484Z,Cash,orders_S004_20260603.json,ST006,S004,S004_O00028,FUTURE_TIMESTAMP,2026-06-03T17:42:56.835Z,,,,,,,,,,,,
20260603,C0036,2026-06-03T17:39:02.237833,O00031,Completed,2026-06-03T19:57:05.484Z,UPI,orders_S004_20260603.json,ST010,S004,S004_O00031,FUTURE_TIMESTAMP,2026-06-03T17:42:56.835Z,,,,,,,,,,,,
20260603,C0062,2026-06-03T17:39:02.237833,O00032,Completed,2026-06-03T21:18:45.484Z,Card,orders_S004_20260603.json,ST011,S004,S004_O00032,FUTURE_TIMESTAMP,2026-06-03T17:42:56.835Z,,,,,,,,,,,,
20260603,C0016,2026-06-03T17:39:02.237833,O00034,Completed,2026-06-03T18:41:02.484Z,Cash,orders_S004_20260603.json,ST009,S004,S004_O00034,FUTURE_TIMESTAMP,2026-06-03T17:42:56.835Z,,,,,,,,,,,,
20260603,C0289,2026-06-03T17:39:02.237833,O00039,Completed,2026-06-03T20:51:45.484Z,Cash,orders_S004_20260603.json,ST007,S004,S004_O00039,FUTURE_TIMESTAMP,2026-06-03T17:42:56.835Z,,,,,,,,,,,,
20260603,C0239,2026-06-03T17:39:02.237833,O00040,Completed,2026-06-03T18:50:42.484Z,UPI,orders_S004_20260603.json,ST014,S004,S004_O00040,FUTURE_TIMESTAMP,2026-06-03T17:42:56.835Z,,,,,,,,,,,,
20260603,C0011,2026-06-03T17:39:02.237833,O00041,Completed,2026-06-03T20:40:15.484Z,Cash,orders_S004_20260603.json,ST003,S004,S004_O00041,FUTURE_TIMESTAMP,2026-06-03T17:42:56.835Z,,,,,,,,,,,,
20260603,C0356,2026-06-03T17:39:02.237833,O00042,Completed,2026-06-03T19:03:27.484Z,UPI,orders_S004_20260603.json,ST009,S004,S004_O00042,FUTURE_TIMESTAMP,2026-06-03T17:42:56.835Z,,,,,,,,,,,,
20260603,C0027,2026-06-03T17:39:02.237833,O00044,Completed,2026-06-03T21:08:43.484Z,UPI,orders_S004_20260603.json,ST011,S004,S004_O00044,FUTURE_TIMESTAMP,2026-06-03T17:42:56.835Z,,,,,,,,,,,,
20260603,C0009,2026-06-03T17:39:02.237833,O00045,Completed,2026-06-03T19:58:29.484Z,UPI,orders_S004_20260603.json,ST014,S004,S004_O00045,FUTURE_TIMESTAMP,2026-06-03T17:42:56.835Z,,,,,,,,,,,,
20260603,C0046,2026-06-03T17:39:02.237833,O00046,Completed,2026-06-03T18:58:06.484Z,UPI,orders_S004_20260603.json,ST015,S004,S004_O00046,FUTURE_TIMESTAMP,2026-06-03T17:42:56.835Z,,,,,,,,,,,,
20260603,C0094,2026-06-03T17:39:02.237833,O00047,Completed,2026-06-03T20:53:03.484Z,Card,orders_S004_20260603.json,ST004,S004,S004_O00047,FUTURE_TIMESTAMP,2026-06-03T17:42:56.835Z,,,,,,,,,,,,
20260603,C0184,2026-06-03T17:39:02.237833,O00049,Completed,2026-06-03T20:12:27.484Z,Cash,orders_S004_20260603.json,ST014,S004,S004_O00049,FUTURE_TIMESTAMP,2026-06-03T17:42:56.835Z,,,,,,,,,,,,
20260603,C0055,2026-06-03T17:39:02.237833,O00050,Completed,2026-06-03T19:20:45.484Z,UPI,orders_S004_20260603.json,ST003,S004,S004_O00050,FUTURE_TIMESTAMP,2026-06-03T17:42:56.835Z,,,,,,,,,,,,
20260603,C0071,2026-06-03T17:39:02.237833,O00051,Completed,2026-06-03T21:45:53.484Z,UPI,orders_S004_20260603.json,ST011,S004,S004_O00051,FUTURE_TIMESTAMP,2026-06-03T17:42:56.835Z,,,,,,,,,,,,
20260603,C0152,2026-06-03T17:39:02.237833,O00052,Completed,2026-06-03T18:29:49.484Z,UPI,orders_S004_20260603.json,ST005,S004,S004_O00052,FUTURE_TIMESTAMP,2026-06-03T17:42:56.835Z,,,,,,,,,,,,
20260603,C0083,2026-06-03T17:39:02.237833,O00054,Completed,2026-06-03T20:26:51.484Z,UPI,orders_S004_20260603.json,ST003,S004,S004_O00054,FUTURE_TIMESTAMP,2026-06-03T17:42:56.835Z,,,,,,,,,,,,
20260603,C0251,2026-06-03T17:39:02.237833,O00055,Completed,2026-06-03T19:21:12.484Z,UPI,orders_S004_20260603.json,ST015,S004,S004_O00055,FUTURE_TIMESTAMP,2026-06-03T17:42:56.835Z,,,,,,,,,,,,
20260603,C0141,2026-06-03T17:39:02.237833,O00056,Completed,2026-06-03T21:45:51.484Z,UPI,orders_S004_20260603.json,ST008,S004,S004_O00056,FUTURE_TIMESTAMP,2026-06-03T17:42:56.835Z,,,,,,,,,,,,
20260603,C0118,2026-06-03T17:39:02.237833,O00058,Completed,2026-06-03T19:02:24.484Z,UPI,orders_S004_20260603.json,ST001,S004,S004_O00058,FUTURE_TIMESTAMP,2026-06-03T17:42:56.835Z,,,,,,,,,,,,
20260603,C0420,2026-06-03T17:39:02.237833,O00059,Completed,2026-06-03T20:08:37.484Z,Cash,orders_S004_20260603.json,ST002,S004,S004_O00059,FUTURE_TIMESTAMP,2026-06-03T17:42:56.835Z,,,,,,,,,,,,
20260603,C0020,2026-06-03T17:39:02.237833,O00060,Completed,2026-06-03T18:17:52.484Z,Card,orders_S004_20260603.json,ST007,S004,S004_O00060,FUTURE_TIMESTAMP,2026-06-03T17:42:56.835Z,,,,,,,,,,,,
20260603,C0047,2026-06-03T17:39:02.237833,O00061,Completed,2026-06-03T17:55:21.484Z,Cash,orders_S004_20260603.json,ST013,S004,S004_O00061,FUTURE_TIMESTAMP,2026-06-03T17:42:56.835Z,,,,,,,,,,,,
20260603,C0344,2026-06-03T17:39:02.237833,O00062,Completed,2026-06-03T20:17:36.484Z,Crypto,orders_S004_20260603.json,ST008,S004,S004_O00062,INVALID_PAYMENT_MODE: Crypto,2026-06-03T17:42:56.835Z,,,,,,,,,,,,
20260603,C0047,2026-06-03T17:39:02.237833,O00063,Completed,2026-06-03T20:12:08.484Z,UPI,orders_S004_20260603.json,ST005,S004,S004_O00063,FUTURE_TIMESTAMP,2026-06-03T17:42:56.835Z,,,,,,,,,,,,
20260603,C0264,2026-06-03T17:39:02.237833,O00064,Completed,2026-06-03T20:59:02.484Z,UPI,orders_S004_20260603.json,ST004,S004,S004_O00064,FUTURE_TIMESTAMP,2026-06-03T17:42:56.835Z,,,,,,,,,,,,
20260603,C0272,2026-06-03T17:39:02.237833,O00066,Completed,2026-06-03T20:49:02.484Z,Cash,orders_S004_20260603.json,ST014,S004,S004_O00066,FUTURE_TIMESTAMP,2026-06-03T17:42:56.835Z,,,,,,,,,,,,
20260603,C0335,2026-06-03T17:39:02.237833,O00067,Completed,2026-06-03T18:19:29.484Z,Cash,orders_S004_20260603.json,ST007,S004,S004_O00067,FUTURE_TIMESTAMP,2026-06-03T17:42:56.835Z,,,,,,,,,,,,
20260603,C0011,2026-06-03T17:39:02.237833,O00068,Completed,2026-06-03T20:58:39.484Z,Cash,orders_S004_20260603.json,ST007,S004,S004_O00068,FUTURE_TIMESTAMP,2026-06-03T17:42:56.835Z,,,,,,,,,,,,
20260603,C0274,2026-06-03T17:39:02.237833,O00069,Completed,2026-06-03T18:29:24.484Z,UPI,orders_S004_20260603.json,ST008,S004,S004_O00069,FUTURE_TIMESTAMP,2026-06-03T17:42:56.835Z,,,,,,,,,,,,
20260603,C0003,2026-06-03T17:39:02.237833,O00070,Completed,2026-06-03T19:12:27.484Z,UPI,orders_S004_20260603.json,ST010,S004,S004_O00070,FUTURE_TIMESTAMP,2026-06-03T17:42:56.835Z,,,,,,,,,,,,
20260603,C0012,2026-06-03T17:39:02.237833,O00071,Completed,2026-06-03T19:39:15.484Z,UPI,orders_S004_20260603.json,ST001,S004,S004_O00071,FUTURE_TIMESTAMP,2026-06-03T17:42:56.835Z,,,,,,,,,,,,
20260603,C0017,2026-06-03T17:39:02.237833,O00072,Completed,2026-06-03T21:22:46.484Z,UPI,orders_S004_20260603.json,ST011,S004,S004_O00072,FUTURE_TIMESTAMP,2026-06-03T17:42:56.835Z,,,,,,,,,,,,
20260603,C0250,2026-06-03T17:39:02.237833,O00074,Completed,2026-06-03T19:20:40.484Z,Cash,orders_S004_20260603.json,ST010,S004,S004_O00074,FUTURE_TIMESTAMP,2026-06-03T17:42:56.835Z,,,,,,,,,,,,
20260603,C0196,2026-06-03T17:39:02.237833,O00075,Completed,2026-06-03T17:54:19.484Z,UPI,orders_S004_20260603.json,ST015,S004,S004_O00075,FUTURE_TIMESTAMP,2026-06-03T17:42:56.835Z,,,,,,,,,,,,
20260603,C0166,2026-06-03T17:39:02.237833,O00076,Completed,2026-06-03T20:09:08.484Z,UPI,orders_S004_20260603.json,ST008,S004,S004_O00076,FUTURE_TIMESTAMP,2026-06-03T17:42:56.835Z,,,,,,,,,,,,
20260603,C0346,2026-06-03T17:39:02.237833,O00077,Completed,2026-06-03T19:47:36.484Z,Card,orders_S004_20260603.json,ST008,S004,S004_O00077,FUTURE_TIMESTAMP,2026-06-03T17:42:56.835Z,,,,,,,,,,,,
20260603,C0228,2026-06-03T17:39:02.237833,O00078,Completed,2026-06-03T20:53:49.484Z,Cash,orders_S004_20260603.json,ST014,S004,S004_O00078,FUTURE_TIMESTAMP,2026-06-03T17:42:56.835Z,,,,,,,,,,,,
20260603,C0412,2026-06-03T17:39:02.237833,O00079,Completed,2026-06-03T21:44:53.484Z,UPI,orders_S004_20260603.json,ST004,S004,S004_O00079,FUTURE_TIMESTAMP,2026-06-03T17:42:56.835Z,,,,,,,,,,,,
20260603,C0023,2026-06-03T17:39:02.237833,O00082,Completed,2026-06-03T20:02:24.484Z,Cash,orders_S004_20260603.json,ST004,S004,S004_O00082,FUTURE_TIMESTAMP,2026-06-03T17:42:56.835Z,,,,,,,,,,,,
20260603,C0390,2026-06-03T17:39:02.237833,O00083,Completed,2026-06-03T20:50:15.484Z,UPI,orders_S004_20260603.json,ST005,S004,S004_O00083,FUTURE_TIMESTAMP,2026-06-03T17:42:56.835Z,,,,,,,,,,,,
20260603,C0057,2026-06-03T17:39:02.237833,O00086,Completed,2026-06-03T18:37:57.484Z,Card,orders_S004_20260603.json,ST012,S004,S004_O00086,FUTURE_TIMESTAMP,2026-06-03T17:42:56.835Z,,,,,,,,,,,,
20260603,C0345,2026-06-03T17:39:02.237833,O00087,Completed,2026-06-03T17:59:58.484Z,UPI,orders_S004_20260603.json,ST008,S004,S004_O00087,FUTURE_TIMESTAMP,2026-06-03T17:42:56.835Z,,,,,,,,,,,,
20260603,C0347,2026-06-03T17:39:02.237833,O00089,Completed,2026-06-03T17:43:40.484Z,Card,orders_S004_20260603.json,ST015,S004,S004_O00089,FUTURE_TIMESTAMP,2026-06-03T17:42:56.835Z,,,,,,,,,,,,
20260603,C0334,2026-06-03T17:39:02.237833,O00090,Completed,2026-06-03T19:22:36.484Z,UPI,orders_S004_20260603.json,ST009,S004,S004_O00090,FUTURE_TIMESTAMP,2026-06-03T17:42:56.835Z,,,,,,,,,,,,
20260603,C0025,2026-06-03T17:39:02.237833,O00092,Completed,2026-06-03T20:11:48.484Z,UPI,orders_S004_20260603.json,ST003,S004,S004_O00092,FUTURE_TIMESTAMP,2026-06-03T17:42:56.835Z,,,,,,,,,,,,
20260603,C0315,2026-06-03T17:39:02.237833,O00093,Completed,2026-06-03T21:58:00.484Z,Card,orders_S004_20260603.json,ST013,S004,S004_O00093,FUTURE_TIMESTAMP,2026-06-03T17:42:56.835Z,,,,,,,,,,,,
20260603,C0278,2026-06-03T17:39:02.237833,O00095,Completed,2026-06-03T19:42:56.484Z,Cash,orders_S004_20260603.json,ST006,S004,S004_O00095,FUTURE_TIMESTAMP,2026-06-03T17:42:56.835Z,,,,,,,,,,,,
20260603,C0045,2026-06-03T17:39:02.237833,O00097,Completed,2026-06-03T19:04:11.484Z,Cash,orders_S004_20260603.json,ST007,S004,S004_O00097,FUTURE_TIMESTAMP,2026-06-03T17:42:56.835Z,,,,,,,,,,,,
20260603,C0254,2026-06-03T17:39:02.237833,O00098,Completed,2026-06-03T17:46:00.484Z,Card,orders_S004_20260603.json,ST007,S004,S004_O00098,FUTURE_TIMESTAMP,2026-06-03T17:42:56.835Z,,,,,,,,,,,,
20260603,C0069,2026-06-03T17:39:02.237833,O00099,Completed,2026-06-03T19:18:12.484Z,UPI,orders_S004_20260603.json,ST003,S004,S004_O00099,FUTURE_TIMESTAMP,2026-06-03T17:42:56.835Z,,,,,,,,,,,,
20260603,C0303,2026-06-03T17:39:02.237833,O00101,Completed,2026-06-03T21:40:55.484Z,Card,orders_S004_20260603.json,ST001,S004,S004_O00101,FUTURE_TIMESTAMP,2026-06-03T17:42:56.835Z,,,,,,,,,,,,
20260603,C0053,2026-06-03T17:39:02.237833,O00103,Completed,2026-06-03T19:16:38.484Z,Card,orders_S004_20260603.json,ST011,S004,S004_O00103,FUTURE_TIMESTAMP,2026-06-03T17:42:56.835Z,,,,,,,,,,,,
20260603,C0262,2026-06-03T17:39:02.237833,O00104,Completed,2026-06-03T20:09:05.484Z,Cash,orders_S004_20260603.json,ST006,S004,S004_O00104,FUTURE_TIMESTAMP,2026-06-03T17:42:56.835Z,,,,,,,,,,,,
20260603,C0271,2026-06-03T17:39:02.237833,O00105,Completed,2026-06-03T18:09:40.484Z,Cash,orders_S004_20260603.json,ST003,S004,S004_O00105,FUTURE_TIMESTAMP,2026-06-03T17:42:56.835Z,,,,,,,,,,,,
20260603,C0380,2026-06-03T17:39:02.237833,O00106,Completed,2026-06-03T19:57:54.484Z,Card,orders_S004_20260603.json,ST013,S004,S004_O00106,FUTURE_TIMESTAMP,2026-06-03T17:42:56.835Z,,,,,,,,,,,,
20260603,C0015,2026-06-03T17:39:02.237833,O00107,Completed,2026-06-03T19:20:28.484Z,UPI,orders_S004_20260603.json,ST008,S004,S004_O00107,FUTURE_TIMESTAMP,2026-06-03T17:42:56.835Z,,,,,,,,,,,,
20260603,C0101,2026-06-03T17:39:02.237833,O00108,Completed,2026-06-03T17:47:15.484Z,UPI,orders_S004_20260603.json,ST008,S004,S004_O00108,FUTURE_TIMESTAMP,2026-06-03T17:42:56.835Z,,,,,,,,,,,,
20260603,C0380,2026-06-03T17:39:02.237833,O00109,Completed,2026-06-03T21:09:24.484Z,UPI,orders_S004_20260603.json,ST003,S004,S004_O00109,FUTURE_TIMESTAMP,2026-06-03T17:42:56.835Z,,,,,,,,,,,,
20260603,C0058,2026-06-03T17:39:02.237833,O00112,Completed,2026-06-03T21:02:44.484Z,Cash,orders_S004_20260603.json,ST012,S004,S004_O00112,FUTURE_TIMESTAMP,2026-06-03T17:42:56.835Z,,,,,,,,,,,,
20260603,C0395,2026-06-03T17:39:02.237833,O00113,Completed,2026-06-03T18:34:15.484Z,UPI,orders_S004_20260603.json,ST011,S004,S004_O00113,FUTURE_TIMESTAMP,2026-06-03T17:42:56.835Z,,,,,,,,,,,,
20260603,C0092,2026-06-03T17:39:02.237833,O00114,Completed,2026-06-03T20:41:02.484Z,UPI,orders_S004_20260603.json,ST001,S004,S004_O00114,FUTURE_TIMESTAMP,2026-06-03T17:42:56.835Z,,,,,,,,,,,,
20260603,C0339,2026-06-03T17:39:02.237833,O00116,Completed,2026-06-03T19:08:48.484Z,UPI,orders_S004_20260603.json,ST008,S004,S004_O00116,FUTURE_TIMESTAMP,2026-06-03T17:42:56.835Z,,,,,,,,,,,,
20260603,C0350,2026-06-03T17:39:02.237833,O00117,Completed,2026-06-03T21:02:33.484Z,Card,orders_S004_20260603.json,ST014,S004,S004_O00117,FUTURE_TIMESTAMP,2026-06-03T17:42:56.835Z,,,,,,,,,,,,
20260603,C0076,2026-06-03T17:39:02.237833,O00120,Completed,2026-06-03T18:02:35.484Z,UPI,orders_S004_20260603.json,ST006,S004,S004_O00120,FUTURE_TIMESTAMP,2026-06-03T17:42:56.835Z,,,,,,,,,,,,
20260603,C0119,2026-06-03T17:39:02.237833,O00122,Completed,2026-06-03T18:05:22.484Z,Cash,orders_S004_20260603.json,ST012,S004,S004_O00122,FUTURE_TIMESTAMP,2026-06-03T17:42:56.835Z,,,,,,,,,,,,
20260603,C0174,2026-06-03T17:39:02.237833,O00123,Completed,2026-06-03T19:16:14.484Z,UPI,orders_S004_20260603.json,ST010,S004,S004_O00123,FUTURE_TIMESTAMP,2026-06-03T17:42:56.835Z,,,,,,,,,,,,
20260603,C0133,2026-06-03T17:39:02.237833,O00124,Completed,2026-06-03T19:14:12.484Z,Crypto,orders_S004_20260603.json,ST005,S004,S004_O00124,INVALID_PAYMENT_MODE: Crypto,2026-06-03T17:42:56.835Z,,,,,,,,,,,,
20260603,C0385,2026-06-03T17:39:02.237833,O00125,Completed,2027-06-03T19:52:21.484Z,Cash,orders_S004_20260603.json,ST005,S004,S004_O00125,FUTURE_TIMESTAMP,2026-06-03T17:42:56.835Z,,,,,,,,,,,,
20260603,C0351,2026-06-03T17:39:02.237833,O00127,Completed,2026-06-03T20:29:49.484Z,Cash,orders_S004_20260603.json,ST012,S004,S004_O00127,FUTURE_TIMESTAMP,2026-06-03T17:42:56.835Z,,,,,,,,,,,,
20260603,C0274,2026-06-03T17:39:02.237833,O00129,Completed,2026-06-03T20:43:21.484Z,Cash,orders_S004_20260603.json,ST002,S004,S004_O00129,FUTURE_TIMESTAMP,2026-06-03T17:42:56.835Z,,,,,,,,,,,,
20260603,C0121,2026-06-03T17:39:02.237833,O00130,Completed,2026-06-03T19:45:19.484Z,UPI,orders_S004_20260603.json,ST011,S004,S004_O00130,FUTURE_TIMESTAMP,2026-06-03T17:42:56.835Z,,,,,,,,,,,,
20260603,C0048,2026-06-03T17:39:02.237833,O00132,Completed,2026-06-03T18:56:49.484Z,Card,orders_S004_20260603.json,ST015,S004,S004_O00132,FUTURE_TIMESTAMP,2026-06-03T17:42:56.835Z,,,,,,,,,,,,
20260603,C0317,2026-06-03T17:39:02.237833,O00133,Completed,2026-06-03T19:08:02.484Z,Card,orders_S004_20260603.json,ST005,S004,S004_O00133,FUTURE_TIMESTAMP,2026-06-03T17:42:56.835Z,,,,,,,,,,,,
20260603,C0044,2026-06-03T17:39:02.237833,O00134,Completed,2026-06-03T20:34:54.484Z,Cash,orders_S004_20260603.json,ST015,S004,S004_O00134,FUTURE_TIMESTAMP,2026-06-03T17:42:56.835Z,,,,,,,,,,,,
20260603,C0056,2026-06-03T17:39:02.237833,O00135,Completed,2026-06-03T18:36:57.484Z,Card,orders_S004_20260603.json,ST004,S004,S004_O00135,FUTURE_TIMESTAMP,2026-06-03T17:42:56.835Z,,,,,,,,,,,,
20260603,C0343,2026-06-03T17:39:02.237833,O00136,Completed,2026-06-03T18:34:16.484Z,Cash,orders_S004_20260603.json,ST009,S004,S004_O00136,FUTURE_TIMESTAMP,2026-06-03T17:42:56.835Z,,,,,,,,,,,,
20260603,C0181,2026-06-03T17:39:02.237833,O00137,Completed,2026-06-03T19:04:22.484Z,Cash,orders_S004_20260603.json,ST006,S004,S004_O00137,FUTURE_TIMESTAMP,2026-06-03T17:42:56.835Z,,,,,,,,,,,,
20260603,C0029,2026-06-03T17:39:02.237833,O00138,Completed,2026-06-03T21:01:32.484Z,Cash,orders_S004_20260603.json,ST009,S004,S004_O00138,FUTURE_TIMESTAMP,2026-06-03T17:42:56.835Z,,,,,,,,,,,,
20260603,C0349,2026-06-03T17:39:02.237833,O00141,Completed,2026-06-03T20:00:23.484Z,UPI,orders_S004_20260603.json,ST015,S004,S004_O00141,FUTURE_TIMESTAMP,2026-06-03T17:42:56.835Z,,,,,,,,,,,,
20260603,C0394,2026-06-03T17:39:02.237833,O00142,Completed,2026-06-03T20:38:40.484Z,Card,orders_S004_20260603.json,ST006,S004,S004_O00142,FUTURE_TIMESTAMP,2026-06-03T17:42:56.835Z,,,,,,,,,,,,
20260603,C0282,2026-06-03T17:39:02.237833,O00143,Completed,2026-06-03T19:16:07.484Z,Cash,orders_S004_20260603.json,ST006,S004,S004_O00143,FUTURE_TIMESTAMP,2026-06-03T17:42:56.835Z,,,,,,,,,,,,
20260603,C0120,2026-06-03T17:39:02.237833,O00144,Completed,2026-06-03T19:25:35.484Z,UPI,orders_S004_20260603.json,ST013,S004,S004_O00144,FUTURE_TIMESTAMP,2026-06-03T17:42:56.835Z,,,,,,,,,,,,
20260603,C0355,2026-06-03T17:39:02.237833,O00146,Completed,2026-06-03T20:03:04.484Z,UPI,orders_S004_20260603.json,ST011,S004,S004_O00146,FUTURE_TIMESTAMP,2026-06-03T17:42:56.835Z,,,,,,,,,,,,
20260603,C0037,2026-06-03T17:39:02.237833,O00148,Completed,2026-06-03T19:57:59.484Z,UPI,orders_S004_20260603.json,ST012,S004,S004_O00148,FUTURE_TIMESTAMP,2026-06-03T17:42:56.835Z,,,,,,,,,,,,
20260603,C0085,2026-06-03T17:39:02.237833,O00149,Completed,2026-06-03T18:41:51.484Z,Cash,orders_S004_20260603.json,ST004,S004,S004_O00149,FUTURE_TIMESTAMP,2026-06-03T17:42:56.835Z,,,,,,,,,,,,
20260603,C0175,2026-06-03T17:39:02.237833,O00153,Completed,2026-06-03T20:02:25.484Z,UPI,orders_S004_20260603.json,ST010,S004,S004_O00153,FUTURE_TIMESTAMP,2026-06-03T17:42:56.835Z,,,,,,,,,,,,
20260603,C0056,2026-06-03T17:39:02.237833,O00154,Completed,2026-06-03T18:40:30.484Z,UPI,orders_S004_20260603.json,ST014,S004,S004_O00154,FUTURE_TIMESTAMP,2026-06-03T17:42:56.835Z,,,,,,,,,,,,
20260603,C0319,2026-06-03T17:39:02.237833,O00155,Completed,2026-06-03T19:46:41.484Z,UPI,orders_S004_20260603.json,ST003,S004,S004_O00155,FUTURE_TIMESTAMP,2026-06-03T17:42:56.835Z,,,,,,,,,,,,
20260603,C0253,2026-06-03T17:39:02.237833,O00156,Completed,2026-06-03T19:32:51.484Z,Cash,orders_S004_20260603.json,ST005,S004,S004_O00156,FUTURE_TIMESTAMP,2026-06-03T17:42:56.835Z,,,,,,,,,,,,
20260603,C0056,2026-06-03T17:39:02.237833,O00157,Completed,2026-06-03T21:09:05.484Z,Cash,orders_S004_20260603.json,ST004,S004,S004_O00157,FUTURE_TIMESTAMP,2026-06-03T17:42:56.835Z,,,,,,,,,,,,
20260603,C0016,2026-06-03T17:39:02.237833,O00159,Completed,2026-06-03T19:01:49.484Z,UPI,orders_S004_20260603.json,ST014,S004,S004_O00159,FUTURE_TIMESTAMP,2026-06-03T17:42:56.835Z,,,,,,,,,,,,
20260603,C0064,2026-06-03T17:39:02.237833,O00161,Completed,2026-06-03T18:08:55.484Z,UPI,orders_S004_20260603.json,ST007,S004,S004_O00161,FUTURE_TIMESTAMP,2026-06-03T17:42:56.835Z,,,,,,,,,,,,
20260603,C0207,2026-06-03T17:39:02.237833,O00162,Completed,2026-06-03T20:53:19.484Z,UPI,orders_S004_20260603.json,ST004,S004,S004_O00162,FUTURE_TIMESTAMP,2026-06-03T17:42:56.835Z,,,,,,,,,,,,
20260603,C0202,2026-06-03T17:39:02.237833,O00165,Completed,2026-06-03T21:00:24.484Z,Cash,orders_S004_20260603.json,ST013,S004,S004_O00165,FUTURE_TIMESTAMP,2026-06-03T17:42:56.835Z,,,,,,,,,,,,
20260603,C0189,2026-06-03T17:39:02.237833,O00166,Completed,2026-06-03T18:43:09.484Z,Cash,orders_S004_20260603.json,ST005,S004,S004_O00166,FUTURE_TIMESTAMP,2026-06-03T17:42:56.835Z,,,,,,,,,,,,
20260603,C0226,2026-06-03T17:39:02.237833,O00168,Completed,2026-06-03T18:30:02.484Z,UPI,orders_S004_20260603.json,ST012,S004,S004_O00168,FUTURE_TIMESTAMP,2026-06-03T17:42:56.835Z,,,,,,,,,,,,
20260603,C0404,2026-06-03T17:39:02.237833,O00169,Completed,2026-06-03T19:38:51.484Z,Cash,orders_S004_20260603.json,ST001,S004,S004_O00169,FUTURE_TIMESTAMP,2026-06-03T17:42:56.835Z,,,,,,,,,,,,
20260603,C0050,2026-06-03T17:39:02.237833,O00170,Completed,2026-06-03T19:58:03.484Z,UPI,orders_S004_20260603.json,ST004,S004,S004_O00170,FUTURE_TIMESTAMP,2026-06-03T17:42:56.835Z,,,,,,,,,,,,
20260603,,2026-06-03T17:39:02.237833,O00171,Completed,2026-06-03T17:02:55.484Z,Card,orders_S004_20260603.json,ST007,S004,S004_O00171,MISSING_CUSTOMER_ID,2026-06-03T17:42:56.835Z,,,,,,,,,,,,
20260603,C0152,2026-06-03T17:39:02.237833,O00175,Completed,2026-06-03T18:02:38.484Z,UPI,orders_S004_20260603.json,ST004,S004,S004_O00175,FUTURE_TIMESTAMP,2026-06-03T17:42:56.835Z,,,,,,,,,,,,
20260603,C0243,2026-06-03T17:39:02.237833,O00178,Completed,2026-06-03T18:05:20.484Z,Cash,orders_S004_20260603.json,ST008,S004,S004_O00178,FUTURE_TIMESTAMP,2026-06-03T17:42:56.835Z,,,,,,,,,,,,
20260603,C0244,2026-06-03T17:39:02.237833,O00181,Completed,2026-06-03T19:14:14.484Z,UPI,orders_S004_20260603.json,ST012,S004,S004_O00181,FUTURE_TIMESTAMP,2026-06-03T17:42:56.835Z,,,,,,,,,,,,
20260603,C0359,2026-06-03T17:39:02.237833,O00182,Completed,2026-06-03T21:46:55.484Z,Cash,orders_S004_20260603.json,ST009,S004,S004_O00182,FUTURE_TIMESTAMP,2026-06-03T17:42:56.835Z,,,,,,,,,,,,
20260603,C0201,2026-06-03T17:39:02.237833,O00183,Completed,2026-06-03T18:27:13.484Z,UPI,orders_S004_20260603.json,ST006,S004,S004_O00183,FUTURE_TIMESTAMP,2026-06-03T17:42:56.835Z,,,,,,,,,,,,
20260603,C0060,2026-06-03T17:39:02.237833,O00185,Completed,2026-06-03T20:48:45.484Z,UPI,orders_S004_20260603.json,ST003,S004,S004_O00185,FUTURE_TIMESTAMP,2026-06-03T17:42:56.835Z,,,,,,,,,,,,
20260603,C0110,2026-06-03T17:39:02.237833,O00187,Completed,2026-06-03T20:53:54.484Z,Card,orders_S004_20260603.json,ST011,S004,S004_O00187,FUTURE_TIMESTAMP,2026-06-03T17:42:56.835Z,,,,,,,,,,,,
20260603,C0195,2026-06-03T17:39:02.237833,O00188,Completed,2026-06-03T20:50:28.484Z,UPI,orders_S004_20260603.json,ST003,S004,S004_O00188,FUTURE_TIMESTAMP,2026-06-03T17:42:56.835Z,,,,,,,,,,,,
20260603,C0183,2026-06-03T17:39:02.237833,O00189,Completed,2026-06-03T20:30:55.484Z,UPI,orders_S004_20260603.json,ST009,S004,S004_O00189,FUTURE_TIMESTAMP,2026-06-03T17:42:56.835Z,,,,,,,,,,,,
20260603,C0196,2026-06-03T17:39:02.237833,O00190,Completed,2026-06-03T19:42:22.484Z,UPI,orders_S004_20260603.json,ST011,S004,S004_O00190,FUTURE_TIMESTAMP,2026-06-03T17:42:56.835Z,,,,,,,,,,,,
20260603,C0007,2026-06-03T17:39:02.237833,O00192,Completed,2026-06-03T19:44:46.484Z,Cash,orders_S004_20260603.json,ST001,S004,S004_O00192,FUTURE_TIMESTAMP,2026-06-03T17:42:56.835Z,,,,,,,,,,,,
20260603,C0105,2026-06-03T17:39:02.237833,O00193,Completed,2026-06-03T18:36:58.484Z,Card,orders_S004_20260603.json,ST003,S004,S004_O00193,FUTURE_TIMESTAMP,2026-06-03T17:42:56.835Z,,,,,,,,,,,,
20260603,C0108,2026-06-03T17:39:02.237833,O00194,Completed,2026-06-03T18:04:13.484Z,Cash,orders_S004_20260603.json,ST007,S004,S004_O00194,FUTURE_TIMESTAMP,2026-06-03T17:42:56.835Z,,,,,,,,,,,,
20260603,C0263,2026-06-03T17:39:02.237833,O00199,Completed,2026-06-03T19:39:54.484Z,UPI,orders_S004_20260603.json,ST004,S004,S004_O00199,FUTURE_TIMESTAMP,2026-06-03T17:42:56.835Z,,,,,,,,,,,,
20260603,C0264,2026-06-03T17:39:02.237833,O00201,Completed,2026-06-03T21:50:44.484Z,UPI,orders_S004_20260603.json,ST014,S004,S004_O00201,FUTURE_TIMESTAMP,2026-06-03T17:42:56.835Z,,,,,,,,,,,,
20260603,C0018,2026-06-03T17:39:02.237833,O00202,Completed,2027-06-03T13:28:34.484Z,UPI,orders_S004_20260603.json,ST005,S004,S004_O00202,FUTURE_TIMESTAMP,2026-06-03T17:42:56.835Z,,,,,,,,,,,,
20260603,C0353,2026-06-03T17:39:02.237833,O00204,Completed,2026-06-03T19:31:19.484Z,UPI,orders_S004_20260603.json,ST006,S004,S004_O00204,FUTURE_TIMESTAMP,2026-06-03T17:42:56.835Z,,,,,,,,,,,,
20260603,C0232,2026-06-03T17:39:02.237833,O00205,Completed,2026-06-03T19:51:31.484Z,Cash,orders_S004_20260603.json,ST007,S004,S004_O00205,FUTURE_TIMESTAMP,2026-06-03T17:42:56.835Z,,,,,,,,,,,,
20260603,C0265,2026-06-03T17:39:02.237833,O00207,Completed,2026-06-03T18:26:20.484Z,Cash,orders_S004_20260603.json,ST006,S004,S004_O00207,FUTURE_TIMESTAMP,2026-06-03T17:42:56.835Z,,,,,,,,,,,,
20260603,C0110,2026-06-03T17:39:02.237833,O00210,Completed,2026-06-03T19:08:42.484Z,UPI,orders_S004_20260603.json,ST001,S004,S004_O00210,FUTURE_TIMESTAMP,2026-06-03T17:42:56.835Z,,,,,,,,,,,,
20260603,C0203,2026-06-03T17:39:02.237833,O00212,Completed,2026-06-03T20:23:56.484Z,UPI,orders_S004_20260603.json,ST002,S004,S004_O00212,FUTURE_TIMESTAMP,2026-06-03T17:42:56.835Z,,,,,,,,,,,,
20260603,C0026,2026-06-03T17:39:02.237833,O00213,Completed,2026-06-03T19:39:14.484Z,Card,orders_S004_20260603.json,ST015,S004,S004_O00213,FUTURE_TIMESTAMP,2026-06-03T17:42:56.835Z,,,,,,,,,,,,
20260603,C0368,2026-06-03T17:39:02.237833,O00214,Completed,2026-06-03T18:36:57.484Z,Cash,orders_S004_20260603.json,ST008,S004,S004_O00214,FUTURE_TIMESTAMP,2026-06-03T17:42:56.835Z,,,,,,,,,,,,
20260603,C0101,2026-06-03T17:39:02.237833,O00216,Completed,2026-06-03T20:18:00.484Z,UPI,orders_S004_20260603.json,ST008,S004,S004_O00216,FUTURE_TIMESTAMP,2026-06-03T17:42:56.835Z,,,,,,,,,,,,
20260603,C0024,2026-06-03T17:39:02.237833,O00218,Completed,2026-06-03T20:05:12.484Z,Card,orders_S004_20260603.json,ST006,S004,S004_O00218,FUTURE_TIMESTAMP,2026-06-03T17:42:56.835Z,,,,,,,,,,,,
20260603,C0187,2026-06-03T17:39:02.237833,O00219,Completed,2026-06-03T20:41:17.484Z,Card,orders_S004_20260603.json,ST012,S004,S004_O00219,FUTURE_TIMESTAMP,2026-06-03T17:42:56.835Z,,,,,,,,,,,,
20260603,C0407,2026-06-03T17:39:02.237833,O00220,Completed,2026-06-03T18:12:53.484Z,UPI,orders_S004_20260603.json,ST002,S004,S004_O00220,FUTURE_TIMESTAMP,2026-06-03T17:42:56.835Z,,,,,,,,,,,,
20260603,C0002,2026-06-03T17:39:02.237833,O00221,Completed,2026-06-03T19:06:14.484Z,UPI,orders_S004_20260603.json,ST005,S004,S004_O00221,FUTURE_TIMESTAMP,2026-06-03T17:42:56.835Z,,,,,,,,,,,,
20260603,C0081,2026-06-03T17:39:02.237833,O00222,Completed,2026-06-03T18:05:04.484Z,Cash,orders_S004_20260603.json,ST015,S004,S004_O00222,FUTURE_TIMESTAMP,2026-06-03T17:42:56.835Z,,,,,,,,,,,,
20260603,C0102,2026-06-03T17:39:02.237833,O00225,Completed,2026-06-03T18:43:58.484Z,Card,orders_S004_20260603.json,ST013,S004,S004_O00225,FUTURE_TIMESTAMP,2026-06-03T17:42:56.835Z,,,,,,,,,,,,
20260603,C0034,2026-06-03T17:39:02.237833,O00226,Completed,2026-06-03T20:51:42.484Z,Cash,orders_S004_20260603.json,ST008,S004,S004_O00226,FUTURE_TIMESTAMP,2026-06-03T17:42:56.835Z,,,,,,,,,,,,
20260603,C0169,2026-06-03T17:39:02.237833,O00227,Completed,2026-06-03T18:07:03.484Z,UPI,orders_S004_20260603.json,ST003,S004,S004_O00227,FUTURE_TIMESTAMP,2026-06-03T17:42:56.835Z,,,,,,,,,,,,
20260603,C0035,2026-06-03T17:39:02.237833,O00228,Completed,2026-06-03T18:44:31.484Z,UPI,orders_S004_20260603.json,ST013,S004,S004_O00228,FUTURE_TIMESTAMP,2026-06-03T17:42:56.835Z,,,,,,,,,,,,
20260603,C0361,2026-06-03T17:39:02.237833,O00229,Completed,2026-06-03T19:06:36.484Z,Crypto,orders_S004_20260603.json,ST004,S004,S004_O00229,INVALID_PAYMENT_MODE: Crypto,2026-06-03T17:42:56.835Z,,,,,,,,,,,,
20260603,C0008,2026-06-03T17:39:02.237833,O00231,Completed,2026-06-03T18:27:40.484Z,UPI,orders_S004_20260603.json,ST002,S004,S004_O00231,FUTURE_TIMESTAMP,2026-06-03T17:42:56.835Z,,,,,,,,,,,,
20260603,C0005,2026-06-03T17:39:02.237833,O00233,Completed,2026-06-03T18:00:13.484Z,UPI,orders_S004_20260603.json,ST013,S004,S004_O00233,FUTURE_TIMESTAMP,2026-06-03T17:42:56.835Z,,,,,,,,,,,,
20260603,C0388,2026-06-03T17:39:02.237833,O00234,Completed,2026-06-03T20:16:35.484Z,Cash,orders_S004_20260603.json,ST002,S004,S004_O00234,FUTURE_TIMESTAMP,2026-06-03T17:42:56.835Z,,,,,,,,,,,,
20260603,C0021,2026-06-03T17:39:02.237833,O00236,Completed,2026-06-03T21:57:04.484Z,UPI,orders_S004_20260603.json,ST004,S004,S004_O00236,FUTURE_TIMESTAMP,2026-06-03T17:42:56.835Z,,,,,,,,,,,,
20260603,C0174,2026-06-03T17:39:02.237833,O00237,Completed,2026-06-03T18:56:02.484Z,UPI,orders_S004_20260603.json,ST010,S004,S004_O00237,FUTURE_TIMESTAMP,2026-06-03T17:42:56.835Z,,,,,,,,,,,,
20260603,C0292,2026-06-03T17:39:02.237833,O00238,Completed,2026-06-03T18:30:51.484Z,Cash,orders_S004_20260603.json,ST003,S004,S004_O00238,FUTURE_TIMESTAMP,2026-06-03T17:42:56.835Z,,,,,,,,,,,,
20260603,C0009,2026-06-03T17:39:02.237833,O00239,Completed,2026-06-03T19:01:59.484Z,UPI,orders_S004_20260603.json,ST014,S004,S004_O00239,FUTURE_TIMESTAMP,2026-06-03T17:42:56.835Z,,,,,,,,,,,,
20260603,C0057,2026-06-03T17:39:02.237833,O00241,Completed,2026-06-03T19:57:26.484Z,UPI,orders_S004_20260603.json,ST001,S004,S004_O00241,FUTURE_TIMESTAMP,2026-06-03T17:42:56.835Z,,,,,,,,,,,,
20260603,C0286,2026-06-03T17:39:02.237833,O00242,Completed,2026-06-03T19:56:11.484Z,Card,orders_S004_20260603.json,ST009,S004,S004_O00242,FUTURE_TIMESTAMP,2026-06-03T17:42:56.835Z,,,,,,,,,,,,
20260603,C0043,2026-06-03T17:39:02.237833,O00245,Completed,2026-06-03T18:08:56.484Z,Cash,orders_S004_20260603.json,ST002,S004,S004_O00245,FUTURE_TIMESTAMP,2026-06-03T17:42:56.835Z,,,,,,,,,,,,
20260603,C0245,2026-06-03T17:39:02.237833,O00246,Completed,2026-06-03T20:58:42.484Z,UPI,orders_S004_20260603.json,ST006,S004,S004_O00246,FUTURE_TIMESTAMP,2026-06-03T17:42:56.835Z,,,,,,,,,,,,
20260603,C0062,2026-06-03T17:39:02.237833,O00247,Completed,2026-06-03T19:24:47.484Z,UPI,orders_S004_20260603.json,ST013,S004,S004_O00247,FUTURE_TIMESTAMP,2026-06-03T17:42:56.835Z,,,,,,,,,,,,
20260603,C0089,2026-06-03T17:39:02.237833,O00248,Completed,2026-06-03T20:30:41.484Z,Cash,orders_S004_20260603.json,ST007,S004,S004_O00248,FUTURE_TIMESTAMP,2026-06-03T17:42:56.835Z,,,,,,,,,,,,
20260603,C0347,2026-06-03T17:39:02.237833,O00250,Completed,2026-06-03T20:27:26.484Z,Cash,orders_S004_20260603.json,ST007,S004,S004_O00250,FUTURE_TIMESTAMP,2026-06-03T17:42:56.835Z,,,,,,,,,,,,
20260603,C0058,2026-06-03T17:39:02.237833,O00251,Completed,2026-06-03T20:57:58.484Z,UPI,orders_S004_20260603.json,ST004,S004,S004_O00251,FUTURE_TIMESTAMP,2026-06-03T17:42:56.835Z,,,,,,,,,,,,
20260603,C0134,2026-06-03T17:39:02.237833,O00253,Completed,2026-06-03T21:02:39.484Z,UPI,orders_S004_20260603.json,ST002,S004,S004_O00253,FUTURE_TIMESTAMP,2026-06-03T17:42:56.835Z,,,,,,,,,,,,
20260603,C0002,2026-06-03T17:39:02.237833,O00254,Completed,2026-06-03T20:32:57.484Z,Card,orders_S004_20260603.json,ST014,S004,S004_O00254,FUTURE_TIMESTAMP,2026-06-03T17:42:56.835Z,,,,,,,,,,,,
20260603,C0013,2026-06-03T17:39:02.237833,O00256,Completed,2026-06-03T21:21:01.484Z,Cash,orders_S004_20260603.json,ST002,S004,S004_O00256,FUTURE_TIMESTAMP,2026-06-03T17:42:56.835Z,,,,,,,,,,,,
20260603,C0116,2026-06-03T17:39:02.237833,O00258,Completed,2026-06-03T18:35:17.484Z,Cash,orders_S004_20260603.json,ST004,S004,S004_O00258,FUTURE_TIMESTAMP,2026-06-03T17:42:56.835Z,,,,,,,,,,,,
20260603,C0201,2026-06-03T17:39:02.237833,O00259,Completed,2026-06-03T20:00:39.484Z,Cash,orders_S004_20260603.json,ST003,S004,S004_O00259,FUTURE_TIMESTAMP,2026-06-03T17:42:56.835Z,,,,,,,,,,,,
20260603,C0075,2026-06-03T17:39:02.237833,O00260,Completed,2026-06-03T21:46:50.484Z,UPI,orders_S004_20260603.json,ST004,S004,S004_O00260,FUTURE_TIMESTAMP,2026-06-03T17:42:56.835Z,,,,,,,,,,,,
20260603,C0046,2026-06-03T17:39:02.237833,O00261,Completed,2026-06-03T18:19:13.484Z,UPI,orders_S004_20260603.json,ST014,S004,S004_O00261,FUTURE_TIMESTAMP,2026-06-03T17:42:56.835Z,,,,,,,,,,,,
20260603,C0069,2026-06-03T17:39:02.237833,O00262,Completed,2026-06-03T20:47:41.484Z,Card,orders_S004_20260603.json,ST002,S004,S004_O00262,FUTURE_TIMESTAMP,2026-06-03T17:42:56.835Z,,,,,,,,,,,,
20260603,C0004,2026-06-03T17:39:02.237833,O00263,Completed,2026-06-03T21:54:06.484Z,Cash,orders_S004_20260603.json,ST002,S004,S004_O00263,FUTURE_TIMESTAMP,2026-06-03T17:42:56.835Z,,,,,,,,,,,,
20260603,C0132,2026-06-03T17:39:02.237833,O00265,Completed,2026-06-03T20:20:29.484Z,Cash,orders_S004_20260603.json,ST013,S004,S004_O00265,FUTURE_TIMESTAMP,2026-06-03T17:42:56.835Z,,,,,,,,,,,,
20260603,C0008,2026-06-03T17:39:02.237833,O00266,Completed,2026-06-03T20:57:19.484Z,UPI,orders_S004_20260603.json,ST015,S004,S004_O00266,FUTURE_TIMESTAMP,2026-06-03T17:42:56.835Z,,,,,,,,,,,,
20260603,C0240,2026-06-03T17:39:02.237833,O00267,Completed,2026-06-03T20:37:09.484Z,UPI,orders_S004_20260603.json,ST001,S004,S004_O00267,FUTURE_TIMESTAMP,2026-06-03T17:42:56.835Z,,,,,,,,,,,,
20260603,C0307,2026-06-03T17:39:02.237833,O00268,Completed,2026-06-03T20:56:19.484Z,UPI,orders_S004_20260603.json,ST006,S004,S004_O00268,FUTURE_TIMESTAMP,2026-06-03T17:42:56.835Z,,,,,,,,,,,,
20260603,C0058,2026-06-03T17:39:02.237833,O00269,Completed,2026-06-03T19:40:13.484Z,Card,orders_S004_20260603.json,ST002,S004,S004_O00269,FUTURE_TIMESTAMP,2026-06-03T17:42:56.835Z,,,,,,,,,,,,
20260603,C0280,2026-06-03T17:39:02.237833,O00271,Completed,2026-06-03T19:20:22.484Z,Card,orders_S004_20260603.json,ST007,S004,S004_O00271,FUTURE_TIMESTAMP,2026-06-03T17:42:56.835Z,,,,,,,,,,,,
20260603,C0098,2026-06-03T17:39:02.237833,O00272,Completed,2026-06-03T20:53:41.484Z,UPI,orders_S004_20260603.json,ST012,S004,S004_O00272,FUTURE_TIMESTAMP,2026-06-03T17:42:56.835Z,,,,,,,,,,,,
20260603,C0414,2026-06-03T17:39:02.237833,O00274,Completed,2026-06-03T20:47:17.484Z,UPI,orders_S004_20260603.json,ST004,S004,S004_O00274,FUTURE_TIMESTAMP,2026-06-03T17:42:56.835Z,,,,,,,,,,,,
20260603,C0322,2026-06-03T17:39:02.237833,O00275,Completed,2026-06-03T18:27:34.484Z,UPI,orders_S004_20260603.json,ST006,S004,S004_O00275,FUTURE_TIMESTAMP,2026-06-03T17:42:56.835Z,,,,,,,,,,,,
20260603,C0035,2026-06-03T17:39:02.237833,O00276,Completed,2026-06-03T20:36:29.484Z,Cash,orders_S004_20260603.json,ST008,S004,S004_O00276,FUTURE_TIMESTAMP,2026-06-03T17:42:56.835Z,,,,,,,,,,,,
20260603,C0065,2026-06-03T17:39:02.237833,O00277,Completed,2026-06-03T19:35:18.484Z,UPI,orders_S004_20260603.json,ST005,S004,S004_O00277,FUTURE_TIMESTAMP,2026-06-03T17:42:56.835Z,,,,,,,,,,,,
20260603,C0024,2026-06-03T17:39:02.237833,O00278,Completed,2026-06-03T21:06:56.484Z,UPI,orders_S004_20260603.json,ST015,S004,S004_O00278,FUTURE_TIMESTAMP,2026-06-03T17:42:56.835Z,,,,,,,,,,,,
20260603,C0083,2026-06-03T17:39:02.237833,O00280,Completed,2026-06-03T19:10:51.484Z,Card,orders_S004_20260603.json,ST014,S004,S004_O00280,FUTURE_TIMESTAMP,2026-06-03T17:42:56.835Z,,,,,,,,,,,,
20260603,C0059,2026-06-03T17:39:02.237833,O00281,Completed,2026-06-03T20:23:28.484Z,UPI,orders_S004_20260603.json,ST013,S004,S004_O00281,FUTURE_TIMESTAMP,2026-06-03T17:42:56.835Z,,,,,,,,,,,,
20260603,C0192,2026-06-03T17:39:02.237833,O00282,Completed,2026-06-03T20:06:20.484Z,Card,orders_S004_20260603.json,ST012,S004,S004_O00282,FUTURE_TIMESTAMP,2026-06-03T17:42:56.835Z,,,,,,,,,,,,
20260603,C0169,2026-06-03T17:39:02.237833,O00283,Completed,2026-06-03T20:48:53.484Z,Card,orders_S004_20260603.json,ST012,S004,S004_O00283,FUTURE_TIMESTAMP,2026-06-03T17:42:56.835Z,,,,,,,,,,,,
20260603,C0111,2026-06-03T17:39:02.237833,O00284,Completed,2026-06-03T20:43:37.484Z,UPI,orders_S004_20260603.json,ST015,S004,S004_O00284,FUTURE_TIMESTAMP,2026-06-03T17:42:56.835Z,,,,,,,,,,,,
20260603,C0053,2026-06-03T17:39:02.237833,O00285,Completed,2026-06-03T17:55:58.484Z,Cash,orders_S004_20260603.json,ST004,S004,S004_O00285,FUTURE_TIMESTAMP,2026-06-03T17:42:56.835Z,,,,,,,,,,,,
20260603,C0359,2026-06-03T17:39:02.237833,O00286,Completed,2026-06-03T18:18:55.484Z,Cash,orders_S004_20260603.json,ST011,S004,S004_O00286,FUTURE_TIMESTAMP,2026-06-03T17:42:56.835Z,,,,,,,,,,,,
20260603,C0388,2026-06-03T17:39:02.237833,O00287,Completed,2026-06-03T19:18:50.484Z,UPI,orders_S004_20260603.json,ST002,S004,S004_O00287,FUTURE_TIMESTAMP,2026-06-03T17:42:56.835Z,,,,,,,,,,,,
20260603,C0145,2026-06-03T17:39:02.237833,O00288,Completed,2026-06-03T21:53:29.484Z,Cash,orders_S004_20260603.json,ST009,S004,S004_O00288,FUTURE_TIMESTAMP,2026-06-03T17:42:56.835Z,,,,,,,,,,,,
20260603,C0138,2026-06-03T17:39:02.237833,O00290,Completed,2026-06-03T21:25:09.484Z,Cash,orders_S004_20260603.json,ST013,S004,S004_O00290,FUTURE_TIMESTAMP,2026-06-03T17:42:56.835Z,,,,,,,,,,,,
20260603,C0020,2026-06-03T17:39:02.237833,O00291,Completed,2026-06-03T18:08:37.484Z,Cash,orders_S004_20260603.json,ST011,S004,S004_O00291,FUTURE_TIMESTAMP,2026-06-03T17:42:56.835Z,,,,,,,,,,,,
20260603,C0016,2026-06-03T17:39:02.237833,O00292,Completed,2026-06-03T20:27:00.484Z,Cash,orders_S004_20260603.json,ST009,S004,S004_O00292,FUTURE_TIMESTAMP,2026-06-03T17:42:56.835Z,,,,,,,,,,,,
20260603,C0029,2026-06-03T17:39:02.237833,O00298,Completed,2026-06-03T19:54:49.484Z,UPI,orders_S004_20260603.json,ST010,S004,S004_O00298,FUTURE_TIMESTAMP,2026-06-03T17:42:56.835Z,,,,,,,,,,,,
20260603,C0215,2026-06-03T17:39:02.237833,O00299,Completed,2026-06-03T21:04:02.484Z,UPI,orders_S004_20260603.json,ST007,S004,S004_O00299,FUTURE_TIMESTAMP,2026-06-03T17:42:56.835Z,,,,,,,,,,,,
20260603,C0159,2026-06-03T17:39:02.237833,O00300,Completed,2026-06-03T21:24:44.484Z,Cash,orders_S004_20260603.json,ST002,S004,S004_O00300,FUTURE_TIMESTAMP,2026-06-03T17:42:56.835Z,,,,,,,,,,,,
20260603,C0068,2026-06-03T17:39:02.237833,O00303,Completed,2026-06-03T18:07:24.484Z,Cash,orders_S004_20260603.json,ST011,S004,S004_O00303,FUTURE_TIMESTAMP,2026-06-03T17:42:56.835Z,,,,,,,,,,,,
20260603,C0072,2026-06-03T17:39:02.237833,O00304,Completed,2026-06-03T19:22:22.484Z,UPI,orders_S004_20260603.json,ST015,S004,S004_O00304,FUTURE_TIMESTAMP,2026-06-03T17:42:56.835Z,,,,,,,,,,,,
20260603,C0046,2026-06-03T17:39:02.237833,O00305,Completed,2026-06-03T18:20:29.484Z,Cash,orders_S004_20260603.json,ST002,S004,S004_O00305,FUTURE_TIMESTAMP,2026-06-03T17:42:56.835Z,,,,,,,,,,,,
20260603,C0063,2026-06-03T17:39:02.237833,O00309,Completed,2026-06-03T18:27:43.484Z,UPI,orders_S004_20260603.json,ST013,S004,S004_O00309,FUTURE_TIMESTAMP,2026-06-03T17:42:56.835Z,,,,,,,,,,,,
20260603,C0251,2026-06-03T17:39:02.237833,O00310,Completed,2026-06-03T17:58:38.484Z,UPI,orders_S004_20260603.json,ST011,S004,S004_O00310,FUTURE_TIMESTAMP,2026-06-03T17:42:56.835Z,,,,,,,,,,,,
20260603,C0055,2026-06-03T17:39:02.237833,O00312,Completed,2026-06-03T19:45:15.484Z,UPI,orders_S004_20260603.json,ST008,S004,S004_O00312,FUTURE_TIMESTAMP,2026-06-03T17:42:56.835Z,,,,,,,,,,,,
20260603,C0139,2026-06-03T17:39:02.237833,O00313,Completed,2026-06-03T20:48:03.484Z,UPI,orders_S004_20260603.json,ST009,S004,S004_O00313,FUTURE_TIMESTAMP,2026-06-03T17:42:56.835Z,,,,,,,,,,,,
20260603,C0197,2026-06-03T17:39:02.237833,O00315,Completed,2026-06-03T19:08:06.484Z,Card,orders_S004_20260603.json,ST003,S004,S004_O00315,FUTURE_TIMESTAMP,2026-06-03T17:42:56.835Z,,,,,,,,,,,,
20260603,C0040,2026-06-03T17:39:02.237833,O00316,Completed,2026-06-03T21:55:33.484Z,Cash,orders_S004_20260603.json,ST011,S004,S004_O00316,FUTURE_TIMESTAMP,2026-06-03T17:42:56.835Z,,,,,,,,,,,,
20260603,C0376,2026-06-03T17:39:02.237833,O00318,Completed,2026-06-03T19:31:58.484Z,Cash,orders_S004_20260603.json,ST013,S004,S004_O00318,FUTURE_TIMESTAMP,2026-06-03T17:42:56.835Z,,,,,,,,,,,,
20260603,C0068,2026-06-03T17:39:02.237833,O00320,Completed,2026-06-03T18:04:43.484Z,Cash,orders_S004_20260603.json,ST001,S004,S004_O00320,FUTURE_TIMESTAMP,2026-06-03T17:42:56.835Z,,,,,,,,,,,,
20260603,C0040,2026-06-03T17:39:02.237833,O00321,Completed,2026-06-03T20:08:55.484Z,Card,orders_S004_20260603.json,ST008,S004,S004_O00321,FUTURE_TIMESTAMP,2026-06-03T17:42:56.835Z,,,,,,,,,,,,
20260603,C0246,2026-06-03T17:39:02.237833,O00322,Completed,2026-06-03T18:10:08.484Z,UPI,orders_S004_20260603.json,ST002,S004,S004_O00322,FUTURE_TIMESTAMP,2026-06-03T17:42:56.835Z,,,,,,,,,,,,
20260603,C0061,2026-06-03T17:39:02.237833,O00324,Completed,2026-06-03T19:28:24.484Z,UPI,orders_S004_20260603.json,ST015,S004,S004_O00324,FUTURE_TIMESTAMP,2026-06-03T17:42:56.835Z,,,,,,,,,,,,
20260603,C0043,2026-06-03T17:39:02.237833,O00325,Completed,2026-06-03T18:50:23.484Z,Cash,orders_S004_20260603.json,ST001,S004,S004_O00325,FUTURE_TIMESTAMP,2026-06-03T17:42:56.835Z,,,,,,,,,,,,
20260603,C0046,2026-06-03T17:39:02.237833,O00327,Completed,2026-06-03T20:08:53.484Z,UPI,orders_S004_20260603.json,ST002,S004,S004_O00327,FUTURE_TIMESTAMP,2026-06-03T17:42:56.835Z,,,,,,,,,,,,
20260603,C0320,2026-06-03T17:39:02.237833,O00328,Completed,2026-06-03T20:25:08.484Z,Card,orders_S004_20260603.json,ST003,S004,S004_O00328,FUTURE_TIMESTAMP,2026-06-03T17:42:56.835Z,,,,,,,,,,,,
20260603,C0146,2026-06-03T17:39:02.237833,O00330,Completed,2026-06-03T20:28:37.484Z,Cash,orders_S004_20260603.json,ST013,S004,S004_O00330,FUTURE_TIMESTAMP,2026-06-03T17:42:56.835Z,,,,,,,,,,,,
20260603,C0051,2026-06-03T17:39:02.237833,O00331,Completed,2026-06-03T19:03:30.484Z,Card,orders_S004_20260603.json,ST015,S004,S004_O00331,FUTURE_TIMESTAMP,2026-06-03T17:42:56.835Z,,,,,,,,,,,,
20260603,C0058,2026-06-03T17:39:02.237833,O00332,Completed,2026-06-03T19:38:06.484Z,Cash,orders_S004_20260603.json,ST001,S004,S004_O00332,FUTURE_TIMESTAMP,2026-06-03T17:42:56.835Z,,,,,,,,,,,,
20260603,C0050,2026-06-03T17:39:02.237833,O00334,Completed,2026-06-03T20:03:38.484Z,UPI,orders_S004_20260603.json,ST008,S004,S004_O00334,FUTURE_TIMESTAMP,2026-06-03T17:42:56.835Z,,,,,,,,,,,,
20260603,C0381,2026-06-03T17:39:02.237833,O00335,Completed,2026-06-03T20:50:52.484Z,Cash,orders_S004_20260603.json,ST008,S004,S004_O00335,FUTURE_TIMESTAMP,2026-06-03T17:42:56.835Z,,,,,,,,,,,,
20260603,C0121,2026-06-03T17:39:02.237833,O00339,Completed,2026-06-03T20:41:21.484Z,Cash,orders_S004_20260603.json,ST008,S004,S004_O00339,FUTURE_TIMESTAMP,2026-06-03T17:42:56.835Z,,,,,,,,,,,,
20260603,C0361,2026-06-03T17:39:02.237833,O00340,Completed,2026-06-03T20:00:19.484Z,Cash,orders_S004_20260603.json,ST014,S004,S004_O00340,FUTURE_TIMESTAMP,2026-06-03T17:42:56.835Z,,,,,,,,,,,,
20260603,C0050,2026-06-03T17:39:02.237833,O00341,Completed,2026-06-03T21:43:59.484Z,Cash,orders_S004_20260603.json,ST011,S004,S004_O00341,FUTURE_TIMESTAMP,2026-06-03T17:42:56.835Z,,,,,,,,,,,,
20260603,C0078,2026-06-03T17:39:02.237833,O00342,Completed,2026-06-03T20:12:36.484Z,UPI,orders_S004_20260603.json,ST014,S004,S004_O00342,FUTURE_TIMESTAMP,2026-06-03T17:42:56.835Z,,,,,,,,,,,,
20260603,C0027,2026-06-03T17:39:02.237833,O00343,Completed,2026-06-03T19:59:31.484Z,Cash,orders_S004_20260603.json,ST009,S004,S004_O00343,FUTURE_TIMESTAMP,2026-06-03T17:42:56.835Z,,,,,,,,,,,,
20260603,C0084,2026-06-03T17:39:02.237833,O00347,Completed,2026-06-03T18:39:01.484Z,UPI,orders_S004_20260603.json,ST011,S004,S004_O00347,FUTURE_TIMESTAMP,2026-06-03T17:42:56.835Z,,,,,,,,,,,,
20260603,C0124,2026-06-03T17:39:02.237833,O00348,Completed,2026-06-03T19:10:16.484Z,UPI,orders_S004_20260603.json,ST011,S004,S004_O00348,FUTURE_TIMESTAMP,2026-06-03T17:42:56.835Z,,,,,,,,,,,,
20260603,C0345,2026-06-03T17:39:02.237833,O00349,Completed,2026-06-03T19:45:57.484Z,UPI,orders_S004_20260603.json,ST007,S004,S004_O00349,FUTURE_TIMESTAMP,2026-06-03T17:42:56.835Z,,,,,,,,,,,,
20260603,C0204,2026-06-03T17:39:02.237833,O00350,Completed,2026-06-03T20:01:04.484Z,Cash,orders_S004_20260603.json,ST008,S004,S004_O00350,FUTURE_TIMESTAMP,2026-06-03T17:42:56.835Z,,,,,,,,,,,,
20260603,C0294,2026-06-03T17:39:02.237833,O00351,Completed,2026-06-03T19:42:37.484Z,UPI,orders_S004_20260603.json,ST015,S004,S004_O00351,FUTURE_TIMESTAMP,2026-06-03T17:42:56.835Z,,,,,,,,,,,,
20260603,C0110,2026-06-03T17:39:02.237833,O00352,Completed,2026-06-03T20:05:08.484Z,Card,orders_S004_20260603.json,ST004,S004,S004_O00352,FUTURE_TIMESTAMP,2026-06-03T17:42:56.835Z,,,,,,,,,,,,
20260603,C0413,2026-06-03T17:39:02.237833,O00353,Completed,2026-06-03T20:33:52.484Z,UPI,orders_S004_20260603.json,ST011,S004,S004_O00353,FUTURE_TIMESTAMP,2026-06-03T17:42:56.835Z,,,,,,,,,,,,
20260603,C0135,2026-06-03T17:39:02.237833,O00354,Completed,2026-06-03T18:29:24.484Z,UPI,orders_S004_20260603.json,ST005,S004,S004_O00354,FUTURE_TIMESTAMP,2026-06-03T17:42:56.835Z,,,,,,,,,,,,
20260603,C0065,2026-06-03T17:39:02.237833,O00355,Completed,2026-06-03T17:56:29.484Z,UPI,orders_S004_20260603.json,ST003,S004,S004_O00355,FUTURE_TIMESTAMP,2026-06-03T17:42:56.835Z,,,,,,,,,,,,
20260603,C0068,2026-06-03T17:39:02.237833,O00358,Completed,2026-06-03T19:32:58.484Z,UPI,orders_S004_20260603.json,ST003,S004,S004_O00358,FUTURE_TIMESTAMP,2026-06-03T17:42:56.835Z,,,,,,,,,,,,
20260603,C0066,2026-06-03T17:39:02.237833,O00359,Completed,2027-06-03T16:19:18.484Z,Card,orders_S004_20260603.json,ST009,S004,S004_O00359,FUTURE_TIMESTAMP,2026-06-03T17:42:56.835Z,,,,,,,,,,,,
20260603,C0283,2026-06-03T17:39:02.237833,O00361,Completed,2026-06-03T20:38:29.484Z,UPI,orders_S004_20260603.json,ST001,S004,S004_O00361,FUTURE_TIMESTAMP,2026-06-03T17:42:56.835Z,,,,,,,,,,,,
20260603,C0037,2026-06-03T17:39:02.237833,O00362,Completed,2026-06-03T18:56:11.484Z,Cash,orders_S004_20260603.json,ST011,S004,S004_O00362,FUTURE_TIMESTAMP,2026-06-03T17:42:56.835Z,,,,,,,,,,,,
20260603,C0060,2026-06-03T17:39:02.237833,O00364,Completed,2026-06-03T20:33:31.484Z,UPI,orders_S004_20260603.json,ST004,S004,S004_O00364,FUTURE_TIMESTAMP,2026-06-03T17:42:56.835Z,,,,,,,,,,,,
20260603,C0304,2026-06-03T17:39:02.237833,O00366,Completed,2026-06-03T20:12:59.484Z,Card,orders_S004_20260603.json,ST015,S004,S004_O00366,FUTURE_TIMESTAMP,2026-06-03T17:42:56.835Z,,,,,,,,,,,,
20260603,C0047,2026-06-03T17:39:02.237833,O00370,Completed,2026-06-03T19:18:24.484Z,UPI,orders_S004_20260603.json,ST003,S004,S004_O00370,FUTURE_TIMESTAMP,2026-06-03T17:42:56.835Z,,,,,,,,,,,,
20260603,C0357,2026-06-03T17:39:02.237833,O00371,Completed,2026-06-03T20:04:22.484Z,Card,orders_S004_20260603.json,ST015,S004,S004_O00371,FUTURE_TIMESTAMP,2026-06-03T17:42:56.835Z,,,,,,,,,,,,
20260603,C0075,2026-06-03T17:39:02.237833,O00372,Completed,2026-06-03T20:13:50.484Z,Cash,orders_S004_20260603.json,ST015,S004,S004_O00372,FUTURE_TIMESTAMP,2026-06-03T17:42:56.835Z,,,,,,,,,,,,
20260603,C0383,2026-06-03T17:39:02.237833,O00375,Completed,2026-06-03T18:36:19.484Z,UPI,orders_S004_20260603.json,ST002,S004,S004_O00375,FUTURE_TIMESTAMP,2026-06-03T17:42:56.835Z,,,,,,,,,,,,
20260603,C0045,2026-06-03T17:39:02.237833,O00376,Completed,2026-06-03T19:56:58.484Z,Card,orders_S004_20260603.json,ST004,S004,S004_O00376,FUTURE_TIMESTAMP,2026-06-03T17:42:56.835Z,,,,,,,,,,,,
20260603,C0062,2026-06-03T17:39:02.237833,O00377,Completed,2026-06-03T20:59:56.484Z,UPI,orders_S004_20260603.json,ST013,S004,S004_O00377,FUTURE_TIMESTAMP,2026-06-03T17:42:56.835Z,,,,,,,,,,,,
20260603,C0417,2026-06-03T17:39:02.237833,O00378,Completed,2026-06-03T20:35:36.484Z,Cash,orders_S004_20260603.json,ST012,S004,S004_O00378,FUTURE_TIMESTAMP,2026-06-03T17:42:56.835Z,,,,,,,,,,,,
20260603,C0321,2026-06-03T17:39:02.237833,O00379,Completed,2026-06-03T20:09:36.484Z,UPI,orders_S004_20260603.json,ST004,S004,S004_O00379,FUTURE_TIMESTAMP,2026-06-03T17:42:56.835Z,,,,,,,,,,,,
20260603,C0295,2026-06-03T17:39:02.237833,O00380,Completed,2026-06-03T18:02:18.484Z,UPI,orders_S004_20260603.json,ST001,S004,S004_O00380,FUTURE_TIMESTAMP,2026-06-03T17:42:56.835Z,,,,,,,,,,,,
20260603,C0254,2026-06-03T17:39:02.237833,O00381,Completed,2026-06-03T18:41:15.484Z,UPI,orders_S004_20260603.json,ST013,S004,S004_O00381,FUTURE_TIMESTAMP,2026-06-03T17:42:56.835Z,,,,,,,,,,,,
20260603,C0027,2026-06-03T17:39:02.237833,O00382,Completed,2026-06-03T21:45:36.484Z,UPI,orders_S004_20260603.json,ST013,S004,S004_O00382,FUTURE_TIMESTAMP,2026-06-03T17:42:56.835Z,,,,,,,,,,,,
20260603,C0185,2026-06-03T17:39:02.237833,O00383,Completed,2026-06-03T21:38:17.484Z,Cash,orders_S004_20260603.json,ST015,S004,S004_O00383,FUTURE_TIMESTAMP,2026-06-03T17:42:56.835Z,,,,,,,,,,,,
20260603,C0060,2026-06-03T17:39:02.237833,O00386,Completed,2026-06-03T19:24:10.484Z,UPI,orders_S004_20260603.json,ST008,S004,S004_O00386,FUTURE_TIMESTAMP,2026-06-03T17:42:56.835Z,,,,,,,,,,,,
20260603,C0226,2026-06-03T17:39:02.237833,O00388,Completed,2026-06-03T20:06:22.484Z,UPI,orders_S004_20260603.json,ST005,S004,S004_O00388,FUTURE_TIMESTAMP,2026-06-03T17:42:56.835Z,,,,,,,,,,,,
20260603,,2026-06-03T17:39:02.237833,O00389,Completed,2026-06-03T20:23:45.484Z,UPI,orders_S004_20260603.json,ST012,S004,S004_O00389,MISSING_CUSTOMER_ID,2026-06-03T17:42:56.835Z,,,,,,,,,,,,
20260603,C0217,2026-06-03T17:39:02.237833,O00394,Completed,2026-06-03T20:27:28.484Z,UPI,orders_S004_20260603.json,ST005,S004,S004_O00394,FUTURE_TIMESTAMP,2026-06-03T17:42:56.835Z,,,,,,,,,,,,
20260603,C0005,2026-06-03T17:39:02.237833,O00395,Completed,2026-06-03T21:23:08.484Z,UPI,orders_S004_20260603.json,ST002,S004,S004_O00395,FUTURE_TIMESTAMP,2026-06-03T17:42:56.835Z,,,,,,,,,,,,
20260603,C0011,2026-06-03T17:39:02.237833,O00396,Completed,2026-06-03T20:33:19.484Z,Cash,orders_S004_20260603.json,ST014,S004,S004_O00396,FUTURE_TIMESTAMP,2026-06-03T17:42:56.835Z,,,,,,,,,,,,
20260603,C0012,2026-06-03T17:39:02.237833,O00402,Completed,2027-06-03T18:15:12.484Z,UPI,orders_S004_20260603.json,ST011,S004,S004_O00402,FUTURE_TIMESTAMP,2026-06-03T17:42:56.835Z,,,,,,,,,,,,
20260603,C0418,2026-06-03T17:39:02.237833,O00403,Completed,2026-06-03T21:39:05.484Z,UPI,orders_S004_20260603.json,ST007,S004,S004_O00403,FUTURE_TIMESTAMP,2026-06-03T17:42:56.835Z,,,,,,,,,,,,
20260603,C0095,2026-06-03T17:39:02.237833,O00404,Completed,2026-06-03T18:01:10.484Z,Cash,orders_S004_20260603.json,ST001,S004,S004_O00404,FUTURE_TIMESTAMP,2026-06-03T17:42:56.835Z,,,,,,,,,,,,
20260603,C0044,2026-06-03T17:39:02.237833,O00405,Completed,2026-06-03T20:52:55.484Z,UPI,orders_S004_20260603.json,ST005,S004,S004_O00405,FUTURE_TIMESTAMP,2026-06-03T17:42:56.835Z,,,,,,,,,,,,
20260603,C0047,2026-06-03T17:39:02.237833,O00406,Completed,2026-06-03T17:47:54.484Z,Card,orders_S004_20260603.json,ST013,S004,S004_O00406,FUTURE_TIMESTAMP,2026-06-03T17:42:56.835Z,,,,,,,,,,,,
20260603,C0317,2026-06-03T17:39:02.237833,O00407,Completed,2026-06-03T20:12:10.484Z,Cash,orders_S004_20260603.json,ST004,S004,S004_O00407,FUTURE_TIMESTAMP,2026-06-03T17:42:56.835Z,,,,,,,,,,,,
20260603,C0328,2026-06-03T17:39:02.237833,O00408,Completed,2026-06-03T19:11:52.484Z,Card,orders_S004_20260603.json,ST003,S004,S004_O00408,FUTURE_TIMESTAMP,2026-06-03T17:42:56.835Z,,,,,,,,,,,,
20260603,C0044,2026-06-03T17:39:02.237833,O00409,Completed,2026-06-03T20:29:46.484Z,Cash,orders_S004_20260603.json,ST011,S004,S004_O00409,FUTURE_TIMESTAMP,2026-06-03T17:42:56.835Z,,,,,,,,,,,,
20260603,C0330,2026-06-03T17:39:02.237833,O00410,Completed,2026-06-03T20:09:54.484Z,Cash,orders_S004_20260603.json,ST015,S004,S004_O00410,FUTURE_TIMESTAMP,2026-06-03T17:42:56.835Z,,,,,,,,,,,,
20260603,C0039,2026-06-03T17:39:02.237833,O00411,Completed,2026-06-03T20:02:36.484Z,Cash,orders_S004_20260603.json,ST011,S004,S004_O00411,FUTURE_TIMESTAMP,2026-06-03T17:42:56.835Z,,,,,,,,,,,,
20260603,C0240,2026-06-03T17:39:02.237833,O00412,Completed,2026-06-03T20:27:47.484Z,Cash,orders_S004_20260603.json,ST011,S004,S004_O00412,FUTURE_TIMESTAMP,2026-06-03T17:42:56.835Z,,,,,,,,,,,,
20260603,C0058,2026-06-03T17:39:02.237833,O00413,Completed,2026-06-03T20:03:02.484Z,Cash,orders_S004_20260603.json,ST003,S004,S004_O00413,FUTURE_TIMESTAMP,2026-06-03T17:42:56.835Z,,,,,,,,,,,,
20260603,,2026-06-03T17:39:02.237833,O00416,Completed,2026-06-03T19:44:12.484Z,UPI,orders_S004_20260603.json,ST011,S004,S004_O00416,MISSING_CUSTOMER_ID,2026-06-03T17:42:56.835Z,,,,,,,,,,,,
20260603,C0075,2026-06-03T17:39:02.237833,O00417,Completed,2026-06-03T18:35:18.484Z,UPI,orders_S004_20260603.json,ST003,S004,S004_O00417,FUTURE_TIMESTAMP,2026-06-03T17:42:56.835Z,,,,,,,,,,,,
20260603,C0351,2026-06-03T17:39:02.237833,O00419,Completed,2026-06-03T19:11:06.484Z,UPI,orders_S004_20260603.json,ST012,S004,S004_O00419,FUTURE_TIMESTAMP,2026-06-03T17:42:56.835Z,,,,,,,,,,,,
20260603,C0173,2026-06-03T17:39:02.237833,O00420,Completed,2026-06-03T20:58:21.484Z,Card,orders_S004_20260603.json,ST006,S004,S004_O00420,FUTURE_TIMESTAMP,2026-06-03T17:42:56.835Z,,,,,,,,,,,,
20260603,C0029,2026-06-03T17:39:02.237833,O00423,Completed,2026-06-03T20:10:11.484Z,UPI,orders_S004_20260603.json,ST006,S004,S004_O00423,FUTURE_TIMESTAMP,2026-06-03T17:42:56.835Z,,,,,,,,,,,,
20260603,C0208,2026-06-03T17:39:02.237833,O00424,Completed,2026-06-03T21:13:35.484Z,Cash,orders_S004_20260603.json,ST005,S004,S004_O00424,FUTURE_TIMESTAMP,2026-06-03T17:42:56.835Z,,,,,,,,,,,,
20260603,C0021,2026-06-03T17:39:02.237833,O00426,Completed,2026-06-03T19:02:00.484Z,UPI,orders_S004_20260603.json,ST002,S004,S004_O00426,FUTURE_TIMESTAMP,2026-06-03T17:42:56.835Z,,,,,,,,,,,,
20260603,C0037,2026-06-03T17:39:02.237833,O00427,Completed,2026-06-03T19:35:05.484Z,UPI,orders_S004_20260603.json,ST009,S004,S004_O00427,FUTURE_TIMESTAMP,2026-06-03T17:42:56.835Z,,,,,,,,,,,,
20260603,C0362,2026-06-03T17:39:02.237833,O00431,Completed,2026-06-03T20:22:31.484Z,UPI,orders_S004_20260603.json,ST011,S004,S004_O00431,FUTURE_TIMESTAMP,2026-06-03T17:42:56.835Z,,,,,,,,,,,,
20260603,C0005,2026-06-03T17:39:02.237833,O00434,Completed,2026-06-03T20:36:28.484Z,UPI,orders_S004_20260603.json,ST014,S004,S004_O00434,FUTURE_TIMESTAMP,2026-06-03T17:42:56.835Z,,,,,,,,,,,,
20260603,C0369,2026-06-03T17:39:02.237833,O00436,Completed,2026-06-03T19:31:55.484Z,Card,orders_S004_20260603.json,ST015,S004,S004_O00436,FUTURE_TIMESTAMP,2026-06-03T17:42:56.835Z,,,,,,,,,,,,
20260603,C0041,2026-06-03T17:39:02.237833,O00437,Completed,2026-06-03T18:25:03.484Z,UPI,orders_S004_20260603.json,ST005,S004,S004_O00437,FUTURE_TIMESTAMP,2026-06-03T17:42:56.835Z,,,,,,,,,,,,
20260603,C0076,2026-06-03T17:39:02.237833,O00439,Completed,2026-06-03T13:58:47.484Z,Crypto,orders_S004_20260603.json,ST015,S004,S004_O00439,INVALID_PAYMENT_MODE: Crypto,2026-06-03T17:42:56.835Z,,,,,,,,,,,,
20260603,C0029,2026-06-03T17:39:02.237833,O00440,Completed,2026-06-03T19:42:43.484Z,Card,orders_S004_20260603.json,ST001,S004,S004_O00440,FUTURE_TIMESTAMP,2026-06-03T17:42:56.835Z,,,,,,,,,,,,
20260603,C0020,2026-06-03T17:39:02.237833,O00442,Completed,2026-06-03T20:09:07.484Z,UPI,orders_S004_20260603.json,ST003,S004,S004_O00442,FUTURE_TIMESTAMP,2026-06-03T17:42:56.835Z,,,,,,,,,,,,
20260603,C0184,2026-06-03T17:39:02.237833,O00443,Completed,2026-06-03T20:25:49.484Z,UPI,orders_S004_20260603.json,ST013,S004,S004_O00443,FUTURE_TIMESTAMP,2026-06-03T17:42:56.835Z,,,,,,,,,,,,
20260603,C0409,2026-06-03T17:39:02.237833,O00445,Completed,2026-06-03T18:42:06.484Z,Cash,orders_S004_20260603.json,ST001,S004,S004_O00445,FUTURE_TIMESTAMP,2026-06-03T17:42:56.835Z,,,,,,,,,,,,
20260603,C0225,2026-06-03T17:39:02.237833,O00446,Completed,2026-06-03T19:08:40.484Z,UPI,orders_S004_20260603.json,ST013,S004,S004_O00446,FUTURE_TIMESTAMP,2026-06-03T17:42:56.835Z,,,,,,,,,,,,
20260603,C0246,2026-06-03T17:39:02.237833,O00448,Completed,2026-06-03T20:08:19.484Z,Cash,orders_S004_20260603.json,ST014,S004,S004_O00448,FUTURE_TIMESTAMP,2026-06-03T17:42:56.835Z,,,,,,,,,,,,
20260603,C0383,2026-06-03T17:39:02.237833,O00450,Completed,2026-06-03T19:09:39.484Z,Cash,orders_S004_20260603.json,ST005,S004,S004_O00450,FUTURE_TIMESTAMP,2026-06-03T17:42:56.835Z,,,,,,,,,,,,
20260603,C0072,2026-06-03T17:39:02.237833,O00451,Completed,2026-06-03T19:00:27.484Z,Cash,orders_S004_20260603.json,ST011,S004,S004_O00451,FUTURE_TIMESTAMP,2026-06-03T17:42:56.835Z,,,,,,,,,,,,
20260603,C0053,2026-06-03T17:39:02.237833,O00453,Completed,2027-06-03T20:49:27.484Z,Cash,orders_S004_20260603.json,ST003,S004,S004_O00453,FUTURE_TIMESTAMP,2026-06-03T17:42:56.835Z,,,,,,,,,,,,
20260603,C0279,2026-06-03T17:39:02.237833,O00456,Completed,2026-06-03T20:45:21.484Z,Cash,orders_S004_20260603.json,ST006,S004,S004_O00456,FUTURE_TIMESTAMP,2026-06-03T17:42:56.835Z,,,,,,,,,,,,
20260603,C0384,2026-06-03T17:39:02.237833,O00457,Completed,2026-06-03T19:59:27.484Z,UPI,orders_S004_20260603.json,ST001,S004,S004_O00457,FUTURE_TIMESTAMP,2026-06-03T17:42:56.835Z,,,,,,,,,,,,
20260603,C0200,2026-06-03T17:39:02.237833,O00458,Completed,2027-06-03T17:38:54.484Z,Card,orders_S004_20260603.json,ST008,S004,S004_O00458,FUTURE_TIMESTAMP,2026-06-03T17:42:56.835Z,,,,,,,,,,,,
20260603,C0387,2026-06-03T17:39:02.237833,O00460,Completed,2026-06-03T19:08:24.484Z,Cash,orders_S004_20260603.json,ST008,S004,S004_O00460,FUTURE_TIMESTAMP,2026-06-03T17:42:56.835Z,,,,,,,,,,,,
20260603,C0343,2026-06-03T17:39:02.237833,O00461,Completed,2026-06-03T18:27:06.484Z,UPI,orders_S004_20260603.json,ST004,S004,S004_O00461,FUTURE_TIMESTAMP,2026-06-03T17:42:56.835Z,,,,,,,,,,,,
20260603,C0148,2026-06-03T17:39:02.237833,O00464,Completed,2026-06-03T19:29:45.484Z,Cash,orders_S004_20260603.json,ST005,S004,S004_O00464,FUTURE_TIMESTAMP,2026-06-03T17:42:56.835Z,,,,,,,,,,,,
20260603,C0024,2026-06-03T17:39:02.237833,O00465,Completed,2026-06-03T19:10:15.484Z,UPI,orders_S004_20260603.json,ST012,S004,S004_O00465,FUTURE_TIMESTAMP,2026-06-03T17:42:56.835Z,,,,,,,,,,,,
20260603,C0177,2026-06-03T17:39:02.237833,O00466,Completed,2026-06-03T19:54:44.484Z,UPI,orders_S004_20260603.json,ST006,S004,S004_O00466,FUTURE_TIMESTAMP,2026-06-03T17:42:56.835Z,,,,,,,,,,,,
20260603,C0321,2026-06-03T17:39:02.237833,O00467,Completed,2026-06-03T21:46:59.484Z,UPI,orders_S004_20260603.json,ST007,S004,S004_O00467,FUTURE_TIMESTAMP,2026-06-03T17:42:56.835Z,,,,,,,,,,,,
20260603,C0078,2026-06-03T17:39:02.237833,O00470,Completed,2026-06-03T18:53:31.484Z,Cash,orders_S004_20260603.json,ST005,S004,S004_O00470,FUTURE_TIMESTAMP,2026-06-03T17:42:56.835Z,,,,,,,,,,,,
20260603,C0230,2026-06-03T17:39:02.237833,O00472,Completed,2026-06-03T18:25:54.484Z,UPI,orders_S004_20260603.json,ST008,S004,S004_O00472,FUTURE_TIMESTAMP,2026-06-03T17:42:56.835Z,,,,,,,,,,,,
20260603,C0076,2026-06-03T17:39:02.237833,O00474,Completed,2026-06-03T18:37:51.484Z,UPI,orders_S004_20260603.json,ST014,S004,S004_O00474,FUTURE_TIMESTAMP,2026-06-03T17:42:56.835Z,,,,,,,,,,,,
20260603,C0190,2026-06-03T17:39:02.237833,O00475,Completed,2026-06-03T20:58:51.484Z,Cash,orders_S004_20260603.json,ST006,S004,S004_O00475,FUTURE_TIMESTAMP,2026-06-03T17:42:56.835Z,,,,,,,,,,,,
20260603,C0014,2026-06-03T17:39:02.237833,O00476,Completed,2026-06-03T20:18:20.484Z,UPI,orders_S004_20260603.json,ST005,S004,S004_O00476,FUTURE_TIMESTAMP,2026-06-03T17:42:56.835Z,,,,,,,,,,,,
20260603,C0363,2026-06-03T17:39:02.237833,O00477,Completed,2026-06-03T18:26:47.484Z,UPI,orders_S004_20260603.json,ST012,S004,S004_O00477,FUTURE_TIMESTAMP,2026-06-03T17:42:56.835Z,,,,,,,,,,,,
20260603,,2026-06-03T17:39:02.237833,O00479,Completed,2026-06-03T18:44:32.484Z,UPI,orders_S004_20260603.json,ST011,S004,S004_O00479,MISSING_CUSTOMER_ID,2026-06-03T17:42:56.835Z,,,,,,,,,,,,
20260603,C0279,2026-06-03T17:39:02.237833,O00480,Completed,2026-06-03T20:13:33.484Z,Cash,orders_S004_20260603.json,ST010,S004,S004_O00480,FUTURE_TIMESTAMP,2026-06-03T17:42:56.835Z,,,,,,,,,,,,
20260603,C0016,2026-06-03T17:39:02.237833,O00483,Completed,2026-06-03T18:04:24.484Z,UPI,orders_S004_20260603.json,ST004,S004,S004_O00483,FUTURE_TIMESTAMP,2026-06-03T17:42:56.835Z,,,,,,,,,,,,
20260603,C0407,2026-06-03T17:39:02.237833,O00484,Completed,2026-06-03T19:05:13.484Z,Cash,orders_S004_20260603.json,ST010,S004,S004_O00484,FUTURE_TIMESTAMP,2026-06-03T17:42:56.835Z,,,,,,,,,,,,
20260603,C0217,2026-06-03T17:39:02.237833,O00486,Completed,2026-06-03T20:56:06.484Z,Cash,orders_S004_20260603.json,ST010,S004,S004_O00486,FUTURE_TIMESTAMP,2026-06-03T17:42:56.835Z,,,,,,,,,,,,
20260603,C0063,2026-06-03T17:39:02.237833,O00490,Completed,2026-06-03T20:47:38.484Z,UPI,orders_S004_20260603.json,ST008,S004,S004_O00490,FUTURE_TIMESTAMP,2026-06-03T17:42:56.835Z,,,,,,,,,,,,
20260603,C0075,2026-06-03T17:39:02.237833,O00492,Completed,2026-06-03T19:04:15.484Z,UPI,orders_S004_20260603.json,ST010,S004,S004_O00492,FUTURE_TIMESTAMP,2026-06-03T17:42:56.835Z,,,,,,,,,,,,
20260603,C0049,2026-06-03T17:39:02.237833,O00493,Completed,2026-06-03T18:43:53.484Z,Cash,orders_S004_20260603.json,ST012,S004,S004_O00493,FUTURE_TIMESTAMP,2026-06-03T17:42:56.835Z,,,,,,,,,,,,
20260603,C0238,2026-06-03T17:39:02.237833,O00495,Completed,2026-06-03T18:33:28.484Z,UPI,orders_S004_20260603.json,ST002,S004,S004_O00495,FUTURE_TIMESTAMP,2026-06-03T17:42:56.835Z,,,,,,,,,,,,
20260603,C0070,2026-06-03T17:39:02.237833,O00496,Completed,2026-06-03T20:31:11.484Z,UPI,orders_S004_20260603.json,ST003,S004,S004_O00496,FUTURE_TIMESTAMP,2026-06-03T17:42:56.835Z,,,,,,,,,,,,
20260603,C0168,2026-06-03T17:39:02.237833,O00497,Completed,2026-06-03T18:31:06.484Z,UPI,orders_S004_20260603.json,ST013,S004,S004_O00497,FUTURE_TIMESTAMP,2026-06-03T17:42:56.835Z,,,,,,,,,,,,
20260603,C0080,2026-06-03T17:39:02.237833,O00501,Completed,2026-06-03T20:35:57.484Z,UPI,orders_S004_20260603.json,ST005,S004,S004_O00501,FUTURE_TIMESTAMP,2026-06-03T17:42:56.835Z,,,,,,,,,,,,
20260603,C0174,2026-06-03T17:39:02.237833,O00502,Completed,2026-06-03T21:09:21.484Z,UPI,orders_S004_20260603.json,ST006,S004,S004_O00502,FUTURE_TIMESTAMP,2026-06-03T17:42:56.835Z,,,,,,,,,,,,
20260603,C0011,2026-06-03T17:39:02.237833,O00503,Completed,2026-06-03T21:21:20.484Z,UPI,orders_S004_20260603.json,ST008,S004,S004_O00503,FUTURE_TIMESTAMP,2026-06-03T17:42:56.835Z,,,,,,,,,,,,
20260603,C0398,2026-06-03T17:39:02.237833,O00504,Completed,2026-06-03T18:39:50.484Z,UPI,orders_S004_20260603.json,ST014,S004,S004_O00504,FUTURE_TIMESTAMP,2026-06-03T17:42:56.835Z,,,,,,,,,,,,
20260603,C0206,2026-06-03T17:39:02.237833,O00505,Completed,2026-06-03T20:06:11.484Z,UPI,orders_S004_20260603.json,ST004,S004,S004_O00505,FUTURE_TIMESTAMP,2026-06-03T17:42:56.835Z,,,,,,,,,,,,
20260603,C0214,2026-06-03T17:39:02.237833,O00506,Completed,2027-06-03T19:52:10.484Z,UPI,orders_S004_20260603.json,ST004,S004,S004_O00506,FUTURE_TIMESTAMP,2026-06-03T17:42:56.835Z,,,,,,,,,,,,
20260603,C0037,2026-06-03T17:39:02.237833,O00507,Completed,2026-06-03T20:23:55.484Z,UPI,orders_S004_20260603.json,ST001,S004,S004_O00507,FUTURE_TIMESTAMP,2026-06-03T17:42:56.835Z,,,,,,,,,,,,
20260603,C0074,2026-06-03T17:39:02.237833,O00509,Completed,2026-06-03T21:45:23.484Z,Cash,orders_S004_20260603.json,ST004,S004,S004_O00509,FUTURE_TIMESTAMP,2026-06-03T17:42:56.835Z,,,,,,,,,,,,
20260603,C0056,2026-06-03T17:39:02.237833,O00510,Completed,2026-06-03T21:36:10.484Z,Card,orders_S004_20260603.json,ST007,S004,S004_O00510,FUTURE_TIMESTAMP,2026-06-03T17:42:56.835Z,,,,,,,,,,,,
20260603,C0009,2026-06-03T17:39:02.237833,O00511,Completed,2026-06-03T19:17:08.484Z,UPI,orders_S004_20260603.json,ST001,S004,S004_O00511,FUTURE_TIMESTAMP,2026-06-03T17:42:56.835Z,,,,,,,,,,,,
20260603,C0257,2026-06-03T17:39:02.237833,O00513,Completed,2026-06-03T19:14:00.484Z,UPI,orders_S004_20260603.json,ST013,S004,S004_O00513,FUTURE_TIMESTAMP,2026-06-03T17:42:56.835Z,,,,,,,,,,,,
20260603,C0192,2026-06-03T17:39:02.237833,O00515,Completed,2026-06-03T19:08:21.484Z,UPI,orders_S004_20260603.json,ST011,S004,S004_O00515,FUTURE_TIMESTAMP,2026-06-03T17:42:56.835Z,,,,,,,,,,,,
20260603,C0044,2026-06-03T17:39:02.237833,O00516,Completed,2026-06-03T20:36:33.484Z,UPI,orders_S004_20260603.json,ST011,S004,S004_O00516,FUTURE_TIMESTAMP,2026-06-03T17:42:56.835Z,,,,,,,,,,,,
20260603,C0028,2026-06-03T17:39:02.237833,O00517,Completed,2026-06-03T20:17:10.484Z,UPI,orders_S004_20260603.json,ST012,S004,S004_O00517,FUTURE_TIMESTAMP,2026-06-03T17:42:56.835Z,,,,,,,,,,,,
20260603,C0334,2026-06-03T17:39:02.237833,O00518,Completed,2026-06-03T21:09:25.484Z,UPI,orders_S004_20260603.json,ST005,S004,S004_O00518,FUTURE_TIMESTAMP,2026-06-03T17:42:56.835Z,,,,,,,,,,,,
20260603,C0237,2026-06-03T17:39:02.237833,O00520,Completed,2026-06-03T20:34:41.484Z,Cash,orders_S004_20260603.json,ST009,S004,S004_O00520,FUTURE_TIMESTAMP,2026-06-03T17:42:56.835Z,,,,,,,,,,,,
20260603,C0141,2026-06-03T17:39:02.237833,O00521,Completed,2026-06-03T20:19:36.484Z,UPI,orders_S004_20260603.json,ST004,S004,S004_O00521,FUTURE_TIMESTAMP,2026-06-03T17:42:56.835Z,,,,,,,,,,,,
20260603,C0243,2026-06-03T17:39:02.237833,O00522,Completed,2026-06-03T19:01:23.484Z,Card,orders_S004_20260603.json,ST001,S004,S004_O00522,FUTURE_TIMESTAMP,2026-06-03T17:42:56.835Z,,,,,,,,,,,,
20260603,C0052,2026-06-03T17:39:02.237833,O00523,Completed,2026-06-03T18:28:22.484Z,Cash,orders_S004_20260603.json,ST009,S004,S004_O00523,FUTURE_TIMESTAMP,2026-06-03T17:42:56.835Z,,,,,,,,,,,,
20260603,C0078,2026-06-03T17:39:02.237833,O00525,Completed,2026-06-03T20:36:30.484Z,Cash,orders_S004_20260603.json,ST012,S004,S004_O00525,FUTURE_TIMESTAMP,2026-06-03T17:42:56.835Z,,,,,,,,,,,,
20260603,C0329,2026-06-03T17:39:02.237833,O00526,Completed,2026-06-03T20:29:18.484Z,UPI,orders_S004_20260603.json,ST014,S004,S004_O00526,FUTURE_TIMESTAMP,2026-06-03T17:42:56.835Z,,,,,,,,,,,,
20260603,C0047,2026-06-03T17:39:02.237833,O00527,Completed,2026-06-03T20:14:04.484Z,UPI,orders_S004_20260603.json,ST006,S004,S004_O00527,FUTURE_TIMESTAMP,2026-06-03T17:42:56.835Z,,,,,,,,,,,,
20260603,C0149,2026-06-03T17:39:02.237833,O00529,Completed,2026-06-03T18:08:13.484Z,Card,orders_S004_20260603.json,ST009,S004,S004_O00529,FUTURE_TIMESTAMP,2026-06-03T17:42:56.835Z,,,,,,,,,,,,
20260603,C0305,2026-06-03T17:39:02.237833,O00530,Completed,2026-06-03T21:16:57.484Z,UPI,orders_S004_20260603.json,ST004,S004,S004_O00530,FUTURE_TIMESTAMP,2026-06-03T17:42:56.835Z,,,,,,,,,,,,
20260603,C0281,2026-06-03T17:39:02.237833,O00533,Completed,2026-06-03T20:07:35.484Z,Cash,orders_S004_20260603.json,ST003,S004,S004_O00533,FUTURE_TIMESTAMP,2026-06-03T17:42:56.835Z,,,,,,,,,,,,
20260603,C0315,2026-06-03T17:39:02.237833,O00534,Completed,2026-06-03T19:22:59.484Z,UPI,orders_S004_20260603.json,ST006,S004,S004_O00534,FUTURE_TIMESTAMP,2026-06-03T17:42:56.835Z,,,,,,,,,,,,
20260603,C0151,2026-06-03T17:39:02.237833,O00536,Completed,2026-06-03T20:00:55.484Z,Card,orders_S004_20260603.json,ST008,S004,S004_O00536,FUTURE_TIMESTAMP,2026-06-03T17:42:56.835Z,,,,,,,,,,,,
20260603,C0160,2026-06-03T17:39:02.237833,O00537,Completed,2026-06-03T19:18:46.484Z,UPI,orders_S004_20260603.json,ST002,S004,S004_O00537,FUTURE_TIMESTAMP,2026-06-03T17:42:56.835Z,,,,,,,,,,,,
20260603,C0060,2026-06-03T17:39:02.237833,O00538,Completed,2026-06-03T19:53:17.484Z,UPI,orders_S004_20260603.json,ST011,S004,S004_O00538,FUTURE_TIMESTAMP,2026-06-03T17:42:56.835Z,,,,,,,,,,,,
20260603,C0195,2026-06-03T17:39:02.237833,O00539,Completed,2026-06-03T18:04:58.484Z,Cash,orders_S004_20260603.json,ST002,S004,S004_O00539,FUTURE_TIMESTAMP,2026-06-03T17:42:56.835Z,,,,,,,,,,,,
20260603,C0061,2026-06-03T17:39:02.237833,O00540,Completed,2026-06-03T21:13:57.484Z,UPI,orders_S004_20260603.json,ST002,S004,S004_O00540,FUTURE_TIMESTAMP,2026-06-03T17:42:56.835Z,,,,,,,,,,,,
20260603,C0247,2026-06-03T17:39:02.237833,O00541,Completed,2026-06-03T20:41:47.484Z,UPI,orders_S004_20260603.json,ST008,S004,S004_O00541,FUTURE_TIMESTAMP,2026-06-03T17:42:56.835Z,,,,,,,,,,,,
20260603,C0182,2026-06-03T17:39:02.237833,O00542,Completed,2026-06-03T18:27:47.484Z,Cash,orders_S004_20260603.json,ST007,S004,S004_O00542,FUTURE_TIMESTAMP,2026-06-03T17:42:56.835Z,,,,,,,,,,,,
20260603,C0301,2026-06-03T17:39:02.237833,O00543,Completed,2026-06-03T19:40:54.484Z,UPI,orders_S004_20260603.json,ST005,S004,S004_O00543,FUTURE_TIMESTAMP,2026-06-03T17:42:56.835Z,,,,,,,,,,,,
20260603,C0420,2026-06-03T17:39:02.237833,O00546,Completed,2026-06-03T20:50:28.484Z,UPI,orders_S004_20260603.json,ST009,S004,S004_O00546,FUTURE_TIMESTAMP,2026-06-03T17:42:56.835Z,,,,,,,,,,,,
20260603,C0131,2026-06-03T17:39:02.237833,O00547,Completed,2026-06-03T20:02:21.484Z,UPI,orders_S004_20260603.json,ST013,S004,S004_O00547,FUTURE_TIMESTAMP,2026-06-03T17:42:56.835Z,,,,,,,,,,,,
20260603,C0265,2026-06-03T17:39:02.237833,O00549,Completed,2026-06-03T18:15:15.484Z,Cash,orders_S004_20260603.json,ST005,S004,S004_O00549,FUTURE_TIMESTAMP,2026-06-03T17:42:56.835Z,,,,,,,,,,,,
20260603,,2026-06-03T17:39:02.237833,O00550,Completed,2026-06-03T19:46:42.484Z,UPI,orders_S004_20260603.json,ST013,S004,S004_O00550,MISSING_CUSTOMER_ID,2026-06-03T17:42:56.835Z,,,,,,,,,,,,
20260603,C0139,2026-06-03T17:39:02.237833,O00551,Completed,2026-06-03T20:39:11.484Z,UPI,orders_S004_20260603.json,ST008,S004,S004_O00551,FUTURE_TIMESTAMP,2026-06-03T17:42:56.835Z,,,,,,,,,,,,
20260603,C0060,2026-06-03T17:39:02.237833,O00553,Completed,2026-06-03T19:31:36.484Z,Cash,orders_S004_20260603.json,ST009,S004,S004_O00553,FUTURE_TIMESTAMP,2026-06-03T17:42:56.835Z,,,,,,,,,,,,
20260603,C0208,2026-06-03T17:39:02.237833,O00555,Completed,2026-06-03T19:54:11.484Z,UPI,orders_S004_20260603.json,ST004,S004,S004_O00555,FUTURE_TIMESTAMP,2026-06-03T17:42:56.835Z,,,,,,,,,,,,
20260603,C0011,2026-06-03T17:39:02.237833,O00556,Completed,2026-06-03T20:47:15.484Z,UPI,orders_S004_20260603.json,ST015,S004,S004_O00556,FUTURE_TIMESTAMP,2026-06-03T17:42:56.835Z,,,,,,,,,,,,
20260603,C0231,2026-06-03T17:39:02.237833,O00559,Completed,2026-06-03T20:18:27.484Z,UPI,orders_S004_20260603.json,ST005,S004,S004_O00559,FUTURE_TIMESTAMP,2026-06-03T17:42:56.835Z,,,,,,,,,,,,
20260603,C0180,2026-06-03T17:39:02.237833,O00560,Completed,2026-06-03T19:54:40.484Z,UPI,orders_S004_20260603.json,ST003,S004,S004_O00560,FUTURE_TIMESTAMP,2026-06-03T17:42:56.835Z,,,,,,,,,,,,
20260603,C0292,2026-06-03T17:39:02.237833,O00562,Completed,2026-06-03T20:38:46.484Z,UPI,orders_S004_20260603.json,ST006,S004,S004_O00562,FUTURE_TIMESTAMP,2026-06-03T17:42:56.835Z,,,,,,,,,,,,
20260603,C0129,2026-06-03T17:39:02.237833,O00563,Completed,2026-06-03T20:39:11.484Z,UPI,orders_S004_20260603.json,ST003,S004,S004_O00563,FUTURE_TIMESTAMP,2026-06-03T17:42:56.835Z,,,,,,,,,,,,
20260603,C0167,2026-06-03T17:39:02.237833,O00566,Completed,2026-06-03T20:10:50.484Z,Cash,orders_S004_20260603.json,ST006,S004,S004_O00566,FUTURE_TIMESTAMP,2026-06-03T17:42:56.835Z,,,,,,,,,,,,
20260603,C0222,2026-06-03T17:39:02.237833,O00567,Completed,2026-06-03T21:11:49.484Z,Cash,orders_S004_20260603.json,ST008,S004,S004_O00567,FUTURE_TIMESTAMP,2026-06-03T17:42:56.835Z,,,,,,,,,,,,
20260603,C0109,2026-06-03T17:39:02.237833,O00569,Completed,2026-06-03T19:38:47.484Z,Card,orders_S004_20260603.json,ST012,S004,S004_O00569,FUTURE_TIMESTAMP,2026-06-03T17:42:56.835Z,,,,,,,,,,,,
20260603,C0199,2026-06-03T17:39:02.237833,O00571,Completed,2026-06-03T18:32:08.484Z,UPI,orders_S004_20260603.json,ST001,S004,S004_O00571,FUTURE_TIMESTAMP,2026-06-03T17:42:56.835Z,,,,,,,,,,,,
20260603,C0314,2026-06-03T17:39:02.237833,O00572,Completed,2026-06-03T19:12:11.484Z,UPI,orders_S004_20260603.json,ST009,S004,S004_O00572,FUTURE_TIMESTAMP,2026-06-03T17:42:56.835Z,,,,,,,,,,,,
20260603,C0141,2026-06-03T17:39:02.237833,O00575,Completed,2026-06-03T20:49:10.484Z,Cash,orders_S004_20260603.json,ST012,S004,S004_O00575,FUTURE_TIMESTAMP,2026-06-03T17:42:56.835Z,,,,,,,,,,,,
20260603,C0054,2026-06-03T17:39:02.237833,O00577,Completed,2026-06-03T19:26:29.484Z,UPI,orders_S004_20260603.json,ST014,S004,S004_O00577,FUTURE_TIMESTAMP,2026-06-03T17:42:56.835Z,,,,,,,,,,,,
20260603,C0262,2026-06-03T17:39:02.237833,O00579,Completed,2026-06-03T18:49:48.484Z,Cash,orders_S004_20260603.json,ST008,S004,S004_O00579,FUTURE_TIMESTAMP,2026-06-03T17:42:56.835Z,,,,,,,,,,,,
20260603,C0378,2026-06-03T17:39:02.237833,O00580,Completed,2026-06-03T19:33:39.484Z,UPI,orders_S004_20260603.json,ST005,S004,S004_O00580,FUTURE_TIMESTAMP,2026-06-03T17:42:56.835Z,,,,,,,,,,,,
20260603,C0378,2026-06-03T17:39:02.237833,O00581,Completed,2026-06-03T20:10:18.484Z,Card,orders_S004_20260603.json,ST014,S004,S004_O00581,FUTURE_TIMESTAMP,2026-06-03T17:42:56.835Z,,,,,,,,,,,,
20260603,C0071,2026-06-03T17:39:02.237833,O00582,Completed,2026-06-03T18:02:18.484Z,UPI,orders_S004_20260603.json,ST010,S004,S004_O00582,FUTURE_TIMESTAMP,2026-06-03T17:42:56.835Z,,,,,,,,,,,,
20260603,C0196,2026-06-03T17:39:02.237833,O00583,Completed,2026-06-03T20:04:16.484Z,UPI,orders_S004_20260603.json,ST010,S004,S004_O00583,FUTURE_TIMESTAMP,2026-06-03T17:42:56.835Z,,,,,,,,,,,,
20260603,C0066,2026-06-03T17:39:02.237833,O00585,Completed,2026-06-03T20:35:37.484Z,UPI,orders_S004_20260603.json,ST010,S004,S004_O00585,FUTURE_TIMESTAMP,2026-06-03T17:42:56.835Z,,,,,,,,,,,,
20260603,C0057,2026-06-03T17:39:02.237833,O00587,Completed,2026-06-03T20:58:51.484Z,UPI,orders_S004_20260603.json,ST007,S004,S004_O00587,FUTURE_TIMESTAMP,2026-06-03T17:42:56.835Z,,,,,,,,,,,,
20260603,C0174,2026-06-03T17:39:02.237833,O00588,Completed,2026-06-03T20:14:15.484Z,UPI,orders_S004_20260603.json,ST013,S004,S004_O00588,FUTURE_TIMESTAMP,2026-06-03T17:42:56.835Z,,,,,,,,,,,,
20260603,C0016,2026-06-03T17:39:02.237833,O00589,Completed,2026-06-03T19:35:39.484Z,UPI,orders_S004_20260603.json,ST011,S004,S004_O00589,FUTURE_TIMESTAMP,2026-06-03T17:42:56.835Z,,,,,,,,,,,,
20260603,C0371,2026-06-03T17:39:02.237833,O00591,Completed,2026-06-03T18:43:32.484Z,Card,orders_S004_20260603.json,ST007,S004,S004_O00591,FUTURE_TIMESTAMP,2026-06-03T17:42:56.835Z,,,,,,,,,,,,
20260603,C0308,2026-06-03T17:39:02.237833,O00594,Completed,2026-06-03T20:29:32.484Z,UPI,orders_S004_20260603.json,ST007,S004,S004_O00594,FUTURE_TIMESTAMP,2026-06-03T17:42:56.835Z,,,,,,,,,,,,
20260603,C0340,2026-06-03T17:39:02.237833,O00595,Completed,2026-06-03T19:36:25.484Z,Card,orders_S004_20260603.json,ST004,S004,S004_O00595,FUTURE_TIMESTAMP,2026-06-03T17:42:56.835Z,,,,,,,,,,,,
20260603,C0183,2026-06-03T17:39:02.237833,O00596,Completed,2026-06-03T19:46:23.484Z,UPI,orders_S004_20260603.json,ST010,S004,S004_O00596,FUTURE_TIMESTAMP,2026-06-03T17:42:56.835Z,,,,,,,,,,,,
20260603,C0384,2026-06-03T17:39:02.237833,O00598,Completed,2026-06-03T18:42:41.484Z,UPI,orders_S004_20260603.json,ST015,S004,S004_O00598,FUTURE_TIMESTAMP,2026-06-03T17:42:56.835Z,,,,,,,,,,,,
20260603,C0081,2026-06-03T17:39:02.237833,O00599,Completed,2026-06-03T17:57:06.484Z,UPI,orders_S004_20260603.json,ST011,S004,S004_O00599,FUTURE_TIMESTAMP,2026-06-03T17:42:56.835Z,,,,,,,,,,,,
20260603,C0200,2026-06-03T17:39:02.237833,O00600,Completed,2026-06-03T20:39:58.484Z,Cash,orders_S004_20260603.json,ST003,S004,S004_O00600,FUTURE_TIMESTAMP,2026-06-03T17:42:56.835Z,,,,,,,,,,,,
20260603,C0091,2026-06-03T17:39:02.237833,O00603,Completed,2026-06-03T21:58:11.484Z,Cash,orders_S004_20260603.json,ST014,S004,S004_O00603,FUTURE_TIMESTAMP,2026-06-03T17:42:56.835Z,,,,,,,,,,,,
20260603,C0176,2026-06-03T17:39:02.237833,O00605,Completed,2026-06-03T21:21:56.484Z,UPI,orders_S004_20260603.json,ST006,S004,S004_O00605,FUTURE_TIMESTAMP,2026-06-03T17:42:56.835Z,,,,,,,,,,,,
20260603,C0082,2026-06-03T17:39:02.237833,O00607,Completed,2026-06-03T19:15:29.484Z,UPI,orders_S004_20260603.json,ST006,S004,S004_O00607,FUTURE_TIMESTAMP,2026-06-03T17:42:56.835Z,,,,,,,,,,,,
20260603,C0036,2026-06-03T17:39:02.237833,O00609,Completed,2026-06-03T19:12:05.484Z,UPI,orders_S004_20260603.json,ST013,S004,S004_O00609,FUTURE_TIMESTAMP,2026-06-03T17:42:56.835Z,,,,,,,,,,,,
20260603,C0252,2026-06-03T17:39:02.237833,O00610,Completed,2026-06-03T19:25:10.484Z,UPI,orders_S004_20260603.json,ST004,S004,S004_O00610,FUTURE_TIMESTAMP,2026-06-03T17:42:56.835Z,,,,,,,,,,,,
20260603,C0192,2026-06-03T17:39:02.237833,O00612,Completed,2026-06-03T20:19:40.484Z,UPI,orders_S004_20260603.json,ST013,S004,S004_O00612,FUTURE_TIMESTAMP,2026-06-03T17:42:56.835Z,,,,,,,,,,,,
20260603,C0392,2026-06-03T17:39:02.237833,O00617,Completed,2026-06-03T19:26:58.484Z,Cash,orders_S004_20260603.json,ST009,S004,S004_O00617,FUTURE_TIMESTAMP,2026-06-03T17:42:56.835Z,,,,,,,,,,,,
20260603,C0272,2026-06-03T17:39:02.237833,O00618,Completed,2026-06-03T19:15:44.484Z,UPI,orders_S004_20260603.json,ST007,S004,S004_O00618,FUTURE_TIMESTAMP,2026-06-03T17:42:56.835Z,,,,,,,,,,,,
20260603,C0346,2026-06-03T17:39:02.237833,O00619,Completed,2026-06-03T19:19:24.484Z,Card,orders_S004_20260603.json,ST002,S004,S004_O00619,FUTURE_TIMESTAMP,2026-06-03T17:42:56.835Z,,,,,,,,,,,,
20260603,C0356,2026-06-03T17:39:02.237833,O00620,Completed,2026-06-03T19:49:26.484Z,UPI,orders_S004_20260603.json,ST014,S004,S004_O00620,FUTURE_TIMESTAMP,2026-06-03T17:42:56.835Z,,,,,,,,,,,,
20260603,C0046,2026-06-03T17:39:02.237833,O00621,Completed,2026-06-03T18:07:06.484Z,Card,orders_S004_20260603.json,ST013,S004,S004_O00621,FUTURE_TIMESTAMP,2026-06-03T17:42:56.835Z,,,,,,,,,,,,
20260603,C0057,2026-06-03T17:39:02.237833,O00624,Completed,2026-06-03T18:55:39.484Z,UPI,orders_S004_20260603.json,ST009,S004,S004_O00624,FUTURE_TIMESTAMP,2026-06-03T17:42:56.835Z,,,,,,,,,,,,
20260603,C0366,2026-06-03T17:39:02.237833,O00625,Completed,2026-06-03T19:00:01.484Z,UPI,orders_S004_20260603.json,ST010,S004,S004_O00625,FUTURE_TIMESTAMP,2026-06-03T17:42:56.835Z,,,,,,,,,,,,
20260603,C0077,2026-06-03T17:39:02.237833,O00626,Completed,2027-06-03T16:27:46.484Z,Cash,orders_S004_20260603.json,ST006,S004,S004_O00626,FUTURE_TIMESTAMP,2026-06-03T17:42:56.835Z,,,,,,,,,,,,
20260603,C0051,2026-06-03T17:39:02.237833,O00629,Completed,2026-06-03T20:40:26.484Z,UPI,orders_S004_20260603.json,ST004,S004,S004_O00629,FUTURE_TIMESTAMP,2026-06-03T17:42:56.835Z,,,,,,,,,,,,
20260603,C0219,2026-06-03T17:39:02.237833,O00630,Completed,2026-06-03T20:11:23.484Z,UPI,orders_S004_20260603.json,ST013,S004,S004_O00630,FUTURE_TIMESTAMP,2026-06-03T17:42:56.835Z,,,,,,,,,,,,
20260603,C0022,2026-06-03T17:39:02.237833,O00632,Completed,2026-06-03T21:34:54.484Z,UPI,orders_S004_20260603.json,ST013,S004,S004_O00632,FUTURE_TIMESTAMP,2026-06-03T17:42:56.835Z,,,,,,,,,,,,
20260603,C0022,2026-06-03T17:39:02.237833,O00637,Completed,2026-06-03T21:55:34.484Z,Crypto,orders_S004_20260603.json,ST014,S004,S004_O00637,INVALID_PAYMENT_MODE: Crypto,2026-06-03T17:42:56.835Z,,,,,,,,,,,,
20260603,C0416,2026-06-03T17:39:02.237833,O00639,Completed,2026-06-03T20:14:01.484Z,UPI,orders_S004_20260603.json,ST001,S004,S004_O00639,FUTURE_TIMESTAMP,2026-06-03T17:42:56.835Z,,,,,,,,,,,,
20260603,C0289,2026-06-03T17:39:02.237833,O00640,Completed,2026-06-03T21:01:21.484Z,UPI,orders_S004_20260603.json,ST006,S004,S004_O00640,FUTURE_TIMESTAMP,2026-06-03T17:42:56.835Z,,,,,,,,,,,,
20260603,C0190,2026-06-03T17:39:02.237833,O00641,Completed,2026-06-03T19:40:49.484Z,Cash,orders_S004_20260603.json,ST003,S004,S004_O00641,FUTURE_TIMESTAMP,2026-06-03T17:42:56.835Z,,,,,,,,,,,,
20260603,C0113,2026-06-03T17:39:02.237833,O00642,Completed,2026-06-03T21:03:18.484Z,UPI,orders_S004_20260603.json,ST014,S004,S004_O00642,FUTURE_TIMESTAMP,2026-06-03T17:42:56.835Z,,,,,,,,,,,,
20260603,C0155,2026-06-03T17:39:02.237833,O00643,Completed,2026-06-03T18:55:12.484Z,UPI,orders_S004_20260603.json,ST006,S004,S004_O00643,FUTURE_TIMESTAMP,2026-06-03T17:42:56.835Z,,,,,,,,,,,,
20260603,C0031,2026-06-03T17:39:02.237833,O00644,Completed,2026-06-03T18:04:56.484Z,UPI,orders_S004_20260603.json,ST001,S004,S004_O00644,FUTURE_TIMESTAMP,2026-06-03T17:42:56.835Z,,,,,,,,,,,,
20260603,C0295,2026-06-03T17:39:02.237833,O00645,Completed,2026-06-03T19:52:39.484Z,UPI,orders_S004_20260603.json,ST002,S004,S004_O00645,FUTURE_TIMESTAMP,2026-06-03T17:42:56.835Z,,,,,,,,,,,,
20260603,C0001,2026-06-03T17:39:02.237833,O00646,Completed,2026-06-03T19:21:15.484Z,UPI,orders_S004_20260603.json,ST012,S004,S004_O00646,FUTURE_TIMESTAMP,2026-06-03T17:42:56.835Z,,,,,,,,,,,,
20260603,C0091,2026-06-03T17:39:02.237833,O00647,Completed,2027-06-03T18:24:28.484Z,Card,orders_S004_20260603.json,ST010,S004,S004_O00647,FUTURE_TIMESTAMP,2026-06-03T17:42:56.835Z,,,,,,,,,,,,
20260603,C0073,2026-06-03T17:39:02.237833,O00651,Completed,2026-06-03T20:17:02.484Z,UPI,orders_S004_20260603.json,ST014,S004,S004_O00651,FUTURE_TIMESTAMP,2026-06-03T17:42:56.835Z,,,,,,,,,,,,
20260603,C0199,2026-06-03T17:39:02.237833,O00652,Completed,2026-06-03T18:42:27.484Z,Cash,orders_S004_20260603.json,ST010,S004,S004_O00652,FUTURE_TIMESTAMP,2026-06-03T17:42:56.835Z,,,,,,,,,,,,
20260603,C0416,2026-06-03T17:39:02.237833,O00654,Completed,2026-06-03T20:18:15.484Z,Card,orders_S004_20260603.json,ST012,S004,S004_O00654,FUTURE_TIMESTAMP,2026-06-03T17:42:56.835Z,,,,,,,,,,,,
20260603,C0215,2026-06-03T17:39:02.237833,O00659,Completed,2026-06-03T20:00:33.484Z,Cash,orders_S004_20260603.json,ST010,S004,S004_O00659,FUTURE_TIMESTAMP,2026-06-03T17:42:56.835Z,,,,,,,,,,,,
20260603,C0110,2026-06-03T17:39:02.237833,O00660,Completed,2026-06-03T14:05:17.484Z,Crypto,orders_S004_20260603.json,ST012,S004,S004_O00660,INVALID_PAYMENT_MODE: Crypto,2026-06-03T17:42:56.835Z,,,,,,,,,,,,
20260603,C0037,2026-06-03T17:39:02.237833,O00662,Completed,2026-06-03T20:40:40.484Z,Card,orders_S004_20260603.json,ST004,S004,S004_O00662,FUTURE_TIMESTAMP,2026-06-03T17:42:56.835Z,,,,,,,,,,,,
20260603,C0161,2026-06-03T17:39:02.237833,O00663,Completed,2026-06-03T21:04:05.484Z,Card,orders_S004_20260603.json,ST014,S004,S004_O00663,FUTURE_TIMESTAMP,2026-06-03T17:42:56.835Z,,,,,,,,,,,,
20260603,C0177,2026-06-03T17:39:02.237833,O00664,Completed,2026-06-03T20:17:06.484Z,Cash,orders_S004_20260603.json,ST008,S004,S004_O00664,FUTURE_TIMESTAMP,2026-06-03T17:42:56.835Z,,,,,,,,,,,,
20260603,C0047,2026-06-03T17:39:02.237833,O00666,Completed,2026-06-03T20:14:47.484Z,Card,orders_S004_20260603.json,ST001,S004,S004_O00666,FUTURE_TIMESTAMP,2026-06-03T17:42:56.835Z,,,,,,,,,,,,
20260603,C0373,2026-06-03T17:39:02.237833,O00667,Completed,2026-06-03T18:12:09.484Z,UPI,orders_S004_20260603.json,ST008,S004,S004_O00667,FUTURE_TIMESTAMP,2026-06-03T17:42:56.835Z,,,,,,,,,,,,
20260603,C0355,2026-06-03T17:39:02.237833,O00668,Completed,2026-06-03T20:49:11.484Z,UPI,orders_S004_20260603.json,ST006,S004,S004_O00668,FUTURE_TIMESTAMP,2026-06-03T17:42:56.835Z,,,,,,,,,,,,
20260603,C0134,2026-06-03T17:39:02.237833,O00669,Completed,2026-06-03T19:24:56.484Z,UPI,orders_S004_20260603.json,ST010,S004,S004_O00669,FUTURE_TIMESTAMP,2026-06-03T17:42:56.835Z,,,,,,,,,,,,
20260603,C0180,2026-06-03T17:39:02.237833,O00670,Completed,2026-06-03T19:33:49.484Z,UPI,orders_S004_20260603.json,ST013,S004,S004_O00670,FUTURE_TIMESTAMP,2026-06-03T17:42:56.835Z,,,,,,,,,,,,
20260603,C0235,2026-06-03T17:39:02.237833,O00671,Completed,2026-06-03T19:16:13.484Z,Card,orders_S004_20260603.json,ST015,S004,S004_O00671,FUTURE_TIMESTAMP,2026-06-03T17:42:56.835Z,,,,,,,,,,,,
20260603,C0030,2026-06-03T17:39:02.237833,O00673,Completed,2026-06-03T18:12:03.484Z,Cash,orders_S004_20260603.json,ST002,S004,S004_O00673,FUTURE_TIMESTAMP,2026-06-03T17:42:56.835Z,,,,,,,,,,,,
20260603,C0052,2026-06-03T17:39:02.237833,O00674,Completed,2026-06-03T19:58:10.484Z,Cash,orders_S004_20260603.json,ST002,S004,S004_O00674,FUTURE_TIMESTAMP,2026-06-03T17:42:56.835Z,,,,,,,,,,,,
20260603,C0355,2026-06-03T17:39:02.237833,O00675,Completed,2026-06-03T19:51:02.484Z,Card,orders_S004_20260603.json,ST007,S004,S004_O00675,FUTURE_TIMESTAMP,2026-06-03T17:42:56.835Z,,,,,,,,,,,,
20260603,C0094,2026-06-03T17:39:02.237833,O00676,Completed,2026-06-03T19:06:42.484Z,UPI,orders_S004_20260603.json,ST015,S004,S004_O00676,FUTURE_TIMESTAMP,2026-06-03T17:42:56.835Z,,,,,,,,,,,,
20260603,C0014,2026-06-03T17:39:02.237833,O00677,Completed,2026-06-03T19:28:50.484Z,UPI,orders_S004_20260603.json,ST010,S004,S004_O00677,FUTURE_TIMESTAMP,2026-06-03T17:42:56.835Z,,,,,,,,,,,,
20260603,C0078,2026-06-03T17:39:02.237833,O00679,Completed,2026-06-03T17:58:57.484Z,UPI,orders_S004_20260603.json,ST008,S004,S004_O00679,FUTURE_TIMESTAMP,2026-06-03T17:42:56.835Z,,,,,,,,,,,,
20260603,C0046,2026-06-03T17:39:02.237833,O00681,Completed,2026-06-03T19:31:46.484Z,Cash,orders_S004_20260603.json,ST004,S004,S004_O00681,FUTURE_TIMESTAMP,2026-06-03T17:42:56.835Z,,,,,,,,,,,,
20260603,C0304,2026-06-03T17:39:02.237833,O00682,Completed,2026-06-03T19:55:44.484Z,Cash,orders_S004_20260603.json,ST008,S004,S004_O00682,FUTURE_TIMESTAMP,2026-06-03T17:42:56.835Z,,,,,,,,,,,,
20260603,C0240,2026-06-03T17:39:02.237833,O00684,Completed,2026-06-03T20:16:50.484Z,Card,orders_S004_20260603.json,ST008,S004,S004_O00684,FUTURE_TIMESTAMP,2026-06-03T17:42:56.835Z,,,,,,,,,,,,
20260603,C0067,2026-06-03T17:39:02.237833,O00685,Completed,2026-06-03T20:28:31.484Z,Card,orders_S004_20260603.json,ST012,S004,S004_O00685,FUTURE_TIMESTAMP,2026-06-03T17:42:56.835Z,,,,,,,,,,,,
20260603,C0215,2026-06-03T17:39:02.237833,O00686,Completed,2026-06-03T19:27:32.484Z,UPI,orders_S004_20260603.json,ST009,S004,S004_O00686,FUTURE_TIMESTAMP,2026-06-03T17:42:56.835Z,,,,,,,,,,,,
20260603,C0010,2026-06-03T17:39:02.237833,O00688,Completed,2026-06-03T18:41:33.484Z,UPI,orders_S004_20260603.json,ST001,S004,S004_O00688,FUTURE_TIMESTAMP,2026-06-03T17:42:56.835Z,,,,,,,,,,,,
20260603,C0015,2026-06-03T17:39:02.237833,O00689,Completed,2026-06-03T20:07:50.484Z,UPI,orders_S004_20260603.json,ST012,S004,S004_O00689,FUTURE_TIMESTAMP,2026-06-03T17:42:56.835Z,,,,,,,,,,,,
20260603,C0363,2026-06-03T17:39:02.237833,O00690,Completed,2026-06-03T20:02:58.484Z,Cash,orders_S004_20260603.json,ST001,S004,S004_O00690,FUTURE_TIMESTAMP,2026-06-03T17:42:56.835Z,,,,,,,,,,,,
20260603,C0408,2026-06-03T17:39:02.237833,O00691,Completed,2026-06-03T20:49:22.484Z,UPI,orders_S004_20260603.json,ST006,S004,S004_O00691,FUTURE_TIMESTAMP,2026-06-03T17:42:56.835Z,,,,,,,,,,,,
20260603,C0018,2026-06-03T17:39:02.237833,O00693,Completed,2026-06-03T18:05:54.484Z,Card,orders_S004_20260603.json,ST012,S004,S004_O00693,FUTURE_TIMESTAMP,2026-06-03T17:42:56.835Z,,,,,,,,,,,,
20260603,C0381,2026-06-03T17:39:02.237833,O00694,Completed,2026-06-03T19:23:08.484Z,Crypto,orders_S004_20260603.json,ST007,S004,S004_O00694,INVALID_PAYMENT_MODE: Crypto,2026-06-03T17:42:56.835Z,,,,,,,,,,,,
20260603,C0401,2026-06-03T17:39:02.237833,O00696,Completed,2026-06-03T21:42:40.484Z,Card,orders_S004_20260603.json,ST013,S004,S004_O00696,FUTURE_TIMESTAMP,2026-06-03T17:42:56.835Z,,,,,,,,,,,,
20260603,C0111,2026-06-03T17:39:02.237833,O00697,Completed,2026-06-03T21:59:45.484Z,Card,orders_S004_20260603.json,ST008,S004,S004_O00697,FUTURE_TIMESTAMP,2026-06-03T17:42:56.835Z,,,,,,,,,,,,
20260603,C0059,2026-06-03T17:39:02.237833,O00699,Completed,2026-06-03T19:30:58.484Z,UPI,orders_S004_20260603.json,ST008,S004,S004_O00699,FUTURE_TIMESTAMP,2026-06-03T17:42:56.835Z,,,,,,,,,,,,
20260603,C0252,2026-06-03T17:39:02.237833,O00700,Completed,2026-06-03T18:31:21.484Z,UPI,orders_S004_20260603.json,ST012,S004,S004_O00700,FUTURE_TIMESTAMP,2026-06-03T17:42:56.835Z,,,,,,,,,,,,
20260603,C0066,2026-06-03T17:39:02.237833,O00701,Completed,2026-06-03T21:24:57.484Z,UPI,orders_S004_20260603.json,ST002,S004,S004_O00701,FUTURE_TIMESTAMP,2026-06-03T17:42:56.835Z,,,,,,,,,,,,
20260603,C0397,2026-06-03T17:39:02.237833,O00702,Completed,2026-06-03T19:52:27.484Z,Cash,orders_S004_20260603.json,ST001,S004,S004_O00702,FUTURE_TIMESTAMP,2026-06-03T17:42:56.835Z,,,,,,,,,,,,
20260603,C0094,2026-06-03T17:39:02.237833,O00706,Completed,2026-06-03T19:49:03.484Z,UPI,orders_S004_20260603.json,ST005,S004,S004_O00706,FUTURE_TIMESTAMP,2026-06-03T17:42:56.835Z,,,,,,,,,,,,
20260603,C0069,2026-06-03T17:39:02.237833,O00707,Completed,2026-06-03T18:13:14.484Z,UPI,orders_S004_20260603.json,ST010,S004,S004_O00707,FUTURE_TIMESTAMP,2026-06-03T17:42:56.835Z,,,,,,,,,,,,
20260603,C0359,2026-06-03T17:39:02.237833,O00708,Completed,2026-06-03T20:37:19.484Z,UPI,orders_S004_20260603.json,ST002,S004,S004_O00708,FUTURE_TIMESTAMP,2026-06-03T17:42:56.835Z,,,,,,,,,,,,
20260603,C0038,2026-06-03T17:39:02.237833,O00709,Completed,2026-06-03T20:00:07.484Z,Cash,orders_S004_20260603.json,ST012,S004,S004_O00709,FUTURE_TIMESTAMP,2026-06-03T17:42:56.835Z,,,,,,,,,,,,
20260603,C0082,2026-06-03T17:39:02.237833,O00710,Completed,2026-06-03T20:59:23.484Z,Cash,orders_S004_20260603.json,ST002,S004,S004_O00710,FUTURE_TIMESTAMP,2026-06-03T17:42:56.835Z,,,,,,,,,,,,
20260603,C0274,2026-06-03T17:39:02.237833,O00711,Completed,2026-06-03T19:09:05.484Z,UPI,orders_S004_20260603.json,ST005,S004,S004_O00711,FUTURE_TIMESTAMP,2026-06-03T17:42:56.835Z,,,,,,,,,,,,
20260603,C0015,2026-06-03T17:39:02.237833,O00712,Completed,2026-06-03T19:33:32.484Z,Cash,orders_S004_20260603.json,ST001,S004,S004_O00712,FUTURE_TIMESTAMP,2026-06-03T17:42:56.835Z,,,,,,,,,,,,
20260603,C0327,2026-06-03T17:39:02.237833,O00713,Completed,2026-06-03T19:40:21.484Z,Cash,orders_S004_20260603.json,ST011,S004,S004_O00713,FUTURE_TIMESTAMP,2026-06-03T17:42:56.835Z,,,,,,,,,,,,
20260603,C0332,2026-06-03T17:39:02.237833,O00714,Completed,2026-06-03T19:58:30.484Z,UPI,orders_S004_20260603.json,ST003,S004,S004_O00714,FUTURE_TIMESTAMP,2026-06-03T17:42:56.835Z,,,,,,,,,,,,
20260603,C0068,2026-06-03T17:39:02.237833,O00715,Completed,2026-06-03T20:59:31.484Z,UPI,orders_S004_20260603.json,ST007,S004,S004_O00715,FUTURE_TIMESTAMP,2026-06-03T17:42:56.835Z,,,,,,,,,,,,
20260603,,2026-06-03T17:39:02.237833,O00716,Completed,2026-06-03T21:04:52.484Z,UPI,orders_S004_20260603.json,ST003,S004,S004_O00716,MISSING_CUSTOMER_ID,2026-06-03T17:42:56.835Z,,,,,,,,,,,,
20260603,C0084,2026-06-03T17:39:02.237833,O00717,Completed,2026-06-03T19:44:52.484Z,UPI,orders_S004_20260603.json,ST002,S004,S004_O00717,FUTURE_TIMESTAMP,2026-06-03T17:42:56.835Z,,,,,,,,,,,,
20260603,C0326,2026-06-03T17:39:02.237833,O00720,Completed,2026-06-03T19:57:41.484Z,UPI,orders_S004_20260603.json,ST006,S004,S004_O00720,FUTURE_TIMESTAMP,2026-06-03T17:42:56.835Z,,,,,,,,,,,,
20260603,C0132,2026-06-03T17:39:02.237833,O00722,Completed,2026-06-03T21:33:38.484Z,UPI,orders_S004_20260603.json,ST015,S004,S004_O00722,FUTURE_TIMESTAMP,2026-06-03T17:42:56.835Z,,,,,,,,,,,,
20260603,C0074,2026-06-03T17:39:02.237833,O00724,Completed,2026-06-03T18:40:37.484Z,UPI,orders_S004_20260603.json,ST011,S004,S004_O00724,FUTURE_TIMESTAMP,2026-06-03T17:42:56.835Z,,,,,,,,,,,,
20260603,C0087,2026-06-03T17:39:02.237833,O00725,Completed,2026-06-03T20:12:48.484Z,Cash,orders_S004_20260603.json,ST001,S004,S004_O00725,FUTURE_TIMESTAMP,2026-06-03T17:42:56.835Z,,,,,,,,,,,,
20260603,C0084,2026-06-03T17:39:02.237833,O00726,Completed,2026-06-03T20:14:01.484Z,Card,orders_S004_20260603.json,ST004,S004,S004_O00726,FUTURE_TIMESTAMP,2026-06-03T17:42:56.835Z,,,,,,,,,,,,
20260603,C0270,2026-06-03T17:39:02.237833,O00728,Completed,2026-06-03T21:32:39.484Z,UPI,orders_S004_20260603.json,ST003,S004,S004_O00728,FUTURE_TIMESTAMP,2026-06-03T17:42:56.835Z,,,,,,,,,,,,
20260603,C0152,2026-06-03T17:39:02.237833,O00729,Completed,2026-06-03T19:54:33.484Z,UPI,orders_S004_20260603.json,ST003,S004,S004_O00729,FUTURE_TIMESTAMP,2026-06-03T17:42:56.835Z,,,,,,,,,,,,
20260603,C0028,2026-06-03T17:39:02.237833,O00731,Completed,2026-06-03T20:41:27.484Z,Card,orders_S004_20260603.json,ST013,S004,S004_O00731,FUTURE_TIMESTAMP,2026-06-03T17:42:56.835Z,,,,,,,,,,,,
20260603,C0002,2026-06-03T17:39:02.237833,O00735,Completed,2026-06-03T20:00:30.484Z,UPI,orders_S004_20260603.json,ST004,S004,S004_O00735,FUTURE_TIMESTAMP,2026-06-03T17:42:56.835Z,,,,,,,,,,,,
20260603,C0252,2026-06-03T17:39:02.237833,O00737,Completed,2026-06-03T20:06:33.484Z,UPI,orders_S004_20260603.json,ST009,S004,S004_O00737,FUTURE_TIMESTAMP,2026-06-03T17:42:56.835Z,,,,,,,,,,,,
20260603,C0259,2026-06-03T17:39:02.237833,O00738,Completed,2026-06-03T20:32:15.484Z,Card,orders_S004_20260603.json,ST014,S004,S004_O00738,FUTURE_TIMESTAMP,2026-06-03T17:42:56.835Z,,,,,,,,,,,,
20260603,C0062,2026-06-03T17:39:02.237833,O00739,Completed,2026-06-03T20:02:11.484Z,Cash,orders_S004_20260603.json,ST011,S004,S004_O00739,FUTURE_TIMESTAMP,2026-06-03T17:42:56.835Z,,,,,,,,,,,,
20260603,C0230,2026-06-03T17:39:02.237833,O00740,Completed,2026-06-03T17:57:17.484Z,UPI,orders_S004_20260603.json,ST013,S004,S004_O00740,FUTURE_TIMESTAMP,2026-06-03T17:42:56.835Z,,,,,,,,,,,,
20260603,C0212,2026-06-03T17:39:02.237833,O00741,Completed,2026-06-03T19:25:55.484Z,UPI,orders_S004_20260603.json,ST010,S004,S004_O00741,FUTURE_TIMESTAMP,2026-06-03T17:42:56.835Z,,,,,,,,,,,,
20260603,C0053,2026-06-03T17:39:02.237833,O00742,Completed,2026-06-03T19:39:45.484Z,Cash,orders_S004_20260603.json,ST011,S004,S004_O00742,FUTURE_TIMESTAMP,2026-06-03T17:42:56.835Z,,,,,,,,,,,,
20260603,C0063,2026-06-03T17:39:02.237833,O00743,Completed,2026-06-03T20:10:17.484Z,UPI,orders_S004_20260603.json,ST002,S004,S004_O00743,FUTURE_TIMESTAMP,2026-06-03T17:42:56.835Z,,,,,,,,,,,,
20260603,C0364,2026-06-03T17:39:02.237833,O00745,Completed,2026-06-03T17:48:30.484Z,UPI,orders_S004_20260603.json,ST011,S004,S004_O00745,FUTURE_TIMESTAMP,2026-06-03T17:42:56.835Z,,,,,,,,,,,,
20260603,C0111,2026-06-03T17:39:02.237833,O00748,Completed,2026-06-03T18:39:09.484Z,UPI,orders_S004_20260603.json,ST014,S004,S004_O00748,FUTURE_TIMESTAMP,2026-06-03T17:42:56.835Z,,,,,,,,,,,,
20260603,C0068,2026-06-03T17:39:02.237833,O00749,Completed,2026-06-03T18:51:21.484Z,Card,orders_S004_20260603.json,ST002,S004,S004_O00749,FUTURE_TIMESTAMP,2026-06-03T17:42:56.835Z,,,,,,,,,,,,
20260603,C0339,2026-06-03T17:39:02.237833,O00750,Completed,2026-06-03T20:34:13.484Z,UPI,orders_S004_20260603.json,ST004,S004,S004_O00750,FUTURE_TIMESTAMP,2026-06-03T17:42:56.835Z,,,,,,,,,,,,
20260603,C0325,2026-06-03T17:39:02.237833,O00752,Completed,2026-06-03T20:57:16.484Z,Card,orders_S004_20260603.json,ST004,S004,S004_O00752,FUTURE_TIMESTAMP,2026-06-03T17:42:56.835Z,,,,,,,,,,,,
20260603,C0331,2026-06-03T17:39:02.237833,O00753,Completed,2026-06-03T20:49:35.484Z,Cash,orders_S004_20260603.json,ST007,S004,S004_O00753,FUTURE_TIMESTAMP,2026-06-03T17:42:56.835Z,,,,,,,,,,,,
20260603,C0399,2026-06-03T17:39:02.237833,O00754,Completed,2026-06-03T18:12:07.484Z,Cash,orders_S004_20260603.json,ST007,S004,S004_O00754,FUTURE_TIMESTAMP,2026-06-03T17:42:56.835Z,,,,,,,,,,,,
20260603,C0106,2026-06-03T17:39:02.237833,O00757,Completed,2026-06-03T21:07:14.484Z,UPI,orders_S004_20260603.json,ST009,S004,S004_O00757,FUTURE_TIMESTAMP,2026-06-03T17:42:56.835Z,,,,,,,,,,,,
20260603,C0308,2026-06-03T17:39:02.237833,O00758,Completed,2026-06-03T20:44:05.484Z,UPI,orders_S004_20260603.json,ST015,S004,S004_O00758,FUTURE_TIMESTAMP,2026-06-03T17:42:56.835Z,,,,,,,,,,,,
20260603,C0243,2026-06-03T17:39:02.237833,O00760,Completed,2026-06-03T19:36:34.484Z,Card,orders_S004_20260603.json,ST008,S004,S004_O00760,FUTURE_TIMESTAMP,2026-06-03T17:42:56.835Z,,,,,,,,,,,,
20260603,C0327,2026-06-03T17:39:02.237833,O00762,Completed,2026-06-03T21:32:55.484Z,UPI,orders_S004_20260603.json,ST008,S004,S004_O00762,FUTURE_TIMESTAMP,2026-06-03T17:42:56.835Z,,,,,,,,,,,,
20260603,C0023,2026-06-03T17:39:02.237833,O00763,Completed,2026-06-03T19:40:51.484Z,Cash,orders_S004_20260603.json,ST004,S004,S004_O00763,FUTURE_TIMESTAMP,2026-06-03T17:42:56.835Z,,,,,,,,,,,,
20260603,C0022,2026-06-03T17:39:02.237833,O00768,Completed,2026-06-03T20:32:24.484Z,Cash,orders_S004_20260603.json,ST008,S004,S004_O00768,FUTURE_TIMESTAMP,2026-06-03T17:42:56.835Z,,,,,,,,,,,,
20260603,C0068,2026-06-03T17:39:02.237833,O00770,Completed,2026-06-03T20:31:16.484Z,UPI,orders_S004_20260603.json,ST006,S004,S004_O00770,FUTURE_TIMESTAMP,2026-06-03T17:42:56.835Z,,,,,,,,,,,,
20260603,C0011,2026-06-03T17:39:02.237833,O00771,Completed,2026-06-03T20:20:47.484Z,Cash,orders_S004_20260603.json,ST007,S004,S004_O00771,FUTURE_TIMESTAMP,2026-06-03T17:42:56.835Z,,,,,,,,,,,,
20260603,C0009,2026-06-03T17:39:02.237833,O00772,Completed,2026-06-03T19:09:07.484Z,UPI,orders_S004_20260603.json,ST006,S004,S004_O00772,FUTURE_TIMESTAMP,2026-06-03T17:42:56.835Z,,,,,,,,,,,,
20260603,C0388,2026-06-03T17:39:02.237833,O00773,Completed,2026-06-03T19:49:37.484Z,UPI,orders_S004_20260603.json,ST015,S004,S004_O00773,FUTURE_TIMESTAMP,2026-06-03T17:42:56.835Z,,,,,,,,,,,,
20260603,C0197,2026-06-03T17:39:02.237833,O00776,Completed,2026-06-03T21:40:27.484Z,Card,orders_S004_20260603.json,ST010,S004,S004_O00776,FUTURE_TIMESTAMP,2026-06-03T17:42:56.835Z,,,,,,,,,,,,
20260603,C0349,2026-06-03T17:39:02.237833,O00778,Completed,2026-06-03T19:17:46.484Z,Card,orders_S004_20260603.json,ST012,S004,S004_O00778,FUTURE_TIMESTAMP,2026-06-03T17:42:56.835Z,,,,,,,,,,,,
20260603,C0404,2026-06-03T17:39:02.237833,O00779,Completed,2026-06-03T21:43:24.484Z,UPI,orders_S004_20260603.json,ST011,S004,S004_O00779,FUTURE_TIMESTAMP,2026-06-03T17:42:56.835Z,,,,,,,,,,,,
20260603,C0089,2026-06-03T17:39:02.237833,O00780,Completed,2026-06-03T20:24:05.484Z,UPI,orders_S004_20260603.json,ST009,S004,S004_O00780,FUTURE_TIMESTAMP,2026-06-03T17:42:56.835Z,,,,,,,,,,,,
20260603,C0180,2026-06-03T17:39:02.237833,O00784,Completed,2026-06-03T20:37:07.484Z,UPI,orders_S004_20260603.json,ST015,S004,S004_O00784,FUTURE_TIMESTAMP,2026-06-03T17:42:56.835Z,,,,,,,,,,,,
20260603,,2026-06-03T17:39:02.237833,O00785,Completed,2026-06-03T20:55:27.484Z,Cash,orders_S004_20260603.json,ST012,S004,S004_O00785,MISSING_CUSTOMER_ID,2026-06-03T17:42:56.835Z,,,,,,,,,,,,
20260603,C0294,2026-06-03T17:39:02.237833,O00786,Completed,2026-06-03T20:03:27.484Z,UPI,orders_S004_20260603.json,ST006,S004,S004_O00786,FUTURE_TIMESTAMP,2026-06-03T17:42:56.835Z,,,,,,,,,,,,
20260603,C0201,2026-06-03T17:39:02.237833,O00787,Completed,2026-06-03T20:56:04.484Z,UPI,orders_S004_20260603.json,ST013,S004,S004_O00787,FUTURE_TIMESTAMP,2026-06-03T17:42:56.835Z,,,,,,,,,,,,
20260603,C0047,2026-06-03T17:39:02.237833,O00788,Completed,2026-06-03T21:08:37.484Z,Card,orders_S004_20260603.json,ST003,S004,S004_O00788,FUTURE_TIMESTAMP,2026-06-03T17:42:56.835Z,,,,,,,,,,,,
20260603,C0009,2026-06-03T17:39:02.237833,O00789,Completed,2026-06-03T21:33:02.484Z,Card,orders_S004_20260603.json,ST010,S004,S004_O00789,FUTURE_TIMESTAMP,2026-06-03T17:42:56.835Z,,,,,,,,,,,,
20260603,C0157,2026-06-03T17:39:02.237833,O00790,Completed,2026-06-03T20:55:58.484Z,Cash,orders_S004_20260603.json,ST012,S004,S004_O00790,FUTURE_TIMESTAMP,2026-06-03T17:42:56.835Z,,,,,,,,,,,,
20260603,C0059,2026-06-03T17:39:02.237833,O00791,Completed,2026-06-03T20:56:22.484Z,UPI,orders_S004_20260603.json,ST010,S004,S004_O00791,FUTURE_TIMESTAMP,2026-06-03T17:42:56.835Z,,,,,,,,,,,,
20260603,C0265,2026-06-03T17:39:02.237833,O00793,Completed,2026-06-03T20:16:17.484Z,UPI,orders_S004_20260603.json,ST002,S004,S004_O00793,FUTURE_TIMESTAMP,2026-06-03T17:42:56.835Z,,,,,,,,,,,,
20260603,C0148,2026-06-03T17:39:02.237833,O00794,Completed,2026-06-03T20:32:29.484Z,UPI,orders_S004_20260603.json,ST001,S004,S004_O00794,FUTURE_TIMESTAMP,2026-06-03T17:42:56.835Z,,,,,,,,,,,,
20260603,C0068,2026-06-03T17:39:02.237833,O00797,Completed,2026-06-03T19:25:13.484Z,Card,orders_S004_20260603.json,ST005,S004,S004_O00797,FUTURE_TIMESTAMP,2026-06-03T17:42:56.835Z,,,,,,,,,,,,
20260603,C0207,2026-06-03T17:39:02.237833,O00799,Completed,2026-06-03T20:16:24.484Z,UPI,orders_S004_20260603.json,ST010,S004,S004_O00799,FUTURE_TIMESTAMP,2026-06-03T17:42:56.835Z,,,,,,,,,,,,
20260603,C0345,2026-06-03T17:39:02.237833,O00800,Completed,2026-06-03T21:24:59.484Z,Cash,orders_S004_20260603.json,ST011,S004,S004_O00800,FUTURE_TIMESTAMP,2026-06-03T17:42:56.835Z,,,,,,,,,,,,
20260603,C0079,2026-06-03T17:39:02.237833,O00801,Completed,2026-06-03T17:45:30.484Z,Card,orders_S004_20260603.json,ST001,S004,S004_O00801,FUTURE_TIMESTAMP,2026-06-03T17:42:56.835Z,,,,,,,,,,,,
20260603,C0023,2026-06-03T17:39:02.237833,O00802,Completed,2026-06-03T19:57:21.484Z,Card,orders_S004_20260603.json,ST010,S004,S004_O00802,FUTURE_TIMESTAMP,2026-06-03T17:42:56.835Z,,,,,,,,,,,,
20260603,C0013,2026-06-03T17:39:02.237833,O00803,Completed,2026-06-03T20:38:58.484Z,Cash,orders_S004_20260603.json,ST002,S004,S004_O00803,FUTURE_TIMESTAMP,2026-06-03T17:42:56.835Z,,,,,,,,,,,,
20260603,C0058,2026-06-03T17:39:02.237833,O00804,Completed,2026-06-03T19:28:55.484Z,UPI,orders_S004_20260603.json,ST004,S004,S004_O00804,FUTURE_TIMESTAMP,2026-06-03T17:42:56.835Z,,,,,,,,,,,,
20260603,C0205,2026-06-03T17:39:02.237833,O00805,Completed,2026-06-03T18:36:03.484Z,Cash,orders_S004_20260603.json,ST009,S004,S004_O00805,FUTURE_TIMESTAMP,2026-06-03T17:42:56.835Z,,,,,,,,,,,,
20260603,C0378,2026-06-03T17:39:02.237833,O00806,Completed,2026-06-03T20:32:20.484Z,Cash,orders_S004_20260603.json,ST005,S004,S004_O00806,FUTURE_TIMESTAMP,2026-06-03T17:42:56.835Z,,,,,,,,,,,,
20260603,C0277,2026-06-03T17:39:02.237833,O00807,Completed,2026-06-03T19:30:01.484Z,Cash,orders_S004_20260603.json,ST008,S004,S004_O00807,FUTURE_TIMESTAMP,2026-06-03T17:42:56.835Z,,,,,,,,,,,,
20260603,C0082,2026-06-03T17:39:02.237833,O00808,Completed,2026-06-03T21:40:28.484Z,Card,orders_S004_20260603.json,ST013,S004,S004_O00808,FUTURE_TIMESTAMP,2026-06-03T17:42:56.835Z,,,,,,,,,,,,
20260603,C0002,2026-06-03T17:39:02.237833,O00809,Completed,2026-06-03T19:45:11.484Z,Cash,orders_S004_20260603.json,ST007,S004,S004_O00809,FUTURE_TIMESTAMP,2026-06-03T17:42:56.835Z,,,,,,,,,,,,
20260603,C0197,2026-06-03T17:39:02.237833,O00812,Completed,2026-06-03T20:00:41.484Z,UPI,orders_S004_20260603.json,ST003,S004,S004_O00812,FUTURE_TIMESTAMP,2026-06-03T17:42:56.835Z,,,,,,,,,,,,
20260603,C0007,2026-06-03T17:39:02.237833,O00813,Completed,2026-06-03T18:56:08.484Z,Card,orders_S004_20260603.json,ST003,S004,S004_O00813,FUTURE_TIMESTAMP,2026-06-03T17:42:56.835Z,,,,,,,,,,,,
20260603,C0338,2026-06-03T17:39:02.237833,O00814,Completed,2026-06-03T20:47:06.484Z,Cash,orders_S004_20260603.json,ST014,S004,S004_O00814,FUTURE_TIMESTAMP,2026-06-03T17:42:56.835Z,,,,,,,,,,,,
20260603,C0383,2026-06-03T17:39:02.237833,O00816,Completed,2026-06-03T20:14:19.484Z,UPI,orders_S004_20260603.json,ST012,S004,S004_O00816,FUTURE_TIMESTAMP,2026-06-03T17:42:56.835Z,,,,,,,,,,,,
20260603,C0332,2026-06-03T17:39:02.237833,O00817,Completed,2026-06-03T19:18:01.484Z,UPI,orders_S004_20260603.json,ST007,S004,S004_O00817,FUTURE_TIMESTAMP,2026-06-03T17:42:56.835Z,,,,,,,,,,,,
20260603,C0144,2026-06-03T17:39:02.237833,O00818,Completed,2026-06-03T19:16:02.484Z,UPI,orders_S004_20260603.json,ST007,S004,S004_O00818,FUTURE_TIMESTAMP,2026-06-03T17:42:56.835Z,,,,,,,,,,,,
20260603,C0076,2026-06-03T17:39:02.237833,O00820,Completed,2026-06-03T20:37:39.484Z,UPI,orders_S004_20260603.json,ST011,S004,S004_O00820,FUTURE_TIMESTAMP,2026-06-03T17:42:56.835Z,,,,,,,,,,,,
20260603,C0004,2026-06-03T17:39:02.237833,O00821,Completed,2026-06-03T21:13:11.484Z,UPI,orders_S004_20260603.json,ST010,S004,S004_O00821,FUTURE_TIMESTAMP,2026-06-03T17:42:56.835Z,,,,,,,,,,,,
20260603,C0410,2026-06-03T17:39:02.237833,O00823,Completed,2026-06-03T18:17:25.484Z,Cash,orders_S004_20260603.json,ST006,S004,S004_O00823,FUTURE_TIMESTAMP,2026-06-03T17:42:56.835Z,,,,,,,,,,,,
20260603,C0065,2026-06-03T17:39:02.237833,O00824,Completed,2026-06-03T19:16:49.484Z,UPI,orders_S004_20260603.json,ST012,S004,S004_O00824,FUTURE_TIMESTAMP,2026-06-03T17:42:56.835Z,,,,,,,,,,,,
20260603,C0186,2026-06-03T17:39:02.237833,O00825,Completed,2026-06-03T17:52:27.484Z,Cash,orders_S004_20260603.json,ST002,S004,S004_O00825,FUTURE_TIMESTAMP,2026-06-03T17:42:56.835Z,,,,,,,,,,,,
20260603,C0063,2026-06-03T17:39:02.237833,O00826,Completed,2026-06-03T20:51:04.484Z,Cash,orders_S004_20260603.json,ST004,S004,S004_O00826,FUTURE_TIMESTAMP,2026-06-03T17:42:56.835Z,,,,,,,,,,,,
20260603,C0351,2026-06-03T17:39:02.237833,O00827,Completed,2026-06-03T20:33:51.484Z,Cash,orders_S004_20260603.json,ST004,S004,S004_O00827,FUTURE_TIMESTAMP,2026-06-03T17:42:56.835Z,,,,,,,,,,,,
20260603,C0401,2026-06-03T17:39:02.237833,O00829,Completed,2026-06-03T18:50:10.484Z,Cash,orders_S004_20260603.json,ST011,S004,S004_O00829,FUTURE_TIMESTAMP,2026-06-03T17:42:56.835Z,,,,,,,,,,,,
20260603,C0014,2026-06-03T17:39:02.237833,O00831,Completed,2026-06-03T18:54:40.484Z,UPI,orders_S004_20260603.json,ST009,S004,S004_O00831,FUTURE_TIMESTAMP,2026-06-03T17:42:56.835Z,,,,,,,,,,,,
20260603,C0311,2026-06-03T17:39:02.237833,O00832,Completed,2026-06-03T19:05:32.484Z,Card,orders_S004_20260603.json,ST009,S004,S004_O00832,FUTURE_TIMESTAMP,2026-06-03T17:42:56.835Z,,,,,,,,,,,,
20260603,C0353,2026-06-03T17:39:02.237833,O00834,Completed,2026-06-03T19:37:21.484Z,UPI,orders_S004_20260603.json,ST004,S004,S004_O00834,FUTURE_TIMESTAMP,2026-06-03T17:42:56.835Z,,,,,,,,,,,,
20260603,C0250,2026-06-03T17:39:02.237833,O00836,Completed,2026-06-03T20:10:10.484Z,UPI,orders_S004_20260603.json,ST008,S004,S004_O00836,FUTURE_TIMESTAMP,2026-06-03T17:42:56.835Z,,,,,,,,,,,,
20260603,C0275,2026-06-03T17:39:02.237833,O00837,Completed,2026-06-03T18:49:51.484Z,UPI,orders_S004_20260603.json,ST006,S004,S004_O00837,FUTURE_TIMESTAMP,2026-06-03T17:42:56.835Z,,,,,,,,,,,,
20260603,C0065,2026-06-03T17:39:02.237833,O00838,Completed,2026-06-03T20:25:38.484Z,UPI,orders_S004_20260603.json,ST009,S004,S004_O00838,FUTURE_TIMESTAMP,2026-06-03T17:42:56.835Z,,,,,,,,,,,,
20260603,C0408,2026-06-03T17:39:02.237833,O00840,Completed,2026-06-03T19:21:25.484Z,Cash,orders_S004_20260603.json,ST012,S004,S004_O00840,FUTURE_TIMESTAMP,2026-06-03T17:42:56.835Z,,,,,,,,,,,,
20260603,,2026-06-03T17:39:02.237833,O00841,Completed,2026-06-03T16:34:00.484Z,Card,orders_S004_20260603.json,ST004,S004,S004_O00841,MISSING_CUSTOMER_ID,2026-06-03T17:42:56.835Z,,,,,,,,,,,,
20260603,C0263,2026-06-03T17:39:02.237833,O00843,Completed,2026-06-03T19:14:47.484Z,UPI,orders_S004_20260603.json,ST004,S004,S004_O00843,FUTURE_TIMESTAMP,2026-06-03T17:42:56.835Z,,,,,,,,,,,,
20260603,C0032,2026-06-03T17:39:02.237833,O00844,Completed,2026-06-03T19:33:26.484Z,Card,orders_S004_20260603.json,ST015,S004,S004_O00844,FUTURE_TIMESTAMP,2026-06-03T17:42:56.835Z,,,,,,,,,,,,
20260603,C0083,2026-06-03T17:39:02.237833,O00845,Completed,2026-06-03T19:22:20.484Z,Card,orders_S004_20260603.json,ST006,S004,S004_O00845,FUTURE_TIMESTAMP,2026-06-03T17:42:56.835Z,,,,,,,,,,,,
20260603,C0015,2026-06-03T17:39:02.237833,O00846,Completed,2026-06-03T20:41:19.484Z,Cash,orders_S004_20260603.json,ST001,S004,S004_O00846,FUTURE_TIMESTAMP,2026-06-03T17:42:56.835Z,,,,,,,,,,,,
20260603,C0344,2026-06-03T17:39:02.237833,O00847,Completed,2026-06-03T20:31:55.484Z,Cash,orders_S004_20260603.json,ST013,S004,S004_O00847,FUTURE_TIMESTAMP,2026-06-03T17:42:56.835Z,,,,,,,,,,,,
20260603,C0226,2026-06-03T17:39:02.237833,O00850,Completed,2026-06-03T21:04:45.484Z,UPI,orders_S004_20260603.json,ST013,S004,S004_O00850,FUTURE_TIMESTAMP,2026-06-03T17:42:56.835Z,,,,,,,,,,,,
20260603,C0297,2026-06-03T17:39:02.237833,O00851,Completed,2026-06-03T18:42:39.484Z,UPI,orders_S004_20260603.json,ST010,S004,S004_O00851,FUTURE_TIMESTAMP,2026-06-03T17:42:56.835Z,,,,,,,,,,,,
20260603,C0148,2026-06-03T17:39:02.237833,O00852,Completed,2026-06-03T20:31:07.484Z,UPI,orders_S004_20260603.json,ST002,S004,S004_O00852,FUTURE_TIMESTAMP,2026-06-03T17:42:56.835Z,,,,,,,,,,,,
20260603,C0239,2026-06-03T17:39:02.237833,O00853,Completed,2026-06-03T19:19:47.484Z,UPI,orders_S004_20260603.json,ST002,S004,S004_O00853,FUTURE_TIMESTAMP,2026-06-03T17:42:56.835Z,,,,,,,,,,,,
20260603,C0072,2026-06-03T17:39:02.237833,O00854,Completed,2026-06-03T18:31:58.484Z,UPI,orders_S004_20260603.json,ST010,S004,S004_O00854,FUTURE_TIMESTAMP,2026-06-03T17:42:56.835Z,,,,,,,,,,,,
20260603,C0108,2026-06-03T17:39:02.237833,O00855,Completed,2026-06-03T19:50:30.484Z,Crypto,orders_S004_20260603.json,ST014,S004,S004_O00855,INVALID_PAYMENT_MODE: Crypto,2026-06-03T17:42:56.835Z,,,,,,,,,,,,
20260603,C0372,2026-06-03T17:39:02.237833,O00856,Completed,2026-06-03T18:15:43.484Z,UPI,orders_S004_20260603.json,ST004,S004,S004_O00856,FUTURE_TIMESTAMP,2026-06-03T17:42:56.835Z,,,,,,,,,,,,
20260603,C0163,2026-06-03T17:39:02.237833,O00857,Completed,2026-06-03T18:57:25.484Z,Cash,orders_S004_20260603.json,ST012,S004,S004_O00857,FUTURE_TIMESTAMP,2026-06-03T17:42:56.835Z,,,,,,,,,,,,
20260603,C0372,2026-06-03T17:39:02.237833,O00859,Completed,2026-06-03T19:17:52.484Z,Cash,orders_S004_20260603.json,ST003,S004,S004_O00859,FUTURE_TIMESTAMP,2026-06-03T17:42:56.835Z,,,,,,,,,,,,
20260603,C0296,2026-06-03T17:39:02.237833,O00863,Completed,2026-06-03T18:53:23.484Z,UPI,orders_S004_20260603.json,ST003,S004,S004_O00863,FUTURE_TIMESTAMP,2026-06-03T17:42:56.835Z,,,,,,,,,,,,
20260603,C0046,2026-06-03T17:39:02.237833,O00864,Completed,2026-06-03T19:09:31.484Z,UPI,orders_S004_20260603.json,ST013,S004,S004_O00864,FUTURE_TIMESTAMP,2026-06-03T17:42:56.835Z,,,,,,,,,,,,
20260603,C0204,2026-06-03T17:39:02.237833,O00865,Completed,2026-06-03T19:58:26.484Z,UPI,orders_S004_20260603.json,ST005,S004,S004_O00865,FUTURE_TIMESTAMP,2026-06-03T17:42:56.835Z,,,,,,,,,,,,
20260603,C0283,2026-06-03T17:39:02.237833,O00866,Completed,2026-06-03T18:49:38.484Z,Card,orders_S004_20260603.json,ST009,S004,S004_O00866,FUTURE_TIMESTAMP,2026-06-03T17:42:56.835Z,,,,,,,,,,,,
20260603,C0074,2026-06-03T17:39:02.237833,O00867,Completed,2026-06-03T19:17:35.484Z,UPI,orders_S004_20260603.json,ST014,S004,S004_O00867,FUTURE_TIMESTAMP,2026-06-03T17:42:56.835Z,,,,,,,,,,,,
20260603,C0044,2026-06-03T17:39:02.237833,O00868,Completed,2026-06-03T18:23:39.484Z,UPI,orders_S004_20260603.json,ST014,S004,S004_O00868,FUTURE_TIMESTAMP,2026-06-03T17:42:56.835Z,,,,,,,,,,,,
20260603,C0216,2026-06-03T17:39:02.237833,O00872,Completed,2026-06-03T18:59:29.484Z,UPI,orders_S004_20260603.json,ST014,S004,S004_O00872,FUTURE_TIMESTAMP,2026-06-03T17:42:56.835Z,,,,,,,,,,,,
20260603,C0079,2026-06-03T17:39:02.237833,O00873,Completed,2026-06-03T19:46:16.484Z,Card,orders_S004_20260603.json,ST007,S004,S004_O00873,FUTURE_TIMESTAMP,2026-06-03T17:42:56.835Z,,,,,,,,,,,,
20260603,C0344,2026-06-03T17:39:02.237833,O00874,Completed,2026-06-03T18:45:57.484Z,UPI,orders_S004_20260603.json,ST008,S004,S004_O00874,FUTURE_TIMESTAMP,2026-06-03T17:42:56.835Z,,,,,,,,,,,,
20260603,C0056,2026-06-03T17:39:02.237833,O00875,Completed,2026-06-03T21:18:16.484Z,Cash,orders_S004_20260603.json,ST006,S004,S004_O00875,FUTURE_TIMESTAMP,2026-06-03T17:42:56.835Z,,,,,,,,,,,,
20260603,C0051,2026-06-03T17:39:02.237833,O00876,Completed,2026-06-03T18:16:05.484Z,Cash,orders_S004_20260603.json,ST009,S004,S004_O00876,FUTURE_TIMESTAMP,2026-06-03T17:42:56.835Z,,,,,,,,,,,,
20260603,C0020,2026-06-03T17:39:02.237833,O00879,Completed,2026-06-03T20:44:27.484Z,UPI,orders_S004_20260603.json,ST008,S004,S004_O00879,FUTURE_TIMESTAMP,2026-06-03T17:42:56.835Z,,,,,,,,,,,,
20260603,C0283,2026-06-03T17:39:02.237833,O00880,Completed,2026-06-03T20:48:40.484Z,Cash,orders_S004_20260603.json,ST015,S004,S004_O00880,FUTURE_TIMESTAMP,2026-06-03T17:42:56.835Z,,,,,,,,,,,,
20260603,C0125,2026-06-03T17:39:02.237833,O00883,Completed,2026-06-03T18:38:19.484Z,UPI,orders_S004_20260603.json,ST015,S004,S004_O00883,FUTURE_TIMESTAMP,2026-06-03T17:42:56.835Z,,,,,,,,,,,,
20260603,C0014,2026-06-03T17:39:02.237833,O00884,Completed,2026-06-03T19:34:07.484Z,UPI,orders_S004_20260603.json,ST006,S004,S004_O00884,FUTURE_TIMESTAMP,2026-06-03T17:42:56.835Z,,,,,,,,,,,,
20260603,C0416,2026-06-03T17:39:02.237833,O00885,Completed,2026-06-03T18:48:46.484Z,Cash,orders_S004_20260603.json,ST014,S004,S004_O00885,FUTURE_TIMESTAMP,2026-06-03T17:42:56.835Z,,,,,,,,,,,,
20260603,C0356,2026-06-03T17:39:02.237833,O00886,Completed,2026-06-03T18:35:35.484Z,UPI,orders_S004_20260603.json,ST003,S004,S004_O00886,FUTURE_TIMESTAMP,2026-06-03T17:42:56.835Z,,,,,,,,,,,,
20260603,C0254,2026-06-03T17:39:02.237833,O00888,Completed,2026-06-03T20:50:19.484Z,UPI,orders_S004_20260603.json,ST009,S004,S004_O00888,FUTURE_TIMESTAMP,2026-06-03T17:42:56.835Z,,,,,,,,,,,,
20260603,C0017,2026-06-03T17:39:02.237833,O00890,Completed,2026-06-03T20:41:42.484Z,UPI,orders_S004_20260603.json,ST001,S004,S004_O00890,FUTURE_TIMESTAMP,2026-06-03T17:42:56.835Z,,,,,,,,,,,,
20260603,C0273,2026-06-03T17:39:02.237833,O00891,Completed,2026-06-03T18:08:56.484Z,UPI,orders_S004_20260603.json,ST007,S004,S004_O00891,FUTURE_TIMESTAMP,2026-06-03T17:42:56.835Z,,,,,,,,,,,,
20260603,C0405,2026-06-03T17:39:02.237833,O00892,Completed,2026-06-03T18:07:30.484Z,UPI,orders_S004_20260603.json,ST011,S004,S004_O00892,FUTURE_TIMESTAMP,2026-06-03T17:42:56.835Z,,,,,,,,,,,,
20260603,C0368,2026-06-03T17:39:02.237833,O00893,Completed,2026-06-03T21:13:08.484Z,Cash,orders_S004_20260603.json,ST008,S004,S004_O00893,FUTURE_TIMESTAMP,2026-06-03T17:42:56.835Z,,,,,,,,,,,,
20260603,C0064,2026-06-03T17:39:02.237833,O00895,Completed,2026-06-03T19:58:43.484Z,Cash,orders_S004_20260603.json,ST006,S004,S004_O00895,FUTURE_TIMESTAMP,2026-06-03T17:42:56.835Z,,,,,,,,,,,,
20260603,C0133,2026-06-03T17:39:02.237833,O00896,Completed,2026-06-03T19:15:48.484Z,UPI,orders_S004_20260603.json,ST013,S004,S004_O00896,FUTURE_TIMESTAMP,2026-06-03T17:42:56.835Z,,,,,,,,,,,,
20260603,,2026-06-03T17:39:02.237833,O00171,Completed,2026-06-03T17:02:55.484Z,Card,orders_S004_20260603.json,ST007,S004,S004_O00171,MISSING_CUSTOMER_ID,2026-06-03T17:42:56.835Z,,,,,,,,,,,,
20260603,,2026-06-03T17:39:02.237833,O00479,Completed,2026-06-03T18:44:32.484Z,UPI,orders_S004_20260603.json,ST011,S004,S004_O00479,MISSING_CUSTOMER_ID,2026-06-03T17:42:56.835Z,,,,,,,,,,,,
20260603,,2026-06-03T17:39:02.237833,O00841,Completed,2026-06-03T16:34:00.484Z,Card,orders_S004_20260603.json,ST004,S004,S004_O00841,MISSING_CUSTOMER_ID,2026-06-03T17:42:56.835Z,,,,,,,,,,,,
20260603,C0278,2026-06-03T17:39:04.695883,O00001,Completed,2026-06-03T19:18:12.100Z,UPI,orders_S002_20260603.json,ST002,S002,S002_O00001,FUTURE_TIMESTAMP,2026-06-03T17:42:56.835Z,,,,,,,,,,,,
20260603,C0155,2026-06-03T17:39:04.695883,O00002,Completed,2026-06-03T18:44:19.100Z,UPI,orders_S002_20260603.json,ST004,S002,S002_O00002,FUTURE_TIMESTAMP,2026-06-03T17:42:56.835Z,,,,,,,,,,,,
20260603,C0049,2026-06-03T17:39:04.695883,O00003,Completed,2026-06-03T21:01:22.100Z,UPI,orders_S002_20260603.json,ST010,S002,S002_O00003,FUTURE_TIMESTAMP,2026-06-03T17:42:56.835Z,,,,,,,,,,,,
20260603,C0414,2026-06-03T17:39:04.695883,O00004,Completed,2026-06-03T20:01:22.100Z,UPI,orders_S002_20260603.json,ST015,S002,S002_O00004,FUTURE_TIMESTAMP,2026-06-03T17:42:56.835Z,,,,,,,,,,,,
20260603,C0005,2026-06-03T17:39:04.695883,O00005,Completed,2026-06-03T19:49:04.100Z,UPI,orders_S002_20260603.json,ST003,S002,S002_O00005,FUTURE_TIMESTAMP,2026-06-03T17:42:56.835Z,,,,,,,,,,,,
20260603,C0304,2026-06-03T17:39:04.695883,O00008,Completed,2026-06-03T18:56:24.100Z,Cash,orders_S002_20260603.json,ST015,S002,S002_O00008,FUTURE_TIMESTAMP,2026-06-03T17:42:56.835Z,,,,,,,,,,,,
20260603,C0069,2026-06-03T17:39:04.695883,O00010,Completed,2026-06-03T21:14:17.100Z,UPI,orders_S002_20260603.json,ST002,S002,S002_O00010,FUTURE_TIMESTAMP,2026-06-03T17:42:56.835Z,,,,,,,,,,,,
20260603,C0068,2026-06-03T17:39:04.695883,O00014,Completed,2026-06-03T18:59:48.100Z,Cash,orders_S002_20260603.json,ST004,S002,S002_O00014,FUTURE_TIMESTAMP,2026-06-03T17:42:56.835Z,,,,,,,,,,,,
20260603,C0023,2026-06-03T17:39:04.695883,O00015,Completed,2026-06-03T19:55:55.100Z,UPI,orders_S002_20260603.json,ST005,S002,S002_O00015,FUTURE_TIMESTAMP,2026-06-03T17:42:56.835Z,,,,,,,,,,,,
20260603,C0005,2026-06-03T17:39:04.695883,O00017,Completed,2026-06-03T21:05:44.100Z,UPI,orders_S002_20260603.json,ST010,S002,S002_O00017,FUTURE_TIMESTAMP,2026-06-03T17:42:56.835Z,,,,,,,,,,,,
20260603,C0324,2026-06-03T17:39:04.695883,O00019,Completed,2026-06-03T19:01:07.100Z,UPI,orders_S002_20260603.json,ST004,S002,S002_O00019,FUTURE_TIMESTAMP,2026-06-03T17:42:56.835Z,,,,,,,,,,,,
20260603,C0449,2026-06-03T17:39:04.695883,O00020,Completed,2026-06-03T19:06:00.100Z,Card,orders_S002_20260603.json,ST014,S002,S002_O00020,FUTURE_TIMESTAMP,2026-06-03T17:42:56.835Z,,,,,,,,,,,,
20260603,,2026-06-03T17:39:04.695883,O00023,Completed,2026-06-03T18:06:04.100Z,UPI,orders_S002_20260603.json,ST009,S002,S002_O00023,MISSING_CUSTOMER_ID,2026-06-03T17:42:56.835Z,,,,,,,,,,,,
20260603,C0295,2026-06-03T17:39:04.695883,O00024,Completed,2026-06-03T20:46:10.100Z,UPI,orders_S002_20260603.json,ST012,S002,S002_O00024,FUTURE_TIMESTAMP,2026-06-03T17:42:56.835Z,,,,,,,,,,,,
20260603,C0053,2026-06-03T17:39:04.695883,O00025,Completed,2026-06-03T20:53:04.100Z,UPI,orders_S002_20260603.json,ST007,S002,S002_O00025,FUTURE_TIMESTAMP,2026-06-03T17:42:56.835Z,,,,,,,,,,,,
20260603,C0015,2026-06-03T17:39:04.695883,O00029,Completed,2026-06-03T19:38:33.100Z,UPI,orders_S002_20260603.json,ST009,S002,S002_O00029,FUTURE_TIMESTAMP,2026-06-03T17:42:56.835Z,,,,,,,,,,,,
20260603,C0019,2026-06-03T17:39:04.695883,O00031,Completed,2026-06-03T20:00:27.100Z,UPI,orders_S002_20260603.json,ST008,S002,S002_O00031,FUTURE_TIMESTAMP,2026-06-03T17:42:56.835Z,,,,,,,,,,,,
20260603,C0209,2026-06-03T17:39:04.695883,O00034,Completed,2026-06-03T19:12:05.100Z,UPI,orders_S002_20260603.json,ST006,S002,S002_O00034,FUTURE_TIMESTAMP,2026-06-03T17:42:56.835Z,,,,,,,,,,,,
20260603,C0071,2026-06-03T17:39:04.695883,O00035,Completed,2026-06-03T20:19:25.100Z,UPI,orders_S002_20260603.json,ST001,S002,S002_O00035,FUTURE_TIMESTAMP,2026-06-03T17:42:56.835Z,,,,,,,,,,,,
20260603,C0209,2026-06-03T17:39:04.695883,O00036,Completed,2026-06-03T21:30:34.100Z,UPI,orders_S002_20260603.json,ST004,S002,S002_O00036,FUTURE_TIMESTAMP,2026-06-03T17:42:56.835Z,,,,,,,,,,,,
20260603,C0216,2026-06-03T17:39:04.695883,O00038,Completed,2026-06-03T20:51:51.100Z,UPI,orders_S002_20260603.json,ST010,S002,S002_O00038,FUTURE_TIMESTAMP,2026-06-03T17:42:56.835Z,,,,,,,,,,,,
20260603,C0073,2026-06-03T17:39:04.695883,O00039,Completed,2026-06-03T18:10:38.100Z,Cash,orders_S002_20260603.json,ST003,S002,S002_O00039,FUTURE_TIMESTAMP,2026-06-03T17:42:56.835Z,,,,,,,,,,,,
20260603,C0005,2026-06-03T17:39:04.695883,O00040,Completed,2026-06-03T20:34:19.100Z,Cash,orders_S002_20260603.json,ST010,S002,S002_O00040,FUTURE_TIMESTAMP,2026-06-03T17:42:56.835Z,,,,,,,,,,,,
20260603,C0037,2026-06-03T17:39:04.695883,O00042,Completed,2026-06-03T19:53:23.100Z,Cash,orders_S002_20260603.json,ST006,S002,S002_O00042,FUTURE_TIMESTAMP,2026-06-03T17:42:56.835Z,,,,,,,,,,,,
20260603,C0166,2026-06-03T17:39:04.695883,O00043,Completed,2026-06-03T20:06:46.100Z,Cash,orders_S002_20260603.json,ST001,S002,S002_O00043,FUTURE_TIMESTAMP,2026-06-03T17:42:56.835Z,,,,,,,,,,,,
20260603,C0163,2026-06-03T17:39:04.695883,O00045,Completed,2026-06-03T18:27:55.100Z,UPI,orders_S002_20260603.json,ST007,S002,S002_O00045,FUTURE_TIMESTAMP,2026-06-03T17:42:56.835Z,,,,,,,,,,,,
20260603,C0055,2026-06-03T17:39:04.695883,O00046,Completed,2026-06-03T19:59:24.100Z,UPI,orders_S002_20260603.json,ST015,S002,S002_O00046,FUTURE_TIMESTAMP,2026-06-03T17:42:56.835Z,,,,,,,,,,,,
20260603,C0055,2026-06-03T17:39:04.695883,O00047,Completed,2026-06-03T20:08:04.100Z,Card,orders_S002_20260603.json,ST002,S002,S002_O00047,FUTURE_TIMESTAMP,2026-06-03T17:42:56.835Z,,,,,,,,,,,,
20260603,C0086,2026-06-03T17:39:04.695883,O00049,Completed,2026-06-03T21:59:17.100Z,UPI,orders_S002_20260603.json,ST003,S002,S002_O00049,FUTURE_TIMESTAMP,2026-06-03T17:42:56.835Z,,,,,,,,,,,,
20260603,C0061,2026-06-03T17:39:04.695883,O00050,Completed,2026-06-03T20:53:08.100Z,Cash,orders_S002_20260603.json,ST012,S002,S002_O00050,FUTURE_TIMESTAMP,2026-06-03T17:42:56.835Z,,,,,,,,,,,,
20260603,C0140,2026-06-03T17:39:04.695883,O00051,Completed,2026-06-03T20:01:35.100Z,UPI,orders_S002_20260603.json,ST005,S002,S002_O00051,FUTURE_TIMESTAMP,2026-06-03T17:42:56.835Z,,,,,,,,,,,,
20260603,C0056,2026-06-03T17:39:04.695883,O00052,Completed,2026-06-03T18:35:08.100Z,Cash,orders_S002_20260603.json,ST007,S002,S002_O00052,FUTURE_TIMESTAMP,2026-06-03T17:42:56.835Z,,,,,,,,,,,,
20260603,C0342,2026-06-03T17:39:04.695883,O00057,Completed,2026-06-03T21:04:00.100Z,Cash,orders_S002_20260603.json,ST012,S002,S002_O00057,FUTURE_TIMESTAMP,2026-06-03T17:42:56.835Z,,,,,,,,,,,,
20260603,C0010,2026-06-03T17:39:04.695883,O00059,Completed,2026-06-03T20:13:46.100Z,UPI,orders_S002_20260603.json,ST004,S002,S002_O00059,FUTURE_TIMESTAMP,2026-06-03T17:42:56.835Z,,,,,,,,,,,,
20260603,C0027,2026-06-03T17:39:04.695883,O00060,Completed,2026-06-03T19:11:56.100Z,Card,orders_S002_20260603.json,ST014,S002,S002_O00060,FUTURE_TIMESTAMP,2026-06-03T17:42:56.835Z,,,,,,,,,,,,
20260603,C0204,2026-06-03T17:39:04.695883,O00061,Completed,2026-06-03T19:18:53.100Z,Card,orders_S002_20260603.json,ST013,S002,S002_O00061,FUTURE_TIMESTAMP,2026-06-03T17:42:56.835Z,,,,,,,,,,,,
20260603,C0214,2026-06-03T17:39:04.695883,O00062,Completed,2026-06-03T20:19:03.100Z,UPI,orders_S002_20260603.json,ST011,S002,S002_O00062,FUTURE_TIMESTAMP,2026-06-03T17:42:56.835Z,,,,,,,,,,,,
20260603,C0134,2026-06-03T17:39:04.695883,O00063,Completed,2026-06-03T18:23:48.100Z,UPI,orders_S002_20260603.json,ST003,S002,S002_O00063,FUTURE_TIMESTAMP,2026-06-03T17:42:56.835Z,,,,,,,,,,,,
20260603,C0256,2026-06-03T17:39:04.695883,O00064,Completed,2026-06-03T17:57:09.100Z,Cash,orders_S002_20260603.json,ST001,S002,S002_O00064,FUTURE_TIMESTAMP,2026-06-03T17:42:56.835Z,,,,,,,,,,,,
20260603,C0351,2026-06-03T17:39:04.695883,O00065,Completed,2026-06-03T19:23:34.100Z,UPI,orders_S002_20260603.json,ST011,S002,S002_O00065,FUTURE_TIMESTAMP,2026-06-03T17:42:56.835Z,,,,,,,,,,,,
20260603,C0054,2026-06-03T17:39:04.695883,O00066,Completed,2026-06-03T19:11:32.100Z,UPI,orders_S002_20260603.json,ST014,S002,S002_O00066,FUTURE_TIMESTAMP,2026-06-03T17:42:56.835Z,,,,,,,,,,,,
20260603,C0424,2026-06-03T17:39:04.695883,O00067,Completed,2026-06-03T19:46:16.100Z,UPI,orders_S002_20260603.json,ST005,S002,S002_O00067,FUTURE_TIMESTAMP,2026-06-03T17:42:56.835Z,,,,,,,,,,,,
20260603,C0263,2026-06-03T17:39:04.695883,O00068,Completed,2026-06-03T19:49:01.100Z,UPI,orders_S002_20260603.json,ST004,S002,S002_O00068,FUTURE_TIMESTAMP,2026-06-03T17:42:56.835Z,,,,,,,,,,,,
20260603,C0004,2026-06-03T17:39:04.695883,O00069,Completed,2026-06-03T19:45:53.100Z,Card,orders_S002_20260603.json,ST009,S002,S002_O00069,FUTURE_TIMESTAMP,2026-06-03T17:42:56.835Z,,,,,,,,,,,,
20260603,C0067,2026-06-03T17:39:04.695883,O00072,Completed,2026-06-03T20:30:40.100Z,UPI,orders_S002_20260603.json,ST011,S002,S002_O00072,FUTURE_TIMESTAMP,2026-06-03T17:42:56.835Z,,,,,,,,,,,,
20260603,C0011,2026-06-03T17:39:04.695883,O00073,Completed,2026-06-03T19:44:39.100Z,Cash,orders_S002_20260603.json,ST007,S002,S002_O00073,FUTURE_TIMESTAMP,2026-06-03T17:42:56.835Z,,,,,,,,,,,,
20260603,C0045,2026-06-03T17:39:04.695883,O00074,Completed,2026-06-03T19:50:29.100Z,Cash,orders_S002_20260603.json,ST002,S002,S002_O00074,FUTURE_TIMESTAMP,2026-06-03T17:42:56.835Z,,,,,,,,,,,,
20260603,C0089,2026-06-03T17:39:04.695883,O00075,Completed,2026-06-03T18:21:49.100Z,UPI,orders_S002_20260603.json,ST006,S002,S002_O00075,FUTURE_TIMESTAMP,2026-06-03T17:42:56.835Z,,,,,,,,,,,,
20260603,C0433,2026-06-03T17:39:04.695883,O00077,Completed,2026-06-03T20:24:10.100Z,UPI,orders_S002_20260603.json,ST012,S002,S002_O00077,FUTURE_TIMESTAMP,2026-06-03T17:42:56.835Z,,,,,,,,,,,,
20260603,C0039,2026-06-03T17:39:04.695883,O00078,Completed,2026-06-03T21:21:05.100Z,UPI,orders_S002_20260603.json,ST012,S002,S002_O00078,FUTURE_TIMESTAMP,2026-06-03T17:42:56.835Z,,,,,,,,,,,,
20260603,C0280,2026-06-03T17:39:04.695883,O00079,Completed,2026-06-03T19:24:13.100Z,UPI,orders_S002_20260603.json,ST005,S002,S002_O00079,FUTURE_TIMESTAMP,2026-06-03T17:42:56.835Z,,,,,,,,,,,,
20260603,C0171,2026-06-03T17:39:04.695883,O00080,Completed,2026-06-03T18:11:41.100Z,UPI,orders_S002_20260603.json,ST011,S002,S002_O00080,FUTURE_TIMESTAMP,2026-06-03T17:42:56.835Z,,,,,,,,,,,,
20260603,C0059,2026-06-03T17:39:04.695883,O00081,Completed,2026-06-03T20:27:20.100Z,Cash,orders_S002_20260603.json,ST003,S002,S002_O00081,FUTURE_TIMESTAMP,2026-06-03T17:42:56.835Z,,,,,,,,,,,,
20260603,C0107,2026-06-03T17:39:04.695883,O00083,Completed,2026-06-03T21:29:11.100Z,UPI,orders_S002_20260603.json,ST009,S002,S002_O00083,FUTURE_TIMESTAMP,2026-06-03T17:42:56.835Z,,,,,,,,,,,,
20260603,C0208,2026-06-03T17:39:04.695883,O00084,Completed,2026-06-03T19:34:28.100Z,UPI,orders_S002_20260603.json,ST013,S002,S002_O00084,FUTURE_TIMESTAMP,2026-06-03T17:42:56.835Z,,,,,,,,,,,,
20260603,C0380,2026-06-03T17:39:04.695883,O00086,Completed,2026-06-03T18:24:27.100Z,Card,orders_S002_20260603.json,ST006,S002,S002_O00086,FUTURE_TIMESTAMP,2026-06-03T17:42:56.835Z,,,,,,,,,,,,
20260603,C0314,2026-06-03T17:39:04.695883,O00087,Completed,2026-06-03T20:08:56.100Z,Card,orders_S002_20260603.json,ST015,S002,S002_O00087,FUTURE_TIMESTAMP,2026-06-03T17:42:56.835Z,,,,,,,,,,,,
20260603,C0296,2026-06-03T17:39:04.695883,O00088,Completed,2026-06-03T18:34:59.100Z,UPI,orders_S002_20260603.json,ST014,S002,S002_O00088,FUTURE_TIMESTAMP,2026-06-03T17:42:56.835Z,,,,,,,,,,,,
20260603,C0062,2026-06-03T17:39:04.695883,O00093,Completed,2026-06-03T21:21:15.100Z,UPI,orders_S002_20260603.json,ST011,S002,S002_O00093,FUTURE_TIMESTAMP,2026-06-03T17:42:56.835Z,,,,,,,,,,,,
20260603,C0060,2026-06-03T17:39:04.695883,O00095,Completed,2026-06-03T20:58:51.100Z,Card,orders_S002_20260603.json,ST014,S002,S002_O00095,FUTURE_TIMESTAMP,2026-06-03T17:42:56.835Z,,,,,,,,,,,,
20260603,C0117,2026-06-03T17:39:04.695883,O00096,Completed,2026-06-03T17:45:43.100Z,UPI,orders_S002_20260603.json,ST011,S002,S002_O00096,FUTURE_TIMESTAMP,2026-06-03T17:42:56.835Z,,,,,,,,,,,,
20260603,C0004,2026-06-03T17:39:04.695883,O00097,Completed,2026-06-03T19:41:31.100Z,UPI,orders_S002_20260603.json,ST001,S002,S002_O00097,FUTURE_TIMESTAMP,2026-06-03T17:42:56.835Z,,,,,,,,,,,,
20260603,C0438,2026-06-03T17:39:04.695883,O00098,Completed,2026-06-03T19:21:06.100Z,Card,orders_S002_20260603.json,ST001,S002,S002_O00098,FUTURE_TIMESTAMP,2026-06-03T17:42:56.835Z,,,,,,,,,,,,
20260603,C0255,2026-06-03T17:39:04.695883,O00099,Completed,2026-06-03T19:59:23.100Z,Cash,orders_S002_20260603.json,ST015,S002,S002_O00099,FUTURE_TIMESTAMP,2026-06-03T17:42:56.835Z,,,,,,,,,,,,
20260603,,2026-06-03T17:39:04.695883,O00101,Completed,2026-06-03T17:47:57.100Z,UPI,orders_S002_20260603.json,ST015,S002,S002_O00101,MISSING_CUSTOMER_ID,2026-06-03T17:42:56.835Z,,,,,,,,,,,,
20260603,C0124,2026-06-03T17:39:04.695883,O00103,Completed,2026-06-03T19:05:42.100Z,UPI,orders_S002_20260603.json,ST013,S002,S002_O00103,FUTURE_TIMESTAMP,2026-06-03T17:42:56.835Z,,,,,,,,,,,,
20260603,C0072,2026-06-03T17:39:04.695883,O00106,Completed,2026-06-03T20:00:55.100Z,UPI,orders_S002_20260603.json,ST004,S002,S002_O00106,FUTURE_TIMESTAMP,2026-06-03T17:42:56.835Z,,,,,,,,,,,,
20260603,C0036,2026-06-03T17:39:04.695883,O00107,Completed,2026-06-03T18:50:11.100Z,Cash,orders_S002_20260603.json,ST012,S002,S002_O00107,FUTURE_TIMESTAMP,2026-06-03T17:42:56.835Z,,,,,,,,,,,,
20260603,C0013,2026-06-03T17:39:04.695883,O00108,Completed,2026-06-03T20:01:42.100Z,UPI,orders_S002_20260603.json,ST001,S002,S002_O00108,FUTURE_TIMESTAMP,2026-06-03T17:42:56.835Z,,,,,,,,,,,,
20260603,C0018,2026-06-03T17:39:04.695883,O00111,Completed,2026-06-03T21:52:38.100Z,UPI,orders_S002_20260603.json,ST009,S002,S002_O00111,FUTURE_TIMESTAMP,2026-06-03T17:42:56.835Z,,,,,,,,,,,,
20260603,C0067,2026-06-03T17:39:04.695883,O00112,Completed,2026-06-03T19:43:12.100Z,UPI,orders_S002_20260603.json,ST007,S002,S002_O00112,FUTURE_TIMESTAMP,2026-06-03T17:42:56.835Z,,,,,,,,,,,,
20260603,C0310,2026-06-03T17:39:04.695883,O00113,Completed,2026-06-03T21:53:55.100Z,Card,orders_S002_20260603.json,ST004,S002,S002_O00113,FUTURE_TIMESTAMP,2026-06-03T17:42:56.835Z,,,,,,,,,,,,
20260603,C0088,2026-06-03T17:39:04.695883,O00114,Completed,2026-06-03T20:29:17.100Z,Card,orders_S002_20260603.json,ST014,S002,S002_O00114,FUTURE_TIMESTAMP,2026-06-03T17:42:56.835Z,,,,,,,,,,,,
20260603,C0295,2026-06-03T17:39:04.695883,O00115,Completed,2026-06-03T18:14:56.100Z,UPI,orders_S002_20260603.json,ST009,S002,S002_O00115,FUTURE_TIMESTAMP,2026-06-03T17:42:56.835Z,,,,,,,,,,,,
20260603,C0007,2026-06-03T17:39:04.695883,O00117,Completed,2026-06-03T19:02:11.100Z,Crypto,orders_S002_20260603.json,ST004,S002,S002_O00117,INVALID_PAYMENT_MODE: Crypto,2026-06-03T17:42:56.835Z,,,,,,,,,,,,
20260603,C0019,2026-06-03T17:39:04.695883,O00118,Completed,2026-06-03T20:00:04.100Z,UPI,orders_S002_20260603.json,ST001,S002,S002_O00118,FUTURE_TIMESTAMP,2026-06-03T17:42:56.835Z,,,,,,,,,,,,
20260603,C0311,2026-06-03T17:39:04.695883,O00120,Completed,2026-06-03T20:52:23.100Z,UPI,orders_S002_20260603.json,ST003,S002,S002_O00120,FUTURE_TIMESTAMP,2026-06-03T17:42:56.835Z,,,,,,,,,,,,
20260603,C0116,2026-06-03T17:39:04.695883,O00121,Completed,2026-06-03T19:27:11.100Z,UPI,orders_S002_20260603.json,ST009,S002,S002_O00121,FUTURE_TIMESTAMP,2026-06-03T17:42:56.835Z,,,,,,,,,,,,
20260603,C0255,2026-06-03T17:39:04.695883,O00122,Completed,2026-06-03T21:22:11.100Z,Card,orders_S002_20260603.json,ST011,S002,S002_O00122,FUTURE_TIMESTAMP,2026-06-03T17:42:56.835Z,,,,,,,,,,,,
20260603,C0244,2026-06-03T17:39:04.695883,O00123,Completed,2026-06-03T19:40:13.100Z,Cash,orders_S002_20260603.json,ST001,S002,S002_O00123,FUTURE_TIMESTAMP,2026-06-03T17:42:56.835Z,,,,,,,,,,,,
20260603,C0026,2026-06-03T17:39:04.695883,O00125,Completed,2026-06-03T19:47:13.100Z,UPI,orders_S002_20260603.json,ST003,S002,S002_O00125,FUTURE_TIMESTAMP,2026-06-03T17:42:56.835Z,,,,,,,,,,,,
20260603,C0419,2026-06-03T17:39:04.695883,O00127,Completed,2026-06-03T20:37:58.100Z,UPI,orders_S002_20260603.json,ST005,S002,S002_O00127,FUTURE_TIMESTAMP,2026-06-03T17:42:56.835Z,,,,,,,,,,,,
20260603,C0106,2026-06-03T17:39:04.695883,O00129,Completed,2026-06-03T19:43:38.100Z,Cash,orders_S002_20260603.json,ST005,S002,S002_O00129,FUTURE_TIMESTAMP,2026-06-03T17:42:56.835Z,,,,,,,,,,,,
20260603,C0028,2026-06-03T17:39:04.695883,O00130,Completed,2026-06-03T21:33:28.100Z,Cash,orders_S002_20260603.json,ST013,S002,S002_O00130,FUTURE_TIMESTAMP,2026-06-03T17:42:56.835Z,,,,,,,,,,,,
20260603,C0437,2026-06-03T17:39:04.695883,O00131,Completed,2026-06-03T18:22:59.100Z,Cash,orders_S002_20260603.json,ST008,S002,S002_O00131,FUTURE_TIMESTAMP,2026-06-03T17:42:56.835Z,,,,,,,,,,,,
20260603,C0023,2026-06-03T17:39:04.695883,O00132,Completed,2026-06-03T20:38:55.100Z,UPI,orders_S002_20260603.json,ST003,S002,S002_O00132,FUTURE_TIMESTAMP,2026-06-03T17:42:56.835Z,,,,,,,,,,,,
20260603,C0200,2026-06-03T17:39:04.695883,O00133,Completed,2026-06-03T21:04:10.100Z,Card,orders_S002_20260603.json,ST015,S002,S002_O00133,FUTURE_TIMESTAMP,2026-06-03T17:42:56.835Z,,,,,,,,,,,,
20260603,C0076,2026-06-03T17:39:04.695883,O00135,Completed,2026-06-03T16:11:42.100Z,Crypto,orders_S002_20260603.json,ST015,S002,S002_O00135,INVALID_PAYMENT_MODE: Crypto,2026-06-03T17:42:56.835Z,,,,,,,,,,,,
20260603,C0124,2026-06-03T17:39:04.695883,O00137,Completed,2026-06-03T21:40:49.100Z,Card,orders_S002_20260603.json,ST010,S002,S002_O00137,FUTURE_TIMESTAMP,2026-06-03T17:42:56.835Z,,,,,,,,,,,,
20260603,C0245,2026-06-03T17:39:04.695883,O00138,Completed,2026-06-03T21:21:23.100Z,Cash,orders_S002_20260603.json,ST004,S002,S002_O00138,FUTURE_TIMESTAMP,2026-06-03T17:42:56.835Z,,,,,,,,,,,,
20260603,C0059,2026-06-03T17:39:04.695883,O00140,Completed,2026-06-03T19:08:30.100Z,UPI,orders_S002_20260603.json,ST005,S002,S002_O00140,FUTURE_TIMESTAMP,2026-06-03T17:42:56.835Z,,,,,,,,,,,,
20260603,C0403,2026-06-03T17:39:04.695883,O00141,Completed,2026-06-03T20:11:13.100Z,Cash,orders_S002_20260603.json,ST005,S002,S002_O00141,FUTURE_TIMESTAMP,2026-06-03T17:42:56.835Z,,,,,,,,,,,,
20260603,C0356,2026-06-03T17:39:04.695883,O00142,Completed,2026-06-03T19:17:01.100Z,Cash,orders_S002_20260603.json,ST001,S002,S002_O00142,FUTURE_TIMESTAMP,2026-06-03T17:42:56.835Z,,,,,,,,,,,,
20260603,C0159,2026-06-03T17:39:04.695883,O00143,Completed,2026-06-03T18:08:39.100Z,UPI,orders_S002_20260603.json,ST009,S002,S002_O00143,FUTURE_TIMESTAMP,2026-06-03T17:42:56.835Z,,,,,,,,,,,,
20260603,C0181,2026-06-03T17:39:04.695883,O00144,Completed,2026-06-03T18:32:54.100Z,Crypto,orders_S002_20260603.json,ST003,S002,S002_O00144,INVALID_PAYMENT_MODE: Crypto,2026-06-03T17:42:56.835Z,,,,,,,,,,,,
20260603,C0239,2026-06-03T17:39:04.695883,O00146,Completed,2026-06-03T19:27:19.100Z,UPI,orders_S002_20260603.json,ST015,S002,S002_O00146,FUTURE_TIMESTAMP,2026-06-03T17:42:56.835Z,,,,,,,,,,,,
20260603,C0127,2026-06-03T17:39:04.695883,O00147,Completed,2026-06-03T19:33:47.100Z,Cash,orders_S002_20260603.json,ST001,S002,S002_O00147,FUTURE_TIMESTAMP,2026-06-03T17:42:56.835Z,,,,,,,,,,,,
20260603,C0196,2026-06-03T17:39:04.695883,O00148,Completed,2026-06-03T18:55:37.100Z,UPI,orders_S002_20260603.json,ST004,S002,S002_O00148,FUTURE_TIMESTAMP,2026-06-03T17:42:56.835Z,,,,,,,,,,,,
20260603,C0385,2026-06-03T17:39:04.695883,O00150,Completed,2026-06-03T20:45:18.100Z,Cash,orders_S002_20260603.json,ST004,S002,S002_O00150,FUTURE_TIMESTAMP,2026-06-03T17:42:56.835Z,,,,,,,,,,,,
20260603,C0065,2026-06-03T17:39:04.695883,O00151,Completed,2026-06-03T19:50:02.100Z,Card,orders_S002_20260603.json,ST007,S002,S002_O00151,FUTURE_TIMESTAMP,2026-06-03T17:42:56.835Z,,,,,,,,,,,,
20260603,C0357,2026-06-03T17:39:04.695883,O00152,Completed,2026-06-03T18:16:58.100Z,UPI,orders_S002_20260603.json,ST001,S002,S002_O00152,FUTURE_TIMESTAMP,2026-06-03T17:42:56.835Z,,,,,,,,,,,,
20260603,C0039,2026-06-03T17:39:04.695883,O00153,Completed,2026-06-03T19:05:24.100Z,Cash,orders_S002_20260603.json,ST007,S002,S002_O00153,FUTURE_TIMESTAMP,2026-06-03T17:42:56.835Z,,,,,,,,,,,,
20260603,C0315,2026-06-03T17:39:04.695883,O00155,Completed,2026-06-03T20:53:21.100Z,UPI,orders_S002_20260603.json,ST003,S002,S002_O00155,FUTURE_TIMESTAMP,2026-06-03T17:42:56.835Z,,,,,,,,,,,,
20260603,C0084,2026-06-03T17:39:04.695883,O00156,Completed,2026-06-03T18:04:04.100Z,UPI,orders_S002_20260603.json,ST009,S002,S002_O00156,FUTURE_TIMESTAMP,2026-06-03T17:42:56.835Z,,,,,,,,,,,,
20260603,C0036,2026-06-03T17:39:04.695883,O00158,Completed,2026-06-03T19:20:46.100Z,Cash,orders_S002_20260603.json,ST003,S002,S002_O00158,FUTURE_TIMESTAMP,2026-06-03T17:42:56.835Z,,,,,,,,,,,,
20260603,C0373,2026-06-03T17:39:04.695883,O00161,Completed,2026-06-03T19:28:43.100Z,UPI,orders_S002_20260603.json,ST009,S002,S002_O00161,FUTURE_TIMESTAMP,2026-06-03T17:42:56.835Z,,,,,,,,,,,,
20260603,C0053,2026-06-03T17:39:04.695883,O00163,Completed,2027-06-03T11:14:04.100Z,UPI,orders_S002_20260603.json,ST011,S002,S002_O00163,FUTURE_TIMESTAMP,2026-06-03T17:42:56.835Z,,,,,,,,,,,,
20260603,C0189,2026-06-03T17:39:04.695883,O00165,Completed,2026-06-03T19:44:04.100Z,Cash,orders_S002_20260603.json,ST010,S002,S002_O00165,FUTURE_TIMESTAMP,2026-06-03T17:42:56.835Z,,,,,,,,,,,,
20260603,C0067,2026-06-03T17:39:04.695883,O00167,Completed,2026-06-03T20:00:57.100Z,UPI,orders_S002_20260603.json,ST006,S002,S002_O00167,FUTURE_TIMESTAMP,2026-06-03T17:42:56.835Z,,,,,,,,,,,,
20260603,C0287,2026-06-03T17:39:04.695883,O00169,Completed,2026-06-03T18:50:43.100Z,Card,orders_S002_20260603.json,ST015,S002,S002_O00169,FUTURE_TIMESTAMP,2026-06-03T17:42:56.835Z,,,,,,,,,,,,
20260603,C0112,2026-06-03T17:39:04.695883,O00171,Completed,2026-06-03T17:52:18.100Z,Card,orders_S002_20260603.json,ST014,S002,S002_O00171,FUTURE_TIMESTAMP,2026-06-03T17:42:56.835Z,,,,,,,,,,,,
20260603,C0043,2026-06-03T17:39:04.695883,O00174,Completed,2026-06-03T19:25:02.100Z,UPI,orders_S002_20260603.json,ST014,S002,S002_O00174,FUTURE_TIMESTAMP,2026-06-03T17:42:56.835Z,,,,,,,,,,,,
20260603,C0271,2026-06-03T17:39:04.695883,O00175,Completed,2026-06-03T19:13:10.100Z,UPI,orders_S002_20260603.json,ST008,S002,S002_O00175,FUTURE_TIMESTAMP,2026-06-03T17:42:56.835Z,,,,,,,,,,,,
20260603,C0450,2026-06-03T17:39:04.695883,O00176,Completed,2026-06-03T18:07:28.100Z,Card,orders_S002_20260603.json,ST010,S002,S002_O00176,FUTURE_TIMESTAMP,2026-06-03T17:42:56.835Z,,,,,,,,,,,,
20260603,C0294,2026-06-03T17:39:04.695883,O00177,Completed,2026-06-03T21:09:03.100Z,UPI,orders_S002_20260603.json,ST003,S002,S002_O00177,FUTURE_TIMESTAMP,2026-06-03T17:42:56.835Z,,,,,,,,,,,,
20260603,C0398,2026-06-03T17:39:04.695883,O00178,Completed,2026-06-03T20:16:57.100Z,Cash,orders_S002_20260603.json,ST003,S002,S002_O00178,FUTURE_TIMESTAMP,2026-06-03T17:42:56.835Z,,,,,,,,,,,,
20260603,C0021,2026-06-03T17:39:04.695883,O00180,Completed,2026-06-03T19:54:19.100Z,Card,orders_S002_20260603.json,ST008,S002,S002_O00180,FUTURE_TIMESTAMP,2026-06-03T17:42:56.835Z,,,,,,,,,,,,
20260603,C0245,2026-06-03T17:39:04.695883,O00181,Completed,2026-06-03T21:51:03.100Z,Cash,orders_S002_20260603.json,ST004,S002,S002_O00181,FUTURE_TIMESTAMP,2026-06-03T17:42:56.835Z,,,,,,,,,,,,
20260603,C0369,2026-06-03T17:39:04.695883,O00184,Completed,2026-06-03T20:54:23.100Z,Cash,orders_S002_20260603.json,ST013,S002,S002_O00184,FUTURE_TIMESTAMP,2026-06-03T17:42:56.835Z,,,,,,,,,,,,
20260603,C0209,2026-06-03T17:39:04.695883,O00185,Completed,2026-06-03T17:45:10.100Z,Cash,orders_S002_20260603.json,ST003,S002,S002_O00185,FUTURE_TIMESTAMP,2026-06-03T17:42:56.835Z,,,,,,,,,,,,
20260603,C0085,2026-06-03T17:39:04.695883,O00186,Completed,2026-06-03T20:34:22.100Z,Cash,orders_S002_20260603.json,ST006,S002,S002_O00186,FUTURE_TIMESTAMP,2026-06-03T17:42:56.835Z,,,,,,,,,,,,
20260603,C0375,2026-06-03T17:39:04.695883,O00191,Completed,2026-06-03T20:04:13.100Z,Cash,orders_S002_20260603.json,ST010,S002,S002_O00191,FUTURE_TIMESTAMP,2026-06-03T17:42:56.835Z,,,,,,,,,,,,
20260603,C0268,2026-06-03T17:39:04.695883,O00192,Completed,2026-06-03T19:22:41.100Z,UPI,orders_S002_20260603.json,ST010,S002,S002_O00192,FUTURE_TIMESTAMP,2026-06-03T17:42:56.835Z,,,,,,,,,,,,
20260603,C0217,2026-06-03T17:39:04.695883,O00193,Completed,2026-06-03T21:31:55.100Z,UPI,orders_S002_20260603.json,ST010,S002,S002_O00193,FUTURE_TIMESTAMP,2026-06-03T17:42:56.835Z,,,,,,,,,,,,
20260603,C0049,2026-06-03T17:39:04.695883,O00194,Completed,2026-06-03T19:04:56.100Z,UPI,orders_S002_20260603.json,ST009,S002,S002_O00194,FUTURE_TIMESTAMP,2026-06-03T17:42:56.835Z,,,,,,,,,,,,
20260603,C0010,2026-06-03T17:39:04.695883,O00197,Completed,2026-06-03T20:00:37.100Z,UPI,orders_S002_20260603.json,ST007,S002,S002_O00197,FUTURE_TIMESTAMP,2026-06-03T17:42:56.835Z,,,,,,,,,,,,
20260603,C0047,2026-06-03T17:39:04.695883,O00202,Completed,2026-06-03T19:12:34.100Z,UPI,orders_S002_20260603.json,ST007,S002,S002_O00202,FUTURE_TIMESTAMP,2026-06-03T17:42:56.835Z,,,,,,,,,,,,
20260603,C0241,2026-06-03T17:39:04.695883,O00203,Completed,2026-06-03T20:17:57.100Z,Card,orders_S002_20260603.json,ST015,S002,S002_O00203,FUTURE_TIMESTAMP,2026-06-03T17:42:56.835Z,,,,,,,,,,,,
20260603,C0238,2026-06-03T17:39:04.695883,O00205,Completed,2026-06-03T19:58:53.100Z,UPI,orders_S002_20260603.json,ST003,S002,S002_O00205,FUTURE_TIMESTAMP,2026-06-03T17:42:56.835Z,,,,,,,,,,,,
20260603,C0196,2026-06-03T17:39:04.695883,O00206,Completed,2026-06-03T19:05:52.100Z,UPI,orders_S002_20260603.json,ST015,S002,S002_O00206,FUTURE_TIMESTAMP,2026-06-03T17:42:56.835Z,,,,,,,,,,,,
20260603,C0027,2026-06-03T17:39:04.695883,O00207,Completed,2026-06-03T18:37:26.100Z,UPI,orders_S002_20260603.json,ST007,S002,S002_O00207,FUTURE_TIMESTAMP,2026-06-03T17:42:56.835Z,,,,,,,,,,,,
20260603,C0148,2026-06-03T17:39:04.695883,O00209,Completed,2026-06-03T21:38:38.100Z,UPI,orders_S002_20260603.json,ST012,S002,S002_O00209,FUTURE_TIMESTAMP,2026-06-03T17:42:56.835Z,,,,,,,,,,,,
20260603,C0046,2026-06-03T17:39:04.695883,O00210,Completed,2026-06-03T19:08:23.100Z,Card,orders_S002_20260603.json,ST012,S002,S002_O00210,FUTURE_TIMESTAMP,2026-06-03T17:42:56.835Z,,,,,,,,,,,,
20260603,C0097,2026-06-03T17:39:04.695883,O00211,Completed,2026-06-03T18:42:16.100Z,UPI,orders_S002_20260603.json,ST005,S002,S002_O00211,FUTURE_TIMESTAMP,2026-06-03T17:42:56.835Z,,,,,,,,,,,,
20260603,C0037,2026-06-03T17:39:04.695883,O00214,Completed,2026-06-03T20:07:25.100Z,Card,orders_S002_20260603.json,ST002,S002,S002_O00214,FUTURE_TIMESTAMP,2026-06-03T17:42:56.835Z,,,,,,,,,,,,
20260603,C0006,2026-06-03T17:39:04.695883,O00215,Completed,2026-06-03T19:14:03.100Z,Cash,orders_S002_20260603.json,ST008,S002,S002_O00215,FUTURE_TIMESTAMP,2026-06-03T17:42:56.835Z,,,,,,,,,,,,
20260603,C0008,2026-06-03T17:39:04.695883,O00216,Completed,2026-06-03T19:38:13.100Z,UPI,orders_S002_20260603.json,ST001,S002,S002_O00216,FUTURE_TIMESTAMP,2026-06-03T17:42:56.835Z,,,,,,,,,,,,
20260603,C0051,2026-06-03T17:39:04.695883,O00217,Completed,2026-06-03T19:37:19.100Z,Cash,orders_S002_20260603.json,ST005,S002,S002_O00217,FUTURE_TIMESTAMP,2026-06-03T17:42:56.835Z,,,,,,,,,,,,
20260603,C0026,2026-06-03T17:39:04.695883,O00218,Completed,2026-06-03T17:52:25.100Z,UPI,orders_S002_20260603.json,ST002,S002,S002_O00218,FUTURE_TIMESTAMP,2026-06-03T17:42:56.835Z,,,,,,,,,,,,
20260603,C0041,2026-06-03T17:39:04.695883,O00219,Completed,2026-06-03T20:13:35.100Z,UPI,orders_S002_20260603.json,ST011,S002,S002_O00219,FUTURE_TIMESTAMP,2026-06-03T17:42:56.835Z,,,,,,,,,,,,
20260603,C0140,2026-06-03T17:39:04.695883,O00220,Completed,2026-06-03T19:55:59.100Z,Card,orders_S002_20260603.json,ST012,S002,S002_O00220,FUTURE_TIMESTAMP,2026-06-03T17:42:56.835Z,,,,,,,,,,,,
20260603,C0214,2026-06-03T17:39:04.695883,O00223,Completed,2026-06-03T21:56:56.100Z,UPI,orders_S002_20260603.json,ST006,S002,S002_O00223,FUTURE_TIMESTAMP,2026-06-03T17:42:56.835Z,,,,,,,,,,,,
20260603,C0172,2026-06-03T17:39:04.695883,O00225,Completed,2026-06-03T19:31:54.100Z,Card,orders_S002_20260603.json,ST002,S002,S002_O00225,FUTURE_TIMESTAMP,2026-06-03T17:42:56.835Z,,,,,,,,,,,,
20260603,C0105,2026-06-03T17:39:04.695883,O00227,Completed,2026-06-03T18:24:20.100Z,Card,orders_S002_20260603.json,ST013,S002,S002_O00227,FUTURE_TIMESTAMP,2026-06-03T17:42:56.835Z,,,,,,,,,,,,
20260603,C0055,2026-06-03T17:39:04.695883,O00228,Completed,2026-06-03T18:37:30.100Z,UPI,orders_S002_20260603.json,ST014,S002,S002_O00228,FUTURE_TIMESTAMP,2026-06-03T17:42:56.835Z,,,,,,,,,,,,
20260603,C0359,2026-06-03T17:39:04.695883,O00229,Completed,2026-06-03T19:09:31.100Z,UPI,orders_S002_20260603.json,ST005,S002,S002_O00229,FUTURE_TIMESTAMP,2026-06-03T17:42:56.835Z,,,,,,,,,,,,
20260603,C0025,2026-06-03T17:39:04.695883,O00230,Completed,2026-06-03T21:34:24.100Z,Crypto,orders_S002_20260603.json,ST010,S002,S002_O00230,INVALID_PAYMENT_MODE: Crypto,2026-06-03T17:42:56.835Z,,,,,,,,,,,,
20260603,C0105,2026-06-03T17:39:04.695883,O00233,Completed,2026-06-03T18:07:27.100Z,UPI,orders_S002_20260603.json,ST014,S002,S002_O00233,FUTURE_TIMESTAMP,2026-06-03T17:42:56.835Z,,,,,,,,,,,,
20260603,C0075,2026-06-03T17:39:04.695883,O00236,Completed,2026-06-03T19:14:41.100Z,Cash,orders_S002_20260603.json,ST009,S002,S002_O00236,FUTURE_TIMESTAMP,2026-06-03T17:42:56.835Z,,,,,,,,,,,,
20260603,C0054,2026-06-03T17:39:04.695883,O00237,Completed,2026-06-03T20:07:33.100Z,UPI,orders_S002_20260603.json,ST001,S002,S002_O00237,FUTURE_TIMESTAMP,2026-06-03T17:42:56.835Z,,,,,,,,,,,,
20260603,C0221,2026-06-03T17:39:04.695883,O00238,Completed,2026-06-03T21:08:22.100Z,Card,orders_S002_20260603.json,ST012,S002,S002_O00238,FUTURE_TIMESTAMP,2026-06-03T17:42:56.835Z,,,,,,,,,,,,
20260603,C0165,2026-06-03T17:39:04.695883,O00239,Completed,2026-06-03T18:37:43.100Z,UPI,orders_S002_20260603.json,ST008,S002,S002_O00239,FUTURE_TIMESTAMP,2026-06-03T17:42:56.835Z,,,,,,,,,,,,
20260603,C0083,2026-06-03T17:39:04.695883,O00241,Completed,2026-06-03T20:54:29.100Z,UPI,orders_S002_20260603.json,ST012,S002,S002_O00241,FUTURE_TIMESTAMP,2026-06-03T17:42:56.835Z,,,,,,,,,,,,
20260603,C0221,2026-06-03T17:39:04.695883,O00244,Completed,2026-06-03T20:39:20.100Z,UPI,orders_S002_20260603.json,ST010,S002,S002_O00244,FUTURE_TIMESTAMP,2026-06-03T17:42:56.835Z,,,,,,,,,,,,
20260603,C0059,2026-06-03T17:39:04.695883,O00247,Completed,2026-06-03T19:12:58.100Z,Cash,orders_S002_20260603.json,ST012,S002,S002_O00247,FUTURE_TIMESTAMP,2026-06-03T17:42:56.835Z,,,,,,,,,,,,
20260603,C0033,2026-06-03T17:39:04.695883,O00248,Completed,2026-06-03T21:08:35.100Z,Cash,orders_S002_20260603.json,ST005,S002,S002_O00248,FUTURE_TIMESTAMP,2026-06-03T17:42:56.835Z,,,,,,,,,,,,
20260603,C0062,2026-06-03T17:39:04.695883,O00250,Completed,2026-06-03T18:07:08.100Z,Crypto,orders_S002_20260603.json,ST009,S002,S002_O00250,INVALID_PAYMENT_MODE: Crypto,2026-06-03T17:42:56.835Z,,,,,,,,,,,,
20260603,C0074,2026-06-03T17:39:04.695883,O00251,Completed,2026-06-03T19:06:15.100Z,UPI,orders_S002_20260603.json,ST014,S002,S002_O00251,FUTURE_TIMESTAMP,2026-06-03T17:42:56.835Z,,,,,,,,,,,,
20260603,C0392,2026-06-03T17:39:04.695883,O00253,Completed,2026-06-03T19:59:32.100Z,UPI,orders_S002_20260603.json,ST007,S002,S002_O00253,FUTURE_TIMESTAMP,2026-06-03T17:42:56.835Z,,,,,,,,,,,,
20260603,C0044,2026-06-03T17:39:04.695883,O00254,Completed,2026-06-03T20:50:19.100Z,UPI,orders_S002_20260603.json,ST014,S002,S002_O00254,FUTURE_TIMESTAMP,2026-06-03T17:42:56.835Z,,,,,,,,,,,,
20260603,C0067,2026-06-03T17:39:04.695883,O00255,Completed,2026-06-03T19:02:32.100Z,Card,orders_S002_20260603.json,ST006,S002,S002_O00255,FUTURE_TIMESTAMP,2026-06-03T17:42:56.835Z,,,,,,,,,,,,
20260603,C0040,2026-06-03T17:39:04.695883,O00256,Completed,2026-06-03T20:16:26.100Z,UPI,orders_S002_20260603.json,ST004,S002,S002_O00256,FUTURE_TIMESTAMP,2026-06-03T17:42:56.835Z,,,,,,,,,,,,
20260603,C0020,2026-06-03T17:39:04.695883,O00257,Completed,2026-06-03T19:11:27.100Z,Card,orders_S002_20260603.json,ST012,S002,S002_O00257,FUTURE_TIMESTAMP,2026-06-03T17:42:56.835Z,,,,,,,,,,,,
20260603,C0093,2026-06-03T17:39:04.695883,O00258,Completed,2026-06-03T18:15:41.100Z,UPI,orders_S002_20260603.json,ST009,S002,S002_O00258,FUTURE_TIMESTAMP,2026-06-03T17:42:56.835Z,,,,,,,,,,,,
20260603,C0393,2026-06-03T17:39:04.695883,O00259,Completed,2026-06-03T20:44:09.100Z,Card,orders_S002_20260603.json,ST014,S002,S002_O00259,FUTURE_TIMESTAMP,2026-06-03T17:42:56.835Z,,,,,,,,,,,,
20260603,C0129,2026-06-03T17:39:04.695883,O00260,Completed,2026-06-03T20:44:18.100Z,Cash,orders_S002_20260603.json,ST013,S002,S002_O00260,FUTURE_TIMESTAMP,2026-06-03T17:42:56.835Z,,,,,,,,,,,,
20260603,C0189,2026-06-03T17:39:04.695883,O00261,Completed,2026-06-03T20:16:06.100Z,UPI,orders_S002_20260603.json,ST011,S002,S002_O00261,FUTURE_TIMESTAMP,2026-06-03T17:42:56.835Z,,,,,,,,,,,,
20260603,C0338,2026-06-03T17:39:04.695883,O00262,Completed,2026-06-03T19:01:35.100Z,Cash,orders_S002_20260603.json,ST014,S002,S002_O00262,FUTURE_TIMESTAMP,2026-06-03T17:42:56.835Z,,,,,,,,,,,,
20260603,C0018,2026-06-03T17:39:04.695883,O00263,Completed,2026-06-03T18:47:52.100Z,UPI,orders_S002_20260603.json,ST014,S002,S002_O00263,FUTURE_TIMESTAMP,2026-06-03T17:42:56.835Z,,,,,,,,,,,,
20260603,C0270,2026-06-03T17:39:04.695883,O00264,Completed,2026-06-03T18:07:14.100Z,Card,orders_S002_20260603.json,ST009,S002,S002_O00264,FUTURE_TIMESTAMP,2026-06-03T17:42:56.835Z,,,,,,,,,,,,
20260603,C0079,2026-06-03T17:39:04.695883,O00265,Completed,2026-06-03T21:04:54.100Z,UPI,orders_S002_20260603.json,ST010,S002,S002_O00265,FUTURE_TIMESTAMP,2026-06-03T17:42:56.835Z,,,,,,,,,,,,
20260603,C0037,2026-06-03T17:39:04.695883,O00266,Completed,2026-06-03T18:05:54.100Z,UPI,orders_S002_20260603.json,ST006,S002,S002_O00266,FUTURE_TIMESTAMP,2026-06-03T17:42:56.835Z,,,,,,,,,,,,
20260603,,2026-06-03T17:39:04.695883,O00267,Completed,2026-06-03T18:21:14.100Z,Card,orders_S002_20260603.json,ST007,S002,S002_O00267,MISSING_CUSTOMER_ID,2026-06-03T17:42:56.835Z,,,,,,,,,,,,
20260603,C0058,2026-06-03T17:39:04.695883,O00268,Completed,2026-06-03T18:24:07.100Z,UPI,orders_S002_20260603.json,ST009,S002,S002_O00268,FUTURE_TIMESTAMP,2026-06-03T17:42:56.835Z,,,,,,,,,,,,
20260603,C0073,2026-06-03T17:39:04.695883,O00270,Completed,2026-06-03T19:48:41.100Z,Card,orders_S002_20260603.json,ST015,S002,S002_O00270,FUTURE_TIMESTAMP,2026-06-03T17:42:56.835Z,,,,,,,,,,,,
20260603,C0087,2026-06-03T17:39:04.695883,O00272,Completed,2026-06-03T18:56:42.100Z,Cash,orders_S002_20260603.json,ST007,S002,S002_O00272,FUTURE_TIMESTAMP,2026-06-03T17:42:56.835Z,,,,,,,,,,,,
20260603,C0064,2026-06-03T17:39:04.695883,O00273,Completed,2026-06-03T18:36:12.100Z,Cash,orders_S002_20260603.json,ST011,S002,S002_O00273,FUTURE_TIMESTAMP,2026-06-03T17:42:56.835Z,,,,,,,,,,,,
20260603,C0403,2026-06-03T17:39:04.695883,O00275,Completed,2026-06-03T20:55:46.100Z,Cash,orders_S002_20260603.json,ST014,S002,S002_O00275,FUTURE_TIMESTAMP,2026-06-03T17:42:56.835Z,,,,,,,,,,,,
20260603,C0004,2026-06-03T17:39:04.695883,O00276,Completed,2026-06-03T21:41:20.100Z,UPI,orders_S002_20260603.json,ST012,S002,S002_O00276,FUTURE_TIMESTAMP,2026-06-03T17:42:56.835Z,,,,,,,,,,,,
20260603,C0357,2026-06-03T17:39:04.695883,O00277,Completed,2026-06-03T18:19:52.100Z,Cash,orders_S002_20260603.json,ST006,S002,S002_O00277,FUTURE_TIMESTAMP,2026-06-03T17:42:56.835Z,,,,,,,,,,,,
20260603,C0056,2026-06-03T17:39:04.695883,O00278,Completed,2026-06-03T20:29:13.100Z,UPI,orders_S002_20260603.json,ST006,S002,S002_O00278,FUTURE_TIMESTAMP,2026-06-03T17:42:56.835Z,,,,,,,,,,,,
20260603,C0211,2026-06-03T17:39:04.695883,O00279,Completed,2026-06-03T20:57:23.100Z,UPI,orders_S002_20260603.json,ST007,S002,S002_O00279,FUTURE_TIMESTAMP,2026-06-03T17:42:56.835Z,,,,,,,,,,,,
20260603,C0124,2026-06-03T17:39:04.695883,O00280,Completed,2026-06-03T20:26:40.100Z,UPI,orders_S002_20260603.json,ST006,S002,S002_O00280,FUTURE_TIMESTAMP,2026-06-03T17:42:56.835Z,,,,,,,,,,,,
20260603,C0036,2026-06-03T17:39:04.695883,O00281,Completed,2026-06-03T20:28:53.100Z,UPI,orders_S002_20260603.json,ST006,S002,S002_O00281,FUTURE_TIMESTAMP,2026-06-03T17:42:56.835Z,,,,,,,,,,,,
20260603,C0051,2026-06-03T17:39:04.695883,O00283,Completed,2026-06-03T17:54:52.100Z,Cash,orders_S002_20260603.json,ST002,S002,S002_O00283,FUTURE_TIMESTAMP,2026-06-03T17:42:56.835Z,,,,,,,,,,,,
20260603,C0055,2026-06-03T17:39:04.695883,O00285,Completed,2026-06-03T21:17:39.100Z,UPI,orders_S002_20260603.json,ST002,S002,S002_O00285,FUTURE_TIMESTAMP,2026-06-03T17:42:56.835Z,,,,,,,,,,,,
20260603,C0045,2026-06-03T17:39:04.695883,O00286,Completed,2026-06-03T19:49:19.100Z,UPI,orders_S002_20260603.json,ST009,S002,S002_O00286,FUTURE_TIMESTAMP,2026-06-03T17:42:56.835Z,,,,,,,,,,,,
20260603,C0165,2026-06-03T17:39:04.695883,O00289,Completed,2026-06-03T21:41:48.100Z,UPI,orders_S002_20260603.json,ST001,S002,S002_O00289,FUTURE_TIMESTAMP,2026-06-03T17:42:56.835Z,,,,,,,,,,,,
20260603,C0446,2026-06-03T17:39:04.695883,O00290,Completed,2026-06-03T17:52:35.100Z,Cash,orders_S002_20260603.json,ST015,S002,S002_O00290,FUTURE_TIMESTAMP,2026-06-03T17:42:56.835Z,,,,,,,,,,,,
20260603,C0007,2026-06-03T17:39:04.695883,O00292,Completed,2026-06-03T18:36:46.100Z,Cash,orders_S002_20260603.json,ST013,S002,S002_O00292,FUTURE_TIMESTAMP,2026-06-03T17:42:56.835Z,,,,,,,,,,,,
20260603,C0020,2026-06-03T17:39:04.695883,O00294,Completed,2026-06-03T19:42:15.100Z,Cash,orders_S002_20260603.json,ST001,S002,S002_O00294,FUTURE_TIMESTAMP,2026-06-03T17:42:56.835Z,,,,,,,,,,,,
20260603,C0368,2026-06-03T17:39:04.695883,O00298,Completed,2026-06-03T19:11:44.100Z,Card,orders_S002_20260603.json,ST008,S002,S002_O00298,FUTURE_TIMESTAMP,2026-06-03T17:42:56.835Z,,,,,,,,,,,,
20260603,C0238,2026-06-03T17:39:04.695883,O00299,Completed,2027-06-03T20:30:32.100Z,Cash,orders_S002_20260603.json,ST001,S002,S002_O00299,FUTURE_TIMESTAMP,2026-06-03T17:42:56.835Z,,,,,,,,,,,,
20260603,C0074,2026-06-03T17:39:04.695883,O00300,Completed,2026-06-03T19:36:52.100Z,Card,orders_S002_20260603.json,ST004,S002,S002_O00300,FUTURE_TIMESTAMP,2026-06-03T17:42:56.835Z,,,,,,,,,,,,
20260603,C0093,2026-06-03T17:39:04.695883,O00301,Completed,2026-06-03T20:22:26.100Z,Cash,orders_S002_20260603.json,ST012,S002,S002_O00301,FUTURE_TIMESTAMP,2026-06-03T17:42:56.835Z,,,,,,,,,,,,
20260603,C0159,2026-06-03T17:39:04.695883,O00303,Completed,2026-06-03T20:23:42.100Z,UPI,orders_S002_20260603.json,ST013,S002,S002_O00303,FUTURE_TIMESTAMP,2026-06-03T17:42:56.835Z,,,,,,,,,,,,
20260603,C0002,2026-06-03T17:39:04.695883,O00304,Completed,2026-06-03T19:42:56.100Z,UPI,orders_S002_20260603.json,ST004,S002,S002_O00304,FUTURE_TIMESTAMP,2026-06-03T17:42:56.835Z,,,,,,,,,,,,
20260603,C0041,2026-06-03T17:39:04.695883,O00306,Completed,2026-06-03T19:06:41.100Z,Card,orders_S002_20260603.json,ST014,S002,S002_O00306,FUTURE_TIMESTAMP,2026-06-03T17:42:56.835Z,,,,,,,,,,,,
20260603,C0247,2026-06-03T17:39:04.695883,O00308,Completed,2026-06-03T21:34:21.100Z,Cash,orders_S002_20260603.json,ST005,S002,S002_O00308,FUTURE_TIMESTAMP,2026-06-03T17:42:56.835Z,,,,,,,,,,,,
20260603,,2026-06-03T17:39:04.695883,O00309,Completed,2026-06-03T20:14:16.100Z,UPI,orders_S002_20260603.json,ST012,S002,S002_O00309,MISSING_CUSTOMER_ID,2026-06-03T17:42:56.835Z,,,,,,,,,,,,
20260603,C0430,2026-06-03T17:39:04.695883,O00310,Completed,2026-06-03T18:25:54.100Z,Cash,orders_S002_20260603.json,ST001,S002,S002_O00310,FUTURE_TIMESTAMP,2026-06-03T17:42:56.835Z,,,,,,,,,,,,
20260603,C0049,2026-06-03T17:39:04.695883,O00311,Completed,2026-06-03T18:26:35.100Z,Cash,orders_S002_20260603.json,ST008,S002,S002_O00311,FUTURE_TIMESTAMP,2026-06-03T17:42:56.835Z,,,,,,,,,,,,
20260603,C0041,2026-06-03T17:39:04.695883,O00313,Completed,2026-06-03T21:22:08.100Z,Card,orders_S002_20260603.json,ST003,S002,S002_O00313,FUTURE_TIMESTAMP,2026-06-03T17:42:56.835Z,,,,,,,,,,,,
20260603,C0080,2026-06-03T17:39:04.695883,O00314,Completed,2026-06-03T20:54:34.100Z,Cash,orders_S002_20260603.json,ST008,S002,S002_O00314,FUTURE_TIMESTAMP,2026-06-03T17:42:56.835Z,,,,,,,,,,,,
20260603,C0025,2026-06-03T17:39:04.695883,O00315,Completed,2026-06-03T19:28:55.100Z,Cash,orders_S002_20260603.json,ST003,S002,S002_O00315,FUTURE_TIMESTAMP,2026-06-03T17:42:56.835Z,,,,,,,,,,,,
20260603,C0096,2026-06-03T17:39:04.695883,O00317,Completed,2026-06-03T20:35:45.100Z,Cash,orders_S002_20260603.json,ST010,S002,S002_O00317,FUTURE_TIMESTAMP,2026-06-03T17:42:56.835Z,,,,,,,,,,,,
20260603,C0057,2026-06-03T17:39:04.695883,O00318,Completed,2026-06-03T18:36:11.100Z,Cash,orders_S002_20260603.json,ST010,S002,S002_O00318,FUTURE_TIMESTAMP,2026-06-03T17:42:56.835Z,,,,,,,,,,,,
20260603,C0031,2026-06-03T17:39:04.695883,O00320,Completed,2026-06-03T19:13:45.100Z,Card,orders_S002_20260603.json,ST004,S002,S002_O00320,FUTURE_TIMESTAMP,2026-06-03T17:42:56.835Z,,,,,,,,,,,,
20260603,C0372,2026-06-03T17:39:04.695883,O00321,Completed,2026-06-03T20:59:56.100Z,UPI,orders_S002_20260603.json,ST006,S002,S002_O00321,FUTURE_TIMESTAMP,2026-06-03T17:42:56.835Z,,,,,,,,,,,,
20260603,C0206,2026-06-03T17:39:04.695883,O00322,Completed,2026-06-03T19:33:11.100Z,UPI,orders_S002_20260603.json,ST002,S002,S002_O00322,FUTURE_TIMESTAMP,2026-06-03T17:42:56.835Z,,,,,,,,,,,,
20260603,C0061,2026-06-03T17:39:04.695883,O00323,Completed,2026-06-03T20:25:20.100Z,UPI,orders_S002_20260603.json,ST001,S002,S002_O00323,FUTURE_TIMESTAMP,2026-06-03T17:42:56.835Z,,,,,,,,,,,,
20260603,C0042,2026-06-03T17:39:04.695883,O00324,Completed,2027-06-03T15:17:20.100Z,UPI,orders_S002_20260603.json,ST005,S002,S002_O00324,FUTURE_TIMESTAMP,2026-06-03T17:42:56.835Z,,,,,,,,,,,,
20260603,C0388,2026-06-03T17:39:04.695883,O00325,Completed,2026-06-03T18:23:11.100Z,Card,orders_S002_20260603.json,ST008,S002,S002_O00325,FUTURE_TIMESTAMP,2026-06-03T17:42:56.835Z,,,,,,,,,,,,
20260603,C0085,2026-06-03T17:39:04.695883,O00326,Completed,2026-06-03T19:07:24.100Z,UPI,orders_S002_20260603.json,ST002,S002,S002_O00326,FUTURE_TIMESTAMP,2026-06-03T17:42:56.835Z,,,,,,,,,,,,
20260603,C0032,2026-06-03T17:39:04.695883,O00327,Completed,2026-06-03T21:31:04.100Z,Cash,orders_S002_20260603.json,ST009,S002,S002_O00327,FUTURE_TIMESTAMP,2026-06-03T17:42:56.835Z,,,,,,,,,,,,
20260603,C0265,2026-06-03T17:39:04.695883,O00328,Completed,2026-06-03T19:55:18.100Z,Cash,orders_S002_20260603.json,ST009,S002,S002_O00328,FUTURE_TIMESTAMP,2026-06-03T17:42:56.835Z,,,,,,,,,,,,
20260603,C0077,2026-06-03T17:39:04.695883,O00329,Completed,2026-06-03T20:26:27.100Z,UPI,orders_S002_20260603.json,ST007,S002,S002_O00329,FUTURE_TIMESTAMP,2026-06-03T17:42:56.835Z,,,,,,,,,,,,
20260603,C0361,2026-06-03T17:39:04.695883,O00331,Completed,2026-06-03T19:22:19.100Z,Card,orders_S002_20260603.json,ST008,S002,S002_O00331,FUTURE_TIMESTAMP,2026-06-03T17:42:56.835Z,,,,,,,,,,,,
20260603,C0049,2026-06-03T17:39:04.695883,O00332,Completed,2026-06-03T20:10:18.100Z,Cash,orders_S002_20260603.json,ST013,S002,S002_O00332,FUTURE_TIMESTAMP,2026-06-03T17:42:56.835Z,,,,,,,,,,,,
20260603,C0008,2026-06-03T17:39:04.695883,O00333,Completed,2026-06-03T18:58:20.100Z,UPI,orders_S002_20260603.json,ST005,S002,S002_O00333,FUTURE_TIMESTAMP,2026-06-03T17:42:56.835Z,,,,,,,,,,,,
20260603,C0395,2026-06-03T17:39:04.695883,O00334,Completed,2026-06-03T18:06:58.100Z,Cash,orders_S002_20260603.json,ST011,S002,S002_O00334,FUTURE_TIMESTAMP,2026-06-03T17:42:56.835Z,,,,,,,,,,,,
20260603,C0110,2026-06-03T17:39:04.695883,O00335,Completed,2026-06-03T18:06:13.100Z,Card,orders_S002_20260603.json,ST012,S002,S002_O00335,FUTURE_TIMESTAMP,2026-06-03T17:42:56.835Z,,,,,,,,,,,,
20260603,C0220,2026-06-03T17:39:04.695883,O00336,Completed,2026-06-03T21:16:58.100Z,UPI,orders_S002_20260603.json,ST009,S002,S002_O00336,FUTURE_TIMESTAMP,2026-06-03T17:42:56.835Z,,,,,,,,,,,,
20260603,C0429,2026-06-03T17:39:04.695883,O00339,Completed,2026-06-03T19:20:29.100Z,UPI,orders_S002_20260603.json,ST011,S002,S002_O00339,FUTURE_TIMESTAMP,2026-06-03T17:42:56.835Z,,,,,,,,,,,,
20260603,C0366,2026-06-03T17:39:04.695883,O00340,Completed,2026-06-03T20:36:11.100Z,Cash,orders_S002_20260603.json,ST005,S002,S002_O00340,FUTURE_TIMESTAMP,2026-06-03T17:42:56.835Z,,,,,,,,,,,,
20260603,C0240,2026-06-03T17:39:04.695883,O00341,Completed,2026-06-03T20:05:56.100Z,Cash,orders_S002_20260603.json,ST011,S002,S002_O00341,FUTURE_TIMESTAMP,2026-06-03T17:42:56.835Z,,,,,,,,,,,,
20260603,C0211,2026-06-03T17:39:04.695883,O00343,Completed,2026-06-03T21:35:15.100Z,UPI,orders_S002_20260603.json,ST007,S002,S002_O00343,FUTURE_TIMESTAMP,2026-06-03T17:42:56.835Z,,,,,,,,,,,,
20260603,C0007,2026-06-03T17:39:04.695883,O00344,Completed,2026-06-03T19:48:47.100Z,UPI,orders_S002_20260603.json,ST004,S002,S002_O00344,FUTURE_TIMESTAMP,2026-06-03T17:42:56.835Z,,,,,,,,,,,,
20260603,C0439,2026-06-03T17:39:04.695883,O00346,Completed,2026-06-03T20:28:41.100Z,UPI,orders_S002_20260603.json,ST002,S002,S002_O00346,FUTURE_TIMESTAMP,2026-06-03T17:42:56.835Z,,,,,,,,,,,,
20260603,C0417,2026-06-03T17:39:04.695883,O00348,Completed,2026-06-03T18:19:53.100Z,Cash,orders_S002_20260603.json,ST007,S002,S002_O00348,FUTURE_TIMESTAMP,2026-06-03T17:42:56.835Z,,,,,,,,,,,,
20260603,C0066,2026-06-03T17:39:04.695883,O00349,Completed,2026-06-03T19:26:28.100Z,UPI,orders_S002_20260603.json,ST001,S002,S002_O00349,FUTURE_TIMESTAMP,2026-06-03T17:42:56.835Z,,,,,,,,,,,,
20260603,C0086,2026-06-03T17:39:04.695883,O00350,Completed,2026-06-03T21:18:43.100Z,Card,orders_S002_20260603.json,ST014,S002,S002_O00350,FUTURE_TIMESTAMP,2026-06-03T17:42:56.835Z,,,,,,,,,,,,
20260603,C0350,2026-06-03T17:39:04.695883,O00351,Completed,2026-06-03T19:40:37.100Z,UPI,orders_S002_20260603.json,ST010,S002,S002_O00351,FUTURE_TIMESTAMP,2026-06-03T17:42:56.835Z,,,,,,,,,,,,
20260603,C0257,2026-06-03T17:39:04.695883,O00352,Completed,2026-06-03T19:34:45.100Z,Card,orders_S002_20260603.json,ST002,S002,S002_O00352,FUTURE_TIMESTAMP,2026-06-03T17:42:56.835Z,,,,,,,,,,,,
20260603,C0266,2026-06-03T17:39:04.695883,O00356,Completed,2026-06-03T18:23:44.100Z,Card,orders_S002_20260603.json,ST009,S002,S002_O00356,FUTURE_TIMESTAMP,2026-06-03T17:42:56.835Z,,,,,,,,,,,,
20260603,C0084,2026-06-03T17:39:04.695883,O00360,Completed,2026-06-03T19:05:18.100Z,Cash,orders_S002_20260603.json,ST012,S002,S002_O00360,FUTURE_TIMESTAMP,2026-06-03T17:42:56.835Z,,,,,,,,,,,,
20260603,C0372,2026-06-03T17:39:04.695883,O00361,Completed,2026-06-03T19:41:46.100Z,Cash,orders_S002_20260603.json,ST002,S002,S002_O00361,FUTURE_TIMESTAMP,2026-06-03T17:42:56.835Z,,,,,,,,,,,,
20260603,C0340,2026-06-03T17:39:04.695883,O00362,Completed,2026-06-03T19:24:38.100Z,UPI,orders_S002_20260603.json,ST006,S002,S002_O00362,FUTURE_TIMESTAMP,2026-06-03T17:42:56.835Z,,,,,,,,,,,,
20260603,C0420,2026-06-03T17:39:04.695883,O00363,Completed,2026-06-03T20:07:32.100Z,UPI,orders_S002_20260603.json,ST011,S002,S002_O00363,FUTURE_TIMESTAMP,2026-06-03T17:42:56.835Z,,,,,,,,,,,,
20260603,C0063,2026-06-03T17:39:04.695883,O00364,Completed,2026-06-03T20:56:52.100Z,Cash,orders_S002_20260603.json,ST003,S002,S002_O00364,FUTURE_TIMESTAMP,2026-06-03T17:42:56.835Z,,,,,,,,,,,,
20260603,C0297,2026-06-03T17:39:04.695883,O00365,Completed,2026-06-03T18:36:39.100Z,UPI,orders_S002_20260603.json,ST012,S002,S002_O00365,FUTURE_TIMESTAMP,2026-06-03T17:42:56.835Z,,,,,,,,,,,,
20260603,C0295,2026-06-03T17:39:04.695883,O00366,Completed,2026-06-03T21:42:59.100Z,Cash,orders_S002_20260603.json,ST012,S002,S002_O00366,FUTURE_TIMESTAMP,2026-06-03T17:42:56.835Z,,,,,,,,,,,,
20260603,C0088,2026-06-03T17:39:04.695883,O00367,Completed,2026-06-03T20:13:56.100Z,UPI,orders_S002_20260603.json,ST002,S002,S002_O00367,FUTURE_TIMESTAMP,2026-06-03T17:42:56.835Z,,,,,,,,,,,,
20260603,C0095,2026-06-03T17:39:04.695883,O00369,Completed,2026-06-03T19:17:05.100Z,UPI,orders_S002_20260603.json,ST001,S002,S002_O00369,FUTURE_TIMESTAMP,2026-06-03T17:42:56.835Z,,,,,,,,,,,,
20260603,C0406,2026-06-03T17:39:04.695883,O00371,Completed,2026-06-03T12:23:51.100Z,Crypto,orders_S002_20260603.json,ST001,S002,S002_O00371,INVALID_PAYMENT_MODE: Crypto,2026-06-03T17:42:56.835Z,,,,,,,,,,,,
20260603,C0085,2026-06-03T17:39:04.695883,O00372,Completed,2026-06-03T19:39:43.100Z,UPI,orders_S002_20260603.json,ST005,S002,S002_O00372,FUTURE_TIMESTAMP,2026-06-03T17:42:56.835Z,,,,,,,,,,,,
20260603,C0395,2026-06-03T17:39:04.695883,O00375,Completed,2026-06-03T20:53:12.100Z,Card,orders_S002_20260603.json,ST011,S002,S002_O00375,FUTURE_TIMESTAMP,2026-06-03T17:42:56.835Z,,,,,,,,,,,,
20260603,C0340,2026-06-03T17:39:04.695883,O00377,Completed,2026-06-03T19:48:19.100Z,Card,orders_S002_20260603.json,ST010,S002,S002_O00377,FUTURE_TIMESTAMP,2026-06-03T17:42:56.835Z,,,,,,,,,,,,
20260603,C0151,2026-06-03T17:39:04.695883,O00378,Completed,2026-06-03T19:04:16.100Z,Card,orders_S002_20260603.json,ST010,S002,S002_O00378,FUTURE_TIMESTAMP,2026-06-03T17:42:56.835Z,,,,,,,,,,,,
20260603,C0045,2026-06-03T17:39:04.695883,O00379,Completed,2026-06-03T19:35:55.100Z,Cash,orders_S002_20260603.json,ST002,S002,S002_O00379,FUTURE_TIMESTAMP,2026-06-03T17:42:56.835Z,,,,,,,,,,,,
20260603,C0016,2026-06-03T17:39:04.695883,O00381,Completed,2026-06-03T19:56:01.100Z,Cash,orders_S002_20260603.json,ST012,S002,S002_O00381,FUTURE_TIMESTAMP,2026-06-03T17:42:56.835Z,,,,,,,,,,,,
20260603,C0059,2026-06-03T17:39:04.695883,O00383,Completed,2026-06-03T21:18:39.100Z,UPI,orders_S002_20260603.json,ST001,S002,S002_O00383,FUTURE_TIMESTAMP,2026-06-03T17:42:56.835Z,,,,,,,,,,,,
20260603,C0100,2026-06-03T17:39:04.695883,O00384,Completed,2026-06-03T19:37:49.100Z,UPI,orders_S002_20260603.json,ST010,S002,S002_O00384,FUTURE_TIMESTAMP,2026-06-03T17:42:56.835Z,,,,,,,,,,,,
20260603,C0064,2026-06-03T17:39:04.695883,O00385,Completed,2026-06-03T18:28:15.100Z,UPI,orders_S002_20260603.json,ST010,S002,S002_O00385,FUTURE_TIMESTAMP,2026-06-03T17:42:56.835Z,,,,,,,,,,,,
20260603,C0364,2026-06-03T17:39:04.695883,O00386,Completed,2026-06-03T20:42:03.100Z,Cash,orders_S002_20260603.json,ST005,S002,S002_O00386,FUTURE_TIMESTAMP,2026-06-03T17:42:56.835Z,,,,,,,,,,,,
20260603,C0088,2026-06-03T17:39:04.695883,O00387,Completed,2026-06-03T20:48:50.100Z,UPI,orders_S002_20260603.json,ST009,S002,S002_O00387,FUTURE_TIMESTAMP,2026-06-03T17:42:56.835Z,,,,,,,,,,,,
20260603,C0406,2026-06-03T17:39:04.695883,O00394,Completed,2026-06-03T18:57:00.100Z,UPI,orders_S002_20260603.json,ST009,S002,S002_O00394,FUTURE_TIMESTAMP,2026-06-03T17:42:56.835Z,,,,,,,,,,,,
20260603,C0155,2026-06-03T17:39:04.695883,O00395,Completed,2026-06-03T18:21:06.100Z,UPI,orders_S002_20260603.json,ST009,S002,S002_O00395,FUTURE_TIMESTAMP,2026-06-03T17:42:56.835Z,,,,,,,,,,,,
20260603,C0379,2026-06-03T17:39:04.695883,O00396,Completed,2026-06-03T20:05:37.100Z,Cash,orders_S002_20260603.json,ST006,S002,S002_O00396,FUTURE_TIMESTAMP,2026-06-03T17:42:56.835Z,,,,,,,,,,,,
20260603,C0220,2026-06-03T17:39:04.695883,O00397,Completed,2026-06-03T20:01:22.100Z,Cash,orders_S002_20260603.json,ST009,S002,S002_O00397,FUTURE_TIMESTAMP,2026-06-03T17:42:56.835Z,,,,,,,,,,,,
20260603,C0418,2026-06-03T17:39:04.695883,O00398,Completed,2026-06-03T17:45:46.100Z,UPI,orders_S002_20260603.json,ST013,S002,S002_O00398,FUTURE_TIMESTAMP,2026-06-03T17:42:56.835Z,,,,,,,,,,,,
20260603,C0208,2026-06-03T17:39:04.695883,O00400,Completed,2026-06-03T20:46:51.100Z,Cash,orders_S002_20260603.json,ST013,S002,S002_O00400,FUTURE_TIMESTAMP,2026-06-03T17:42:56.835Z,,,,,,,,,,,,
20260603,C0423,2026-06-03T17:39:04.695883,O00402,Completed,2026-06-03T20:34:38.100Z,Card,orders_S002_20260603.json,ST003,S002,S002_O00402,FUTURE_TIMESTAMP,2026-06-03T17:42:56.835Z,,,,,,,,,,,,
20260603,C0447,2026-06-03T17:39:04.695883,O00403,Completed,2026-06-03T19:19:46.100Z,UPI,orders_S002_20260603.json,ST011,S002,S002_O00403,FUTURE_TIMESTAMP,2026-06-03T17:42:56.835Z,,,,,,,,,,,,
20260603,C0003,2026-06-03T17:39:04.695883,O00404,Completed,2026-06-03T21:26:55.100Z,UPI,orders_S002_20260603.json,ST015,S002,S002_O00404,FUTURE_TIMESTAMP,2026-06-03T17:42:56.835Z,,,,,,,,,,,,
20260603,C0017,2026-06-03T17:39:04.695883,O00405,Completed,2026-06-03T20:15:49.100Z,UPI,orders_S002_20260603.json,ST015,S002,S002_O00405,FUTURE_TIMESTAMP,2026-06-03T17:42:56.835Z,,,,,,,,,,,,
20260603,C0164,2026-06-03T17:39:04.695883,O00407,Completed,2026-06-03T19:44:56.100Z,Card,orders_S002_20260603.json,ST004,S002,S002_O00407,FUTURE_TIMESTAMP,2026-06-03T17:42:56.835Z,,,,,,,,,,,,
20260603,C0036,2026-06-03T17:39:04.695883,O00408,Completed,2026-06-03T20:35:27.100Z,Cash,orders_S002_20260603.json,ST014,S002,S002_O00408,FUTURE_TIMESTAMP,2026-06-03T17:42:56.835Z,,,,,,,,,,,,
20260603,C0388,2026-06-03T17:39:04.695883,O00410,Completed,2026-06-03T19:28:30.100Z,Card,orders_S002_20260603.json,ST006,S002,S002_O00410,FUTURE_TIMESTAMP,2026-06-03T17:42:56.835Z,,,,,,,,,,,,
20260603,C0010,2026-06-03T17:39:04.695883,O00412,Completed,2026-06-03T21:34:03.100Z,Cash,orders_S002_20260603.json,ST008,S002,S002_O00412,FUTURE_TIMESTAMP,2026-06-03T17:42:56.835Z,,,,,,,,,,,,
20260603,C0052,2026-06-03T17:39:04.695883,O00416,Completed,2026-06-03T19:19:23.100Z,Card,orders_S002_20260603.json,ST013,S002,S002_O00416,FUTURE_TIMESTAMP,2026-06-03T17:42:56.835Z,,,,,,,,,,,,
20260603,C0005,2026-06-03T17:39:04.695883,O00417,Completed,2026-06-03T19:56:18.100Z,UPI,orders_S002_20260603.json,ST008,S002,S002_O00417,FUTURE_TIMESTAMP,2026-06-03T17:42:56.835Z,,,,,,,,,,,,
20260603,C0230,2026-06-03T17:39:04.695883,O00418,Completed,2026-06-03T18:44:21.100Z,Card,orders_S002_20260603.json,ST014,S002,S002_O00418,FUTURE_TIMESTAMP,2026-06-03T17:42:56.835Z,,,,,,,,,,,,
20260603,C0192,2026-06-03T17:39:04.695883,O00419,Completed,2026-06-03T20:24:17.100Z,Cash,orders_S002_20260603.json,ST001,S002,S002_O00419,FUTURE_TIMESTAMP,2026-06-03T17:42:56.835Z,,,,,,,,,,,,
20260603,C0093,2026-06-03T17:39:04.695883,O00420,Completed,2026-06-03T19:20:20.100Z,Cash,orders_S002_20260603.json,ST005,S002,S002_O00420,FUTURE_TIMESTAMP,2026-06-03T17:42:56.835Z,,,,,,,,,,,,
20260603,C0237,2026-06-03T17:39:04.695883,O00421,Completed,2026-06-03T19:17:14.100Z,UPI,orders_S002_20260603.json,ST002,S002,S002_O00421,FUTURE_TIMESTAMP,2026-06-03T17:42:56.835Z,,,,,,,,,,,,
20260603,C0013,2026-06-03T17:39:04.695883,O00422,Completed,2026-06-03T20:14:49.100Z,UPI,orders_S002_20260603.json,ST007,S002,S002_O00422,FUTURE_TIMESTAMP,2026-06-03T17:42:56.835Z,,,,,,,,,,,,
20260603,C0110,2026-06-03T17:39:04.695883,O00423,Completed,2026-06-03T20:27:24.100Z,UPI,orders_S002_20260603.json,ST006,S002,S002_O00423,FUTURE_TIMESTAMP,2026-06-03T17:42:56.835Z,,,,,,,,,,,,
20260603,C0033,2026-06-03T17:39:04.695883,O00424,Completed,2026-06-03T21:30:15.100Z,Card,orders_S002_20260603.json,ST015,S002,S002_O00424,FUTURE_TIMESTAMP,2026-06-03T17:42:56.835Z,,,,,,,,,,,,
20260603,C0380,2026-06-03T17:39:04.695883,O00425,Completed,2026-06-03T19:49:53.100Z,UPI,orders_S002_20260603.json,ST014,S002,S002_O00425,FUTURE_TIMESTAMP,2026-06-03T17:42:56.835Z,,,,,,,,,,,,
20260603,C0064,2026-06-03T17:39:04.695883,O00427,Completed,2026-06-03T19:34:36.100Z,Card,orders_S002_20260603.json,ST005,S002,S002_O00427,FUTURE_TIMESTAMP,2026-06-03T17:42:56.835Z,,,,,,,,,,,,
20260603,C0393,2026-06-03T17:39:04.695883,O00428,Completed,2026-06-03T19:55:00.100Z,UPI,orders_S002_20260603.json,ST011,S002,S002_O00428,FUTURE_TIMESTAMP,2026-06-03T17:42:56.835Z,,,,,,,,,,,,
20260603,C0345,2026-06-03T17:39:04.695883,O00429,Completed,2026-06-03T20:38:12.100Z,UPI,orders_S002_20260603.json,ST012,S002,S002_O00429,FUTURE_TIMESTAMP,2026-06-03T17:42:56.835Z,,,,,,,,,,,,
20260603,C0051,2026-06-03T17:39:04.695883,O00430,Completed,2026-06-03T20:13:38.100Z,UPI,orders_S002_20260603.json,ST007,S002,S002_O00430,FUTURE_TIMESTAMP,2026-06-03T17:42:56.835Z,,,,,,,,,,,,
20260603,C0339,2026-06-03T17:39:04.695883,O00431,Completed,2026-06-03T20:33:04.100Z,Cash,orders_S002_20260603.json,ST002,S002,S002_O00431,FUTURE_TIMESTAMP,2026-06-03T17:42:56.835Z,,,,,,,,,,,,
20260603,C0293,2026-06-03T17:39:04.695883,O00432,Completed,2026-06-03T18:09:38.100Z,UPI,orders_S002_20260603.json,ST012,S002,S002_O00432,FUTURE_TIMESTAMP,2026-06-03T17:42:56.835Z,,,,,,,,,,,,
20260603,C0019,2026-06-03T17:39:04.695883,O00434,Completed,2026-06-03T20:50:34.100Z,UPI,orders_S002_20260603.json,ST012,S002,S002_O00434,FUTURE_TIMESTAMP,2026-06-03T17:42:56.835Z,,,,,,,,,,,,
20260603,C0293,2026-06-03T17:39:04.695883,O00435,Completed,2026-06-03T20:26:44.100Z,Card,orders_S002_20260603.json,ST010,S002,S002_O00435,FUTURE_TIMESTAMP,2026-06-03T17:42:56.835Z,,,,,,,,,,,,
20260603,C0086,2026-06-03T17:39:04.695883,O00436,Completed,2026-06-03T18:09:35.100Z,Cash,orders_S002_20260603.json,ST013,S002,S002_O00436,FUTURE_TIMESTAMP,2026-06-03T17:42:56.835Z,,,,,,,,,,,,
20260603,C0142,2026-06-03T17:39:04.695883,O00441,Completed,2026-06-03T18:57:39.100Z,UPI,orders_S002_20260603.json,ST004,S002,S002_O00441,FUTURE_TIMESTAMP,2026-06-03T17:42:56.835Z,,,,,,,,,,,,
20260603,C0283,2026-06-03T17:39:04.695883,O00443,Completed,2026-06-03T19:20:55.100Z,Cash,orders_S002_20260603.json,ST002,S002,S002_O00443,FUTURE_TIMESTAMP,2026-06-03T17:42:56.835Z,,,,,,,,,,,,
20260603,C0058,2026-06-03T17:39:04.695883,O00445,Completed,2026-06-03T19:43:36.100Z,UPI,orders_S002_20260603.json,ST002,S002,S002_O00445,FUTURE_TIMESTAMP,2026-06-03T17:42:56.835Z,,,,,,,,,,,,
20260603,C0244,2026-06-03T17:39:04.695883,O00446,Completed,2026-06-03T20:00:32.100Z,UPI,orders_S002_20260603.json,ST003,S002,S002_O00446,FUTURE_TIMESTAMP,2026-06-03T17:42:56.835Z,,,,,,,,,,,,
20260603,C0060,2026-06-03T17:39:04.695883,O00447,Completed,2026-06-03T21:19:01.100Z,UPI,orders_S002_20260603.json,ST009,S002,S002_O00447,FUTURE_TIMESTAMP,2026-06-03T17:42:56.835Z,,,,,,,,,,,,
20260603,C0272,2026-06-03T17:39:04.695883,O00448,Completed,2026-06-03T21:06:17.100Z,UPI,orders_S002_20260603.json,ST005,S002,S002_O00448,FUTURE_TIMESTAMP,2026-06-03T17:42:56.835Z,,,,,,,,,,,,
20260603,C0062,2026-06-03T17:39:04.695883,O00451,Completed,2026-06-03T21:53:45.100Z,UPI,orders_S002_20260603.json,ST006,S002,S002_O00451,FUTURE_TIMESTAMP,2026-06-03T17:42:56.835Z,,,,,,,,,,,,
20260603,C0072,2026-06-03T17:39:04.695883,O00453,Completed,2026-06-03T19:32:32.100Z,Card,orders_S002_20260603.json,ST003,S002,S002_O00453,FUTURE_TIMESTAMP,2026-06-03T17:42:56.835Z,,,,,,,,,,,,
20260603,C0125,2026-06-03T17:39:04.695883,O00454,Completed,2026-06-03T19:58:37.100Z,UPI,orders_S002_20260603.json,ST005,S002,S002_O00454,FUTURE_TIMESTAMP,2026-06-03T17:42:56.835Z,,,,,,,,,,,,
20260603,C0191,2026-06-03T17:39:04.695883,O00455,Completed,2026-06-03T19:38:22.100Z,UPI,orders_S002_20260603.json,ST015,S002,S002_O00455,FUTURE_TIMESTAMP,2026-06-03T17:42:56.835Z,,,,,,,,,,,,
20260603,C0062,2026-06-03T17:39:04.695883,O00456,Completed,2026-06-03T20:24:36.100Z,UPI,orders_S002_20260603.json,ST006,S002,S002_O00456,FUTURE_TIMESTAMP,2026-06-03T17:42:56.835Z,,,,,,,,,,,,
20260603,C0310,2026-06-03T17:39:04.695883,O00457,Completed,2026-06-03T20:46:13.100Z,Cash,orders_S002_20260603.json,ST002,S002,S002_O00457,FUTURE_TIMESTAMP,2026-06-03T17:42:56.835Z,,,,,,,,,,,,
20260603,C0019,2026-06-03T17:39:04.695883,O00458,Completed,2026-06-03T19:22:37.100Z,UPI,orders_S002_20260603.json,ST001,S002,S002_O00458,FUTURE_TIMESTAMP,2026-06-03T17:42:56.835Z,,,,,,,,,,,,
20260603,C0066,2026-06-03T17:39:04.695883,O00459,Completed,2026-06-03T19:37:02.100Z,UPI,orders_S002_20260603.json,ST001,S002,S002_O00459,FUTURE_TIMESTAMP,2026-06-03T17:42:56.835Z,,,,,,,,,,,,
20260603,C0147,2026-06-03T17:39:04.695883,O00460,Completed,2027-06-03T19:26:52.100Z,UPI,orders_S002_20260603.json,ST014,S002,S002_O00460,FUTURE_TIMESTAMP,2026-06-03T17:42:56.835Z,,,,,,,,,,,,
20260603,C0087,2026-06-03T17:39:04.695883,O00461,Completed,2026-06-03T17:55:21.100Z,Card,orders_S002_20260603.json,ST011,S002,S002_O00461,FUTURE_TIMESTAMP,2026-06-03T17:42:56.835Z,,,,,,,,,,,,
20260603,C0436,2026-06-03T17:39:04.695883,O00462,Completed,2026-06-03T20:46:57.100Z,Cash,orders_S002_20260603.json,ST008,S002,S002_O00462,FUTURE_TIMESTAMP,2026-06-03T17:42:56.835Z,,,,,,,,,,,,
20260603,C0079,2026-06-03T17:39:04.695883,O00465,Completed,2026-06-03T17:45:36.100Z,UPI,orders_S002_20260603.json,ST001,S002,S002_O00465,FUTURE_TIMESTAMP,2026-06-03T17:42:56.835Z,,,,,,,,,,,,
20260603,C0179,2026-06-03T17:39:04.695883,O00466,Completed,2026-06-03T19:14:02.100Z,Cash,orders_S002_20260603.json,ST009,S002,S002_O00466,FUTURE_TIMESTAMP,2026-06-03T17:42:56.835Z,,,,,,,,,,,,
20260603,C0098,2026-06-03T17:39:04.695883,O00467,Completed,2027-06-03T20:55:23.100Z,Cash,orders_S002_20260603.json,ST008,S002,S002_O00467,FUTURE_TIMESTAMP,2026-06-03T17:42:56.835Z,,,,,,,,,,,,
20260603,C0435,2026-06-03T17:39:04.695883,O00469,Completed,2026-06-03T20:14:34.100Z,UPI,orders_S002_20260603.json,ST007,S002,S002_O00469,FUTURE_TIMESTAMP,2026-06-03T17:42:56.835Z,,,,,,,,,,,,
20260603,C0034,2026-06-03T17:39:04.695883,O00470,Completed,2026-06-03T18:54:06.100Z,UPI,orders_S002_20260603.json,ST008,S002,S002_O00470,FUTURE_TIMESTAMP,2026-06-03T17:42:56.835Z,,,,,,,,,,,,
20260603,C0158,2026-06-03T17:39:04.695883,O00472,Completed,2026-06-03T18:54:45.100Z,UPI,orders_S002_20260603.json,ST012,S002,S002_O00472,FUTURE_TIMESTAMP,2026-06-03T17:42:56.835Z,,,,,,,,,,,,
20260603,C0043,2026-06-03T17:39:04.695883,O00473,Completed,2026-06-03T18:02:07.100Z,UPI,orders_S002_20260603.json,ST004,S002,S002_O00473,FUTURE_TIMESTAMP,2026-06-03T17:42:56.835Z,,,,,,,,,,,,
20260603,C0107,2026-06-03T17:39:04.695883,O00474,Completed,2026-06-03T19:44:27.100Z,Card,orders_S002_20260603.json,ST006,S002,S002_O00474,FUTURE_TIMESTAMP,2026-06-03T17:42:56.835Z,,,,,,,,,,,,
20260603,C0128,2026-06-03T17:39:04.695883,O00475,Completed,2026-06-03T20:51:16.100Z,Card,orders_S002_20260603.json,ST007,S002,S002_O00475,FUTURE_TIMESTAMP,2026-06-03T17:42:56.835Z,,,,,,,,,,,,
20260603,C0374,2026-06-03T17:39:04.695883,O00476,Completed,2026-06-03T20:28:47.100Z,UPI,orders_S002_20260603.json,ST008,S002,S002_O00476,FUTURE_TIMESTAMP,2026-06-03T17:42:56.835Z,,,,,,,,,,,,
20260603,C0082,2026-06-03T17:39:04.695883,O00478,Completed,2026-06-03T20:03:13.100Z,UPI,orders_S002_20260603.json,ST004,S002,S002_O00478,FUTURE_TIMESTAMP,2026-06-03T17:42:56.835Z,,,,,,,,,,,,
20260603,C0032,2026-06-03T17:39:04.695883,O00479,Completed,2026-06-03T21:16:54.100Z,UPI,orders_S002_20260603.json,ST014,S002,S002_O00479,FUTURE_TIMESTAMP,2026-06-03T17:42:56.835Z,,,,,,,,,,,,
20260603,C0231,2026-06-03T17:39:04.695883,O00481,Completed,2026-06-03T19:07:17.100Z,Cash,orders_S002_20260603.json,ST007,S002,S002_O00481,FUTURE_TIMESTAMP,2026-06-03T17:42:56.835Z,,,,,,,,,,,,
20260603,C0014,2026-06-03T17:39:04.695883,O00482,Completed,2026-06-03T18:07:07.100Z,UPI,orders_S002_20260603.json,ST004,S002,S002_O00482,FUTURE_TIMESTAMP,2026-06-03T17:42:56.835Z,,,,,,,,,,,,
20260603,C0042,2026-06-03T17:39:04.695883,O00483,Completed,2026-06-03T19:25:32.100Z,UPI,orders_S002_20260603.json,ST002,S002,S002_O00483,FUTURE_TIMESTAMP,2026-06-03T17:42:56.835Z,,,,,,,,,,,,
20260603,C0283,2026-06-03T17:39:04.695883,O00484,Completed,2026-06-03T18:29:40.100Z,Cash,orders_S002_20260603.json,ST002,S002,S002_O00484,FUTURE_TIMESTAMP,2026-06-03T17:42:56.835Z,,,,,,,,,,,,
20260603,C0342,2026-06-03T17:39:04.695883,O00486,Completed,2026-06-03T19:35:38.100Z,UPI,orders_S002_20260603.json,ST001,S002,S002_O00486,FUTURE_TIMESTAMP,2026-06-03T17:42:56.835Z,,,,,,,,,,,,
20260603,C0340,2026-06-03T17:39:04.695883,O00487,Completed,2026-06-03T18:23:02.100Z,Cash,orders_S002_20260603.json,ST008,S002,S002_O00487,FUTURE_TIMESTAMP,2026-06-03T17:42:56.835Z,,,,,,,,,,,,
20260603,C0315,2026-06-03T17:39:04.695883,O00488,Completed,2026-06-03T17:49:37.100Z,UPI,orders_S002_20260603.json,ST002,S002,S002_O00488,FUTURE_TIMESTAMP,2026-06-03T17:42:56.835Z,,,,,,,,,,,,
20260603,C0085,2026-06-03T17:39:04.695883,O00489,Completed,2026-06-03T19:17:34.100Z,UPI,orders_S002_20260603.json,ST006,S002,S002_O00489,FUTURE_TIMESTAMP,2026-06-03T17:42:56.835Z,,,,,,,,,,,,
20260603,C0293,2026-06-03T17:39:04.695883,O00491,Completed,2026-06-03T18:10:43.100Z,UPI,orders_S002_20260603.json,ST012,S002,S002_O00491,FUTURE_TIMESTAMP,2026-06-03T17:42:56.835Z,,,,,,,,,,,,
20260603,C0051,2026-06-03T17:39:04.695883,O00492,Completed,2026-06-03T19:09:32.100Z,UPI,orders_S002_20260603.json,ST002,S002,S002_O00492,FUTURE_TIMESTAMP,2026-06-03T17:42:56.835Z,,,,,,,,,,,,
20260603,C0295,2026-06-03T17:39:04.695883,O00493,Completed,2026-06-03T19:41:36.100Z,UPI,orders_S002_20260603.json,ST008,S002,S002_O00493,FUTURE_TIMESTAMP,2026-06-03T17:42:56.835Z,,,,,,,,,,,,
20260603,C0394,2026-06-03T17:39:04.695883,O00495,Completed,2026-06-03T18:31:47.100Z,Cash,orders_S002_20260603.json,ST004,S002,S002_O00495,FUTURE_TIMESTAMP,2026-06-03T17:42:56.835Z,,,,,,,,,,,,
20260603,C0209,2026-06-03T17:39:04.695883,O00498,Completed,2026-06-03T21:51:44.100Z,UPI,orders_S002_20260603.json,ST014,S002,S002_O00498,FUTURE_TIMESTAMP,2026-06-03T17:42:56.835Z,,,,,,,,,,,,
20260603,C0084,2026-06-03T17:39:04.695883,O00499,Completed,2026-06-03T19:14:22.100Z,Cash,orders_S002_20260603.json,ST013,S002,S002_O00499,FUTURE_TIMESTAMP,2026-06-03T17:42:56.835Z,,,,,,,,,,,,
20260603,C0038,2026-06-03T17:39:04.695883,O00501,Completed,2026-06-03T21:18:54.100Z,Card,orders_S002_20260603.json,ST008,S002,S002_O00501,FUTURE_TIMESTAMP,2026-06-03T17:42:56.835Z,,,,,,,,,,,,
20260603,C0198,2026-06-03T17:39:04.695883,O00503,Completed,2026-06-03T18:16:05.100Z,UPI,orders_S002_20260603.json,ST001,S002,S002_O00503,FUTURE_TIMESTAMP,2026-06-03T17:42:56.835Z,,,,,,,,,,,,
20260603,C0165,2026-06-03T17:39:04.695883,O00504,Completed,2026-06-03T20:03:20.100Z,Cash,orders_S002_20260603.json,ST009,S002,S002_O00504,FUTURE_TIMESTAMP,2026-06-03T17:42:56.835Z,,,,,,,,,,,,
20260603,C0305,2026-06-03T17:39:04.695883,O00507,Completed,2026-06-03T20:30:14.100Z,UPI,orders_S002_20260603.json,ST013,S002,S002_O00507,FUTURE_TIMESTAMP,2026-06-03T17:42:56.835Z,,,,,,,,,,,,
20260603,C0073,2026-06-03T17:39:04.695883,O00508,Completed,2026-06-03T20:57:20.100Z,UPI,orders_S002_20260603.json,ST015,S002,S002_O00508,FUTURE_TIMESTAMP,2026-06-03T17:42:56.835Z,,,,,,,,,,,,
20260603,C0189,2026-06-03T17:39:04.695883,O00509,Completed,2026-06-03T19:40:20.100Z,Cash,orders_S002_20260603.json,ST005,S002,S002_O00509,FUTURE_TIMESTAMP,2026-06-03T17:42:56.835Z,,,,,,,,,,,,
20260603,C0046,2026-06-03T17:39:04.695883,O00511,Completed,2026-06-03T20:36:28.100Z,UPI,orders_S002_20260603.json,ST005,S002,S002_O00511,FUTURE_TIMESTAMP,2026-06-03T17:42:56.835Z,,,,,,,,,,,,
20260603,C0041,2026-06-03T17:39:04.695883,O00512,Completed,2026-06-03T18:37:12.100Z,Card,orders_S002_20260603.json,ST008,S002,S002_O00512,FUTURE_TIMESTAMP,2026-06-03T17:42:56.835Z,,,,,,,,,,,,
20260603,C0434,2026-06-03T17:39:04.695883,O00514,Completed,2026-06-03T19:23:04.100Z,UPI,orders_S002_20260603.json,ST015,S002,S002_O00514,FUTURE_TIMESTAMP,2026-06-03T17:42:56.835Z,,,,,,,,,,,,
20260603,C0024,2026-06-03T17:39:04.695883,O00516,Completed,2026-06-03T18:43:07.100Z,UPI,orders_S002_20260603.json,ST013,S002,S002_O00516,FUTURE_TIMESTAMP,2026-06-03T17:42:56.835Z,,,,,,,,,,,,
20260603,C0102,2026-06-03T17:39:04.695883,O00517,Completed,2026-06-03T19:33:50.100Z,UPI,orders_S002_20260603.json,ST005,S002,S002_O00517,FUTURE_TIMESTAMP,2026-06-03T17:42:56.835Z,,,,,,,,,,,,
20260603,C0409,2026-06-03T17:39:04.695883,O00518,Completed,2026-06-03T20:13:40.100Z,Crypto,orders_S002_20260603.json,ST008,S002,S002_O00518,INVALID_PAYMENT_MODE: Crypto,2026-06-03T17:42:56.835Z,,,,,,,,,,,,
20260603,C0210,2026-06-03T17:39:04.695883,O00520,Completed,2026-06-03T20:37:28.100Z,UPI,orders_S002_20260603.json,ST003,S002,S002_O00520,FUTURE_TIMESTAMP,2026-06-03T17:42:56.835Z,,,,,,,,,,,,
20260603,C0006,2026-06-03T17:39:04.695883,O00521,Completed,2026-06-03T21:24:16.100Z,UPI,orders_S002_20260603.json,ST001,S002,S002_O00521,FUTURE_TIMESTAMP,2026-06-03T17:42:56.835Z,,,,,,,,,,,,
20260603,C0418,2026-06-03T17:39:04.695883,O00523,Completed,2026-06-03T20:36:38.100Z,UPI,orders_S002_20260603.json,ST008,S002,S002_O00523,FUTURE_TIMESTAMP,2026-06-03T17:42:56.835Z,,,,,,,,,,,,
20260603,C0387,2026-06-03T17:39:04.695883,O00524,Completed,2026-06-03T19:51:07.100Z,UPI,orders_S002_20260603.json,ST013,S002,S002_O00524,FUTURE_TIMESTAMP,2026-06-03T17:42:56.835Z,,,,,,,,,,,,
20260603,C0062,2026-06-03T17:39:04.695883,O00525,Completed,2026-06-03T20:40:45.100Z,Cash,orders_S002_20260603.json,ST011,S002,S002_O00525,FUTURE_TIMESTAMP,2026-06-03T17:42:56.835Z,,,,,,,,,,,,
20260603,C0036,2026-06-03T17:39:04.695883,O00526,Completed,2026-06-03T20:55:59.100Z,UPI,orders_S002_20260603.json,ST005,S002,S002_O00526,FUTURE_TIMESTAMP,2026-06-03T17:42:56.835Z,,,,,,,,,,,,
20260603,C0241,2026-06-03T17:39:04.695883,O00527,Completed,2026-06-03T20:09:47.100Z,UPI,orders_S002_20260603.json,ST001,S002,S002_O00527,FUTURE_TIMESTAMP,2026-06-03T17:42:56.835Z,,,,,,,,,,,,
20260603,C0319,2026-06-03T17:39:04.695883,O00528,Completed,2026-06-03T19:21:26.100Z,Card,orders_S002_20260603.json,ST012,S002,S002_O00528,FUTURE_TIMESTAMP,2026-06-03T17:42:56.835Z,,,,,,,,,,,,
20260603,C0384,2026-06-03T17:39:04.695883,O00529,Completed,2026-06-03T20:03:33.100Z,UPI,orders_S002_20260603.json,ST010,S002,S002_O00529,FUTURE_TIMESTAMP,2026-06-03T17:42:56.835Z,,,,,,,,,,,,
20260603,C0010,2026-06-03T17:39:04.695883,O00530,Completed,2026-06-03T18:47:05.100Z,Cash,orders_S002_20260603.json,ST012,S002,S002_O00530,FUTURE_TIMESTAMP,2026-06-03T17:42:56.835Z,,,,,,,,,,,,
20260603,C0434,2026-06-03T17:39:04.695883,O00531,Completed,2026-06-03T20:57:38.100Z,Cash,orders_S002_20260603.json,ST009,S002,S002_O00531,FUTURE_TIMESTAMP,2026-06-03T17:42:56.835Z,,,,,,,,,,,,
20260603,C0048,2026-06-03T17:39:04.695883,O00532,Completed,2026-06-03T19:54:09.100Z,Card,orders_S002_20260603.json,ST005,S002,S002_O00532,FUTURE_TIMESTAMP,2026-06-03T17:42:56.835Z,,,,,,,,,,,,
20260603,C0068,2026-06-03T17:39:04.695883,O00534,Completed,2026-06-03T19:52:14.100Z,Card,orders_S002_20260603.json,ST004,S002,S002_O00534,FUTURE_TIMESTAMP,2026-06-03T17:42:56.835Z,,,,,,,,,,,,
20260603,C0140,2026-06-03T17:39:04.695883,O00536,Completed,2026-06-03T21:52:51.100Z,Card,orders_S002_20260603.json,ST004,S002,S002_O00536,FUTURE_TIMESTAMP,2026-06-03T17:42:56.835Z,,,,,,,,,,,,
20260603,C0066,2026-06-03T17:39:04.695883,O00537,Completed,2026-06-03T18:29:23.100Z,UPI,orders_S002_20260603.json,ST005,S002,S002_O00537,FUTURE_TIMESTAMP,2026-06-03T17:42:56.835Z,,,,,,,,,,,,
20260603,C0393,2026-06-03T17:39:04.695883,O00538,Completed,2026-06-03T19:06:57.100Z,Card,orders_S002_20260603.json,ST015,S002,S002_O00538,FUTURE_TIMESTAMP,2026-06-03T17:42:56.835Z,,,,,,,,,,,,
20260603,C0106,2026-06-03T17:39:04.695883,O00539,Completed,2026-06-03T19:48:29.100Z,Cash,orders_S002_20260603.json,ST008,S002,S002_O00539,FUTURE_TIMESTAMP,2026-06-03T17:42:56.835Z,,,,,,,,,,,,
20260603,C0238,2026-06-03T17:39:04.695883,O00540,Completed,2026-06-03T21:43:28.100Z,Card,orders_S002_20260603.json,ST009,S002,S002_O00540,FUTURE_TIMESTAMP,2026-06-03T17:42:56.835Z,,,,,,,,,,,,
20260603,C0156,2026-06-03T17:39:04.695883,O00542,Completed,2026-06-03T20:37:39.100Z,UPI,orders_S002_20260603.json,ST005,S002,S002_O00542,FUTURE_TIMESTAMP,2026-06-03T17:42:56.835Z,,,,,,,,,,,,
20260603,C0125,2026-06-03T17:39:04.695883,O00543,Completed,2026-06-03T19:29:37.100Z,UPI,orders_S002_20260603.json,ST013,S002,S002_O00543,FUTURE_TIMESTAMP,2026-06-03T17:42:56.835Z,,,,,,,,,,,,
20260603,C0005,2026-06-03T17:39:04.695883,O00544,Completed,2026-06-03T19:11:22.100Z,Card,orders_S002_20260603.json,ST009,S002,S002_O00544,FUTURE_TIMESTAMP,2026-06-03T17:42:56.835Z,,,,,,,,,,,,
20260603,C0235,2026-06-03T17:39:04.695883,O00545,Completed,2026-06-03T18:09:08.100Z,UPI,orders_S002_20260603.json,ST010,S002,S002_O00545,FUTURE_TIMESTAMP,2026-06-03T17:42:56.835Z,,,,,,,,,,,,
20260603,C0406,2026-06-03T17:39:04.695883,O00548,Completed,2026-06-03T19:33:58.100Z,Cash,orders_S002_20260603.json,ST014,S002,S002_O00548,FUTURE_TIMESTAMP,2026-06-03T17:42:56.835Z,,,,,,,,,,,,
20260603,C0003,2026-06-03T17:39:04.695883,O00549,Completed,2026-06-03T19:55:49.100Z,UPI,orders_S002_20260603.json,ST015,S002,S002_O00549,FUTURE_TIMESTAMP,2026-06-03T17:42:56.835Z,,,,,,,,,,,,
20260603,C0068,2026-06-03T17:39:04.695883,O00550,Completed,2026-06-03T19:50:45.100Z,UPI,orders_S002_20260603.json,ST015,S002,S002_O00550,FUTURE_TIMESTAMP,2026-06-03T17:42:56.835Z,,,,,,,,,,,,
20260603,C0037,2026-06-03T17:39:04.695883,O00551,Completed,2026-06-03T20:46:19.100Z,Cash,orders_S002_20260603.json,ST011,S002,S002_O00551,FUTURE_TIMESTAMP,2026-06-03T17:42:56.835Z,,,,,,,,,,,,
20260603,C0130,2026-06-03T17:39:04.695883,O00552,Completed,2026-06-03T19:30:10.100Z,UPI,orders_S002_20260603.json,ST005,S002,S002_O00552,FUTURE_TIMESTAMP,2026-06-03T17:42:56.835Z,,,,,,,,,,,,
20260603,C0205,2026-06-03T17:39:04.695883,O00554,Completed,2026-06-03T18:00:00.100Z,UPI,orders_S002_20260603.json,ST013,S002,S002_O00554,FUTURE_TIMESTAMP,2026-06-03T17:42:56.835Z,,,,,,,,,,,,
20260603,C0017,2026-06-03T17:39:04.695883,O00556,Completed,2026-06-03T18:48:06.100Z,Cash,orders_S002_20260603.json,ST009,S002,S002_O00556,FUTURE_TIMESTAMP,2026-06-03T17:42:56.835Z,,,,,,,,,,,,
20260603,C0062,2026-06-03T17:39:04.695883,O00558,Completed,2026-06-03T20:23:13.100Z,Card,orders_S002_20260603.json,ST009,S002,S002_O00558,FUTURE_TIMESTAMP,2026-06-03T17:42:56.835Z,,,,,,,,,,,,
20260603,C0040,2026-06-03T17:39:04.695883,O00560,Completed,2026-06-03T20:12:40.100Z,UPI,orders_S002_20260603.json,ST002,S002,S002_O00560,FUTURE_TIMESTAMP,2026-06-03T17:42:56.835Z,,,,,,,,,,,,
20260603,C0009,2026-06-03T17:39:04.695883,O00563,Completed,2026-06-03T19:09:54.100Z,UPI,orders_S002_20260603.json,ST005,S002,S002_O00563,FUTURE_TIMESTAMP,2026-06-03T17:42:56.835Z,,,,,,,,,,,,
20260603,C0219,2026-06-03T17:39:04.695883,O00564,Completed,2027-06-03T21:50:03.100Z,UPI,orders_S002_20260603.json,ST003,S002,S002_O00564,FUTURE_TIMESTAMP,2026-06-03T17:42:56.835Z,,,,,,,,,,,,
20260603,C0181,2026-06-03T17:39:04.695883,O00565,Completed,2026-06-03T18:48:41.100Z,Card,orders_S002_20260603.json,ST013,S002,S002_O00565,FUTURE_TIMESTAMP,2026-06-03T17:42:56.835Z,,,,,,,,,,,,
20260603,C0421,2026-06-03T17:39:04.695883,O00568,Completed,2026-06-03T17:55:13.100Z,Card,orders_S002_20260603.json,ST007,S002,S002_O00568,FUTURE_TIMESTAMP,2026-06-03T17:42:56.835Z,,,,,,,,,,,,
20260603,C0255,2026-06-03T17:39:04.695883,O00569,Completed,2026-06-03T19:10:28.100Z,Crypto,orders_S002_20260603.json,ST011,S002,S002_O00569,INVALID_PAYMENT_MODE: Crypto,2026-06-03T17:42:56.835Z,,,,,,,,,,,,
20260603,C0012,2026-06-03T17:39:04.695883,O00570,Completed,2026-06-03T20:44:07.100Z,Cash,orders_S002_20260603.json,ST014,S002,S002_O00570,FUTURE_TIMESTAMP,2026-06-03T17:42:56.835Z,,,,,,,,,,,,
20260603,C0242,2026-06-03T17:39:04.695883,O00571,Completed,2026-06-03T19:15:56.100Z,Cash,orders_S002_20260603.json,ST012,S002,S002_O00571,FUTURE_TIMESTAMP,2026-06-03T17:42:56.835Z,,,,,,,,,,,,
20260603,C0002,2026-06-03T17:39:04.695883,O00572,Completed,2026-06-03T20:15:04.100Z,Cash,orders_S002_20260603.json,ST005,S002,S002_O00572,FUTURE_TIMESTAMP,2026-06-03T17:42:56.835Z,,,,,,,,,,,,
20260603,C0078,2026-06-03T17:39:04.695883,O00574,Completed,2026-06-03T20:58:21.100Z,UPI,orders_S002_20260603.json,ST013,S002,S002_O00574,FUTURE_TIMESTAMP,2026-06-03T17:42:56.835Z,,,,,,,,,,,,
20260603,C0083,2026-06-03T17:39:04.695883,O00577,Completed,2026-06-03T21:56:15.100Z,UPI,orders_S002_20260603.json,ST005,S002,S002_O00577,FUTURE_TIMESTAMP,2026-06-03T17:42:56.835Z,,,,,,,,,,,,
20260603,C0045,2026-06-03T17:39:04.695883,O00579,Completed,2026-06-03T20:05:10.100Z,UPI,orders_S002_20260603.json,ST012,S002,S002_O00579,FUTURE_TIMESTAMP,2026-06-03T17:42:56.835Z,,,,,,,,,,,,
20260603,C0032,2026-06-03T17:39:04.695883,O00580,Completed,2026-06-03T20:43:22.100Z,Cash,orders_S002_20260603.json,ST009,S002,S002_O00580,FUTURE_TIMESTAMP,2026-06-03T17:42:56.835Z,,,,,,,,,,,,
20260603,C0148,2026-06-03T17:39:04.695883,O00582,Completed,2026-06-03T20:37:32.100Z,Cash,orders_S002_20260603.json,ST005,S002,S002_O00582,FUTURE_TIMESTAMP,2026-06-03T17:42:56.835Z,,,,,,,,,,,,
20260603,C0409,2026-06-03T17:39:04.695883,O00583,Completed,2026-06-03T20:23:34.100Z,UPI,orders_S002_20260603.json,ST004,S002,S002_O00583,FUTURE_TIMESTAMP,2026-06-03T17:42:56.835Z,,,,,,,,,,,,
20260603,C0034,2026-06-03T17:39:04.695883,O00585,Completed,2026-06-03T20:24:31.100Z,Cash,orders_S002_20260603.json,ST006,S002,S002_O00585,FUTURE_TIMESTAMP,2026-06-03T17:42:56.835Z,,,,,,,,,,,,
20260603,C0116,2026-06-03T17:39:04.695883,O00586,Completed,2026-06-03T18:51:57.100Z,Cash,orders_S002_20260603.json,ST003,S002,S002_O00586,FUTURE_TIMESTAMP,2026-06-03T17:42:56.835Z,,,,,,,,,,,,
20260603,C0261,2026-06-03T17:39:04.695883,O00587,Completed,2026-06-03T18:43:14.100Z,Card,orders_S002_20260603.json,ST007,S002,S002_O00587,FUTURE_TIMESTAMP,2026-06-03T17:42:56.835Z,,,,,,,,,,,,
20260603,C0061,2026-06-03T17:39:04.695883,O00589,Completed,2026-06-03T21:17:54.100Z,Cash,orders_S002_20260603.json,ST008,S002,S002_O00589,FUTURE_TIMESTAMP,2026-06-03T17:42:56.835Z,,,,,,,,,,,,
20260603,C0231,2026-06-03T17:39:04.695883,O00590,Completed,2026-06-03T19:08:30.100Z,Card,orders_S002_20260603.json,ST008,S002,S002_O00590,FUTURE_TIMESTAMP,2026-06-03T17:42:56.835Z,,,,,,,,,,,,
20260603,C0143,2026-06-03T17:39:04.695883,O00591,Completed,2026-06-03T21:07:52.100Z,UPI,orders_S002_20260603.json,ST004,S002,S002_O00591,FUTURE_TIMESTAMP,2026-06-03T17:42:56.835Z,,,,,,,,,,,,
20260603,C0203,2026-06-03T17:39:04.695883,O00592,Completed,2026-06-03T21:27:14.100Z,Card,orders_S002_20260603.json,ST009,S002,S002_O00592,FUTURE_TIMESTAMP,2026-06-03T17:42:56.835Z,,,,,,,,,,,,
20260603,C0232,2026-06-03T17:39:04.695883,O00593,Completed,2026-06-03T19:31:34.100Z,UPI,orders_S002_20260603.json,ST015,S002,S002_O00593,FUTURE_TIMESTAMP,2026-06-03T17:42:56.835Z,,,,,,,,,,,,
20260603,C0087,2026-06-03T17:39:04.695883,O00594,Completed,2026-06-03T20:20:16.100Z,UPI,orders_S002_20260603.json,ST003,S002,S002_O00594,FUTURE_TIMESTAMP,2026-06-03T17:42:56.835Z,,,,,,,,,,,,
20260603,C0277,2026-06-03T17:39:04.695883,O00595,Completed,2026-06-03T20:26:58.100Z,UPI,orders_S002_20260603.json,ST005,S002,S002_O00595,FUTURE_TIMESTAMP,2026-06-03T17:42:56.835Z,,,,,,,,,,,,
20260603,C0062,2026-06-03T17:39:04.695883,O00596,Completed,2026-06-03T21:07:05.100Z,UPI,orders_S002_20260603.json,ST007,S002,S002_O00596,FUTURE_TIMESTAMP,2026-06-03T17:42:56.835Z,,,,,,,,,,,,
20260603,C0007,2026-06-03T17:39:04.695883,O00597,Completed,2026-06-03T21:26:13.100Z,UPI,orders_S002_20260603.json,ST011,S002,S002_O00597,FUTURE_TIMESTAMP,2026-06-03T17:42:56.835Z,,,,,,,,,,,,
20260603,C0419,2026-06-03T17:39:04.695883,O00598,Completed,2026-06-03T18:38:56.100Z,UPI,orders_S002_20260603.json,ST007,S002,S002_O00598,FUTURE_TIMESTAMP,2026-06-03T17:42:56.835Z,,,,,,,,,,,,
20260603,C0247,2026-06-03T17:39:04.695883,O00599,Completed,2026-06-03T20:15:03.100Z,UPI,orders_S002_20260603.json,ST001,S002,S002_O00599,FUTURE_TIMESTAMP,2026-06-03T17:42:56.835Z,,,,,,,,,,,,
20260603,C0089,2026-06-03T17:39:04.695883,O00602,Completed,2026-06-03T20:04:57.100Z,Card,orders_S002_20260603.json,ST011,S002,S002_O00602,FUTURE_TIMESTAMP,2026-06-03T17:42:56.835Z,,,,,,,,,,,,
20260603,C0234,2026-06-03T17:39:04.695883,O00603,Completed,2026-06-03T20:55:54.100Z,Cash,orders_S002_20260603.json,ST012,S002,S002_O00603,FUTURE_TIMESTAMP,2026-06-03T17:42:56.835Z,,,,,,,,,,,,
20260603,C0041,2026-06-03T17:39:04.695883,O00604,Completed,2026-06-03T18:09:28.100Z,UPI,orders_S002_20260603.json,ST015,S002,S002_O00604,FUTURE_TIMESTAMP,2026-06-03T17:42:56.835Z,,,,,,,,,,,,
20260603,C0372,2026-06-03T17:39:04.695883,O00605,Completed,2026-06-03T18:17:19.100Z,UPI,orders_S002_20260603.json,ST008,S002,S002_O00605,FUTURE_TIMESTAMP,2026-06-03T17:42:56.835Z,,,,,,,,,,,,
20260603,C0022,2026-06-03T17:39:04.695883,O00609,Completed,2026-06-03T18:10:00.100Z,UPI,orders_S002_20260603.json,ST011,S002,S002_O00609,FUTURE_TIMESTAMP,2026-06-03T17:42:56.835Z,,,,,,,,,,,,
20260603,C0074,2026-06-03T17:39:04.695883,O00613,Completed,2026-06-03T20:31:34.100Z,UPI,orders_S002_20260603.json,ST015,S002,S002_O00613,FUTURE_TIMESTAMP,2026-06-03T17:42:56.835Z,,,,,,,,,,,,
20260603,C0132,2026-06-03T17:39:04.695883,O00616,Completed,2026-06-03T20:37:10.100Z,Card,orders_S002_20260603.json,ST011,S002,S002_O00616,FUTURE_TIMESTAMP,2026-06-03T17:42:56.835Z,,,,,,,,,,,,
20260603,C0348,2026-06-03T17:39:04.695883,O00617,Completed,2026-06-03T19:28:53.100Z,UPI,orders_S002_20260603.json,ST014,S002,S002_O00617,FUTURE_TIMESTAMP,2026-06-03T17:42:56.835Z,,,,,,,,,,,,
20260603,C0370,2026-06-03T17:39:04.695883,O00619,Completed,2026-06-03T20:24:49.100Z,UPI,orders_S002_20260603.json,ST011,S002,S002_O00619,FUTURE_TIMESTAMP,2026-06-03T17:42:56.835Z,,,,,,,,,,,,
20260603,C0060,2026-06-03T17:39:04.695883,O00620,Completed,2026-06-03T21:37:01.100Z,UPI,orders_S002_20260603.json,ST004,S002,S002_O00620,FUTURE_TIMESTAMP,2026-06-03T17:42:56.835Z,,,,,,,,,,,,
20260603,C0418,2026-06-03T17:39:04.695883,O00622,Completed,2026-06-03T20:45:47.100Z,UPI,orders_S002_20260603.json,ST002,S002,S002_O00622,FUTURE_TIMESTAMP,2026-06-03T17:42:56.835Z,,,,,,,,,,,,
20260603,C0048,2026-06-03T17:39:04.695883,O00623,Completed,2026-06-03T17:52:34.100Z,UPI,orders_S002_20260603.json,ST001,S002,S002_O00623,FUTURE_TIMESTAMP,2026-06-03T17:42:56.835Z,,,,,,,,,,,,
20260603,,2026-06-03T17:39:04.695883,O00629,Completed,2026-06-03T20:52:45.100Z,Cash,orders_S002_20260603.json,ST011,S002,S002_O00629,MISSING_CUSTOMER_ID,2026-06-03T17:42:56.835Z,,,,,,,,,,,,
20260603,C0424,2026-06-03T17:39:04.695883,O00633,Completed,2026-06-03T21:09:03.100Z,Cash,orders_S002_20260603.json,ST004,S002,S002_O00633,FUTURE_TIMESTAMP,2026-06-03T17:42:56.835Z,,,,,,,,,,,,
20260603,C0184,2026-06-03T17:39:04.695883,O00634,Completed,2026-06-03T19:47:18.100Z,UPI,orders_S002_20260603.json,ST003,S002,S002_O00634,FUTURE_TIMESTAMP,2026-06-03T17:42:56.835Z,,,,,,,,,,,,
20260603,C0033,2026-06-03T17:39:04.695883,O00635,Completed,2026-06-03T19:13:55.100Z,Card,orders_S002_20260603.json,ST005,S002,S002_O00635,FUTURE_TIMESTAMP,2026-06-03T17:42:56.835Z,,,,,,,,,,,,
20260603,C0222,2026-06-03T17:39:04.695883,O00637,Completed,2026-06-03T21:28:29.100Z,Cash,orders_S002_20260603.json,ST007,S002,S002_O00637,FUTURE_TIMESTAMP,2026-06-03T17:42:56.835Z,,,,,,,,,,,,
20260603,C0367,2026-06-03T17:39:04.695883,O00638,Completed,2026-06-03T19:46:16.100Z,UPI,orders_S002_20260603.json,ST002,S002,S002_O00638,FUTURE_TIMESTAMP,2026-06-03T17:42:56.835Z,,,,,,,,,,,,
20260603,C0159,2026-06-03T17:39:04.695883,O00642,Completed,2026-06-03T21:20:11.100Z,UPI,orders_S002_20260603.json,ST006,S002,S002_O00642,FUTURE_TIMESTAMP,2026-06-03T17:42:56.835Z,,,,,,,,,,,,
20260603,C0043,2026-06-03T17:39:04.695883,O00644,Completed,2026-06-03T20:41:27.100Z,UPI,orders_S002_20260603.json,ST002,S002,S002_O00644,FUTURE_TIMESTAMP,2026-06-03T17:42:56.835Z,,,,,,,,,,,,
20260603,C0055,2026-06-03T17:39:04.695883,O00646,Completed,2026-06-03T20:40:25.100Z,UPI,orders_S002_20260603.json,ST002,S002,S002_O00646,FUTURE_TIMESTAMP,2026-06-03T17:42:56.835Z,,,,,,,,,,,,
20260603,C0172,2026-06-03T17:39:04.695883,O00650,Completed,2026-06-03T19:31:18.100Z,UPI,orders_S002_20260603.json,ST004,S002,S002_O00650,FUTURE_TIMESTAMP,2026-06-03T17:42:56.835Z,,,,,,,,,,,,
20260603,C0316,2026-06-03T17:39:04.695883,O00652,Completed,2026-06-03T20:26:55.100Z,UPI,orders_S002_20260603.json,ST006,S002,S002_O00652,FUTURE_TIMESTAMP,2026-06-03T17:42:56.835Z,,,,,,,,,,,,
20260603,C0397,2026-06-03T17:39:04.695883,O00653,Completed,2026-06-03T18:52:34.100Z,Cash,orders_S002_20260603.json,ST001,S002,S002_O00653,FUTURE_TIMESTAMP,2026-06-03T17:42:56.835Z,,,,,,,,,,,,
20260603,C0236,2026-06-03T17:39:04.695883,O00658,Completed,2026-06-03T19:25:28.100Z,Card,orders_S002_20260603.json,ST010,S002,S002_O00658,FUTURE_TIMESTAMP,2026-06-03T17:42:56.835Z,,,,,,,,,,,,
20260603,C0435,2026-06-03T17:39:04.695883,O00659,Completed,2026-06-03T19:10:37.100Z,UPI,orders_S002_20260603.json,ST010,S002,S002_O00659,FUTURE_TIMESTAMP,2026-06-03T17:42:56.835Z,,,,,,,,,,,,
20260603,C0179,2026-06-03T17:39:04.695883,O00660,Completed,2026-06-03T19:19:51.100Z,UPI,orders_S002_20260603.json,ST014,S002,S002_O00660,FUTURE_TIMESTAMP,2026-06-03T17:42:56.835Z,,,,,,,,,,,,
20260603,C0365,2026-06-03T17:39:04.695883,O00662,Completed,2026-06-03T20:49:51.100Z,UPI,orders_S002_20260603.json,ST005,S002,S002_O00662,FUTURE_TIMESTAMP,2026-06-03T17:42:56.835Z,,,,,,,,,,,,
20260603,C0012,2026-06-03T17:39:04.695883,O00663,Completed,2026-06-03T19:44:28.100Z,Card,orders_S002_20260603.json,ST010,S002,S002_O00663,FUTURE_TIMESTAMP,2026-06-03T17:42:56.835Z,,,,,,,,,,,,
20260603,C0206,2026-06-03T17:39:04.695883,O00664,Completed,2026-06-03T20:50:52.100Z,Crypto,orders_S002_20260603.json,ST004,S002,S002_O00664,INVALID_PAYMENT_MODE: Crypto,2026-06-03T17:42:56.835Z,,,,,,,,,,,,
20260603,C0168,2026-06-03T17:39:04.695883,O00665,Completed,2026-06-03T21:28:29.100Z,UPI,orders_S002_20260603.json,ST004,S002,S002_O00665,FUTURE_TIMESTAMP,2026-06-03T17:42:56.835Z,,,,,,,,,,,,
20260603,C0429,2026-06-03T17:39:04.695883,O00666,Completed,2026-06-03T21:20:24.100Z,Card,orders_S002_20260603.json,ST009,S002,S002_O00666,FUTURE_TIMESTAMP,2026-06-03T17:42:56.835Z,,,,,,,,,,,,
20260603,C0036,2026-06-03T17:39:04.695883,O00667,Completed,2026-06-03T21:09:59.100Z,Cash,orders_S002_20260603.json,ST003,S002,S002_O00667,FUTURE_TIMESTAMP,2026-06-03T17:42:56.835Z,,,,,,,,,,,,
20260603,C0447,2026-06-03T17:39:04.695883,O00670,Completed,2026-06-03T20:59:57.100Z,Card,orders_S002_20260603.json,ST013,S002,S002_O00670,FUTURE_TIMESTAMP,2026-06-03T17:42:56.835Z,,,,,,,,,,,,
20260603,C0340,2026-06-03T17:39:04.695883,O00671,Completed,2026-06-03T17:49:23.100Z,Card,orders_S002_20260603.json,ST012,S002,S002_O00671,FUTURE_TIMESTAMP,2026-06-03T17:42:56.835Z,,,,,,,,,,,,
20260603,C0264,2026-06-03T17:39:04.695883,O00672,Completed,2026-06-03T21:36:27.100Z,Card,orders_S002_20260603.json,ST010,S002,S002_O00672,FUTURE_TIMESTAMP,2026-06-03T17:42:56.835Z,,,,,,,,,,,,
20260603,C0072,2026-06-03T17:39:04.695883,O00675,Completed,2026-06-03T19:34:13.100Z,UPI,orders_S002_20260603.json,ST014,S002,S002_O00675,FUTURE_TIMESTAMP,2026-06-03T17:42:56.835Z,,,,,,,,,,,,
20260603,C0322,2026-06-03T17:39:04.695883,O00676,Completed,2026-06-03T20:53:49.100Z,Card,orders_S002_20260603.json,ST007,S002,S002_O00676,FUTURE_TIMESTAMP,2026-06-03T17:42:56.835Z,,,,,,,,,,,,
20260603,C0069,2026-06-03T17:39:04.695883,O00677,Completed,2026-06-03T17:59:52.100Z,UPI,orders_S002_20260603.json,ST009,S002,S002_O00677,FUTURE_TIMESTAMP,2026-06-03T17:42:56.835Z,,,,,,,,,,,,
20260603,C0398,2026-06-03T17:39:04.695883,O00680,Completed,2026-06-03T17:48:51.100Z,UPI,orders_S002_20260603.json,ST006,S002,S002_O00680,FUTURE_TIMESTAMP,2026-06-03T17:42:56.835Z,,,,,,,,,,,,
20260603,C0161,2026-06-03T17:39:04.695883,O00681,Completed,2026-06-03T20:18:38.100Z,UPI,orders_S002_20260603.json,ST012,S002,S002_O00681,FUTURE_TIMESTAMP,2026-06-03T17:42:56.835Z,,,,,,,,,,,,
20260603,C0204,2026-06-03T17:39:04.695883,O00682,Completed,2026-06-03T20:08:25.100Z,UPI,orders_S002_20260603.json,ST005,S002,S002_O00682,FUTURE_TIMESTAMP,2026-06-03T17:42:56.835Z,,,,,,,,,,,,
20260603,C0045,2026-06-03T17:39:04.695883,O00685,Completed,2026-06-03T19:08:18.100Z,Cash,orders_S002_20260603.json,ST006,S002,S002_O00685,FUTURE_TIMESTAMP,2026-06-03T17:42:56.835Z,,,,,,,,,,,,
20260603,C0391,2026-06-03T17:39:04.695883,O00686,Completed,2026-06-03T20:35:14.100Z,UPI,orders_S002_20260603.json,ST015,S002,S002_O00686,FUTURE_TIMESTAMP,2026-06-03T17:42:56.835Z,,,,,,,,,,,,
20260603,C0082,2026-06-03T17:39:04.695883,O00689,Completed,2026-06-03T19:53:51.100Z,Cash,orders_S002_20260603.json,ST006,S002,S002_O00689,FUTURE_TIMESTAMP,2026-06-03T17:42:56.835Z,,,,,,,,,,,,
20260603,C0352,2026-06-03T17:39:04.695883,O00690,Completed,2026-06-03T21:13:50.100Z,Cash,orders_S002_20260603.json,ST012,S002,S002_O00690,FUTURE_TIMESTAMP,2026-06-03T17:42:56.835Z,,,,,,,,,,,,
20260603,C0027,2026-06-03T17:39:04.695883,O00691,Completed,2026-06-03T21:46:31.100Z,UPI,orders_S002_20260603.json,ST008,S002,S002_O00691,FUTURE_TIMESTAMP,2026-06-03T17:42:56.835Z,,,,,,,,,,,,
20260603,C0018,2026-06-03T17:39:04.695883,O00692,Completed,2026-06-03T19:44:10.100Z,UPI,orders_S002_20260603.json,ST005,S002,S002_O00692,FUTURE_TIMESTAMP,2026-06-03T17:42:56.835Z,,,,,,,,,,,,
20260603,C0048,2026-06-03T17:39:04.695883,O00693,Completed,2026-06-03T17:56:37.100Z,Cash,orders_S002_20260603.json,ST002,S002,S002_O00693,FUTURE_TIMESTAMP,2026-06-03T17:42:56.835Z,,,,,,,,,,,,
20260603,C0104,2026-06-03T17:39:04.695883,O00696,Completed,2026-06-03T19:21:56.100Z,Cash,orders_S002_20260603.json,ST013,S002,S002_O00696,FUTURE_TIMESTAMP,2026-06-03T17:42:56.835Z,,,,,,,,,,,,
20260603,C0413,2026-06-03T17:39:04.695883,O00698,Completed,2026-06-03T19:02:13.100Z,UPI,orders_S002_20260603.json,ST007,S002,S002_O00698,FUTURE_TIMESTAMP,2026-06-03T17:42:56.835Z,,,,,,,,,,,,
20260603,C0066,2026-06-03T17:39:04.695883,O00700,Completed,2026-06-03T19:56:43.100Z,UPI,orders_S002_20260603.json,ST004,S002,S002_O00700,FUTURE_TIMESTAMP,2026-06-03T17:42:56.835Z,,,,,,,,,,,,
20260603,C0203,2026-06-03T17:39:04.695883,O00701,Completed,2026-06-03T20:12:27.100Z,UPI,orders_S002_20260603.json,ST002,S002,S002_O00701,FUTURE_TIMESTAMP,2026-06-03T17:42:56.835Z,,,,,,,,,,,,
20260603,C0061,2026-06-03T17:39:04.695883,O00702,Completed,2026-06-03T18:08:45.100Z,Card,orders_S002_20260603.json,ST004,S002,S002_O00702,FUTURE_TIMESTAMP,2026-06-03T17:42:56.835Z,,,,,,,,,,,,
20260603,C0149,2026-06-03T17:39:04.695883,O00703,Completed,2026-06-03T19:45:59.100Z,Card,orders_S002_20260603.json,ST002,S002,S002_O00703,FUTURE_TIMESTAMP,2026-06-03T17:42:56.835Z,,,,,,,,,,,,
20260603,C0005,2026-06-03T17:39:04.695883,O00705,Completed,2026-06-03T18:25:25.100Z,UPI,orders_S002_20260603.json,ST005,S002,S002_O00705,FUTURE_TIMESTAMP,2026-06-03T17:42:56.835Z,,,,,,,,,,,,
20260603,C0031,2026-06-03T17:39:04.695883,O00706,Completed,2026-06-03T19:21:20.100Z,Card,orders_S002_20260603.json,ST003,S002,S002_O00706,FUTURE_TIMESTAMP,2026-06-03T17:42:56.835Z,,,,,,,,,,,,
20260603,C0018,2026-06-03T17:39:04.695883,O00710,Completed,2026-06-03T20:07:39.100Z,Cash,orders_S002_20260603.json,ST009,S002,S002_O00710,FUTURE_TIMESTAMP,2026-06-03T17:42:56.835Z,,,,,,,,,,,,
20260603,C0043,2026-06-03T17:39:04.695883,O00711,Completed,2026-06-03T19:51:26.100Z,Card,orders_S002_20260603.json,ST006,S002,S002_O00711,FUTURE_TIMESTAMP,2026-06-03T17:42:56.835Z,,,,,,,,,,,,
20260603,C0038,2026-06-03T17:39:04.695883,O00712,Completed,2026-06-03T20:49:13.100Z,UPI,orders_S002_20260603.json,ST001,S002,S002_O00712,FUTURE_TIMESTAMP,2026-06-03T17:42:56.835Z,,,,,,,,,,,,
20260603,C0054,2026-06-03T17:39:04.695883,O00713,Completed,2026-06-03T20:00:43.100Z,UPI,orders_S002_20260603.json,ST009,S002,S002_O00713,FUTURE_TIMESTAMP,2026-06-03T17:42:56.835Z,,,,,,,,,,,,
20260603,C0011,2026-06-03T17:39:04.695883,O00714,Completed,2026-06-03T19:00:19.100Z,Cash,orders_S002_20260603.json,ST011,S002,S002_O00714,FUTURE_TIMESTAMP,2026-06-03T17:42:56.835Z,,,,,,,,,,,,
20260603,C0045,2026-06-03T17:39:04.695883,O00716,Completed,2026-06-03T21:35:36.100Z,UPI,orders_S002_20260603.json,ST001,S002,S002_O00716,FUTURE_TIMESTAMP,2026-06-03T17:42:56.835Z,,,,,,,,,,,,
20260603,C0192,2026-06-03T17:39:04.695883,O00717,Completed,2026-06-03T18:57:37.100Z,UPI,orders_S002_20260603.json,ST010,S002,S002_O00717,FUTURE_TIMESTAMP,2026-06-03T17:42:56.835Z,,,,,,,,,,,,
20260603,C0267,2026-06-03T17:39:04.695883,O00718,Completed,2026-06-03T19:40:45.100Z,UPI,orders_S002_20260603.json,ST015,S002,S002_O00718,FUTURE_TIMESTAMP,2026-06-03T17:42:56.835Z,,,,,,,,,,,,
20260603,C0105,2026-06-03T17:39:04.695883,O00719,Completed,2026-06-03T18:34:58.100Z,UPI,orders_S002_20260603.json,ST013,S002,S002_O00719,FUTURE_TIMESTAMP,2026-06-03T17:42:56.835Z,,,,,,,,,,,,
20260603,C0041,2026-06-03T17:39:04.695883,O00721,Completed,2026-06-03T19:16:20.100Z,UPI,orders_S002_20260603.json,ST011,S002,S002_O00721,FUTURE_TIMESTAMP,2026-06-03T17:42:56.835Z,,,,,,,,,,,,
20260603,C0149,2026-06-03T17:39:04.695883,O00722,Completed,2026-06-03T20:42:42.100Z,UPI,orders_S002_20260603.json,ST004,S002,S002_O00722,FUTURE_TIMESTAMP,2026-06-03T17:42:56.835Z,,,,,,,,,,,,
20260603,C0100,2026-06-03T17:39:04.695883,O00726,Completed,2026-06-03T19:16:54.100Z,UPI,orders_S002_20260603.json,ST010,S002,S002_O00726,FUTURE_TIMESTAMP,2026-06-03T17:42:56.835Z,,,,,,,,,,,,
20260603,C0389,2026-06-03T17:39:04.695883,O00728,Completed,2026-06-03T20:19:33.100Z,UPI,orders_S002_20260603.json,ST003,S002,S002_O00728,FUTURE_TIMESTAMP,2026-06-03T17:42:56.835Z,,,,,,,,,,,,
20260603,C0022,2026-06-03T17:39:04.695883,O00729,Completed,2026-06-03T20:10:11.100Z,UPI,orders_S002_20260603.json,ST007,S002,S002_O00729,FUTURE_TIMESTAMP,2026-06-03T17:42:56.835Z,,,,,,,,,,,,
20260603,C0243,2026-06-03T17:39:04.695883,O00730,Completed,2026-06-03T19:59:50.100Z,UPI,orders_S002_20260603.json,ST006,S002,S002_O00730,FUTURE_TIMESTAMP,2026-06-03T17:42:56.835Z,,,,,,,,,,,,
20260603,C0025,2026-06-03T17:39:04.695883,O00733,Completed,2026-06-03T19:14:44.100Z,UPI,orders_S002_20260603.json,ST006,S002,S002_O00733,FUTURE_TIMESTAMP,2026-06-03T17:42:56.835Z,,,,,,,,,,,,
20260603,C0067,2026-06-03T17:39:04.695883,O00734,Completed,2026-06-03T19:33:07.100Z,UPI,orders_S002_20260603.json,ST011,S002,S002_O00734,FUTURE_TIMESTAMP,2026-06-03T17:42:56.835Z,,,,,,,,,,,,
20260603,C0379,2026-06-03T17:39:04.695883,O00735,Completed,2027-06-03T18:10:17.100Z,UPI,orders_S002_20260603.json,ST002,S002,S002_O00735,FUTURE_TIMESTAMP,2026-06-03T17:42:56.835Z,,,,,,,,,,,,
20260603,,2026-06-03T17:39:04.695883,O00738,Completed,2026-06-03T17:15:44.100Z,UPI,orders_S002_20260603.json,ST012,S002,S002_O00738,MISSING_CUSTOMER_ID,2026-06-03T17:42:56.835Z,,,,,,,,,,,,
20260603,C0406,2026-06-03T17:39:04.695883,O00739,Completed,2026-06-03T21:13:29.100Z,UPI,orders_S002_20260603.json,ST002,S002,S002_O00739,FUTURE_TIMESTAMP,2026-06-03T17:42:56.835Z,,,,,,,,,,,,
20260603,C0165,2026-06-03T17:39:04.695883,O00741,Completed,2026-06-03T18:05:21.100Z,Cash,orders_S002_20260603.json,ST015,S002,S002_O00741,FUTURE_TIMESTAMP,2026-06-03T17:42:56.835Z,,,,,,,,,,,,
20260603,C0007,2026-06-03T17:39:04.695883,O00742,Completed,2026-06-03T19:12:18.100Z,UPI,orders_S002_20260603.json,ST012,S002,S002_O00742,FUTURE_TIMESTAMP,2026-06-03T17:42:56.835Z,,,,,,,,,,,,
20260603,C0073,2026-06-03T17:39:04.695883,O00743,Completed,2026-06-03T20:20:50.100Z,UPI,orders_S002_20260603.json,ST003,S002,S002_O00743,FUTURE_TIMESTAMP,2026-06-03T17:42:56.835Z,,,,,,,,,,,,
20260603,C0439,2026-06-03T17:39:04.695883,O00747,Completed,2026-06-03T21:20:38.100Z,Cash,orders_S002_20260603.json,ST009,S002,S002_O00747,FUTURE_TIMESTAMP,2026-06-03T17:42:56.835Z,,,,,,,,,,,,
20260603,C0044,2026-06-03T17:39:04.695883,O00748,Completed,2026-06-03T19:54:50.100Z,Cash,orders_S002_20260603.json,ST007,S002,S002_O00748,FUTURE_TIMESTAMP,2026-06-03T17:42:56.835Z,,,,,,,,,,,,
20260603,C0106,2026-06-03T17:39:04.695883,O00749,Completed,2026-06-03T21:06:40.100Z,Cash,orders_S002_20260603.json,ST012,S002,S002_O00749,FUTURE_TIMESTAMP,2026-06-03T17:42:56.835Z,,,,,,,,,,,,
20260603,C0021,2026-06-03T17:39:04.695883,O00750,Completed,2026-06-03T21:29:48.100Z,Card,orders_S002_20260603.json,ST015,S002,S002_O00750,FUTURE_TIMESTAMP,2026-06-03T17:42:56.835Z,,,,,,,,,,,,
20260603,C0001,2026-06-03T17:39:04.695883,O00753,Completed,2026-06-03T19:40:35.100Z,UPI,orders_S002_20260603.json,ST003,S002,S002_O00753,FUTURE_TIMESTAMP,2026-06-03T17:42:56.835Z,,,,,,,,,,,,
20260603,C0041,2026-06-03T17:39:04.695883,O00754,Completed,2026-06-03T20:51:58.100Z,Card,orders_S002_20260603.json,ST013,S002,S002_O00754,FUTURE_TIMESTAMP,2026-06-03T17:42:56.835Z,,,,,,,,,,,,
20260603,C0279,2026-06-03T17:39:04.695883,O00755,Completed,2026-06-03T19:42:30.100Z,UPI,orders_S002_20260603.json,ST003,S002,S002_O00755,FUTURE_TIMESTAMP,2026-06-03T17:42:56.835Z,,,,,,,,,,,,
20260603,C0106,2026-06-03T17:39:04.695883,O00756,Completed,2026-06-03T21:12:59.100Z,Cash,orders_S002_20260603.json,ST004,S002,S002_O00756,FUTURE_TIMESTAMP,2026-06-03T17:42:56.835Z,,,,,,,,,,,,
20260603,,2026-06-03T17:39:04.695883,O00757,Completed,2026-06-03T20:49:21.100Z,UPI,orders_S002_20260603.json,ST006,S002,S002_O00757,MISSING_CUSTOMER_ID,2026-06-03T17:42:56.835Z,,,,,,,,,,,,
20260603,C0075,2026-06-03T17:39:04.695883,O00758,Completed,2026-06-03T20:51:22.100Z,UPI,orders_S002_20260603.json,ST009,S002,S002_O00758,FUTURE_TIMESTAMP,2026-06-03T17:42:56.835Z,,,,,,,,,,,,
20260603,C0408,2026-06-03T17:39:04.695883,O00759,Completed,2026-06-03T20:40:41.100Z,UPI,orders_S002_20260603.json,ST005,S002,S002_O00759,FUTURE_TIMESTAMP,2026-06-03T17:42:56.835Z,,,,,,,,,,,,
20260603,C0381,2026-06-03T17:39:04.695883,O00760,Completed,2026-06-03T19:21:03.100Z,UPI,orders_S002_20260603.json,ST011,S002,S002_O00760,FUTURE_TIMESTAMP,2026-06-03T17:42:56.835Z,,,,,,,,,,,,
20260603,C0006,2026-06-03T17:39:04.695883,O00761,Completed,2026-06-03T19:55:41.100Z,UPI,orders_S002_20260603.json,ST005,S002,S002_O00761,FUTURE_TIMESTAMP,2026-06-03T17:42:56.835Z,,,,,,,,,,,,
20260603,C0168,2026-06-03T17:39:04.695883,O00762,Completed,2026-06-03T20:11:52.100Z,Cash,orders_S002_20260603.json,ST014,S002,S002_O00762,FUTURE_TIMESTAMP,2026-06-03T17:42:56.835Z,,,,,,,,,,,,
20260603,C0071,2026-06-03T17:39:04.695883,O00763,Completed,2026-06-03T18:30:20.100Z,Card,orders_S002_20260603.json,ST004,S002,S002_O00763,FUTURE_TIMESTAMP,2026-06-03T17:42:56.835Z,,,,,,,,,,,,
20260603,C0216,2026-06-03T17:39:04.695883,O00764,Completed,2026-06-03T18:34:42.100Z,UPI,orders_S002_20260603.json,ST009,S002,S002_O00764,FUTURE_TIMESTAMP,2026-06-03T17:42:56.835Z,,,,,,,,,,,,
20260603,C0177,2026-06-03T17:39:04.695883,O00765,Completed,2026-06-03T21:24:48.100Z,UPI,orders_S002_20260603.json,ST005,S002,S002_O00765,FUTURE_TIMESTAMP,2026-06-03T17:42:56.835Z,,,,,,,,,,,,
20260603,C0090,2026-06-03T17:39:04.695883,O00768,Completed,2026-06-03T20:11:31.100Z,UPI,orders_S002_20260603.json,ST006,S002,S002_O00768,FUTURE_TIMESTAMP,2026-06-03T17:42:56.835Z,,,,,,,,,,,,
20260603,C0360,2026-06-03T17:39:04.695883,O00769,Completed,2026-06-03T20:54:17.100Z,UPI,orders_S002_20260603.json,ST005,S002,S002_O00769,FUTURE_TIMESTAMP,2026-06-03T17:42:56.835Z,,,,,,,,,,,,
20260603,C0105,2026-06-03T17:39:04.695883,O00770,Completed,2026-06-03T19:04:42.100Z,UPI,orders_S002_20260603.json,ST011,S002,S002_O00770,FUTURE_TIMESTAMP,2026-06-03T17:42:56.835Z,,,,,,,,,,,,
20260603,C0276,2026-06-03T17:39:04.695883,O00771,Completed,2026-06-03T20:35:05.100Z,Card,orders_S002_20260603.json,ST013,S002,S002_O00771,FUTURE_TIMESTAMP,2026-06-03T17:42:56.835Z,,,,,,,,,,,,
20260603,C0056,2026-06-03T17:39:04.695883,O00772,Completed,2026-06-03T21:55:19.100Z,Cash,orders_S002_20260603.json,ST005,S002,S002_O00772,FUTURE_TIMESTAMP,2026-06-03T17:42:56.835Z,,,,,,,,,,,,
20260603,C0062,2026-06-03T17:39:04.695883,O00773,Completed,2026-06-03T19:51:46.100Z,UPI,orders_S002_20260603.json,ST001,S002,S002_O00773,FUTURE_TIMESTAMP,2026-06-03T17:42:56.835Z,,,,,,,,,,,,
20260603,C0365,2026-06-03T17:39:04.695883,O00775,Completed,2026-06-03T20:18:14.100Z,Card,orders_S002_20260603.json,ST004,S002,S002_O00775,FUTURE_TIMESTAMP,2026-06-03T17:42:56.835Z,,,,,,,,,,,,
20260603,C0218,2026-06-03T17:39:04.695883,O00776,Completed,2026-06-03T19:00:24.100Z,Card,orders_S002_20260603.json,ST003,S002,S002_O00776,FUTURE_TIMESTAMP,2026-06-03T17:42:56.835Z,,,,,,,,,,,,
20260603,C0447,2026-06-03T17:39:04.695883,O00777,Completed,2026-06-03T19:26:15.100Z,UPI,orders_S002_20260603.json,ST003,S002,S002_O00777,FUTURE_TIMESTAMP,2026-06-03T17:42:56.835Z,,,,,,,,,,,,
20260603,C0356,2026-06-03T17:39:04.695883,O00778,Completed,2027-06-03T20:20:53.100Z,Cash,orders_S002_20260603.json,ST002,S002,S002_O00778,FUTURE_TIMESTAMP,2026-06-03T17:42:56.835Z,,,,,,,,,,,,
20260603,C0008,2026-06-03T17:39:04.695883,O00780,Completed,2026-06-03T19:17:59.100Z,Cash,orders_S002_20260603.json,ST013,S002,S002_O00780,FUTURE_TIMESTAMP,2026-06-03T17:42:56.835Z,,,,,,,,,,,,
20260603,C0006,2026-06-03T17:39:04.695883,O00781,Completed,2026-06-03T20:51:26.100Z,UPI,orders_S002_20260603.json,ST008,S002,S002_O00781,FUTURE_TIMESTAMP,2026-06-03T17:42:56.835Z,,,,,,,,,,,,
20260603,C0009,2026-06-03T17:39:04.695883,O00782,Completed,2026-06-03T19:46:33.100Z,UPI,orders_S002_20260603.json,ST015,S002,S002_O00782,FUTURE_TIMESTAMP,2026-06-03T17:42:56.835Z,,,,,,,,,,,,
20260603,C0432,2026-06-03T17:39:04.695883,O00783,Completed,2026-06-03T17:56:38.100Z,Cash,orders_S002_20260603.json,ST001,S002,S002_O00783,FUTURE_TIMESTAMP,2026-06-03T17:42:56.835Z,,,,,,,,,,,,
20260603,C0048,2026-06-03T17:39:04.695883,O00786,Completed,2026-06-03T19:23:32.100Z,Cash,orders_S002_20260603.json,ST004,S002,S002_O00786,FUTURE_TIMESTAMP,2026-06-03T17:42:56.835Z,,,,,,,,,,,,
20260603,C0360,2026-06-03T17:39:04.695883,O00787,Completed,2026-06-03T21:41:13.100Z,UPI,orders_S002_20260603.json,ST003,S002,S002_O00787,FUTURE_TIMESTAMP,2026-06-03T17:42:56.835Z,,,,,,,,,,,,
20260603,C0282,2026-06-03T17:39:04.695883,O00788,Completed,2026-06-03T19:38:41.100Z,Card,orders_S002_20260603.json,ST011,S002,S002_O00788,FUTURE_TIMESTAMP,2026-06-03T17:42:56.835Z,,,,,,,,,,,,
20260603,C0382,2026-06-03T17:39:04.695883,O00789,Completed,2026-06-03T18:30:08.100Z,Cash,orders_S002_20260603.json,ST007,S002,S002_O00789,FUTURE_TIMESTAMP,2026-06-03T17:42:56.835Z,,,,,,,,,,,,
20260603,C0384,2026-06-03T17:39:04.695883,O00792,Completed,2026-06-03T20:02:12.100Z,UPI,orders_S002_20260603.json,ST003,S002,S002_O00792,FUTURE_TIMESTAMP,2026-06-03T17:42:56.835Z,,,,,,,,,,,,
20260603,C0023,2026-06-03T17:39:04.695883,O00793,Completed,2026-06-03T18:14:57.100Z,UPI,orders_S002_20260603.json,ST009,S002,S002_O00793,FUTURE_TIMESTAMP,2026-06-03T17:42:56.835Z,,,,,,,,,,,,
20260603,C0220,2026-06-03T17:39:04.695883,O00797,Completed,2026-06-03T21:34:30.100Z,UPI,orders_S002_20260603.json,ST006,S002,S002_O00797,FUTURE_TIMESTAMP,2026-06-03T17:42:56.835Z,,,,,,,,,,,,
20260603,C0062,2026-06-03T17:39:04.695883,O00799,Completed,2026-06-03T18:41:33.100Z,UPI,orders_S002_20260603.json,ST012,S002,S002_O00799,FUTURE_TIMESTAMP,2026-06-03T17:42:56.835Z,,,,,,,,,,,,
20260603,C0057,2026-06-03T17:39:04.695883,O00800,Completed,2026-06-03T18:23:32.100Z,Cash,orders_S002_20260603.json,ST005,S002,S002_O00800,FUTURE_TIMESTAMP,2026-06-03T17:42:56.835Z,,,,,,,,,,,,
20260603,C0006,2026-06-03T17:39:04.695883,O00801,Completed,2026-06-03T20:20:06.100Z,UPI,orders_S002_20260603.json,ST003,S002,S002_O00801,FUTURE_TIMESTAMP,2026-06-03T17:42:56.835Z,,,,,,,,,,,,
20260603,C0045,2026-06-03T17:39:04.695883,O00802,Completed,2026-06-03T19:33:08.100Z,UPI,orders_S002_20260603.json,ST010,S002,S002_O00802,FUTURE_TIMESTAMP,2026-06-03T17:42:56.835Z,,,,,,,,,,,,
20260603,C0034,2026-06-03T17:39:04.695883,O00803,Completed,2026-06-03T19:46:54.100Z,UPI,orders_S002_20260603.json,ST014,S002,S002_O00803,FUTURE_TIMESTAMP,2026-06-03T17:42:56.835Z,,,,,,,,,,,,
20260603,C0382,2026-06-03T17:39:04.695883,O00806,Completed,2027-06-03T18:52:36.100Z,Cash,orders_S002_20260603.json,ST002,S002,S002_O00806,FUTURE_TIMESTAMP,2026-06-03T17:42:56.835Z,,,,,,,,,,,,
20260603,C0125,2026-06-03T17:39:04.695883,O00808,Completed,2026-06-03T18:27:13.100Z,Card,orders_S002_20260603.json,ST013,S002,S002_O00808,FUTURE_TIMESTAMP,2026-06-03T17:42:56.835Z,,,,,,,,,,,,
20260603,C0418,2026-06-03T17:39:04.695883,O00809,Completed,2026-06-03T19:51:05.100Z,UPI,orders_S002_20260603.json,ST001,S002,S002_O00809,FUTURE_TIMESTAMP,2026-06-03T17:42:56.835Z,,,,,,,,,,,,
20260603,C0149,2026-06-03T17:39:04.695883,O00810,Completed,2026-06-03T19:30:33.100Z,UPI,orders_S002_20260603.json,ST002,S002,S002_O00810,FUTURE_TIMESTAMP,2026-06-03T17:42:56.835Z,,,,,,,,,,,,
20260603,C0262,2026-06-03T17:39:04.695883,O00811,Completed,2026-06-03T19:44:50.100Z,UPI,orders_S002_20260603.json,ST008,S002,S002_O00811,FUTURE_TIMESTAMP,2026-06-03T17:42:56.835Z,,,,,,,,,,,,
20260603,,2026-06-03T17:39:04.695883,O00812,Completed,2026-06-03T20:51:12.100Z,UPI,orders_S002_20260603.json,ST013,S002,S002_O00812,MISSING_CUSTOMER_ID,2026-06-03T17:42:56.835Z,,,,,,,,,,,,
20260603,C0225,2026-06-03T17:39:04.695883,O00813,Completed,2026-06-03T19:21:05.100Z,Card,orders_S002_20260603.json,ST015,S002,S002_O00813,FUTURE_TIMESTAMP,2026-06-03T17:42:56.835Z,,,,,,,,,,,,
20260603,,2026-06-03T17:39:04.695883,O00816,Completed,2026-06-03T18:18:21.100Z,Cash,orders_S002_20260603.json,ST008,S002,S002_O00816,MISSING_CUSTOMER_ID,2026-06-03T17:42:56.835Z,,,,,,,,,,,,
20260603,C0316,2026-06-03T17:39:04.695883,O00818,Completed,2026-06-03T19:07:33.100Z,Cash,orders_S002_20260603.json,ST014,S002,S002_O00818,FUTURE_TIMESTAMP,2026-06-03T17:42:56.835Z,,,,,,,,,,,,
20260603,C0297,2026-06-03T17:39:04.695883,O00819,Completed,2026-06-03T20:14:56.100Z,Card,orders_S002_20260603.json,ST015,S002,S002_O00819,FUTURE_TIMESTAMP,2026-06-03T17:42:56.835Z,,,,,,,,,,,,
20260603,C0085,2026-06-03T17:39:04.695883,O00821,Completed,2026-06-03T20:42:41.100Z,UPI,orders_S002_20260603.json,ST002,S002,S002_O00821,FUTURE_TIMESTAMP,2026-06-03T17:42:56.835Z,,,,,,,,,,,,
20260603,C0186,2026-06-03T17:39:04.695883,O00822,Completed,2026-06-03T18:15:36.100Z,Cash,orders_S002_20260603.json,ST005,S002,S002_O00822,FUTURE_TIMESTAMP,2026-06-03T17:42:56.835Z,,,,,,,,,,,,
20260603,C0360,2026-06-03T17:39:04.695883,O00824,Completed,2026-06-03T19:33:39.100Z,UPI,orders_S002_20260603.json,ST007,S002,S002_O00824,FUTURE_TIMESTAMP,2026-06-03T17:42:56.835Z,,,,,,,,,,,,
20260603,C0149,2026-06-03T17:39:04.695883,O00825,Completed,2026-06-03T20:14:46.100Z,UPI,orders_S002_20260603.json,ST005,S002,S002_O00825,FUTURE_TIMESTAMP,2026-06-03T17:42:56.835Z,,,,,,,,,,,,
20260603,C0150,2026-06-03T17:39:04.695883,O00826,Completed,2026-06-03T18:59:43.100Z,UPI,orders_S002_20260603.json,ST014,S002,S002_O00826,FUTURE_TIMESTAMP,2026-06-03T17:42:56.835Z,,,,,,,,,,,,
20260603,C0061,2026-06-03T17:39:04.695883,O00827,Completed,2026-06-03T18:08:01.100Z,Card,orders_S002_20260603.json,ST012,S002,S002_O00827,FUTURE_TIMESTAMP,2026-06-03T17:42:56.835Z,,,,,,,,,,,,
20260603,C0003,2026-06-03T17:39:04.695883,O00829,Completed,2026-06-03T19:03:12.100Z,Cash,orders_S002_20260603.json,ST012,S002,S002_O00829,FUTURE_TIMESTAMP,2026-06-03T17:42:56.835Z,,,,,,,,,,,,
20260603,C0084,2026-06-03T17:39:04.695883,O00830,Completed,2026-06-03T18:49:15.100Z,Cash,orders_S002_20260603.json,ST010,S002,S002_O00830,FUTURE_TIMESTAMP,2026-06-03T17:42:56.835Z,,,,,,,,,,,,
20260603,C0044,2026-06-03T17:39:04.695883,O00831,Completed,2026-06-03T19:05:17.100Z,UPI,orders_S002_20260603.json,ST011,S002,S002_O00831,FUTURE_TIMESTAMP,2026-06-03T17:42:56.835Z,,,,,,,,,,,,
20260603,C0067,2026-06-03T17:39:04.695883,O00832,Completed,2026-06-03T20:01:20.100Z,UPI,orders_S002_20260603.json,ST009,S002,S002_O00832,FUTURE_TIMESTAMP,2026-06-03T17:42:56.835Z,,,,,,,,,,,,
20260603,C0074,2026-06-03T17:39:04.695883,O00833,Completed,2026-06-03T19:03:30.100Z,Card,orders_S002_20260603.json,ST015,S002,S002_O00833,FUTURE_TIMESTAMP,2026-06-03T17:42:56.835Z,,,,,,,,,,,,
20260603,C0305,2026-06-03T17:39:04.695883,O00834,Completed,2026-06-03T19:46:07.100Z,Cash,orders_S002_20260603.json,ST013,S002,S002_O00834,FUTURE_TIMESTAMP,2026-06-03T17:42:56.835Z,,,,,,,,,,,,
20260603,C0013,2026-06-03T17:39:04.695883,O00835,Completed,2026-06-03T20:59:57.100Z,Card,orders_S002_20260603.json,ST006,S002,S002_O00835,FUTURE_TIMESTAMP,2026-06-03T17:42:56.835Z,,,,,,,,,,,,
20260603,C0289,2026-06-03T17:39:04.695883,O00836,Completed,2026-06-03T20:57:34.100Z,UPI,orders_S002_20260603.json,ST011,S002,S002_O00836,FUTURE_TIMESTAMP,2026-06-03T17:42:56.835Z,,,,,,,,,,,,
20260603,C0010,2026-06-03T17:39:04.695883,O00837,Completed,2026-06-03T20:48:30.100Z,UPI,orders_S002_20260603.json,ST011,S002,S002_O00837,FUTURE_TIMESTAMP,2026-06-03T17:42:56.835Z,,,,,,,,,,,,
20260603,C0188,2026-06-03T17:39:04.695883,O00839,Completed,2026-06-03T20:42:59.100Z,UPI,orders_S002_20260603.json,ST001,S002,S002_O00839,FUTURE_TIMESTAMP,2026-06-03T17:42:56.835Z,,,,,,,,,,,,
20260603,C0436,2026-06-03T17:39:04.695883,O00841,Completed,2026-06-03T19:16:54.100Z,Card,orders_S002_20260603.json,ST006,S002,S002_O00841,FUTURE_TIMESTAMP,2026-06-03T17:42:56.835Z,,,,,,,,,,,,
20260603,C0034,2026-06-03T17:39:04.695883,O00843,Completed,2026-06-03T18:43:42.100Z,UPI,orders_S002_20260603.json,ST014,S002,S002_O00843,FUTURE_TIMESTAMP,2026-06-03T17:42:56.835Z,,,,,,,,,,,,
20260603,C0020,2026-06-03T17:39:04.695883,O00844,Completed,2026-06-03T20:00:25.100Z,UPI,orders_S002_20260603.json,ST003,S002,S002_O00844,FUTURE_TIMESTAMP,2026-06-03T17:42:56.835Z,,,,,,,,,,,,
20260603,C0061,2026-06-03T17:39:04.695883,O00847,Completed,2026-06-03T20:57:32.100Z,UPI,orders_S002_20260603.json,ST001,S002,S002_O00847,FUTURE_TIMESTAMP,2026-06-03T17:42:56.835Z,,,,,,,,,,,,
20260603,C0069,2026-06-03T17:39:04.695883,O00848,Completed,2026-06-03T18:13:56.100Z,UPI,orders_S002_20260603.json,ST015,S002,S002_O00848,FUTURE_TIMESTAMP,2026-06-03T17:42:56.835Z,,,,,,,,,,,,
20260603,C0074,2026-06-03T17:39:04.695883,O00849,Completed,2026-06-03T19:05:23.100Z,UPI,orders_S002_20260603.json,ST004,S002,S002_O00849,FUTURE_TIMESTAMP,2026-06-03T17:42:56.835Z,,,,,,,,,,,,
20260603,C0065,2026-06-03T17:39:04.695883,O00852,Completed,2026-06-03T18:45:54.100Z,Cash,orders_S002_20260603.json,ST001,S002,S002_O00852,FUTURE_TIMESTAMP,2026-06-03T17:42:56.835Z,,,,,,,,,,,,
20260603,C0444,2026-06-03T17:39:04.695883,O00853,Completed,2026-06-03T20:15:36.100Z,UPI,orders_S002_20260603.json,ST004,S002,S002_O00853,FUTURE_TIMESTAMP,2026-06-03T17:42:56.835Z,,,,,,,,,,,,
20260603,C0306,2026-06-03T17:39:04.695883,O00857,Completed,2026-06-03T18:38:03.100Z,UPI,orders_S002_20260603.json,ST006,S002,S002_O00857,FUTURE_TIMESTAMP,2026-06-03T17:42:56.835Z,,,,,,,,,,,,
20260603,C0366,2026-06-03T17:39:04.695883,O00858,Completed,2026-06-03T19:22:14.100Z,Card,orders_S002_20260603.json,ST003,S002,S002_O00858,FUTURE_TIMESTAMP,2026-06-03T17:42:56.835Z,,,,,,,,,,,,
20260603,C0152,2026-06-03T17:39:04.695883,O00859,Completed,2026-06-03T19:12:39.100Z,Cash,orders_S002_20260603.json,ST010,S002,S002_O00859,FUTURE_TIMESTAMP,2026-06-03T17:42:56.835Z,,,,,,,,,,,,
20260603,C0386,2026-06-03T17:39:04.695883,O00860,Completed,2026-06-03T20:26:22.100Z,Cash,orders_S002_20260603.json,ST006,S002,S002_O00860,FUTURE_TIMESTAMP,2026-06-03T17:42:56.835Z,,,,,,,,,,,,
20260603,C0077,2026-06-03T17:39:04.695883,O00861,Completed,2026-06-03T18:21:29.100Z,Cash,orders_S002_20260603.json,ST006,S002,S002_O00861,FUTURE_TIMESTAMP,2026-06-03T17:42:56.835Z,,,,,,,,,,,,
20260603,C0260,2026-06-03T17:39:04.695883,O00863,Completed,2026-06-03T18:48:12.100Z,UPI,orders_S002_20260603.json,ST014,S002,S002_O00863,FUTURE_TIMESTAMP,2026-06-03T17:42:56.835Z,,,,,,,,,,,,
20260603,C0297,2026-06-03T17:39:04.695883,O00864,Completed,2026-06-03T18:01:01.100Z,Cash,orders_S002_20260603.json,ST007,S002,S002_O00864,FUTURE_TIMESTAMP,2026-06-03T17:42:56.835Z,,,,,,,,,,,,
20260603,C0349,2026-06-03T17:39:04.695883,O00865,Completed,2026-06-03T19:58:35.100Z,Cash,orders_S002_20260603.json,ST012,S002,S002_O00865,FUTURE_TIMESTAMP,2026-06-03T17:42:56.835Z,,,,,,,,,,,,
20260603,C0389,2026-06-03T17:39:04.695883,O00866,Completed,2026-06-03T21:46:15.100Z,UPI,orders_S002_20260603.json,ST011,S002,S002_O00866,FUTURE_TIMESTAMP,2026-06-03T17:42:56.835Z,,,,,,,,,,,,
20260603,C0342,2026-06-03T17:39:04.695883,O00867,Completed,2026-06-03T18:09:18.100Z,Cash,orders_S002_20260603.json,ST010,S002,S002_O00867,FUTURE_TIMESTAMP,2026-06-03T17:42:56.835Z,,,,,,,,,,,,
20260603,C0363,2026-06-03T17:39:04.695883,O00868,Completed,2026-06-03T18:10:54.100Z,Cash,orders_S002_20260603.json,ST015,S002,S002_O00868,FUTURE_TIMESTAMP,2026-06-03T17:42:56.835Z,,,,,,,,,,,,
20260603,C0007,2026-06-03T17:39:04.695883,O00870,Completed,2026-06-03T18:34:01.100Z,Cash,orders_S002_20260603.json,ST001,S002,S002_O00870,FUTURE_TIMESTAMP,2026-06-03T17:42:56.835Z,,,,,,,,,,,,
20260603,C0049,2026-06-03T17:39:04.695883,O00871,Completed,2026-06-03T19:43:25.100Z,UPI,orders_S002_20260603.json,ST005,S002,S002_O00871,FUTURE_TIMESTAMP,2026-06-03T17:42:56.835Z,,,,,,,,,,,,
20260603,C0292,2026-06-03T17:39:04.695883,O00873,Completed,2026-06-03T20:21:27.100Z,UPI,orders_S002_20260603.json,ST013,S002,S002_O00873,FUTURE_TIMESTAMP,2026-06-03T17:42:56.835Z,,,,,,,,,,,,
20260603,C0152,2026-06-03T17:39:04.695883,O00874,Completed,2026-06-03T17:55:56.100Z,Cash,orders_S002_20260603.json,ST011,S002,S002_O00874,FUTURE_TIMESTAMP,2026-06-03T17:42:56.835Z,,,,,,,,,,,,
20260603,C0031,2026-06-03T17:39:04.695883,O00875,Completed,2026-06-03T19:14:28.100Z,UPI,orders_S002_20260603.json,ST004,S002,S002_O00875,FUTURE_TIMESTAMP,2026-06-03T17:42:56.835Z,,,,,,,,,,,,
20260603,C0256,2026-06-03T17:39:04.695883,O00876,Completed,2026-06-03T18:55:45.100Z,Cash,orders_S002_20260603.json,ST005,S002,S002_O00876,FUTURE_TIMESTAMP,2026-06-03T17:42:56.835Z,,,,,,,,,,,,
20260603,C0199,2026-06-03T17:39:04.695883,O00877,Completed,2026-06-03T18:06:01.100Z,UPI,orders_S002_20260603.json,ST001,S002,S002_O00877,FUTURE_TIMESTAMP,2026-06-03T17:42:56.835Z,,,,,,,,,,,,
20260603,C0075,2026-06-03T17:39:04.695883,O00879,Completed,2026-06-03T19:25:25.100Z,UPI,orders_S002_20260603.json,ST002,S002,S002_O00879,FUTURE_TIMESTAMP,2026-06-03T17:42:56.835Z,,,,,,,,,,,,
20260603,C0403,2026-06-03T17:39:04.695883,O00880,Completed,2026-06-03T19:31:29.100Z,UPI,orders_S002_20260603.json,ST009,S002,S002_O00880,FUTURE_TIMESTAMP,2026-06-03T17:42:56.835Z,,,,,,,,,,,,
20260603,C0082,2026-06-03T17:39:04.695883,O00881,Completed,2026-06-03T20:41:02.100Z,Card,orders_S002_20260603.json,ST011,S002,S002_O00881,FUTURE_TIMESTAMP,2026-06-03T17:42:56.835Z,,,,,,,,,,,,
20260603,C0063,2026-06-03T17:39:04.695883,O00885,Completed,2026-06-03T19:38:06.100Z,Cash,orders_S002_20260603.json,ST003,S002,S002_O00885,FUTURE_TIMESTAMP,2026-06-03T17:42:56.835Z,,,,,,,,,,,,
20260603,C0193,2026-06-03T17:39:04.695883,O00886,Completed,2026-06-03T18:17:22.100Z,UPI,orders_S002_20260603.json,ST010,S002,S002_O00886,FUTURE_TIMESTAMP,2026-06-03T17:42:56.835Z,,,,,,,,,,,,
20260603,C0109,2026-06-03T17:39:04.695883,O00887,Completed,2026-06-03T18:43:46.100Z,Cash,orders_S002_20260603.json,ST002,S002,S002_O00887,FUTURE_TIMESTAMP,2026-06-03T17:42:56.835Z,,,,,,,,,,,,
20260603,C0280,2026-06-03T17:39:04.695883,O00888,Completed,2026-06-03T17:50:35.100Z,Cash,orders_S002_20260603.json,ST012,S002,S002_O00888,FUTURE_TIMESTAMP,2026-06-03T17:42:56.835Z,,,,,,,,,,,,
20260603,C0053,2026-06-03T17:39:04.695883,O00889,Completed,2026-06-03T18:01:05.100Z,UPI,orders_S002_20260603.json,ST008,S002,S002_O00889,FUTURE_TIMESTAMP,2026-06-03T17:42:56.835Z,,,,,,,,,,,,
20260603,C0436,2026-06-03T17:39:04.695883,O00890,Completed,2026-06-03T18:36:25.100Z,Cash,orders_S002_20260603.json,ST004,S002,S002_O00890,FUTURE_TIMESTAMP,2026-06-03T17:42:56.835Z,,,,,,,,,,,,
20260603,C0429,2026-06-03T17:39:04.695883,O00891,Completed,2026-06-03T19:02:30.100Z,UPI,orders_S002_20260603.json,ST006,S002,S002_O00891,FUTURE_TIMESTAMP,2026-06-03T17:42:56.835Z,,,,,,,,,,,,
20260603,C0066,2026-06-03T17:39:04.695883,O00893,Completed,2026-06-03T19:14:44.100Z,Card,orders_S002_20260603.json,ST009,S002,S002_O00893,FUTURE_TIMESTAMP,2026-06-03T17:42:56.835Z,,,,,,,,,,,,
20260603,C0107,2026-06-03T17:39:04.695883,O00894,Completed,2026-06-03T21:29:38.100Z,Card,orders_S002_20260603.json,ST010,S002,S002_O00894,FUTURE_TIMESTAMP,2026-06-03T17:42:56.835Z,,,,,,,,,,,,
20260603,C0228,2026-06-03T17:39:04.695883,O00896,Completed,2026-06-03T19:17:54.100Z,UPI,orders_S002_20260603.json,ST005,S002,S002_O00896,FUTURE_TIMESTAMP,2026-06-03T17:42:56.835Z,,,,,,,,,,,,
20260603,C0205,2026-06-03T17:39:04.695883,O00897,Completed,2026-06-03T19:36:17.100Z,UPI,orders_S002_20260603.json,ST007,S002,S002_O00897,FUTURE_TIMESTAMP,2026-06-03T17:42:56.835Z,,,,,,,,,,,,
20260603,C0251,2026-06-03T17:39:04.695883,O00898,Completed,2026-06-03T21:27:02.100Z,Cash,orders_S002_20260603.json,ST011,S002,S002_O00898,FUTURE_TIMESTAMP,2026-06-03T17:42:56.835Z,,,,,,,,,,,,
20260603,C0092,2026-06-03T17:39:04.695883,O00899,Completed,2026-06-03T21:14:35.100Z,Cash,orders_S002_20260603.json,ST009,S002,S002_O00899,FUTURE_TIMESTAMP,2026-06-03T17:42:56.835Z,,,,,,,,,,,,
20260603,C0059,2026-06-03T17:39:04.695883,O00901,Completed,2026-06-03T21:37:45.100Z,UPI,orders_S002_20260603.json,ST012,S002,S002_O00901,FUTURE_TIMESTAMP,2026-06-03T17:42:56.835Z,,,,,,,,,,,,
20260603,C0016,2026-06-03T17:39:04.695883,O00905,Completed,2026-06-03T21:21:43.100Z,Cash,orders_S002_20260603.json,ST011,S002,S002_O00905,FUTURE_TIMESTAMP,2026-06-03T17:42:56.835Z,,,,,,,,,,,,
20260603,C0148,2026-06-03T17:39:04.695883,O00906,Completed,2026-06-03T18:27:43.100Z,UPI,orders_S002_20260603.json,ST008,S002,S002_O00906,FUTURE_TIMESTAMP,2026-06-03T17:42:56.835Z,,,,,,,,,,,,
20260603,C0007,2026-06-03T17:39:04.695883,O00907,Completed,2026-06-03T18:20:12.100Z,UPI,orders_S002_20260603.json,ST011,S002,S002_O00907,FUTURE_TIMESTAMP,2026-06-03T17:42:56.835Z,,,,,,,,,,,,
20260603,C0045,2026-06-03T17:39:04.695883,O00908,Completed,2026-06-03T19:40:11.100Z,UPI,orders_S002_20260603.json,ST003,S002,S002_O00908,FUTURE_TIMESTAMP,2026-06-03T17:42:56.835Z,,,,,,,,,,,,
20260603,C0415,2026-06-03T17:39:04.695883,O00909,Completed,2026-06-03T19:52:14.100Z,Card,orders_S002_20260603.json,ST004,S002,S002_O00909,FUTURE_TIMESTAMP,2026-06-03T17:42:56.835Z,,,,,,,,,,,,
20260603,C0280,2026-06-03T17:39:04.695883,O00910,Completed,2026-06-03T20:39:47.100Z,Cash,orders_S002_20260603.json,ST002,S002,S002_O00910,FUTURE_TIMESTAMP,2026-06-03T17:42:56.835Z,,,,,,,,,,,,
20260603,C0105,2026-06-03T17:39:04.695883,O00911,Completed,2026-06-03T19:48:40.100Z,Card,orders_S002_20260603.json,ST011,S002,S002_O00911,FUTURE_TIMESTAMP,2026-06-03T17:42:56.835Z,,,,,,,,,,,,
20260603,C0018,2026-06-03T17:39:04.695883,O00912,Completed,2026-06-03T19:14:45.100Z,UPI,orders_S002_20260603.json,ST008,S002,S002_O00912,FUTURE_TIMESTAMP,2026-06-03T17:42:56.835Z,,,,,,,,,,,,
20260603,C0086,2026-06-03T17:39:04.695883,O00914,Completed,2026-06-03T19:15:51.100Z,Card,orders_S002_20260603.json,ST005,S002,S002_O00914,FUTURE_TIMESTAMP,2026-06-03T17:42:56.835Z,,,,,,,,,,,,
20260603,C0288,2026-06-03T17:39:04.695883,O00916,Completed,2026-06-03T19:37:20.100Z,Cash,orders_S002_20260603.json,ST005,S002,S002_O00916,FUTURE_TIMESTAMP,2026-06-03T17:42:56.835Z,,,,,,,,,,,,
20260603,C0344,2026-06-03T17:39:04.695883,O00921,Completed,2026-06-03T19:42:35.100Z,UPI,orders_S002_20260603.json,ST003,S002,S002_O00921,FUTURE_TIMESTAMP,2026-06-03T17:42:56.835Z,,,,,,,,,,,,
20260603,C0048,2026-06-03T17:39:04.695883,O00923,Completed,2026-06-03T20:42:31.100Z,UPI,orders_S002_20260603.json,ST004,S002,S002_O00923,FUTURE_TIMESTAMP,2026-06-03T17:42:56.835Z,,,,,,,,,,,,
20260603,C0065,2026-06-03T17:39:04.695883,O00924,Completed,2026-06-03T19:21:52.100Z,UPI,orders_S002_20260603.json,ST005,S002,S002_O00924,FUTURE_TIMESTAMP,2026-06-03T17:42:56.835Z,,,,,,,,,,,,
20260603,C0048,2026-06-03T17:39:04.695883,O00926,Completed,2026-06-03T19:41:28.100Z,Cash,orders_S002_20260603.json,ST007,S002,S002_O00926,FUTURE_TIMESTAMP,2026-06-03T17:42:56.835Z,,,,,,,,,,,,
20260603,C0074,2026-06-03T17:39:04.695883,O00927,Completed,2026-06-03T21:44:25.100Z,UPI,orders_S002_20260603.json,ST008,S002,S002_O00927,FUTURE_TIMESTAMP,2026-06-03T17:42:56.835Z,,,,,,,,,,,,
20260603,C0435,2026-06-03T17:39:04.695883,O00929,Completed,2026-06-03T21:11:26.100Z,UPI,orders_S002_20260603.json,ST006,S002,S002_O00929,FUTURE_TIMESTAMP,2026-06-03T17:42:56.835Z,,,,,,,,,,,,
20260603,C0243,2026-06-03T17:39:04.695883,O00930,Completed,2026-06-03T19:24:13.100Z,Cash,orders_S002_20260603.json,ST004,S002,S002_O00930,FUTURE_TIMESTAMP,2026-06-03T17:42:56.835Z,,,,,,,,,,,,
20260603,C0177,2026-06-03T17:39:04.695883,O00931,Completed,2026-06-03T20:45:00.100Z,Cash,orders_S002_20260603.json,ST007,S002,S002_O00931,FUTURE_TIMESTAMP,2026-06-03T17:42:56.835Z,,,,,,,,,,,,
20260603,C0030,2026-06-03T17:39:04.695883,O00932,Completed,2026-06-03T19:00:15.100Z,Cash,orders_S002_20260603.json,ST002,S002,S002_O00932,FUTURE_TIMESTAMP,2026-06-03T17:42:56.835Z,,,,,,,,,,,,
20260603,C0061,2026-06-03T17:39:04.695883,O00933,Completed,2026-06-03T18:31:59.100Z,Cash,orders_S002_20260603.json,ST011,S002,S002_O00933,FUTURE_TIMESTAMP,2026-06-03T17:42:56.835Z,,,,,,,,,,,,
20260603,C0275,2026-06-03T17:39:04.695883,O00936,Completed,2026-06-03T18:12:34.100Z,UPI,orders_S002_20260603.json,ST008,S002,S002_O00936,FUTURE_TIMESTAMP,2026-06-03T17:42:56.835Z,,,,,,,,,,,,
20260603,,2026-06-03T17:39:04.695883,O00267,Completed,2026-06-03T18:21:14.100Z,Card,orders_S002_20260603.json,ST007,S002,S002_O00267,MISSING_CUSTOMER_ID,2026-06-03T17:42:56.835Z,,,,,,,,,,,,
20260603,,2026-06-03T17:39:04.695883,O00023,Completed,2026-06-03T18:06:04.100Z,UPI,orders_S002_20260603.json,ST009,S002,S002_O00023,MISSING_CUSTOMER_ID,2026-06-03T17:42:56.835Z,,,,,,,,,,,,
20260603,,2026-06-03T17:39:04.695883,O00757,Completed,2026-06-03T20:49:21.100Z,UPI,orders_S002_20260603.json,ST006,S002,S002_O00757,MISSING_CUSTOMER_ID,2026-06-03T17:42:56.835Z,,,,,,,,,,,,
20260603,C0089,2026-06-03T17:39:20.186841,O00001,Completed,2026-06-03T18:07:14.421Z,Card,orders_S005_20260603.json,ST007,S005,S005_O00001,FUTURE_TIMESTAMP,2026-06-03T17:42:56.835Z,,,,,,,,,,,,
20260603,C0113,2026-06-03T17:39:20.186841,O00002,Completed,2026-06-03T19:09:38.421Z,UPI,orders_S005_20260603.json,ST007,S005,S005_O00002,FUTURE_TIMESTAMP,2026-06-03T17:42:56.835Z,,,,,,,,,,,,
20260603,C0306,2026-06-03T17:39:20.186841,O00005,Completed,2026-06-03T19:15:09.421Z,Card,orders_S005_20260603.json,ST010,S005,S005_O00005,FUTURE_TIMESTAMP,2026-06-03T17:42:56.835Z,,,,,,,,,,,,
20260603,C0494,2026-06-03T17:39:20.186841,O00006,Completed,2026-06-03T21:58:08.421Z,UPI,orders_S005_20260603.json,ST015,S005,S005_O00006,FUTURE_TIMESTAMP,2026-06-03T17:42:56.835Z,,,,,,,,,,,,
20260603,C0208,2026-06-03T17:39:20.186841,O00008,Completed,2026-06-03T21:52:14.421Z,Cash,orders_S005_20260603.json,ST013,S005,S005_O00008,FUTURE_TIMESTAMP,2026-06-03T17:42:56.835Z,,,,,,,,,,,,
20260603,C0119,2026-06-03T17:39:20.186841,O00010,Completed,2026-06-03T20:42:27.421Z,Card,orders_S005_20260603.json,ST008,S005,S005_O00010,FUTURE_TIMESTAMP,2026-06-03T17:42:56.835Z,,,,,,,,,,,,
20260603,C0044,2026-06-03T17:39:20.186841,O00014,Completed,2026-06-03T19:32:04.421Z,UPI,orders_S005_20260603.json,ST008,S005,S005_O00014,FUTURE_TIMESTAMP,2026-06-03T17:42:56.835Z,,,,,,,,,,,,
20260603,C0064,2026-06-03T17:39:20.186841,O00017,Completed,2026-06-03T18:21:27.421Z,Cash,orders_S005_20260603.json,ST015,S005,S005_O00017,FUTURE_TIMESTAMP,2026-06-03T17:42:56.835Z,,,,,,,,,,,,
20260603,C0173,2026-06-03T17:39:20.186841,O00018,Completed,2026-06-03T19:32:16.421Z,Cash,orders_S005_20260603.json,ST006,S005,S005_O00018,FUTURE_TIMESTAMP,2026-06-03T17:42:56.835Z,,,,,,,,,,,,
20260603,C0028,2026-06-03T17:39:20.186841,O00019,Completed,2026-06-03T21:55:50.421Z,UPI,orders_S005_20260603.json,ST008,S005,S005_O00019,FUTURE_TIMESTAMP,2026-06-03T17:42:56.835Z,,,,,,,,,,,,
20260603,C0088,2026-06-03T17:39:20.186841,O00020,Completed,2026-06-03T19:27:36.421Z,UPI,orders_S005_20260603.json,ST013,S005,S005_O00020,FUTURE_TIMESTAMP,2026-06-03T17:42:56.835Z,,,,,,,,,,,,
20260603,C0640,2026-06-03T17:39:20.186841,O00023,Completed,2026-06-03T19:07:53.421Z,Cash,orders_S005_20260603.json,ST015,S005,S005_O00023,FUTURE_TIMESTAMP,2026-06-03T17:42:56.835Z,,,,,,,,,,,,
20260603,C0054,2026-06-03T17:39:20.186841,O00024,Completed,2026-06-03T19:08:30.421Z,Card,orders_S005_20260603.json,ST014,S005,S005_O00024,FUTURE_TIMESTAMP,2026-06-03T17:42:56.835Z,,,,,,,,,,,,
20260603,C0023,2026-06-03T17:39:20.186841,O00026,Completed,2026-06-03T18:26:09.421Z,UPI,orders_S005_20260603.json,ST003,S005,S005_O00026,FUTURE_TIMESTAMP,2026-06-03T17:42:56.835Z,,,,,,,,,,,,
20260603,C0064,2026-06-03T17:39:20.186841,O00027,Completed,2026-06-03T18:11:10.421Z,Cash,orders_S005_20260603.json,ST010,S005,S005_O00027,FUTURE_TIMESTAMP,2026-06-03T17:42:56.835Z,,,,,,,,,,,,
20260603,C0031,2026-06-03T17:39:20.186841,O00029,Completed,2026-06-03T18:46:35.421Z,UPI,orders_S005_20260603.json,ST004,S005,S005_O00029,FUTURE_TIMESTAMP,2026-06-03T17:42:56.835Z,,,,,,,,,,,,
20260603,C0003,2026-06-03T17:39:20.186841,O00031,Completed,2026-06-03T19:34:09.421Z,Cash,orders_S005_20260603.json,ST015,S005,S005_O00031,FUTURE_TIMESTAMP,2026-06-03T17:42:56.835Z,,,,,,,,,,,,
20260603,C0339,2026-06-03T17:39:20.186841,O00032,Completed,2026-06-03T21:29:18.421Z,Cash,orders_S005_20260603.json,ST010,S005,S005_O00032,FUTURE_TIMESTAMP,2026-06-03T17:42:56.835Z,,,,,,,,,,,,
20260603,C0542,2026-06-03T17:39:20.186841,O00034,Completed,2026-06-03T21:38:56.421Z,UPI,orders_S005_20260603.json,ST001,S005,S005_O00034,FUTURE_TIMESTAMP,2026-06-03T17:42:56.835Z,,,,,,,,,,,,
20260603,C0004,2026-06-03T17:39:20.186841,O00035,Completed,2026-06-03T18:05:59.421Z,Card,orders_S005_20260603.json,ST011,S005,S005_O00035,FUTURE_TIMESTAMP,2026-06-03T17:42:56.835Z,,,,,,,,,,,,
20260603,C0153,2026-06-03T17:39:20.186841,O00036,Completed,2026-06-03T19:45:29.421Z,Card,orders_S005_20260603.json,ST013,S005,S005_O00036,FUTURE_TIMESTAMP,2026-06-03T17:42:56.835Z,,,,,,,,,,,,
20260603,C0008,2026-06-03T17:39:20.186841,O00038,Completed,2026-06-03T17:55:07.421Z,UPI,orders_S005_20260603.json,ST003,S005,S005_O00038,FUTURE_TIMESTAMP,2026-06-03T17:42:56.835Z,,,,,,,,,,,,
20260603,C0178,2026-06-03T17:39:20.186841,O00039,Completed,2026-06-03T19:54:00.421Z,Cash,orders_S005_20260603.json,ST004,S005,S005_O00039,FUTURE_TIMESTAMP,2026-06-03T17:42:56.835Z,,,,,,,,,,,,
20260603,C0421,2026-06-03T17:39:20.186841,O00040,Completed,2026-06-03T20:14:12.421Z,UPI,orders_S005_20260603.json,ST005,S005,S005_O00040,FUTURE_TIMESTAMP,2026-06-03T17:42:56.835Z,,,,,,,,,,,,
20260603,C0485,2026-06-03T17:39:20.186841,O00041,Completed,2026-06-03T20:38:52.421Z,UPI,orders_S005_20260603.json,ST012,S005,S005_O00041,FUTURE_TIMESTAMP,2026-06-03T17:42:56.835Z,,,,,,,,,,,,
20260603,C0067,2026-06-03T17:39:20.186841,O00042,Completed,2026-06-03T18:40:21.421Z,Cash,orders_S005_20260603.json,ST006,S005,S005_O00042,FUTURE_TIMESTAMP,2026-06-03T17:42:56.835Z,,,,,,,,,,,,
20260603,C0351,2026-06-03T17:39:20.186841,O00043,Completed,2026-06-03T21:43:27.421Z,UPI,orders_S005_20260603.json,ST008,S005,S005_O00043,FUTURE_TIMESTAMP,2026-06-03T17:42:56.835Z,,,,,,,,,,,,
20260603,C0050,2026-06-03T17:39:20.186841,O00044,Completed,2026-06-03T20:25:52.421Z,UPI,orders_S005_20260603.json,ST012,S005,S005_O00044,FUTURE_TIMESTAMP,2026-06-03T17:42:56.835Z,,,,,,,,,,,,
20260603,C0111,2026-06-03T17:39:20.186841,O00046,Completed,2026-06-03T19:57:04.421Z,UPI,orders_S005_20260603.json,ST011,S005,S005_O00046,FUTURE_TIMESTAMP,2026-06-03T17:42:56.835Z,,,,,,,,,,,,
20260603,C0057,2026-06-03T17:39:20.186841,O00047,Completed,2026-06-03T20:04:52.421Z,UPI,orders_S005_20260603.json,ST010,S005,S005_O00047,FUTURE_TIMESTAMP,2026-06-03T17:42:56.835Z,,,,,,,,,,,,
20260603,C0008,2026-06-03T17:39:20.186841,O00048,Completed,2026-06-03T20:32:54.421Z,Cash,orders_S005_20260603.json,ST007,S005,S005_O00048,FUTURE_TIMESTAMP,2026-06-03T17:42:56.835Z,,,,,,,,,,,,
20260603,C0089,2026-06-03T17:39:20.186841,O00049,Completed,2026-06-03T21:05:34.421Z,UPI,orders_S005_20260603.json,ST015,S005,S005_O00049,FUTURE_TIMESTAMP,2026-06-03T17:42:56.835Z,,,,,,,,,,,,
20260603,C0237,2026-06-03T17:39:20.186841,O00050,Completed,2026-06-03T18:52:23.421Z,Cash,orders_S005_20260603.json,ST015,S005,S005_O00050,FUTURE_TIMESTAMP,2026-06-03T17:42:56.835Z,,,,,,,,,,,,
20260603,C0024,2026-06-03T17:39:20.186841,O00052,Completed,2026-06-03T19:54:05.421Z,Card,orders_S005_20260603.json,ST006,S005,S005_O00052,FUTURE_TIMESTAMP,2026-06-03T17:42:56.835Z,,,,,,,,,,,,
20260603,C0345,2026-06-03T17:39:20.186841,O00053,Completed,2026-06-03T18:03:22.421Z,UPI,orders_S005_20260603.json,ST003,S005,S005_O00053,FUTURE_TIMESTAMP,2026-06-03T17:42:56.835Z,,,,,,,,,,,,
20260603,C0066,2026-06-03T17:39:20.186841,O00054,Completed,2026-06-03T20:05:34.421Z,Cash,orders_S005_20260603.json,ST005,S005,S005_O00054,FUTURE_TIMESTAMP,2026-06-03T17:42:56.835Z,,,,,,,,,,,,
20260603,C0063,2026-06-03T17:39:20.186841,O00055,Completed,2026-06-03T19:36:39.421Z,Cash,orders_S005_20260603.json,ST012,S005,S005_O00055,FUTURE_TIMESTAMP,2026-06-03T17:42:56.835Z,,,,,,,,,,,,
20260603,C0001,2026-06-03T17:39:20.186841,O00056,Completed,2026-06-03T21:29:47.421Z,UPI,orders_S005_20260603.json,ST002,S005,S005_O00056,FUTURE_TIMESTAMP,2026-06-03T17:42:56.835Z,,,,,,,,,,,,
20260603,C0044,2026-06-03T17:39:20.186841,O00058,Completed,2026-06-03T19:35:47.421Z,UPI,orders_S005_20260603.json,ST015,S005,S005_O00058,FUTURE_TIMESTAMP,2026-06-03T17:42:56.835Z,,,,,,,,,,,,
20260603,C0519,2026-06-03T17:39:20.186841,O00059,Completed,2026-06-03T19:43:51.421Z,UPI,orders_S005_20260603.json,ST011,S005,S005_O00059,FUTURE_TIMESTAMP,2026-06-03T17:42:56.835Z,,,,,,,,,,,,
20260603,C0118,2026-06-03T17:39:20.186841,O00060,Completed,2027-06-03T16:00:31.421Z,UPI,orders_S005_20260603.json,ST006,S005,S005_O00060,FUTURE_TIMESTAMP,2026-06-03T17:42:56.835Z,,,,,,,,,,,,
20260603,C0128,2026-06-03T17:39:20.186841,O00062,Completed,2026-06-03T18:35:23.421Z,Cash,orders_S005_20260603.json,ST007,S005,S005_O00062,FUTURE_TIMESTAMP,2026-06-03T17:42:56.835Z,,,,,,,,,,,,
20260603,C0418,2026-06-03T17:39:20.186841,O00065,Completed,2026-06-03T19:03:24.421Z,Cash,orders_S005_20260603.json,ST014,S005,S005_O00065,FUTURE_TIMESTAMP,2026-06-03T17:42:56.835Z,,,,,,,,,,,,
20260603,C0026,2026-06-03T17:39:20.186841,O00067,Completed,2026-06-03T18:10:17.421Z,Card,orders_S005_20260603.json,ST014,S005,S005_O00067,FUTURE_TIMESTAMP,2026-06-03T17:42:56.835Z,,,,,,,,,,,,
20260603,C0119,2026-06-03T17:39:20.186841,O00068,Completed,2026-06-03T19:58:28.421Z,UPI,orders_S005_20260603.json,ST013,S005,S005_O00068,FUTURE_TIMESTAMP,2026-06-03T17:42:56.835Z,,,,,,,,,,,,
20260603,C0592,2026-06-03T17:39:20.186841,O00071,Completed,2026-06-03T21:26:34.421Z,UPI,orders_S005_20260603.json,ST006,S005,S005_O00071,FUTURE_TIMESTAMP,2026-06-03T17:42:56.835Z,,,,,,,,,,,,
20260603,C0298,2026-06-03T17:39:20.186841,O00072,Completed,2026-06-03T19:22:36.421Z,UPI,orders_S005_20260603.json,ST008,S005,S005_O00072,FUTURE_TIMESTAMP,2026-06-03T17:42:56.835Z,,,,,,,,,,,,
20260603,C0153,2026-06-03T17:39:20.186841,O00073,Completed,2026-06-03T20:24:47.421Z,Cash,orders_S005_20260603.json,ST010,S005,S005_O00073,FUTURE_TIMESTAMP,2026-06-03T17:42:56.835Z,,,,,,,,,,,,
20260603,C0625,2026-06-03T17:39:20.186841,O00074,Completed,2026-06-03T19:40:34.421Z,Card,orders_S005_20260603.json,ST014,S005,S005_O00074,FUTURE_TIMESTAMP,2026-06-03T17:42:56.835Z,,,,,,,,,,,,
20260603,C0100,2026-06-03T17:39:20.186841,O00076,Completed,2026-06-03T19:54:58.421Z,UPI,orders_S005_20260603.json,ST008,S005,S005_O00076,FUTURE_TIMESTAMP,2026-06-03T17:42:56.835Z,,,,,,,,,,,,
20260603,C0598,2026-06-03T17:39:20.186841,O00078,Completed,2026-06-03T17:57:56.421Z,Cash,orders_S005_20260603.json,ST009,S005,S005_O00078,FUTURE_TIMESTAMP,2026-06-03T17:42:56.835Z,,,,,,,,,,,,
20260603,C0543,2026-06-03T17:39:20.186841,O00079,Completed,2026-06-03T19:09:47.421Z,UPI,orders_S005_20260603.json,ST010,S005,S005_O00079,FUTURE_TIMESTAMP,2026-06-03T17:42:56.835Z,,,,,,,,,,,,
20260603,C0387,2026-06-03T17:39:20.186841,O00080,Completed,2026-06-03T20:29:05.421Z,UPI,orders_S005_20260603.json,ST006,S005,S005_O00080,FUTURE_TIMESTAMP,2026-06-03T17:42:56.835Z,,,,,,,,,,,,
20260603,C0162,2026-06-03T17:39:20.186841,O00081,Completed,2026-06-03T20:32:17.421Z,Card,orders_S005_20260603.json,ST004,S005,S005_O00081,FUTURE_TIMESTAMP,2026-06-03T17:42:56.835Z,,,,,,,,,,,,
20260603,C0062,2026-06-03T17:39:20.186841,O00083,Completed,2026-06-03T21:30:37.421Z,UPI,orders_S005_20260603.json,ST011,S005,S005_O00083,FUTURE_TIMESTAMP,2026-06-03T17:42:56.835Z,,,,,,,,,,,,
20260603,C0586,2026-06-03T17:39:20.186841,O00085,Completed,2026-06-03T20:33:32.421Z,Cash,orders_S005_20260603.json,ST011,S005,S005_O00085,FUTURE_TIMESTAMP,2026-06-03T17:42:56.835Z,,,,,,,,,,,,
20260603,C0102,2026-06-03T17:39:20.186841,O00086,Completed,2026-06-03T21:04:34.421Z,Card,orders_S005_20260603.json,ST011,S005,S005_O00086,FUTURE_TIMESTAMP,2026-06-03T17:42:56.835Z,,,,,,,,,,,,
20260603,C0109,2026-06-03T17:39:20.186841,O00088,Completed,2026-06-03T21:08:37.421Z,Cash,orders_S005_20260603.json,ST004,S005,S005_O00088,FUTURE_TIMESTAMP,2026-06-03T17:42:56.835Z,,,,,,,,,,,,
20260603,C0149,2026-06-03T17:39:20.186841,O00089,Completed,2026-06-03T19:20:36.421Z,UPI,orders_S005_20260603.json,ST007,S005,S005_O00089,FUTURE_TIMESTAMP,2026-06-03T17:42:56.835Z,,,,,,,,,,,,
20260603,C0276,2026-06-03T17:39:20.186841,O00090,Completed,2026-06-03T20:03:37.421Z,Card,orders_S005_20260603.json,ST014,S005,S005_O00090,FUTURE_TIMESTAMP,2026-06-03T17:42:56.835Z,,,,,,,,,,,,
20260603,C0579,2026-06-03T17:39:20.186841,O00091,Completed,2026-06-03T19:03:22.421Z,Card,orders_S005_20260603.json,ST009,S005,S005_O00091,FUTURE_TIMESTAMP,2026-06-03T17:42:56.835Z,,,,,,,,,,,,
20260603,C0081,2026-06-03T17:39:20.186841,O00092,Completed,2026-06-03T19:27:54.421Z,UPI,orders_S005_20260603.json,ST011,S005,S005_O00092,FUTURE_TIMESTAMP,2026-06-03T17:42:56.835Z,,,,,,,,,,,,
20260603,C0405,2026-06-03T17:39:20.186841,O00094,Completed,2026-06-03T20:49:48.421Z,Cash,orders_S005_20260603.json,ST006,S005,S005_O00094,FUTURE_TIMESTAMP,2026-06-03T17:42:56.835Z,,,,,,,,,,,,
20260603,C0408,2026-06-03T17:39:20.186841,O00095,Completed,2026-06-03T20:46:17.421Z,Cash,orders_S005_20260603.json,ST010,S005,S005_O00095,FUTURE_TIMESTAMP,2026-06-03T17:42:56.835Z,,,,,,,,,,,,
20260603,C0427,2026-06-03T17:39:20.186841,O00096,Completed,2026-06-03T19:51:57.421Z,Cash,orders_S005_20260603.json,ST004,S005,S005_O00096,FUTURE_TIMESTAMP,2026-06-03T17:42:56.835Z,,,,,,,,,,,,
20260603,C0027,2026-06-03T17:39:20.186841,O00097,Completed,2026-06-03T19:46:44.421Z,UPI,orders_S005_20260603.json,ST010,S005,S005_O00097,FUTURE_TIMESTAMP,2026-06-03T17:42:56.835Z,,,,,,,,,,,,
20260603,C0102,2026-06-03T17:39:20.186841,O00098,Completed,2026-06-03T20:09:50.421Z,Card,orders_S005_20260603.json,ST014,S005,S005_O00098,FUTURE_TIMESTAMP,2026-06-03T17:42:56.835Z,,,,,,,,,,,,
20260603,C0030,2026-06-03T17:39:20.186841,O00099,Completed,2026-06-03T19:46:13.421Z,Cash,orders_S005_20260603.json,ST015,S005,S005_O00099,FUTURE_TIMESTAMP,2026-06-03T17:42:56.835Z,,,,,,,,,,,,
20260603,C0462,2026-06-03T17:39:20.186841,O00101,Completed,2026-06-03T19:32:44.421Z,Cash,orders_S005_20260603.json,ST004,S005,S005_O00101,FUTURE_TIMESTAMP,2026-06-03T17:42:56.835Z,,,,,,,,,,,,
20260603,C0180,2026-06-03T17:39:20.186841,O00102,Completed,2026-06-03T17:56:30.421Z,Cash,orders_S005_20260603.json,ST012,S005,S005_O00102,FUTURE_TIMESTAMP,2026-06-03T17:42:56.835Z,,,,,,,,,,,,
20260603,C0114,2026-06-03T17:39:20.186841,O00103,Completed,2026-06-03T19:21:54.421Z,Cash,orders_S005_20260603.json,ST015,S005,S005_O00103,FUTURE_TIMESTAMP,2026-06-03T17:42:56.835Z,,,,,,,,,,,,
20260603,C0371,2026-06-03T17:39:20.186841,O00106,Completed,2026-06-03T18:31:46.421Z,Cash,orders_S005_20260603.json,ST002,S005,S005_O00106,FUTURE_TIMESTAMP,2026-06-03T17:42:56.835Z,,,,,,,,,,,,
20260603,C0023,2026-06-03T17:39:20.186841,O00107,Completed,2026-06-03T21:59:41.421Z,Cash,orders_S005_20260603.json,ST015,S005,S005_O00107,FUTURE_TIMESTAMP,2026-06-03T17:42:56.835Z,,,,,,,,,,,,
20260603,C0113,2026-06-03T17:39:20.186841,O00108,Completed,2026-06-03T20:52:46.421Z,Card,orders_S005_20260603.json,ST011,S005,S005_O00108,FUTURE_TIMESTAMP,2026-06-03T17:42:56.835Z,,,,,,,,,,,,
20260603,C0085,2026-06-03T17:39:20.186841,O00109,Completed,2026-06-03T17:58:40.421Z,Cash,orders_S005_20260603.json,ST011,S005,S005_O00109,FUTURE_TIMESTAMP,2026-06-03T17:42:56.835Z,,,,,,,,,,,,
20260603,C0056,2026-06-03T17:39:20.186841,O00110,Completed,2026-06-03T19:25:04.421Z,UPI,orders_S005_20260603.json,ST001,S005,S005_O00110,FUTURE_TIMESTAMP,2026-06-03T17:42:56.835Z,,,,,,,,,,,,
20260603,C0416,2026-06-03T17:39:20.186841,O00112,Completed,2026-06-03T21:04:10.421Z,UPI,orders_S005_20260603.json,ST012,S005,S005_O00112,FUTURE_TIMESTAMP,2026-06-03T17:42:56.835Z,,,,,,,,,,,,
20260603,C0075,2026-06-03T17:39:20.186841,O00113,Completed,2026-06-03T19:32:54.421Z,Card,orders_S005_20260603.json,ST002,S005,S005_O00113,FUTURE_TIMESTAMP,2026-06-03T17:42:56.835Z,,,,,,,,,,,,
20260603,C0027,2026-06-03T17:39:20.186841,O00114,Completed,2026-06-03T19:39:22.421Z,UPI,orders_S005_20260603.json,ST011,S005,S005_O00114,FUTURE_TIMESTAMP,2026-06-03T17:42:56.835Z,,,,,,,,,,,,
20260603,C0122,2026-06-03T17:39:20.186841,O00115,Completed,2026-06-03T18:35:42.421Z,Card,orders_S005_20260603.json,ST004,S005,S005_O00115,FUTURE_TIMESTAMP,2026-06-03T17:42:56.835Z,,,,,,,,,,,,
20260603,C0015,2026-06-03T17:39:20.186841,O00116,Completed,2026-06-03T21:06:21.421Z,Card,orders_S005_20260603.json,ST008,S005,S005_O00116,FUTURE_TIMESTAMP,2026-06-03T17:42:56.835Z,,,,,,,,,,,,
20260603,C0273,2026-06-03T17:39:20.186841,O00117,Completed,2026-06-03T19:14:49.421Z,UPI,orders_S005_20260603.json,ST010,S005,S005_O00117,FUTURE_TIMESTAMP,2026-06-03T17:42:56.835Z,,,,,,,,,,,,
20260603,C0029,2026-06-03T17:39:20.186841,O00118,Completed,2026-06-03T20:21:41.421Z,Cash,orders_S005_20260603.json,ST012,S005,S005_O00118,FUTURE_TIMESTAMP,2026-06-03T17:42:56.835Z,,,,,,,,,,,,
20260603,C0421,2026-06-03T17:39:20.186841,O00119,Completed,2026-06-03T21:46:39.421Z,UPI,orders_S005_20260603.json,ST001,S005,S005_O00119,FUTURE_TIMESTAMP,2026-06-03T17:42:56.835Z,,,,,,,,,,,,
20260603,C0477,2026-06-03T17:39:20.186841,O00122,Completed,2026-06-03T17:44:10.421Z,UPI,orders_S005_20260603.json,ST001,S005,S005_O00122,FUTURE_TIMESTAMP,2026-06-03T17:42:56.835Z,,,,,,,,,,,,
20260603,C0109,2026-06-03T17:39:20.186841,O00123,Completed,2026-06-03T20:44:37.421Z,UPI,orders_S005_20260603.json,ST006,S005,S005_O00123,FUTURE_TIMESTAMP,2026-06-03T17:42:56.835Z,,,,,,,,,,,,
20260603,C0110,2026-06-03T17:39:20.186841,O00124,Completed,2026-06-03T21:23:49.421Z,Card,orders_S005_20260603.json,ST006,S005,S005_O00124,FUTURE_TIMESTAMP,2026-06-03T17:42:56.835Z,,,,,,,,,,,,
20260603,C0469,2026-06-03T17:39:20.186841,O00125,Completed,2026-06-03T19:15:03.421Z,Card,orders_S005_20260603.json,ST008,S005,S005_O00125,FUTURE_TIMESTAMP,2026-06-03T17:42:56.835Z,,,,,,,,,,,,
20260603,C0073,2026-06-03T17:39:20.186841,O00126,Completed,2026-06-03T21:05:42.421Z,UPI,orders_S005_20260603.json,ST015,S005,S005_O00126,FUTURE_TIMESTAMP,2026-06-03T17:42:56.835Z,,,,,,,,,,,,
20260603,C0429,2026-06-03T17:39:20.186841,O00127,Completed,2026-06-03T21:24:37.421Z,Cash,orders_S005_20260603.json,ST010,S005,S005_O00127,FUTURE_TIMESTAMP,2026-06-03T17:42:56.835Z,,,,,,,,,,,,
20260603,C0422,2026-06-03T17:39:20.186841,O00129,Completed,2026-06-03T21:54:16.421Z,UPI,orders_S005_20260603.json,ST006,S005,S005_O00129,FUTURE_TIMESTAMP,2026-06-03T17:42:56.835Z,,,,,,,,,,,,
20260603,C0264,2026-06-03T17:39:20.186841,O00130,Completed,2026-06-03T19:43:46.421Z,Card,orders_S005_20260603.json,ST005,S005,S005_O00130,FUTURE_TIMESTAMP,2026-06-03T17:42:56.835Z,,,,,,,,,,,,
20260603,C0009,2026-06-03T17:39:20.186841,O00131,Completed,2026-06-03T19:28:25.421Z,Card,orders_S005_20260603.json,ST013,S005,S005_O00131,FUTURE_TIMESTAMP,2026-06-03T17:42:56.835Z,,,,,,,,,,,,
20260603,C0405,2026-06-03T17:39:20.186841,O00135,Completed,2026-06-03T20:41:07.421Z,UPI,orders_S005_20260603.json,ST003,S005,S005_O00135,FUTURE_TIMESTAMP,2026-06-03T17:42:56.835Z,,,,,,,,,,,,
20260603,C0074,2026-06-03T17:39:20.186841,O00136,Completed,2026-06-03T20:01:13.421Z,Cash,orders_S005_20260603.json,ST010,S005,S005_O00136,FUTURE_TIMESTAMP,2026-06-03T17:42:56.835Z,,,,,,,,,,,,
20260603,C0103,2026-06-03T17:39:20.186841,O00137,Completed,2026-06-03T20:14:31.421Z,UPI,orders_S005_20260603.json,ST005,S005,S005_O00137,FUTURE_TIMESTAMP,2026-06-03T17:42:56.835Z,,,,,,,,,,,,
20260603,C0009,2026-06-03T17:39:20.186841,O00140,Completed,2026-06-03T18:40:12.421Z,Cash,orders_S005_20260603.json,ST003,S005,S005_O00140,FUTURE_TIMESTAMP,2026-06-03T17:42:56.835Z,,,,,,,,,,,,
20260603,C0279,2026-06-03T17:39:20.186841,O00143,Completed,2026-06-03T18:10:00.421Z,Card,orders_S005_20260603.json,ST014,S005,S005_O00143,FUTURE_TIMESTAMP,2026-06-03T17:42:56.835Z,,,,,,,,,,,,
20260603,C0429,2026-06-03T17:39:20.186841,O00144,Completed,2026-06-03T17:56:32.421Z,Card,orders_S005_20260603.json,ST012,S005,S005_O00144,FUTURE_TIMESTAMP,2026-06-03T17:42:56.835Z,,,,,,,,,,,,
20260603,C0379,2026-06-03T17:39:20.186841,O00145,Completed,2026-06-03T18:23:21.421Z,UPI,orders_S005_20260603.json,ST007,S005,S005_O00145,FUTURE_TIMESTAMP,2026-06-03T17:42:56.835Z,,,,,,,,,,,,
20260603,C0345,2026-06-03T17:39:20.186841,O00146,Completed,2026-06-03T19:10:31.421Z,Cash,orders_S005_20260603.json,ST002,S005,S005_O00146,FUTURE_TIMESTAMP,2026-06-03T17:42:56.835Z,,,,,,,,,,,,
20260603,C0110,2026-06-03T17:39:20.186841,O00147,Completed,2026-06-03T21:29:07.421Z,Card,orders_S005_20260603.json,ST005,S005,S005_O00147,FUTURE_TIMESTAMP,2026-06-03T17:42:56.835Z,,,,,,,,,,,,
20260603,C0553,2026-06-03T17:39:20.186841,O00149,Completed,2026-06-03T18:08:15.421Z,UPI,orders_S005_20260603.json,ST015,S005,S005_O00149,FUTURE_TIMESTAMP,2026-06-03T17:42:56.835Z,,,,,,,,,,,,
20260603,C0052,2026-06-03T17:39:20.186841,O00150,Completed,2026-06-03T19:51:20.421Z,Card,orders_S005_20260603.json,ST001,S005,S005_O00150,FUTURE_TIMESTAMP,2026-06-03T17:42:56.835Z,,,,,,,,,,,,
20260603,C0110,2026-06-03T17:39:20.186841,O00151,Completed,2026-06-03T19:02:40.421Z,UPI,orders_S005_20260603.json,ST004,S005,S005_O00151,FUTURE_TIMESTAMP,2026-06-03T17:42:56.835Z,,,,,,,,,,,,
20260603,C0477,2026-06-03T17:39:20.186841,O00152,Completed,2026-06-03T20:40:44.421Z,Cash,orders_S005_20260603.json,ST015,S005,S005_O00152,FUTURE_TIMESTAMP,2026-06-03T17:42:56.835Z,,,,,,,,,,,,
20260603,,2026-06-03T17:39:20.186841,O00154,Completed,2026-06-03T17:05:12.421Z,UPI,orders_S005_20260603.json,ST001,S005,S005_O00154,MISSING_CUSTOMER_ID,2026-06-03T17:42:56.835Z,,,,,,,,,,,,
20260603,C0199,2026-06-03T17:39:20.186841,O00156,Completed,2026-06-03T19:05:12.421Z,Card,orders_S005_20260603.json,ST012,S005,S005_O00156,FUTURE_TIMESTAMP,2026-06-03T17:42:56.835Z,,,,,,,,,,,,
20260603,C0485,2026-06-03T17:39:20.186841,O00157,Completed,2026-06-03T18:36:00.421Z,Card,orders_S005_20260603.json,ST013,S005,S005_O00157,FUTURE_TIMESTAMP,2026-06-03T17:42:56.835Z,,,,,,,,,,,,
20260603,C0060,2026-06-03T17:39:20.186841,O00160,Completed,2026-06-03T20:36:39.421Z,UPI,orders_S005_20260603.json,ST001,S005,S005_O00160,FUTURE_TIMESTAMP,2026-06-03T17:42:56.835Z,,,,,,,,,,,,
20260603,C0083,2026-06-03T17:39:20.186841,O00163,Completed,2026-06-03T18:40:33.421Z,UPI,orders_S005_20260603.json,ST001,S005,S005_O00163,FUTURE_TIMESTAMP,2026-06-03T17:42:56.835Z,,,,,,,,,,,,
20260603,C0014,2026-06-03T17:39:20.186841,O00164,Completed,2026-06-03T20:08:15.421Z,UPI,orders_S005_20260603.json,ST009,S005,S005_O00164,FUTURE_TIMESTAMP,2026-06-03T17:42:56.835Z,,,,,,,,,,,,
20260603,C0094,2026-06-03T17:39:20.186841,O00166,Completed,2026-06-03T20:05:48.421Z,UPI,orders_S005_20260603.json,ST012,S005,S005_O00166,FUTURE_TIMESTAMP,2026-06-03T17:42:56.835Z,,,,,,,,,,,,
20260603,C0378,2026-06-03T17:39:20.186841,O00168,Completed,2026-06-03T19:21:11.421Z,UPI,orders_S005_20260603.json,ST007,S005,S005_O00168,FUTURE_TIMESTAMP,2026-06-03T17:42:56.835Z,,,,,,,,,,,,
20260603,C0316,2026-06-03T17:39:20.186841,O00170,Completed,2026-06-03T20:07:48.421Z,UPI,orders_S005_20260603.json,ST013,S005,S005_O00170,FUTURE_TIMESTAMP,2026-06-03T17:42:56.835Z,,,,,,,,,,,,
20260603,C0330,2026-06-03T17:39:20.186841,O00173,Completed,2026-06-03T19:07:05.421Z,UPI,orders_S005_20260603.json,ST010,S005,S005_O00173,FUTURE_TIMESTAMP,2026-06-03T17:42:56.835Z,,,,,,,,,,,,
20260603,C0197,2026-06-03T17:39:20.186841,O00174,Completed,2026-06-03T20:44:18.421Z,UPI,orders_S005_20260603.json,ST008,S005,S005_O00174,FUTURE_TIMESTAMP,2026-06-03T17:42:56.835Z,,,,,,,,,,,,
20260603,C0032,2026-06-03T17:39:20.186841,O00178,Completed,2026-06-03T19:54:53.421Z,Cash,orders_S005_20260603.json,ST011,S005,S005_O00178,FUTURE_TIMESTAMP,2026-06-03T17:42:56.835Z,,,,,,,,,,,,
20260603,C0457,2026-06-03T17:39:20.186841,O00179,Completed,2026-06-03T18:26:42.421Z,Cash,orders_S005_20260603.json,ST001,S005,S005_O00179,FUTURE_TIMESTAMP,2026-06-03T17:42:56.835Z,,,,,,,,,,,,
20260603,C0126,2026-06-03T17:39:20.186841,O00180,Completed,2027-06-03T21:19:26.421Z,UPI,orders_S005_20260603.json,ST009,S005,S005_O00180,FUTURE_TIMESTAMP,2026-06-03T17:42:56.835Z,,,,,,,,,,,,
20260603,C0594,2026-06-03T17:39:20.186841,O00181,Completed,2026-06-03T18:49:19.421Z,UPI,orders_S005_20260603.json,ST001,S005,S005_O00181,FUTURE_TIMESTAMP,2026-06-03T17:42:56.835Z,,,,,,,,,,,,
20260603,C0529,2026-06-03T17:39:20.186841,O00182,Completed,2026-06-03T18:27:50.421Z,Cash,orders_S005_20260603.json,ST011,S005,S005_O00182,FUTURE_TIMESTAMP,2026-06-03T17:42:56.835Z,,,,,,,,,,,,
20260603,C0358,2026-06-03T17:39:20.186841,O00183,Completed,2026-06-03T19:53:33.421Z,UPI,orders_S005_20260603.json,ST008,S005,S005_O00183,FUTURE_TIMESTAMP,2026-06-03T17:42:56.835Z,,,,,,,,,,,,
20260603,C0230,2026-06-03T17:39:20.186841,O00184,Completed,2026-06-03T19:45:03.421Z,Cash,orders_S005_20260603.json,ST009,S005,S005_O00184,FUTURE_TIMESTAMP,2026-06-03T17:42:56.835Z,,,,,,,,,,,,
20260603,C0101,2026-06-03T17:39:20.186841,O00185,Completed,2026-06-03T19:12:38.421Z,UPI,orders_S005_20260603.json,ST007,S005,S005_O00185,FUTURE_TIMESTAMP,2026-06-03T17:42:56.835Z,,,,,,,,,,,,
20260603,C0030,2026-06-03T17:39:20.186841,O00186,Completed,2026-06-03T20:13:30.421Z,Crypto,orders_S005_20260603.json,ST005,S005,S005_O00186,INVALID_PAYMENT_MODE: Crypto,2026-06-03T17:42:56.835Z,,,,,,,,,,,,
20260603,C0392,2026-06-03T17:39:20.186841,O00187,Completed,2026-06-03T20:23:56.421Z,UPI,orders_S005_20260603.json,ST014,S005,S005_O00187,FUTURE_TIMESTAMP,2026-06-03T17:42:56.835Z,,,,,,,,,,,,
20260603,C0184,2026-06-03T17:39:20.186841,O00188,Completed,2026-06-03T19:25:04.421Z,UPI,orders_S005_20260603.json,ST005,S005,S005_O00188,FUTURE_TIMESTAMP,2026-06-03T17:42:56.835Z,,,,,,,,,,,,
20260603,C0375,2026-06-03T17:39:20.186841,O00189,Completed,2026-06-03T18:07:45.421Z,Cash,orders_S005_20260603.json,ST007,S005,S005_O00189,FUTURE_TIMESTAMP,2026-06-03T17:42:56.835Z,,,,,,,,,,,,
20260603,,2026-06-03T17:39:20.186841,O00190,Completed,2026-06-03T18:34:44.421Z,UPI,orders_S005_20260603.json,ST012,S005,S005_O00190,MISSING_CUSTOMER_ID,2026-06-03T17:42:56.835Z,,,,,,,,,,,,
20260603,C0578,2026-06-03T17:39:20.186841,O00191,Completed,2026-06-03T21:23:49.421Z,Cash,orders_S005_20260603.json,ST001,S005,S005_O00191,FUTURE_TIMESTAMP,2026-06-03T17:42:56.835Z,,,,,,,,,,,,
20260603,C0073,2026-06-03T17:39:20.186841,O00192,Completed,2026-06-03T18:33:55.421Z,UPI,orders_S005_20260603.json,ST013,S005,S005_O00192,FUTURE_TIMESTAMP,2026-06-03T17:42:56.835Z,,,,,,,,,,,,
20260603,C0074,2026-06-03T17:39:20.186841,O00193,Completed,2026-06-03T20:18:03.421Z,Cash,orders_S005_20260603.json,ST014,S005,S005_O00193,FUTURE_TIMESTAMP,2026-06-03T17:42:56.835Z,,,,,,,,,,,,
20260603,C0024,2026-06-03T17:39:20.186841,O00194,Completed,2026-06-03T19:42:12.421Z,UPI,orders_S005_20260603.json,ST004,S005,S005_O00194,FUTURE_TIMESTAMP,2026-06-03T17:42:56.835Z,,,,,,,,,,,,
20260603,C0068,2026-06-03T17:39:20.186841,O00195,Completed,2026-06-03T19:33:08.421Z,Cash,orders_S005_20260603.json,ST007,S005,S005_O00195,FUTURE_TIMESTAMP,2026-06-03T17:42:56.835Z,,,,,,,,,,,,
20260603,C0082,2026-06-03T17:39:20.186841,O00196,Completed,2026-06-03T18:02:53.421Z,UPI,orders_S005_20260603.json,ST005,S005,S005_O00196,FUTURE_TIMESTAMP,2026-06-03T17:42:56.835Z,,,,,,,,,,,,
20260603,C0337,2026-06-03T17:39:20.186841,O00197,Completed,2026-06-03T17:56:35.421Z,Card,orders_S005_20260603.json,ST013,S005,S005_O00197,FUTURE_TIMESTAMP,2026-06-03T17:42:56.835Z,,,,,,,,,,,,
20260603,C0050,2026-06-03T17:39:20.186841,O00198,Completed,2026-06-03T18:21:39.421Z,Cash,orders_S005_20260603.json,ST012,S005,S005_O00198,FUTURE_TIMESTAMP,2026-06-03T17:42:56.835Z,,,,,,,,,,,,
20260603,C0007,2026-06-03T17:39:20.186841,O00199,Completed,2026-06-03T19:49:07.421Z,Cash,orders_S005_20260603.json,ST006,S005,S005_O00199,FUTURE_TIMESTAMP,2026-06-03T17:42:56.835Z,,,,,,,,,,,,
20260603,C0248,2026-06-03T17:39:20.186841,O00200,Completed,2026-06-03T20:49:15.421Z,Cash,orders_S005_20260603.json,ST014,S005,S005_O00200,FUTURE_TIMESTAMP,2026-06-03T17:42:56.835Z,,,,,,,,,,,,
20260603,C0144,2026-06-03T17:39:20.186841,O00202,Completed,2026-06-03T20:50:35.421Z,UPI,orders_S005_20260603.json,ST003,S005,S005_O00202,FUTURE_TIMESTAMP,2026-06-03T17:42:56.835Z,,,,,,,,,,,,
20260603,C0515,2026-06-03T17:39:20.186841,O00205,Completed,2026-06-03T21:03:33.421Z,Cash,orders_S005_20260603.json,ST008,S005,S005_O00205,FUTURE_TIMESTAMP,2026-06-03T17:42:56.835Z,,,,,,,,,,,,
20260603,C0518,2026-06-03T17:39:20.186841,O00208,Completed,2026-06-03T21:48:33.421Z,UPI,orders_S005_20260603.json,ST012,S005,S005_O00208,FUTURE_TIMESTAMP,2026-06-03T17:42:56.835Z,,,,,,,,,,,,
20260603,C0070,2026-06-03T17:39:20.186841,O00210,Completed,2026-06-03T20:31:18.421Z,Cash,orders_S005_20260603.json,ST001,S005,S005_O00210,FUTURE_TIMESTAMP,2026-06-03T17:42:56.835Z,,,,,,,,,,,,
20260603,C0627,2026-06-03T17:39:20.186841,O00212,Completed,2026-06-03T20:26:15.421Z,Cash,orders_S005_20260603.json,ST008,S005,S005_O00212,FUTURE_TIMESTAMP,2026-06-03T17:42:56.835Z,,,,,,,,,,,,
20260603,C0513,2026-06-03T17:39:20.186841,O00213,Completed,2027-06-03T13:55:02.421Z,UPI,orders_S005_20260603.json,ST014,S005,S005_O00213,FUTURE_TIMESTAMP,2026-06-03T17:42:56.835Z,,,,,,,,,,,,
20260603,C0143,2026-06-03T17:39:20.186841,O00215,Completed,2026-06-03T20:26:42.421Z,UPI,orders_S005_20260603.json,ST013,S005,S005_O00215,FUTURE_TIMESTAMP,2026-06-03T17:42:56.835Z,,,,,,,,,,,,
20260603,C0125,2026-06-03T17:39:20.186841,O00216,Completed,2026-06-03T20:35:58.421Z,Card,orders_S005_20260603.json,ST013,S005,S005_O00216,FUTURE_TIMESTAMP,2026-06-03T17:42:56.835Z,,,,,,,,,,,,
20260603,C0214,2026-06-03T17:39:20.186841,O00217,Completed,2026-06-03T20:11:31.421Z,UPI,orders_S005_20260603.json,ST008,S005,S005_O00217,FUTURE_TIMESTAMP,2026-06-03T17:42:56.835Z,,,,,,,,,,,,
20260603,C0038,2026-06-03T17:39:20.186841,O00218,Completed,2026-06-03T17:55:35.421Z,UPI,orders_S005_20260603.json,ST014,S005,S005_O00218,FUTURE_TIMESTAMP,2026-06-03T17:42:56.835Z,,,,,,,,,,,,
20260603,C0060,2026-06-03T17:39:20.186841,O00220,Completed,2026-06-03T18:36:20.421Z,UPI,orders_S005_20260603.json,ST011,S005,S005_O00220,FUTURE_TIMESTAMP,2026-06-03T17:42:56.835Z,,,,,,,,,,,,
20260603,C0410,2026-06-03T17:39:20.186841,O00221,Completed,2026-06-03T20:51:50.421Z,Cash,orders_S005_20260603.json,ST014,S005,S005_O00221,FUTURE_TIMESTAMP,2026-06-03T17:42:56.835Z,,,,,,,,,,,,
20260603,C0359,2026-06-03T17:39:20.186841,O00224,Completed,2026-06-03T20:15:18.421Z,Card,orders_S005_20260603.json,ST011,S005,S005_O00224,FUTURE_TIMESTAMP,2026-06-03T17:42:56.835Z,,,,,,,,,,,,
20260603,C0001,2026-06-03T17:39:20.186841,O00225,Completed,2026-06-03T18:14:48.421Z,UPI,orders_S005_20260603.json,ST013,S005,S005_O00225,FUTURE_TIMESTAMP,2026-06-03T17:42:56.835Z,,,,,,,,,,,,
20260603,C0040,2026-06-03T17:39:20.186841,O00226,Completed,2026-06-03T20:08:37.421Z,Cash,orders_S005_20260603.json,ST009,S005,S005_O00226,FUTURE_TIMESTAMP,2026-06-03T17:42:56.835Z,,,,,,,,,,,,
20260603,C0268,2026-06-03T17:39:20.186841,O00227,Completed,2026-06-03T21:50:09.421Z,Cash,orders_S005_20260603.json,ST013,S005,S005_O00227,FUTURE_TIMESTAMP,2026-06-03T17:42:56.835Z,,,,,,,,,,,,
20260603,C0088,2026-06-03T17:39:20.186841,O00228,Completed,2026-06-03T21:08:02.421Z,Cash,orders_S005_20260603.json,ST009,S005,S005_O00228,FUTURE_TIMESTAMP,2026-06-03T17:42:56.835Z,,,,,,,,,,,,
20260603,C0327,2026-06-03T17:39:20.186841,O00229,Completed,2026-06-03T18:00:06.421Z,UPI,orders_S005_20260603.json,ST007,S005,S005_O00229,FUTURE_TIMESTAMP,2026-06-03T17:42:56.835Z,,,,,,,,,,,,
20260603,C0504,2026-06-03T17:39:20.186841,O00232,Completed,2026-06-03T19:42:03.421Z,Cash,orders_S005_20260603.json,ST011,S005,S005_O00232,FUTURE_TIMESTAMP,2026-06-03T17:42:56.835Z,,,,,,,,,,,,
20260603,C0454,2026-06-03T17:39:20.186841,O00233,Completed,2026-06-03T18:08:00.421Z,UPI,orders_S005_20260603.json,ST012,S005,S005_O00233,FUTURE_TIMESTAMP,2026-06-03T17:42:56.835Z,,,,,,,,,,,,
20260603,C0016,2026-06-03T17:39:20.186841,O00236,Completed,2026-06-03T17:43:25.421Z,UPI,orders_S005_20260603.json,ST013,S005,S005_O00236,FUTURE_TIMESTAMP,2026-06-03T17:42:56.835Z,,,,,,,,,,,,
20260603,C0510,2026-06-03T17:39:20.186841,O00238,Completed,2026-06-03T18:44:38.421Z,Card,orders_S005_20260603.json,ST014,S005,S005_O00238,FUTURE_TIMESTAMP,2026-06-03T17:42:56.835Z,,,,,,,,,,,,
20260603,C0061,2026-06-03T17:39:20.186841,O00240,Completed,2026-06-03T20:42:26.421Z,UPI,orders_S005_20260603.json,ST013,S005,S005_O00240,FUTURE_TIMESTAMP,2026-06-03T17:42:56.835Z,,,,,,,,,,,,
20260603,C0511,2026-06-03T17:39:20.186841,O00241,Completed,2026-06-03T19:19:28.421Z,UPI,orders_S005_20260603.json,ST011,S005,S005_O00241,FUTURE_TIMESTAMP,2026-06-03T17:42:56.835Z,,,,,,,,,,,,
20260603,C0445,2026-06-03T17:39:20.186841,O00242,Completed,2026-06-03T18:38:07.421Z,UPI,orders_S005_20260603.json,ST005,S005,S005_O00242,FUTURE_TIMESTAMP,2026-06-03T17:42:56.835Z,,,,,,,,,,,,
20260603,C0098,2026-06-03T17:39:20.186841,O00243,Completed,2026-06-03T20:22:13.421Z,Cash,orders_S005_20260603.json,ST011,S005,S005_O00243,FUTURE_TIMESTAMP,2026-06-03T17:42:56.835Z,,,,,,,,,,,,
20260603,C0240,2026-06-03T17:39:20.186841,O00244,Completed,2026-06-03T18:21:22.421Z,Cash,orders_S005_20260603.json,ST011,S005,S005_O00244,FUTURE_TIMESTAMP,2026-06-03T17:42:56.835Z,,,,,,,,,,,,
20260603,C0599,2026-06-03T17:39:20.186841,O00246,Completed,2026-06-03T21:54:09.421Z,UPI,orders_S005_20260603.json,ST002,S005,S005_O00246,FUTURE_TIMESTAMP,2026-06-03T17:42:56.835Z,,,,,,,,,,,,
20260603,C0008,2026-06-03T17:39:20.186841,O00247,Completed,2026-06-03T21:45:33.421Z,UPI,orders_S005_20260603.json,ST003,S005,S005_O00247,FUTURE_TIMESTAMP,2026-06-03T17:42:56.835Z,,,,,,,,,,,,
20260603,C0605,2026-06-03T17:39:20.186841,O00248,Completed,2026-06-03T18:11:05.421Z,UPI,orders_S005_20260603.json,ST001,S005,S005_O00248,FUTURE_TIMESTAMP,2026-06-03T17:42:56.835Z,,,,,,,,,,,,
20260603,C0376,2026-06-03T17:39:20.186841,O00249,Completed,2026-06-03T18:28:18.421Z,Card,orders_S005_20260603.json,ST002,S005,S005_O00249,FUTURE_TIMESTAMP,2026-06-03T17:42:56.835Z,,,,,,,,,,,,
20260603,C0054,2026-06-03T17:39:20.186841,O00251,Completed,2026-06-03T21:43:39.421Z,UPI,orders_S005_20260603.json,ST007,S005,S005_O00251,FUTURE_TIMESTAMP,2026-06-03T17:42:56.835Z,,,,,,,,,,,,
20260603,C0560,2026-06-03T17:39:20.186841,O00252,Completed,2026-06-03T20:36:09.421Z,UPI,orders_S005_20260603.json,ST015,S005,S005_O00252,FUTURE_TIMESTAMP,2026-06-03T17:42:56.835Z,,,,,,,,,,,,
20260603,C0337,2026-06-03T17:39:20.186841,O00255,Completed,2026-06-03T19:34:27.421Z,Cash,orders_S005_20260603.json,ST014,S005,S005_O00255,FUTURE_TIMESTAMP,2026-06-03T17:42:56.835Z,,,,,,,,,,,,
20260603,C0428,2026-06-03T17:39:20.186841,O00256,Completed,2026-06-03T18:24:40.421Z,UPI,orders_S005_20260603.json,ST002,S005,S005_O00256,FUTURE_TIMESTAMP,2026-06-03T17:42:56.835Z,,,,,,,,,,,,
20260603,C0213,2026-06-03T17:39:20.186841,O00259,Completed,2026-06-03T18:48:55.421Z,UPI,orders_S005_20260603.json,ST001,S005,S005_O00259,FUTURE_TIMESTAMP,2026-06-03T17:42:56.835Z,,,,,,,,,,,,
20260603,C0089,2026-06-03T17:39:20.186841,O00260,Completed,2026-06-03T20:37:56.421Z,UPI,orders_S005_20260603.json,ST008,S005,S005_O00260,FUTURE_TIMESTAMP,2026-06-03T17:42:56.835Z,,,,,,,,,,,,
20260603,C0221,2026-06-03T17:39:20.186841,O00262,Completed,2026-06-03T20:07:33.421Z,Cash,orders_S005_20260603.json,ST003,S005,S005_O00262,FUTURE_TIMESTAMP,2026-06-03T17:42:56.835Z,,,,,,,,,,,,
20260603,C0052,2026-06-03T17:39:20.186841,O00263,Completed,2026-06-03T20:02:06.421Z,UPI,orders_S005_20260603.json,ST008,S005,S005_O00263,FUTURE_TIMESTAMP,2026-06-03T17:42:56.835Z,,,,,,,,,,,,
20260603,C0003,2026-06-03T17:39:20.186841,O00265,Completed,2026-06-03T19:14:17.421Z,Card,orders_S005_20260603.json,ST003,S005,S005_O00265,FUTURE_TIMESTAMP,2026-06-03T17:42:56.835Z,,,,,,,,,,,,
20260603,C0210,2026-06-03T17:39:20.186841,O00269,Completed,2026-06-03T20:20:15.421Z,UPI,orders_S005_20260603.json,ST014,S005,S005_O00269,FUTURE_TIMESTAMP,2026-06-03T17:42:56.835Z,,,,,,,,,,,,
20260603,C0498,2026-06-03T17:39:20.186841,O00272,Completed,2026-06-03T19:26:38.421Z,UPI,orders_S005_20260603.json,ST006,S005,S005_O00272,FUTURE_TIMESTAMP,2026-06-03T17:42:56.835Z,,,,,,,,,,,,
20260603,,2026-06-03T17:39:20.186841,O00273,Completed,2026-06-03T16:12:15.421Z,UPI,orders_S005_20260603.json,ST002,S005,S005_O00273,MISSING_CUSTOMER_ID,2026-06-03T17:42:56.835Z,,,,,,,,,,,,
20260603,C0465,2026-06-03T17:39:20.186841,O00274,Completed,2026-06-03T19:49:04.421Z,UPI,orders_S005_20260603.json,ST004,S005,S005_O00274,FUTURE_TIMESTAMP,2026-06-03T17:42:56.835Z,,,,,,,,,,,,
20260603,C0108,2026-06-03T17:39:20.186841,O00275,Completed,2026-06-03T21:31:53.421Z,Cash,orders_S005_20260603.json,ST002,S005,S005_O00275,FUTURE_TIMESTAMP,2026-06-03T17:42:56.835Z,,,,,,,,,,,,
20260603,C0003,2026-06-03T17:39:20.186841,O00276,Completed,2026-06-03T19:30:02.421Z,UPI,orders_S005_20260603.json,ST007,S005,S005_O00276,FUTURE_TIMESTAMP,2026-06-03T17:42:56.835Z,,,,,,,,,,,,
20260603,C0069,2026-06-03T17:39:20.186841,O00277,Completed,2026-06-03T19:43:20.421Z,Cash,orders_S005_20260603.json,ST003,S005,S005_O00277,FUTURE_TIMESTAMP,2026-06-03T17:42:56.835Z,,,,,,,,,,,,
20260603,C0346,2026-06-03T17:39:20.186841,O00279,Completed,2026-06-03T20:08:42.421Z,UPI,orders_S005_20260603.json,ST003,S005,S005_O00279,FUTURE_TIMESTAMP,2026-06-03T17:42:56.835Z,,,,,,,,,,,,
20260603,C0419,2026-06-03T17:39:20.186841,O00280,Completed,2026-06-03T19:53:54.421Z,Card,orders_S005_20260603.json,ST002,S005,S005_O00280,FUTURE_TIMESTAMP,2026-06-03T17:42:56.835Z,,,,,,,,,,,,
20260603,C0343,2026-06-03T17:39:20.186841,O00282,Completed,2026-06-03T19:41:19.421Z,Cash,orders_S005_20260603.json,ST006,S005,S005_O00282,FUTURE_TIMESTAMP,2026-06-03T17:42:56.835Z,,,,,,,,,,,,
20260603,C0634,2026-06-03T17:39:20.186841,O00283,Completed,2026-06-03T19:06:14.421Z,Cash,orders_S005_20260603.json,ST014,S005,S005_O00283,FUTURE_TIMESTAMP,2026-06-03T17:42:56.835Z,,,,,,,,,,,,
20260603,C0243,2026-06-03T17:39:20.186841,O00284,Completed,2026-06-03T19:56:30.421Z,UPI,orders_S005_20260603.json,ST009,S005,S005_O00284,FUTURE_TIMESTAMP,2026-06-03T17:42:56.835Z,,,,,,,,,,,,
20260603,C0331,2026-06-03T17:39:20.186841,O00285,Completed,2026-06-03T20:50:23.421Z,UPI,orders_S005_20260603.json,ST002,S005,S005_O00285,FUTURE_TIMESTAMP,2026-06-03T17:42:56.835Z,,,,,,,,,,,,
20260603,C0404,2026-06-03T17:39:20.186841,O00286,Completed,2026-06-03T19:46:21.421Z,UPI,orders_S005_20260603.json,ST002,S005,S005_O00286,FUTURE_TIMESTAMP,2026-06-03T17:42:56.835Z,,,,,,,,,,,,
20260603,C0055,2026-06-03T17:39:20.186841,O00289,Completed,2026-06-03T17:57:53.421Z,UPI,orders_S005_20260603.json,ST011,S005,S005_O00289,FUTURE_TIMESTAMP,2026-06-03T17:42:56.835Z,,,,,,,,,,,,
20260603,C0187,2026-06-03T17:39:20.186841,O00290,Completed,2026-06-03T20:09:21.421Z,Card,orders_S005_20260603.json,ST002,S005,S005_O00290,FUTURE_TIMESTAMP,2026-06-03T17:42:56.835Z,,,,,,,,,,,,
20260603,C0040,2026-06-03T17:39:20.186841,O00291,Completed,2026-06-03T17:53:45.421Z,Card,orders_S005_20260603.json,ST012,S005,S005_O00291,FUTURE_TIMESTAMP,2026-06-03T17:42:56.835Z,,,,,,,,,,,,
20260603,C0131,2026-06-03T17:39:20.186841,O00292,Completed,2026-06-03T20:28:18.421Z,UPI,orders_S005_20260603.json,ST008,S005,S005_O00292,FUTURE_TIMESTAMP,2026-06-03T17:42:56.835Z,,,,,,,,,,,,
20260603,C0303,2026-06-03T17:39:20.186841,O00293,Completed,2026-06-03T18:07:15.421Z,UPI,orders_S005_20260603.json,ST010,S005,S005_O00293,FUTURE_TIMESTAMP,2026-06-03T17:42:56.835Z,,,,,,,,,,,,
20260603,C0073,2026-06-03T17:39:20.186841,O00296,Completed,2026-06-03T21:42:35.421Z,Cash,orders_S005_20260603.json,ST011,S005,S005_O00296,FUTURE_TIMESTAMP,2026-06-03T17:42:56.835Z,,,,,,,,,,,,
20260603,C0044,2026-06-03T17:39:20.186841,O00297,Completed,2026-06-03T18:06:46.421Z,Cash,orders_S005_20260603.json,ST011,S005,S005_O00297,FUTURE_TIMESTAMP,2026-06-03T17:42:56.835Z,,,,,,,,,,,,
20260603,C0116,2026-06-03T17:39:20.186841,O00299,Completed,2026-06-03T19:02:26.421Z,UPI,orders_S005_20260603.json,ST012,S005,S005_O00299,FUTURE_TIMESTAMP,2026-06-03T17:42:56.835Z,,,,,,,,,,,,
20260603,C0555,2026-06-03T17:39:20.186841,O00301,Completed,2026-06-03T20:41:08.421Z,Card,orders_S005_20260603.json,ST009,S005,S005_O00301,FUTURE_TIMESTAMP,2026-06-03T17:42:56.835Z,,,,,,,,,,,,
20260603,C0584,2026-06-03T17:39:20.186841,O00302,Completed,2026-06-03T20:22:47.421Z,Card,orders_S005_20260603.json,ST011,S005,S005_O00302,FUTURE_TIMESTAMP,2026-06-03T17:42:56.835Z,,,,,,,,,,,,
20260603,C0073,2026-06-03T17:39:20.186841,O00303,Completed,2026-06-03T20:27:43.421Z,Card,orders_S005_20260603.json,ST004,S005,S005_O00303,FUTURE_TIMESTAMP,2026-06-03T17:42:56.835Z,,,,,,,,,,,,
20260603,C0059,2026-06-03T17:39:20.186841,O00306,Completed,2026-06-03T19:34:44.421Z,Cash,orders_S005_20260603.json,ST009,S005,S005_O00306,FUTURE_TIMESTAMP,2026-06-03T17:42:56.835Z,,,,,,,,,,,,
20260603,C0043,2026-06-03T17:39:20.186841,O00307,Completed,2026-06-03T21:35:23.421Z,UPI,orders_S005_20260603.json,ST006,S005,S005_O00307,FUTURE_TIMESTAMP,2026-06-03T17:42:56.835Z,,,,,,,,,,,,
20260603,C0234,2026-06-03T17:39:20.186841,O00309,Completed,2026-06-03T21:41:14.421Z,Cash,orders_S005_20260603.json,ST006,S005,S005_O00309,FUTURE_TIMESTAMP,2026-06-03T17:42:56.835Z,,,,,,,,,,,,
20260603,C0015,2026-06-03T17:39:20.186841,O00310,Completed,2026-06-03T21:45:48.421Z,Cash,orders_S005_20260603.json,ST005,S005,S005_O00310,FUTURE_TIMESTAMP,2026-06-03T17:42:56.835Z,,,,,,,,,,,,
20260603,C0103,2026-06-03T17:39:20.186841,O00311,Completed,2026-06-03T21:39:12.421Z,Card,orders_S005_20260603.json,ST003,S005,S005_O00311,FUTURE_TIMESTAMP,2026-06-03T17:42:56.835Z,,,,,,,,,,,,
20260603,C0532,2026-06-03T17:39:20.186841,O00313,Completed,2026-06-03T19:24:07.421Z,UPI,orders_S005_20260603.json,ST002,S005,S005_O00313,FUTURE_TIMESTAMP,2026-06-03T17:42:56.835Z,,,,,,,,,,,,
20260603,C0043,2026-06-03T17:39:20.186841,O00314,Completed,2026-06-03T19:35:59.421Z,Cash,orders_S005_20260603.json,ST006,S005,S005_O00314,FUTURE_TIMESTAMP,2026-06-03T17:42:56.835Z,,,,,,,,,,,,
20260603,C0569,2026-06-03T17:39:20.186841,O00315,Completed,2026-06-03T20:57:02.421Z,UPI,orders_S005_20260603.json,ST007,S005,S005_O00315,FUTURE_TIMESTAMP,2026-06-03T17:42:56.835Z,,,,,,,,,,,,
20260603,C0318,2026-06-03T17:39:20.186841,O00316,Completed,2026-06-03T19:05:12.421Z,Cash,orders_S005_20260603.json,ST008,S005,S005_O00316,FUTURE_TIMESTAMP,2026-06-03T17:42:56.835Z,,,,,,,,,,,,
20260603,C0207,2026-06-03T17:39:20.186841,O00317,Completed,2026-06-03T18:43:29.421Z,Cash,orders_S005_20260603.json,ST011,S005,S005_O00317,FUTURE_TIMESTAMP,2026-06-03T17:42:56.835Z,,,,,,,,,,,,
20260603,C0062,2026-06-03T17:39:20.186841,O00318,Completed,2026-06-03T19:55:00.421Z,UPI,orders_S005_20260603.json,ST013,S005,S005_O00318,FUTURE_TIMESTAMP,2026-06-03T17:42:56.835Z,,,,,,,,,,,,
20260603,C0218,2026-06-03T17:39:20.186841,O00319,Completed,2026-06-03T21:22:49.421Z,UPI,orders_S005_20260603.json,ST014,S005,S005_O00319,FUTURE_TIMESTAMP,2026-06-03T17:42:56.835Z,,,,,,,,,,,,
20260603,C0010,2026-06-03T17:39:20.186841,O00320,Completed,2026-06-03T18:03:29.421Z,Cash,orders_S005_20260603.json,ST014,S005,S005_O00320,FUTURE_TIMESTAMP,2026-06-03T17:42:56.835Z,,,,,,,,,,,,
20260603,C0026,2026-06-03T17:39:20.186841,O00321,Completed,2026-06-03T20:38:53.421Z,UPI,orders_S005_20260603.json,ST008,S005,S005_O00321,FUTURE_TIMESTAMP,2026-06-03T17:42:56.835Z,,,,,,,,,,,,
20260603,C0200,2026-06-03T17:39:20.186841,O00323,Completed,2026-06-03T18:20:57.421Z,UPI,orders_S005_20260603.json,ST011,S005,S005_O00323,FUTURE_TIMESTAMP,2026-06-03T17:42:56.835Z,,,,,,,,,,,,
20260603,C0056,2026-06-03T17:39:20.186841,O00325,Completed,2026-06-03T17:54:48.421Z,Cash,orders_S005_20260603.json,ST003,S005,S005_O00325,FUTURE_TIMESTAMP,2026-06-03T17:42:56.835Z,,,,,,,,,,,,
20260603,C0365,2026-06-03T17:39:20.186841,O00327,Completed,2026-06-03T20:18:17.421Z,Cash,orders_S005_20260603.json,ST006,S005,S005_O00327,FUTURE_TIMESTAMP,2026-06-03T17:42:56.835Z,,,,,,,,,,,,
20260603,C0102,2026-06-03T17:39:20.186841,O00330,Completed,2026-06-03T21:59:08.421Z,Cash,orders_S005_20260603.json,ST010,S005,S005_O00330,FUTURE_TIMESTAMP,2026-06-03T17:42:56.835Z,,,,,,,,,,,,
20260603,C0362,2026-06-03T17:39:20.186841,O00331,Completed,2026-06-03T20:57:33.421Z,Card,orders_S005_20260603.json,ST014,S005,S005_O00331,FUTURE_TIMESTAMP,2026-06-03T17:42:56.835Z,,,,,,,,,,,,
20260603,C0430,2026-06-03T17:39:20.186841,O00332,Completed,2026-06-03T20:44:37.421Z,Cash,orders_S005_20260603.json,ST007,S005,S005_O00332,FUTURE_TIMESTAMP,2026-06-03T17:42:56.835Z,,,,,,,,,,,,
20260603,C0567,2026-06-03T17:39:20.186841,O00334,Completed,2026-06-03T19:26:35.421Z,Cash,orders_S005_20260603.json,ST007,S005,S005_O00334,FUTURE_TIMESTAMP,2026-06-03T17:42:56.835Z,,,,,,,,,,,,
20260603,C0404,2026-06-03T17:39:20.186841,O00335,Completed,2026-06-03T20:32:01.421Z,UPI,orders_S005_20260603.json,ST007,S005,S005_O00335,FUTURE_TIMESTAMP,2026-06-03T17:42:56.835Z,,,,,,,,,,,,
20260603,C0426,2026-06-03T17:39:20.186841,O00336,Completed,2026-06-03T19:28:40.421Z,UPI,orders_S005_20260603.json,ST004,S005,S005_O00336,FUTURE_TIMESTAMP,2026-06-03T17:42:56.835Z,,,,,,,,,,,,
20260603,C0252,2026-06-03T17:39:20.186841,O00337,Completed,2026-06-03T18:20:50.421Z,Card,orders_S005_20260603.json,ST005,S005,S005_O00337,FUTURE_TIMESTAMP,2026-06-03T17:42:56.835Z,,,,,,,,,,,,
20260603,C0269,2026-06-03T17:39:20.186841,O00338,Completed,2026-06-03T18:43:10.421Z,Card,orders_S005_20260603.json,ST014,S005,S005_O00338,FUTURE_TIMESTAMP,2026-06-03T17:42:56.835Z,,,,,,,,,,,,
20260603,C0337,2026-06-03T17:39:20.186841,O00339,Completed,2026-06-03T21:07:29.421Z,Card,orders_S005_20260603.json,ST002,S005,S005_O00339,FUTURE_TIMESTAMP,2026-06-03T17:42:56.835Z,,,,,,,,,,,,
20260603,C0597,2026-06-03T17:39:20.186841,O00340,Completed,2026-06-03T20:41:36.421Z,Card,orders_S005_20260603.json,ST010,S005,S005_O00340,FUTURE_TIMESTAMP,2026-06-03T17:42:56.835Z,,,,,,,,,,,,
20260603,C0103,2026-06-03T17:39:20.186841,O00344,Completed,2026-06-03T20:30:26.421Z,Cash,orders_S005_20260603.json,ST011,S005,S005_O00344,FUTURE_TIMESTAMP,2026-06-03T17:42:56.835Z,,,,,,,,,,,,
20260603,C0347,2026-06-03T17:39:20.186841,O00346,Completed,2026-06-03T18:19:29.421Z,UPI,orders_S005_20260603.json,ST001,S005,S005_O00346,FUTURE_TIMESTAMP,2026-06-03T17:42:56.835Z,,,,,,,,,,,,
20260603,C0012,2026-06-03T17:39:20.186841,O00347,Completed,2026-06-03T18:48:38.421Z,UPI,orders_S005_20260603.json,ST014,S005,S005_O00347,FUTURE_TIMESTAMP,2026-06-03T17:42:56.835Z,,,,,,,,,,,,
20260603,,2026-06-03T17:39:20.186841,O00351,Completed,2026-06-03T18:31:39.421Z,Cash,orders_S005_20260603.json,ST007,S005,S005_O00351,MISSING_CUSTOMER_ID,2026-06-03T17:42:56.835Z,,,,,,,,,,,,
20260603,C0218,2026-06-03T17:39:20.186841,O00354,Completed,2026-06-03T17:11:32.421Z,Crypto,orders_S005_20260603.json,ST001,S005,S005_O00354,INVALID_PAYMENT_MODE: Crypto,2026-06-03T17:42:56.835Z,,,,,,,,,,,,
20260603,C0217,2026-06-03T17:39:20.186841,O00355,Completed,2026-06-03T17:58:58.421Z,Cash,orders_S005_20260603.json,ST011,S005,S005_O00355,FUTURE_TIMESTAMP,2026-06-03T17:42:56.835Z,,,,,,,,,,,,
20260603,C0023,2026-06-03T17:39:20.186841,O00356,Completed,2026-06-03T20:19:33.421Z,Cash,orders_S005_20260603.json,ST011,S005,S005_O00356,FUTURE_TIMESTAMP,2026-06-03T17:42:56.835Z,,,,,,,,,,,,
20260603,C0051,2026-06-03T17:39:20.186841,O00357,Completed,2026-06-03T19:43:31.421Z,Card,orders_S005_20260603.json,ST010,S005,S005_O00357,FUTURE_TIMESTAMP,2026-06-03T17:42:56.835Z,,,,,,,,,,,,
20260603,C0487,2026-06-03T17:39:20.186841,O00358,Completed,2026-06-03T20:59:46.421Z,Cash,orders_S005_20260603.json,ST011,S005,S005_O00358,FUTURE_TIMESTAMP,2026-06-03T17:42:56.835Z,,,,,,,,,,,,
20260603,C0007,2026-06-03T17:39:20.186841,O00360,Completed,2026-06-03T21:11:54.421Z,UPI,orders_S005_20260603.json,ST008,S005,S005_O00360,FUTURE_TIMESTAMP,2026-06-03T17:42:56.835Z,,,,,,,,,,,,
20260603,C0112,2026-06-03T17:39:20.186841,O00361,Completed,2026-06-03T18:01:58.421Z,UPI,orders_S005_20260603.json,ST007,S005,S005_O00361,FUTURE_TIMESTAMP,2026-06-03T17:42:56.835Z,,,,,,,,,,,,
20260603,,2026-06-03T17:39:20.186841,O00362,Completed,2026-06-03T19:47:43.421Z,Card,orders_S005_20260603.json,ST008,S005,S005_O00362,MISSING_CUSTOMER_ID,2026-06-03T17:42:56.835Z,,,,,,,,,,,,
20260603,C0361,2026-06-03T17:39:20.186841,O00365,Completed,2026-06-03T19:29:17.421Z,Card,orders_S005_20260603.json,ST010,S005,S005_O00365,FUTURE_TIMESTAMP,2026-06-03T17:42:56.835Z,,,,,,,,,,,,
20260603,C0297,2026-06-03T17:39:20.186841,O00366,Completed,2026-06-03T18:56:45.421Z,UPI,orders_S005_20260603.json,ST013,S005,S005_O00366,FUTURE_TIMESTAMP,2026-06-03T17:42:56.835Z,,,,,,,,,,,,
20260603,C0099,2026-06-03T17:39:20.186841,O00367,Completed,2026-06-03T19:36:31.421Z,Cash,orders_S005_20260603.json,ST011,S005,S005_O00367,FUTURE_TIMESTAMP,2026-06-03T17:42:56.835Z,,,,,,,,,,,,
20260603,C0064,2026-06-03T17:39:20.186841,O00369,Completed,2026-06-03T19:45:10.421Z,Cash,orders_S005_20260603.json,ST010,S005,S005_O00369,FUTURE_TIMESTAMP,2026-06-03T17:42:56.835Z,,,,,,,,,,,,
20260603,C0203,2026-06-03T17:39:20.186841,O00371,Completed,2026-06-03T20:15:19.421Z,UPI,orders_S005_20260603.json,ST007,S005,S005_O00371,FUTURE_TIMESTAMP,2026-06-03T17:42:56.835Z,,,,,,,,,,,,
20260603,C0036,2026-06-03T17:39:20.186841,O00373,Completed,2026-06-03T20:49:33.421Z,Card,orders_S005_20260603.json,ST004,S005,S005_O00373,FUTURE_TIMESTAMP,2026-06-03T17:42:56.835Z,,,,,,,,,,,,
20260603,C0421,2026-06-03T17:39:20.186841,O00374,Completed,2026-06-03T18:11:12.421Z,UPI,orders_S005_20260603.json,ST010,S005,S005_O00374,FUTURE_TIMESTAMP,2026-06-03T17:42:56.835Z,,,,,,,,,,,,
20260603,C0605,2026-06-03T17:39:20.186841,O00376,Completed,2026-06-03T19:40:42.421Z,UPI,orders_S005_20260603.json,ST004,S005,S005_O00376,FUTURE_TIMESTAMP,2026-06-03T17:42:56.835Z,,,,,,,,,,,,
20260603,C0015,2026-06-03T17:39:20.186841,O00378,Completed,2026-06-03T18:03:05.421Z,Cash,orders_S005_20260603.json,ST007,S005,S005_O00378,FUTURE_TIMESTAMP,2026-06-03T17:42:56.835Z,,,,,,,,,,,,
20260603,C0543,2026-06-03T17:39:20.186841,O00381,Completed,2026-06-03T17:55:35.421Z,UPI,orders_S005_20260603.json,ST001,S005,S005_O00381,FUTURE_TIMESTAMP,2026-06-03T17:42:56.835Z,,,,,,,,,,,,
20260603,C0479,2026-06-03T17:39:20.186841,O00382,Completed,2026-06-03T20:30:12.421Z,UPI,orders_S005_20260603.json,ST011,S005,S005_O00382,FUTURE_TIMESTAMP,2026-06-03T17:42:56.835Z,,,,,,,,,,,,
20260603,C0400,2026-06-03T17:39:20.186841,O00384,Completed,2026-06-03T21:33:33.421Z,Cash,orders_S005_20260603.json,ST014,S005,S005_O00384,FUTURE_TIMESTAMP,2026-06-03T17:42:56.835Z,,,,,,,,,,,,
20260603,C0597,2026-06-03T17:39:20.186841,O00385,Completed,2026-06-03T20:31:28.421Z,UPI,orders_S005_20260603.json,ST008,S005,S005_O00385,FUTURE_TIMESTAMP,2026-06-03T17:42:56.835Z,,,,,,,,,,,,
20260603,C0242,2026-06-03T17:39:20.186841,O00386,Completed,2026-06-03T20:40:31.421Z,Card,orders_S005_20260603.json,ST006,S005,S005_O00386,FUTURE_TIMESTAMP,2026-06-03T17:42:56.835Z,,,,,,,,,,,,
20260603,C0040,2026-06-03T17:39:20.186841,O00390,Completed,2026-06-03T18:24:43.421Z,Card,orders_S005_20260603.json,ST005,S005,S005_O00390,FUTURE_TIMESTAMP,2026-06-03T17:42:56.835Z,,,,,,,,,,,,
20260603,C0250,2026-06-03T17:39:20.186841,O00392,Completed,2026-06-03T20:50:09.421Z,Card,orders_S005_20260603.json,ST014,S005,S005_O00392,FUTURE_TIMESTAMP,2026-06-03T17:42:56.835Z,,,,,,,,,,,,
20260603,C0039,2026-06-03T17:39:20.186841,O00395,Completed,2026-06-03T21:21:09.421Z,Cash,orders_S005_20260603.json,ST005,S005,S005_O00395,FUTURE_TIMESTAMP,2026-06-03T17:42:56.835Z,,,,,,,,,,,,
20260603,C0058,2026-06-03T17:39:20.186841,O00396,Completed,2026-06-03T21:59:00.421Z,UPI,orders_S005_20260603.json,ST003,S005,S005_O00396,FUTURE_TIMESTAMP,2026-06-03T17:42:56.835Z,,,,,,,,,,,,
20260603,C0401,2026-06-03T17:39:20.186841,O00398,Completed,2026-06-03T18:18:50.421Z,UPI,orders_S005_20260603.json,ST008,S005,S005_O00398,FUTURE_TIMESTAMP,2026-06-03T17:42:56.835Z,,,,,,,,,,,,
20260603,C0029,2026-06-03T17:39:20.186841,O00400,Completed,2026-06-03T20:47:23.421Z,Cash,orders_S005_20260603.json,ST009,S005,S005_O00400,FUTURE_TIMESTAMP,2026-06-03T17:42:56.835Z,,,,,,,,,,,,
20260603,C0610,2026-06-03T17:39:20.186841,O00402,Completed,2026-06-03T19:24:20.421Z,UPI,orders_S005_20260603.json,ST002,S005,S005_O00402,FUTURE_TIMESTAMP,2026-06-03T17:42:56.835Z,,,,,,,,,,,,
20260603,C0072,2026-06-03T17:39:20.186841,O00404,Completed,2026-06-03T20:56:24.421Z,Cash,orders_S005_20260603.json,ST009,S005,S005_O00404,FUTURE_TIMESTAMP,2026-06-03T17:42:56.835Z,,,,,,,,,,,,
20260603,C0121,2026-06-03T17:39:20.186841,O00405,Completed,2026-06-03T21:46:34.421Z,Cash,orders_S005_20260603.json,ST006,S005,S005_O00405,FUTURE_TIMESTAMP,2026-06-03T17:42:56.835Z,,,,,,,,,,,,
20260603,C0113,2026-06-03T17:39:20.186841,O00406,Completed,2026-06-03T21:53:22.421Z,UPI,orders_S005_20260603.json,ST014,S005,S005_O00406,FUTURE_TIMESTAMP,2026-06-03T17:42:56.835Z,,,,,,,,,,,,
20260603,C0022,2026-06-03T17:39:20.186841,O00407,Completed,2027-06-03T19:20:39.421Z,Cash,orders_S005_20260603.json,ST006,S005,S005_O00407,FUTURE_TIMESTAMP,2026-06-03T17:42:56.835Z,,,,,,,,,,,,
20260603,C0135,2026-06-03T17:39:20.186841,O00408,Completed,2026-06-03T20:06:42.421Z,Card,orders_S005_20260603.json,ST013,S005,S005_O00408,FUTURE_TIMESTAMP,2026-06-03T17:42:56.835Z,,,,,,,,,,,,
20260603,C0395,2026-06-03T17:39:20.186841,O00409,Completed,2026-06-03T19:58:37.421Z,UPI,orders_S005_20260603.json,ST002,S005,S005_O00409,FUTURE_TIMESTAMP,2026-06-03T17:42:56.835Z,,,,,,,,,,,,
20260603,C0091,2026-06-03T17:39:20.186841,O00411,Completed,2026-06-03T20:37:39.421Z,UPI,orders_S005_20260603.json,ST001,S005,S005_O00411,FUTURE_TIMESTAMP,2026-06-03T17:42:56.835Z,,,,,,,,,,,,
20260603,C0568,2026-06-03T17:39:20.186841,O00412,Completed,2026-06-03T21:36:34.421Z,Card,orders_S005_20260603.json,ST001,S005,S005_O00412,FUTURE_TIMESTAMP,2026-06-03T17:42:56.835Z,,,,,,,,,,,,
20260603,C0480,2026-06-03T17:39:20.186841,O00414,Completed,2026-06-03T19:39:10.421Z,Cash,orders_S005_20260603.json,ST009,S005,S005_O00414,FUTURE_TIMESTAMP,2026-06-03T17:42:56.835Z,,,,,,,,,,,,
20260603,C0032,2026-06-03T17:39:20.186841,O00415,Completed,2026-06-03T19:02:42.421Z,UPI,orders_S005_20260603.json,ST010,S005,S005_O00415,FUTURE_TIMESTAMP,2026-06-03T17:42:56.835Z,,,,,,,,,,,,
20260603,C0558,2026-06-03T17:39:20.186841,O00416,Completed,2026-06-03T18:43:20.421Z,UPI,orders_S005_20260603.json,ST014,S005,S005_O00416,FUTURE_TIMESTAMP,2026-06-03T17:42:56.835Z,,,,,,,,,,,,
20260603,C0485,2026-06-03T17:39:20.186841,O00420,Completed,2026-06-03T21:14:40.421Z,Cash,orders_S005_20260603.json,ST014,S005,S005_O00420,FUTURE_TIMESTAMP,2026-06-03T17:42:56.835Z,,,,,,,,,,,,
20260603,C0029,2026-06-03T17:39:20.186841,O00422,Completed,2026-06-03T20:33:58.421Z,UPI,orders_S005_20260603.json,ST003,S005,S005_O00422,FUTURE_TIMESTAMP,2026-06-03T17:42:56.835Z,,,,,,,,,,,,
20260603,C0031,2026-06-03T17:39:20.186841,O00423,Completed,2026-06-03T18:23:13.421Z,UPI,orders_S005_20260603.json,ST005,S005,S005_O00423,FUTURE_TIMESTAMP,2026-06-03T17:42:56.835Z,,,,,,,,,,,,
20260603,C0046,2026-06-03T17:39:20.186841,O00425,Completed,2026-06-03T20:44:08.421Z,UPI,orders_S005_20260603.json,ST012,S005,S005_O00425,FUTURE_TIMESTAMP,2026-06-03T17:42:56.835Z,,,,,,,,,,,,
20260603,C0283,2026-06-03T17:39:20.186841,O00427,Completed,2026-06-03T17:55:08.421Z,Card,orders_S005_20260603.json,ST013,S005,S005_O00427,FUTURE_TIMESTAMP,2026-06-03T17:42:56.835Z,,,,,,,,,,,,
20260603,C0333,2026-06-03T17:39:20.186841,O00432,Completed,2026-06-03T20:12:19.421Z,UPI,orders_S005_20260603.json,ST005,S005,S005_O00432,FUTURE_TIMESTAMP,2026-06-03T17:42:56.835Z,,,,,,,,,,,,
20260603,C0068,2026-06-03T17:39:20.186841,O00433,Completed,2026-06-03T19:59:58.421Z,UPI,orders_S005_20260603.json,ST011,S005,S005_O00433,FUTURE_TIMESTAMP,2026-06-03T17:42:56.835Z,,,,,,,,,,,,
20260603,C0121,2026-06-03T17:39:20.186841,O00435,Completed,2026-06-03T17:49:27.421Z,UPI,orders_S005_20260603.json,ST013,S005,S005_O00435,FUTURE_TIMESTAMP,2026-06-03T17:42:56.835Z,,,,,,,,,,,,
20260603,C0077,2026-06-03T17:39:20.186841,O00438,Completed,2027-06-03T18:52:48.421Z,UPI,orders_S005_20260603.json,ST015,S005,S005_O00438,FUTURE_TIMESTAMP,2026-06-03T17:42:56.835Z,,,,,,,,,,,,
20260603,C0103,2026-06-03T17:39:20.186841,O00441,Completed,2026-06-03T18:44:20.421Z,UPI,orders_S005_20260603.json,ST012,S005,S005_O00441,FUTURE_TIMESTAMP,2026-06-03T17:42:56.835Z,,,,,,,,,,,,
20260603,C0045,2026-06-03T17:39:20.186841,O00442,Completed,2026-06-03T20:13:54.421Z,Cash,orders_S005_20260603.json,ST007,S005,S005_O00442,FUTURE_TIMESTAMP,2026-06-03T17:42:56.835Z,,,,,,,,,,,,
20260603,C0491,2026-06-03T17:39:20.186841,O00443,Completed,2026-06-03T20:55:20.421Z,Cash,orders_S005_20260603.json,ST010,S005,S005_O00443,FUTURE_TIMESTAMP,2026-06-03T17:42:56.835Z,,,,,,,,,,,,
20260603,C0032,2026-06-03T17:39:20.186841,O00446,Completed,2026-06-03T17:58:49.421Z,UPI,orders_S005_20260603.json,ST006,S005,S005_O00446,FUTURE_TIMESTAMP,2026-06-03T17:42:56.835Z,,,,,,,,,,,,
20260603,C0612,2026-06-03T17:39:20.186841,O00447,Completed,2026-06-03T17:49:28.421Z,UPI,orders_S005_20260603.json,ST005,S005,S005_O00447,FUTURE_TIMESTAMP,2026-06-03T17:42:56.835Z,,,,,,,,,,,,
20260603,C0525,2026-06-03T17:39:20.186841,O00448,Completed,2026-06-03T18:08:28.421Z,Card,orders_S005_20260603.json,ST004,S005,S005_O00448,FUTURE_TIMESTAMP,2026-06-03T17:42:56.835Z,,,,,,,,,,,,
20260603,C0169,2026-06-03T17:39:20.186841,O00449,Completed,2026-06-03T21:19:48.421Z,UPI,orders_S005_20260603.json,ST001,S005,S005_O00449,FUTURE_TIMESTAMP,2026-06-03T17:42:56.835Z,,,,,,,,,,,,
20260603,C0572,2026-06-03T17:39:20.186841,O00451,Completed,2026-06-03T21:32:38.421Z,UPI,orders_S005_20260603.json,ST013,S005,S005_O00451,FUTURE_TIMESTAMP,2026-06-03T17:42:56.835Z,,,,,,,,,,,,
20260603,C0028,2026-06-03T17:39:20.186841,O00453,Completed,2026-06-03T19:37:52.421Z,Cash,orders_S005_20260603.json,ST008,S005,S005_O00453,FUTURE_TIMESTAMP,2026-06-03T17:42:56.835Z,,,,,,,,,,,,
20260603,C0348,2026-06-03T17:39:20.186841,O00455,Completed,2026-06-03T19:32:26.421Z,UPI,orders_S005_20260603.json,ST012,S005,S005_O00455,FUTURE_TIMESTAMP,2026-06-03T17:42:56.835Z,,,,,,,,,,,,
20260603,C0373,2026-06-03T17:39:20.186841,O00457,Completed,2026-06-03T18:09:34.421Z,UPI,orders_S005_20260603.json,ST015,S005,S005_O00457,FUTURE_TIMESTAMP,2026-06-03T17:42:56.835Z,,,,,,,,,,,,
20260603,C0188,2026-06-03T17:39:20.186841,O00458,Completed,2026-06-03T21:37:15.421Z,Cash,orders_S005_20260603.json,ST004,S005,S005_O00458,FUTURE_TIMESTAMP,2026-06-03T17:42:56.835Z,,,,,,,,,,,,
20260603,C0564,2026-06-03T17:39:20.186841,O00460,Completed,2026-06-03T18:37:07.421Z,Card,orders_S005_20260603.json,ST015,S005,S005_O00460,FUTURE_TIMESTAMP,2026-06-03T17:42:56.835Z,,,,,,,,,,,,
20260603,C0052,2026-06-03T17:39:20.186841,O00461,Completed,2026-06-03T19:57:20.421Z,Card,orders_S005_20260603.json,ST009,S005,S005_O00461,FUTURE_TIMESTAMP,2026-06-03T17:42:56.835Z,,,,,,,,,,,,
20260603,C0283,2026-06-03T17:39:20.186841,O00463,Completed,2026-06-03T21:11:37.421Z,UPI,orders_S005_20260603.json,ST015,S005,S005_O00463,FUTURE_TIMESTAMP,2026-06-03T17:42:56.835Z,,,,,,,,,,,,
20260603,C0014,2026-06-03T17:39:20.186841,O00465,Completed,2026-06-03T20:41:37.421Z,UPI,orders_S005_20260603.json,ST003,S005,S005_O00465,FUTURE_TIMESTAMP,2026-06-03T17:42:56.835Z,,,,,,,,,,,,
20260603,C0115,2026-06-03T17:39:20.186841,O00466,Completed,2026-06-03T19:03:27.421Z,UPI,orders_S005_20260603.json,ST014,S005,S005_O00466,FUTURE_TIMESTAMP,2026-06-03T17:42:56.835Z,,,,,,,,,,,,
20260603,C0642,2026-06-03T17:39:20.186841,O00467,Completed,2026-06-03T19:55:27.421Z,Cash,orders_S005_20260603.json,ST001,S005,S005_O00467,FUTURE_TIMESTAMP,2026-06-03T17:42:56.835Z,,,,,,,,,,,,
20260603,C0094,2026-06-03T17:39:20.186841,O00468,Completed,2026-06-03T20:17:36.421Z,Cash,orders_S005_20260603.json,ST006,S005,S005_O00468,FUTURE_TIMESTAMP,2026-06-03T17:42:56.835Z,,,,,,,,,,,,
20260603,C0081,2026-06-03T17:39:20.186841,O00469,Completed,2026-06-03T18:49:57.421Z,UPI,orders_S005_20260603.json,ST007,S005,S005_O00469,FUTURE_TIMESTAMP,2026-06-03T17:42:56.835Z,,,,,,,,,,,,
20260603,C0632,2026-06-03T17:39:20.186841,O00470,Completed,2026-06-03T21:11:59.421Z,UPI,orders_S005_20260603.json,ST008,S005,S005_O00470,FUTURE_TIMESTAMP,2026-06-03T17:42:56.835Z,,,,,,,,,,,,
20260603,C0023,2026-06-03T17:39:20.186841,O00471,Completed,2026-06-03T21:51:39.421Z,Cash,orders_S005_20260603.json,ST009,S005,S005_O00471,FUTURE_TIMESTAMP,2026-06-03T17:42:56.835Z,,,,,,,,,,,,
20260603,C0186,2026-06-03T17:39:20.186841,O00473,Completed,2026-06-03T21:09:31.421Z,UPI,orders_S005_20260603.json,ST007,S005,S005_O00473,FUTURE_TIMESTAMP,2026-06-03T17:42:56.835Z,,,,,,,,,,,,
20260603,C0432,2026-06-03T17:39:20.186841,O00474,Completed,2026-06-03T17:59:49.421Z,UPI,orders_S005_20260603.json,ST001,S005,S005_O00474,FUTURE_TIMESTAMP,2026-06-03T17:42:56.835Z,,,,,,,,,,,,
20260603,C0452,2026-06-03T17:39:20.186841,O00475,Completed,2026-06-03T17:54:59.421Z,UPI,orders_S005_20260603.json,ST007,S005,S005_O00475,FUTURE_TIMESTAMP,2026-06-03T17:42:56.835Z,,,,,,,,,,,,
20260603,C0132,2026-06-03T17:39:20.186841,O00476,Completed,2026-06-03T19:31:18.421Z,Card,orders_S005_20260603.json,ST001,S005,S005_O00476,FUTURE_TIMESTAMP,2026-06-03T17:42:56.835Z,,,,,,,,,,,,
20260603,C0324,2026-06-03T17:39:20.186841,O00477,Completed,2026-06-03T20:37:54.421Z,Cash,orders_S005_20260603.json,ST002,S005,S005_O00477,FUTURE_TIMESTAMP,2026-06-03T17:42:56.835Z,,,,,,,,,,,,
20260603,C0323,2026-06-03T17:39:20.186841,O00478,Completed,2026-06-03T19:56:40.421Z,UPI,orders_S005_20260603.json,ST013,S005,S005_O00478,FUTURE_TIMESTAMP,2026-06-03T17:42:56.835Z,,,,,,,,,,,,
20260603,C0011,2026-06-03T17:39:20.186841,O00479,Completed,2026-06-03T21:25:27.421Z,UPI,orders_S005_20260603.json,ST007,S005,S005_O00479,FUTURE_TIMESTAMP,2026-06-03T17:42:56.835Z,,,,,,,,,,,,
20260603,C0569,2026-06-03T17:39:20.186841,O00480,Completed,2026-06-03T20:14:48.421Z,Cash,orders_S005_20260603.json,ST011,S005,S005_O00480,FUTURE_TIMESTAMP,2026-06-03T17:42:56.835Z,,,,,,,,,,,,
20260603,C0048,2026-06-03T17:39:20.186841,O00481,Completed,2026-06-03T19:25:06.421Z,Card,orders_S005_20260603.json,ST006,S005,S005_O00481,FUTURE_TIMESTAMP,2026-06-03T17:42:56.835Z,,,,,,,,,,,,
20260603,C0594,2026-06-03T17:39:20.186841,O00482,Completed,2026-06-03T20:00:43.421Z,Cash,orders_S005_20260603.json,ST005,S005,S005_O00482,FUTURE_TIMESTAMP,2026-06-03T17:42:56.835Z,,,,,,,,,,,,
20260603,C0362,2026-06-03T17:39:20.186841,O00483,Completed,2026-06-03T19:14:06.421Z,UPI,orders_S005_20260603.json,ST013,S005,S005_O00483,FUTURE_TIMESTAMP,2026-06-03T17:42:56.835Z,,,,,,,,,,,,
20260603,C0420,2026-06-03T17:39:20.186841,O00486,Completed,2026-06-03T21:49:30.421Z,UPI,orders_S005_20260603.json,ST012,S005,S005_O00486,FUTURE_TIMESTAMP,2026-06-03T17:42:56.835Z,,,,,,,,,,,,
20260603,C0047,2026-06-03T17:39:20.186841,O00487,Completed,2026-06-03T20:19:45.421Z,UPI,orders_S005_20260603.json,ST013,S005,S005_O00487,FUTURE_TIMESTAMP,2026-06-03T17:42:56.835Z,,,,,,,,,,,,
20260603,C0162,2026-06-03T17:39:20.186841,O00488,Completed,2026-06-03T19:46:29.421Z,UPI,orders_S005_20260603.json,ST015,S005,S005_O00488,FUTURE_TIMESTAMP,2026-06-03T17:42:56.835Z,,,,,,,,,,,,
20260603,C0481,2026-06-03T17:39:20.186841,O00489,Completed,2026-06-03T20:42:21.421Z,Cash,orders_S005_20260603.json,ST007,S005,S005_O00489,FUTURE_TIMESTAMP,2026-06-03T17:42:56.835Z,,,,,,,,,,,,
20260603,C0114,2026-06-03T17:39:20.186841,O00491,Completed,2026-06-03T19:05:12.421Z,Cash,orders_S005_20260603.json,ST001,S005,S005_O00491,FUTURE_TIMESTAMP,2026-06-03T17:42:56.835Z,,,,,,,,,,,,
20260603,C0026,2026-06-03T17:39:20.186841,O00492,Completed,2026-06-03T19:32:36.421Z,UPI,orders_S005_20260603.json,ST006,S005,S005_O00492,FUTURE_TIMESTAMP,2026-06-03T17:42:56.835Z,,,,,,,,,,,,
20260603,C0159,2026-06-03T17:39:20.186841,O00495,Completed,2026-06-03T21:58:22.421Z,UPI,orders_S005_20260603.json,ST005,S005,S005_O00495,FUTURE_TIMESTAMP,2026-06-03T17:42:56.835Z,,,,,,,,,,,,
20260603,C0196,2026-06-03T17:39:20.186841,O00496,Completed,2026-06-03T20:24:05.421Z,UPI,orders_S005_20260603.json,ST006,S005,S005_O00496,FUTURE_TIMESTAMP,2026-06-03T17:42:56.835Z,,,,,,,,,,,,
20260603,C0351,2026-06-03T17:39:20.186841,O00497,Completed,2026-06-03T19:00:52.421Z,UPI,orders_S005_20260603.json,ST008,S005,S005_O00497,FUTURE_TIMESTAMP,2026-06-03T17:42:56.835Z,,,,,,,,,,,,
20260603,C0112,2026-06-03T17:39:20.186841,O00498,Completed,2026-06-03T19:01:35.421Z,Cash,orders_S005_20260603.json,ST014,S005,S005_O00498,FUTURE_TIMESTAMP,2026-06-03T17:42:56.835Z,,,,,,,,,,,,
20260603,C0353,2026-06-03T17:39:20.186841,O00499,Completed,2026-06-03T21:49:47.421Z,UPI,orders_S005_20260603.json,ST015,S005,S005_O00499,FUTURE_TIMESTAMP,2026-06-03T17:42:56.835Z,,,,,,,,,,,,
20260603,C0443,2026-06-03T17:39:20.186841,O00501,Completed,2026-06-03T18:52:24.421Z,UPI,orders_S005_20260603.json,ST006,S005,S005_O00501,FUTURE_TIMESTAMP,2026-06-03T17:42:56.835Z,,,,,,,,,,,,
20260603,C0394,2026-06-03T17:39:20.186841,O00502,Completed,2026-06-03T20:52:01.421Z,UPI,orders_S005_20260603.json,ST008,S005,S005_O00502,FUTURE_TIMESTAMP,2026-06-03T17:42:56.835Z,,,,,,,,,,,,
20260603,C0023,2026-06-03T17:39:20.186841,O00504,Completed,2026-06-03T21:28:00.421Z,Card,orders_S005_20260603.json,ST015,S005,S005_O00504,FUTURE_TIMESTAMP,2026-06-03T17:42:56.835Z,,,,,,,,,,,,
20260603,C0074,2026-06-03T17:39:20.186841,O00505,Completed,2026-06-03T19:36:16.421Z,Cash,orders_S005_20260603.json,ST014,S005,S005_O00505,FUTURE_TIMESTAMP,2026-06-03T17:42:56.835Z,,,,,,,,,,,,
20260603,C0343,2026-06-03T17:39:20.186841,O00506,Completed,2026-06-03T20:28:32.421Z,UPI,orders_S005_20260603.json,ST007,S005,S005_O00506,FUTURE_TIMESTAMP,2026-06-03T17:42:56.835Z,,,,,,,,,,,,
20260603,C0605,2026-06-03T17:39:20.186841,O00507,Completed,2026-06-03T18:21:17.421Z,Card,orders_S005_20260603.json,ST011,S005,S005_O00507,FUTURE_TIMESTAMP,2026-06-03T17:42:56.835Z,,,,,,,,,,,,
20260603,C0095,2026-06-03T17:39:20.186841,O00508,Completed,2026-06-03T16:14:26.421Z,Crypto,orders_S005_20260603.json,ST010,S005,S005_O00508,INVALID_PAYMENT_MODE: Crypto,2026-06-03T17:42:56.835Z,,,,,,,,,,,,
20260603,C0616,2026-06-03T17:39:20.186841,O00509,Completed,2026-06-03T20:33:43.421Z,Cash,orders_S005_20260603.json,ST013,S005,S005_O00509,FUTURE_TIMESTAMP,2026-06-03T17:42:56.835Z,,,,,,,,,,,,
20260603,C0165,2026-06-03T17:39:20.186841,O00510,Completed,2026-06-03T20:02:00.421Z,UPI,orders_S005_20260603.json,ST008,S005,S005_O00510,FUTURE_TIMESTAMP,2026-06-03T17:42:56.835Z,,,,,,,,,,,,
20260603,C0418,2026-06-03T17:39:20.186841,O00511,Completed,2026-06-03T18:54:19.421Z,UPI,orders_S005_20260603.json,ST007,S005,S005_O00511,FUTURE_TIMESTAMP,2026-06-03T17:42:56.835Z,,,,,,,,,,,,
20260603,C0063,2026-06-03T17:39:20.186841,O00513,Completed,2026-06-03T19:47:10.421Z,UPI,orders_S005_20260603.json,ST004,S005,S005_O00513,FUTURE_TIMESTAMP,2026-06-03T17:42:56.835Z,,,,,,,,,,,,
20260603,C0245,2026-06-03T17:39:20.186841,O00515,Completed,2026-06-03T21:30:53.421Z,UPI,orders_S005_20260603.json,ST011,S005,S005_O00515,FUTURE_TIMESTAMP,2026-06-03T17:42:56.835Z,,,,,,,,,,,,
20260603,C0439,2026-06-03T17:39:20.186841,O00516,Completed,2026-06-03T19:04:50.421Z,Card,orders_S005_20260603.json,ST012,S005,S005_O00516,FUTURE_TIMESTAMP,2026-06-03T17:42:56.835Z,,,,,,,,,,,,
20260603,C0015,2026-06-03T17:39:20.186841,O00518,Completed,2026-06-03T20:16:01.421Z,UPI,orders_S005_20260603.json,ST014,S005,S005_O00518,FUTURE_TIMESTAMP,2026-06-03T17:42:56.835Z,,,,,,,,,,,,
20260603,C0070,2026-06-03T17:39:20.186841,O00519,Completed,2026-06-03T19:12:16.421Z,UPI,orders_S005_20260603.json,ST007,S005,S005_O00519,FUTURE_TIMESTAMP,2026-06-03T17:42:56.835Z,,,,,,,,,,,,
20260603,C0012,2026-06-03T17:39:20.186841,O00522,Completed,2026-06-03T19:49:18.421Z,Card,orders_S005_20260603.json,ST012,S005,S005_O00522,FUTURE_TIMESTAMP,2026-06-03T17:42:56.835Z,,,,,,,,,,,,
20260603,C0600,2026-06-03T17:39:20.186841,O00524,Completed,2026-06-03T19:06:06.421Z,Cash,orders_S005_20260603.json,ST004,S005,S005_O00524,FUTURE_TIMESTAMP,2026-06-03T17:42:56.835Z,,,,,,,,,,,,
20260603,C0129,2026-06-03T17:39:20.186841,O00528,Completed,2026-06-03T19:01:28.421Z,Cash,orders_S005_20260603.json,ST014,S005,S005_O00528,FUTURE_TIMESTAMP,2026-06-03T17:42:56.835Z,,,,,,,,,,,,
20260603,C0061,2026-06-03T17:39:20.186841,O00529,Completed,2026-06-03T19:31:47.421Z,UPI,orders_S005_20260603.json,ST013,S005,S005_O00529,FUTURE_TIMESTAMP,2026-06-03T17:42:56.835Z,,,,,,,,,,,,
20260603,C0038,2026-06-03T17:39:20.186841,O00530,Completed,2026-06-03T20:29:28.421Z,Card,orders_S005_20260603.json,ST012,S005,S005_O00530,FUTURE_TIMESTAMP,2026-06-03T17:42:56.835Z,,,,,,,,,,,,
20260603,C0303,2026-06-03T17:39:20.186841,O00531,Completed,2026-06-03T20:42:29.421Z,Card,orders_S005_20260603.json,ST014,S005,S005_O00531,FUTURE_TIMESTAMP,2026-06-03T17:42:56.835Z,,,,,,,,,,,,
20260603,C0237,2026-06-03T17:39:20.186841,O00532,Completed,2026-06-03T20:08:45.421Z,Card,orders_S005_20260603.json,ST006,S005,S005_O00532,FUTURE_TIMESTAMP,2026-06-03T17:42:56.835Z,,,,,,,,,,,,
20260603,C0283,2026-06-03T17:39:20.186841,O00533,Completed,2026-06-03T20:22:38.421Z,UPI,orders_S005_20260603.json,ST009,S005,S005_O00533,FUTURE_TIMESTAMP,2026-06-03T17:42:56.835Z,,,,,,,,,,,,
20260603,C0473,2026-06-03T17:39:20.186841,O00534,Completed,2026-06-03T19:46:27.421Z,UPI,orders_S005_20260603.json,ST009,S005,S005_O00534,FUTURE_TIMESTAMP,2026-06-03T17:42:56.835Z,,,,,,,,,,,,
20260603,C0251,2026-06-03T17:39:20.186841,O00537,Completed,2026-06-03T20:01:45.421Z,UPI,orders_S005_20260603.json,ST006,S005,S005_O00537,FUTURE_TIMESTAMP,2026-06-03T17:42:56.835Z,,,,,,,,,,,,
20260603,C0506,2026-06-03T17:39:20.186841,O00538,Completed,2026-06-03T18:40:15.421Z,UPI,orders_S005_20260603.json,ST013,S005,S005_O00538,FUTURE_TIMESTAMP,2026-06-03T17:42:56.835Z,,,,,,,,,,,,
20260603,C0567,2026-06-03T17:39:20.186841,O00539,Completed,2026-06-03T19:35:07.421Z,Cash,orders_S005_20260603.json,ST010,S005,S005_O00539,FUTURE_TIMESTAMP,2026-06-03T17:42:56.835Z,,,,,,,,,,,,
20260603,,2026-06-03T17:39:20.186841,O00540,Completed,2026-06-03T19:03:12.421Z,UPI,orders_S005_20260603.json,ST005,S005,S005_O00540,MISSING_CUSTOMER_ID,2026-06-03T17:42:56.835Z,,,,,,,,,,,,
20260603,C0571,2026-06-03T17:39:20.186841,O00541,Completed,2026-06-03T19:02:57.421Z,UPI,orders_S005_20260603.json,ST002,S005,S005_O00541,FUTURE_TIMESTAMP,2026-06-03T17:42:56.835Z,,,,,,,,,,,,
20260603,C0514,2026-06-03T17:39:20.186841,O00542,Completed,2026-06-03T21:47:50.421Z,Card,orders_S005_20260603.json,ST015,S005,S005_O00542,FUTURE_TIMESTAMP,2026-06-03T17:42:56.835Z,,,,,,,,,,,,
20260603,C0105,2026-06-03T17:39:20.186841,O00543,Completed,2026-06-03T20:10:23.421Z,Cash,orders_S005_20260603.json,ST004,S005,S005_O00543,FUTURE_TIMESTAMP,2026-06-03T17:42:56.835Z,,,,,,,,,,,,
20260603,C0133,2026-06-03T17:39:20.186841,O00544,Completed,2026-06-03T18:24:40.421Z,UPI,orders_S005_20260603.json,ST003,S005,S005_O00544,FUTURE_TIMESTAMP,2026-06-03T17:42:56.835Z,,,,,,,,,,,,
20260603,C0628,2026-06-03T17:39:20.186841,O00545,Completed,2026-06-03T20:56:20.421Z,UPI,orders_S005_20260603.json,ST004,S005,S005_O00545,FUTURE_TIMESTAMP,2026-06-03T17:42:56.835Z,,,,,,,,,,,,
20260603,C0041,2026-06-03T17:39:20.186841,O00546,Completed,2026-06-03T19:45:04.421Z,UPI,orders_S005_20260603.json,ST012,S005,S005_O00546,FUTURE_TIMESTAMP,2026-06-03T17:42:56.835Z,,,,,,,,,,,,
20260603,C0023,2026-06-03T17:39:20.186841,O00547,Completed,2026-06-03T19:23:29.421Z,Crypto,orders_S005_20260603.json,ST003,S005,S005_O00547,INVALID_PAYMENT_MODE: Crypto,2026-06-03T17:42:56.835Z,,,,,,,,,,,,
20260603,C0505,2026-06-03T17:39:20.186841,O00549,Completed,2026-06-03T18:40:30.421Z,UPI,orders_S005_20260603.json,ST011,S005,S005_O00549,FUTURE_TIMESTAMP,2026-06-03T17:42:56.835Z,,,,,,,,,,,,
20260603,C0094,2026-06-03T17:39:20.186841,O00550,Completed,2026-06-03T19:36:57.421Z,UPI,orders_S005_20260603.json,ST005,S005,S005_O00550,FUTURE_TIMESTAMP,2026-06-03T17:42:56.835Z,,,,,,,,,,,,
20260603,C0014,2026-06-03T17:39:20.186841,O00551,Completed,2026-06-03T19:09:54.421Z,UPI,orders_S005_20260603.json,ST004,S005,S005_O00551,FUTURE_TIMESTAMP,2026-06-03T17:42:56.835Z,,,,,,,,,,,,
20260603,C0127,2026-06-03T17:39:20.186841,O00552,Completed,2026-06-03T19:17:17.421Z,UPI,orders_S005_20260603.json,ST011,S005,S005_O00552,FUTURE_TIMESTAMP,2026-06-03T17:42:56.835Z,,,,,,,,,,,,
20260603,C0062,2026-06-03T17:39:20.186841,O00553,Completed,2026-06-03T18:31:28.421Z,UPI,orders_S005_20260603.json,ST013,S005,S005_O00553,FUTURE_TIMESTAMP,2026-06-03T17:42:56.835Z,,,,,,,,,,,,
20260603,C0383,2026-06-03T17:39:20.186841,O00554,Completed,2026-06-03T19:29:10.421Z,Card,orders_S005_20260603.json,ST015,S005,S005_O00554,FUTURE_TIMESTAMP,2026-06-03T17:42:56.835Z,,,,,,,,,,,,
20260603,C0111,2026-06-03T17:39:20.186841,O00560,Completed,2026-06-03T19:53:26.421Z,UPI,orders_S005_20260603.json,ST002,S005,S005_O00560,FUTURE_TIMESTAMP,2026-06-03T17:42:56.835Z,,,,,,,,,,,,
20260603,C0052,2026-06-03T17:39:20.186841,O00561,Completed,2026-06-03T20:59:51.421Z,UPI,orders_S005_20260603.json,ST004,S005,S005_O00561,FUTURE_TIMESTAMP,2026-06-03T17:42:56.835Z,,,,,,,,,,,,
20260603,C0051,2026-06-03T17:39:20.186841,O00564,Completed,2026-06-03T20:10:37.421Z,UPI,orders_S005_20260603.json,ST001,S005,S005_O00564,FUTURE_TIMESTAMP,2026-06-03T17:42:56.835Z,,,,,,,,,,,,
20260603,C0179,2026-06-03T17:39:20.186841,O00566,Completed,2026-06-03T19:14:27.421Z,UPI,orders_S005_20260603.json,ST004,S005,S005_O00566,FUTURE_TIMESTAMP,2026-06-03T17:42:56.835Z,,,,,,,,,,,,
20260603,C0122,2026-06-03T17:39:20.186841,O00568,Completed,2026-06-03T20:36:19.421Z,Cash,orders_S005_20260603.json,ST011,S005,S005_O00568,FUTURE_TIMESTAMP,2026-06-03T17:42:56.835Z,,,,,,,,,,,,
20260603,C0238,2026-06-03T17:39:20.186841,O00570,Completed,2026-06-03T18:27:21.421Z,UPI,orders_S005_20260603.json,ST005,S005,S005_O00570,FUTURE_TIMESTAMP,2026-06-03T17:42:56.835Z,,,,,,,,,,,,
20260603,C0032,2026-06-03T17:39:20.186841,O00571,Completed,2026-06-03T20:30:44.421Z,Cash,orders_S005_20260603.json,ST012,S005,S005_O00571,FUTURE_TIMESTAMP,2026-06-03T17:42:56.835Z,,,,,,,,,,,,
20260603,C0003,2026-06-03T17:39:20.186841,O00572,Completed,2026-06-03T18:27:10.421Z,UPI,orders_S005_20260603.json,ST015,S005,S005_O00572,FUTURE_TIMESTAMP,2026-06-03T17:42:56.835Z,,,,,,,,,,,,
20260603,C0635,2026-06-03T17:39:20.186841,O00573,Completed,2026-06-03T20:44:36.421Z,Crypto,orders_S005_20260603.json,ST010,S005,S005_O00573,INVALID_PAYMENT_MODE: Crypto,2026-06-03T17:42:56.835Z,,,,,,,,,,,,
20260603,C0142,2026-06-03T17:39:20.186841,O00574,Completed,2026-06-03T19:33:08.421Z,UPI,orders_S005_20260603.json,ST014,S005,S005_O00574,FUTURE_TIMESTAMP,2026-06-03T17:42:56.835Z,,,,,,,,,,,,
20260603,C0057,2026-06-03T17:39:20.186841,O00575,Completed,2026-06-03T20:10:32.421Z,Card,orders_S005_20260603.json,ST001,S005,S005_O00575,FUTURE_TIMESTAMP,2026-06-03T17:42:56.835Z,,,,,,,,,,,,
20260603,C0472,2026-06-03T17:39:20.186841,O00577,Completed,2026-06-03T19:31:26.421Z,UPI,orders_S005_20260603.json,ST014,S005,S005_O00577,FUTURE_TIMESTAMP,2026-06-03T17:42:56.835Z,,,,,,,,,,,,
20260603,C0199,2026-06-03T17:39:20.186841,O00578,Completed,2026-06-03T20:16:12.421Z,UPI,orders_S005_20260603.json,ST015,S005,S005_O00578,FUTURE_TIMESTAMP,2026-06-03T17:42:56.835Z,,,,,,,,,,,,
20260603,C0031,2026-06-03T17:39:20.186841,O00579,Completed,2026-06-03T17:47:10.421Z,UPI,orders_S005_20260603.json,ST013,S005,S005_O00579,FUTURE_TIMESTAMP,2026-06-03T17:42:56.835Z,,,,,,,,,,,,
20260603,C0535,2026-06-03T17:39:20.186841,O00581,Completed,2026-06-03T21:35:39.421Z,Cash,orders_S005_20260603.json,ST012,S005,S005_O00581,FUTURE_TIMESTAMP,2026-06-03T17:42:56.835Z,,,,,,,,,,,,
20260603,C0079,2026-06-03T17:39:20.186841,O00582,Completed,2026-06-03T21:48:54.421Z,Card,orders_S005_20260603.json,ST003,S005,S005_O00582,FUTURE_TIMESTAMP,2026-06-03T17:42:56.835Z,,,,,,,,,,,,
20260603,C0467,2026-06-03T17:39:20.186841,O00584,Completed,2026-06-03T20:16:11.421Z,UPI,orders_S005_20260603.json,ST004,S005,S005_O00584,FUTURE_TIMESTAMP,2026-06-03T17:42:56.835Z,,,,,,,,,,,,
20260603,C0536,2026-06-03T17:39:20.186841,O00585,Completed,2026-06-03T18:57:21.421Z,UPI,orders_S005_20260603.json,ST012,S005,S005_O00585,FUTURE_TIMESTAMP,2026-06-03T17:42:56.835Z,,,,,,,,,,,,
20260603,C0388,2026-06-03T17:39:20.186841,O00586,Completed,2026-06-03T20:36:41.421Z,Card,orders_S005_20260603.json,ST014,S005,S005_O00586,FUTURE_TIMESTAMP,2026-06-03T17:42:56.835Z,,,,,,,,,,,,
20260603,C0481,2026-06-03T17:39:20.186841,O00587,Completed,2026-06-03T20:40:39.421Z,UPI,orders_S005_20260603.json,ST003,S005,S005_O00587,FUTURE_TIMESTAMP,2026-06-03T17:42:56.835Z,,,,,,,,,,,,
20260603,C0415,2026-06-03T17:39:20.186841,O00589,Completed,2026-06-03T21:46:26.421Z,UPI,orders_S005_20260603.json,ST014,S005,S005_O00589,FUTURE_TIMESTAMP,2026-06-03T17:42:56.835Z,,,,,,,,,,,,
20260603,C0353,2026-06-03T17:39:20.186841,O00590,Completed,2026-06-03T20:51:38.421Z,Cash,orders_S005_20260603.json,ST014,S005,S005_O00590,FUTURE_TIMESTAMP,2026-06-03T17:42:56.835Z,,,,,,,,,,,,
20260603,C0087,2026-06-03T17:39:20.186841,O00591,Completed,2026-06-03T20:05:37.421Z,Cash,orders_S005_20260603.json,ST015,S005,S005_O00591,FUTURE_TIMESTAMP,2026-06-03T17:42:56.835Z,,,,,,,,,,,,
20260603,C0447,2026-06-03T17:39:20.186841,O00593,Completed,2026-06-03T18:59:55.421Z,UPI,orders_S005_20260603.json,ST002,S005,S005_O00593,FUTURE_TIMESTAMP,2026-06-03T17:42:56.835Z,,,,,,,,,,,,
20260603,C0054,2026-06-03T17:39:20.186841,O00594,Completed,2026-06-03T19:35:38.421Z,Cash,orders_S005_20260603.json,ST006,S005,S005_O00594,FUTURE_TIMESTAMP,2026-06-03T17:42:56.835Z,,,,,,,,,,,,
20260603,C0063,2026-06-03T17:39:20.186841,O00595,Completed,2026-06-03T20:42:57.421Z,Card,orders_S005_20260603.json,ST008,S005,S005_O00595,FUTURE_TIMESTAMP,2026-06-03T17:42:56.835Z,,,,,,,,,,,,
20260603,C0070,2026-06-03T17:39:20.186841,O00596,Completed,2026-06-03T19:18:06.421Z,UPI,orders_S005_20260603.json,ST011,S005,S005_O00596,FUTURE_TIMESTAMP,2026-06-03T17:42:56.835Z,,,,,,,,,,,,
20260603,C0063,2026-06-03T17:39:20.186841,O00598,Completed,2026-06-03T21:34:25.421Z,UPI,orders_S005_20260603.json,ST002,S005,S005_O00598,FUTURE_TIMESTAMP,2026-06-03T17:42:56.835Z,,,,,,,,,,,,
20260603,C0096,2026-06-03T17:39:20.186841,O00599,Completed,2026-06-03T20:59:43.421Z,Cash,orders_S005_20260603.json,ST008,S005,S005_O00599,FUTURE_TIMESTAMP,2026-06-03T17:42:56.835Z,,,,,,,,,,,,
20260603,,2026-06-03T17:39:20.186841,O00600,Completed,2026-06-03T20:57:36.421Z,Card,orders_S005_20260603.json,ST009,S005,S005_O00600,MISSING_CUSTOMER_ID,2026-06-03T17:42:56.835Z,,,,,,,,,,,,
20260603,C0448,2026-06-03T17:39:20.186841,O00601,Completed,2026-06-03T14:32:51.421Z,Crypto,orders_S005_20260603.json,ST013,S005,S005_O00601,INVALID_PAYMENT_MODE: Crypto,2026-06-03T17:42:56.835Z,,,,,,,,,,,,
20260603,C0041,2026-06-03T17:39:20.186841,O00603,Completed,2026-06-03T18:36:12.421Z,Cash,orders_S005_20260603.json,ST004,S005,S005_O00603,FUTURE_TIMESTAMP,2026-06-03T17:42:56.835Z,,,,,,,,,,,,
20260603,C0564,2026-06-03T17:39:20.186841,O00607,Completed,2026-06-03T18:35:15.421Z,UPI,orders_S005_20260603.json,ST004,S005,S005_O00607,FUTURE_TIMESTAMP,2026-06-03T17:42:56.835Z,,,,,,,,,,,,
20260603,C0063,2026-06-03T17:39:20.186841,O00608,Completed,2026-06-03T21:50:48.421Z,Cash,orders_S005_20260603.json,ST013,S005,S005_O00608,FUTURE_TIMESTAMP,2026-06-03T17:42:56.835Z,,,,,,,,,,,,
20260603,C0314,2026-06-03T17:39:20.186841,O00609,Completed,2026-06-03T20:29:44.421Z,Cash,orders_S005_20260603.json,ST006,S005,S005_O00609,FUTURE_TIMESTAMP,2026-06-03T17:42:56.835Z,,,,,,,,,,,,
20260603,C0010,2026-06-03T17:39:20.186841,O00611,Completed,2026-06-03T18:53:41.421Z,Card,orders_S005_20260603.json,ST002,S005,S005_O00611,FUTURE_TIMESTAMP,2026-06-03T17:42:56.835Z,,,,,,,,,,,,
20260603,C0036,2026-06-03T17:39:20.186841,O00615,Completed,2026-06-03T20:38:57.421Z,UPI,orders_S005_20260603.json,ST014,S005,S005_O00615,FUTURE_TIMESTAMP,2026-06-03T17:42:56.835Z,,,,,,,,,,,,
20260603,C0098,2026-06-03T17:39:20.186841,O00619,Completed,2026-06-03T21:11:30.421Z,UPI,orders_S005_20260603.json,ST011,S005,S005_O00619,FUTURE_TIMESTAMP,2026-06-03T17:42:56.835Z,,,,,,,,,,,,
20260603,C0177,2026-06-03T17:39:20.186841,O00621,Completed,2026-06-03T19:59:20.421Z,Cash,orders_S005_20260603.json,ST011,S005,S005_O00621,FUTURE_TIMESTAMP,2026-06-03T17:42:56.835Z,,,,,,,,,,,,
20260603,C0179,2026-06-03T17:39:20.186841,O00623,Completed,2026-06-03T18:10:48.421Z,Card,orders_S005_20260603.json,ST014,S005,S005_O00623,FUTURE_TIMESTAMP,2026-06-03T17:42:56.835Z,,,,,,,,,,,,
20260603,C0572,2026-06-03T17:39:20.186841,O00624,Completed,2026-06-03T20:05:34.421Z,Cash,orders_S005_20260603.json,ST003,S005,S005_O00624,FUTURE_TIMESTAMP,2026-06-03T17:42:56.835Z,,,,,,,,,,,,
20260603,C0133,2026-06-03T17:39:20.186841,O00625,Completed,2026-06-03T19:59:28.421Z,UPI,orders_S005_20260603.json,ST005,S005,S005_O00625,FUTURE_TIMESTAMP,2026-06-03T17:42:56.835Z,,,,,,,,,,,,
20260603,C0307,2026-06-03T17:39:20.186841,O00626,Completed,2026-06-03T20:11:15.421Z,UPI,orders_S005_20260603.json,ST015,S005,S005_O00626,FUTURE_TIMESTAMP,2026-06-03T17:42:56.835Z,,,,,,,,,,,,
20260603,C0502,2026-06-03T17:39:20.186841,O00627,Completed,2026-06-03T21:16:50.421Z,UPI,orders_S005_20260603.json,ST002,S005,S005_O00627,FUTURE_TIMESTAMP,2026-06-03T17:42:56.835Z,,,,,,,,,,,,
20260603,C0277,2026-06-03T17:39:20.186841,O00628,Completed,2026-06-03T21:14:26.421Z,UPI,orders_S005_20260603.json,ST006,S005,S005_O00628,FUTURE_TIMESTAMP,2026-06-03T17:42:56.835Z,,,,,,,,,,,,
20260603,C0368,2026-06-03T17:39:20.186841,O00629,Completed,2026-06-03T18:18:24.421Z,Cash,orders_S005_20260603.json,ST003,S005,S005_O00629,FUTURE_TIMESTAMP,2026-06-03T17:42:56.835Z,,,,,,,,,,,,
20260603,C0094,2026-06-03T17:39:20.186841,O00631,Completed,2026-06-03T20:53:04.421Z,UPI,orders_S005_20260603.json,ST005,S005,S005_O00631,FUTURE_TIMESTAMP,2026-06-03T17:42:56.835Z,,,,,,,,,,,,
20260603,C0164,2026-06-03T17:39:20.186841,O00633,Completed,2026-06-03T19:46:59.421Z,Card,orders_S005_20260603.json,ST006,S005,S005_O00633,FUTURE_TIMESTAMP,2026-06-03T17:42:56.835Z,,,,,,,,,,,,
20260603,C0113,2026-06-03T17:39:20.186841,O00636,Completed,2026-06-03T18:21:01.421Z,UPI,orders_S005_20260603.json,ST005,S005,S005_O00636,FUTURE_TIMESTAMP,2026-06-03T17:42:56.835Z,,,,,,,,,,,,
20260603,C0620,2026-06-03T17:39:20.186841,O00637,Completed,2026-06-03T20:11:44.421Z,Crypto,orders_S005_20260603.json,ST001,S005,S005_O00637,INVALID_PAYMENT_MODE: Crypto,2026-06-03T17:42:56.835Z,,,,,,,,,,,,
20260603,C0414,2026-06-03T17:39:20.186841,O00638,Completed,2027-06-03T12:35:55.421Z,UPI,orders_S005_20260603.json,ST005,S005,S005_O00638,FUTURE_TIMESTAMP,2026-06-03T17:42:56.835Z,,,,,,,,,,,,
20260603,C0117,2026-06-03T17:39:20.186841,O00639,Completed,2026-06-03T18:58:13.421Z,UPI,orders_S005_20260603.json,ST010,S005,S005_O00639,FUTURE_TIMESTAMP,2026-06-03T17:42:56.835Z,,,,,,,,,,,,
20260603,C0011,2026-06-03T17:39:20.186841,O00640,Completed,2026-06-03T18:34:06.421Z,Cash,orders_S005_20260603.json,ST007,S005,S005_O00640,FUTURE_TIMESTAMP,2026-06-03T17:42:56.835Z,,,,,,,,,,,,
20260603,C0094,2026-06-03T17:39:20.186841,O00641,Completed,2026-06-03T19:59:20.421Z,Cash,orders_S005_20260603.json,ST002,S005,S005_O00641,FUTURE_TIMESTAMP,2026-06-03T17:42:56.835Z,,,,,,,,,,,,
20260603,C0360,2026-06-03T17:39:20.186841,O00642,Completed,2026-06-03T20:09:25.421Z,UPI,orders_S005_20260603.json,ST005,S005,S005_O00642,FUTURE_TIMESTAMP,2026-06-03T17:42:56.835Z,,,,,,,,,,,,
20260603,C0369,2026-06-03T17:39:20.186841,O00643,Completed,2026-06-03T20:45:35.421Z,Cash,orders_S005_20260603.json,ST010,S005,S005_O00643,FUTURE_TIMESTAMP,2026-06-03T17:42:56.835Z,,,,,,,,,,,,
20260603,C0323,2026-06-03T17:39:20.186841,O00644,Completed,2026-06-03T20:16:06.421Z,UPI,orders_S005_20260603.json,ST011,S005,S005_O00644,FUTURE_TIMESTAMP,2026-06-03T17:42:56.835Z,,,,,,,,,,,,
20260603,C0253,2026-06-03T17:39:20.186841,O00645,Completed,2026-06-03T21:41:56.421Z,Card,orders_S005_20260603.json,ST002,S005,S005_O00645,FUTURE_TIMESTAMP,2026-06-03T17:42:56.835Z,,,,,,,,,,,,
20260603,C0419,2026-06-03T17:39:20.186841,O00646,Completed,2026-06-03T18:21:23.421Z,UPI,orders_S005_20260603.json,ST006,S005,S005_O00646,FUTURE_TIMESTAMP,2026-06-03T17:42:56.835Z,,,,,,,,,,,,
20260603,C0639,2026-06-03T17:39:20.186841,O00648,Completed,2026-06-03T18:04:03.421Z,UPI,orders_S005_20260603.json,ST003,S005,S005_O00648,FUTURE_TIMESTAMP,2026-06-03T17:42:56.835Z,,,,,,,,,,,,
20260603,C0551,2026-06-03T17:39:20.186841,O00652,Completed,2026-06-03T19:29:57.421Z,UPI,orders_S005_20260603.json,ST003,S005,S005_O00652,FUTURE_TIMESTAMP,2026-06-03T17:42:56.835Z,,,,,,,,,,,,
20260603,C0565,2026-06-03T17:39:20.186841,O00653,Completed,2026-06-03T20:18:18.421Z,Card,orders_S005_20260603.json,ST006,S005,S005_O00653,FUTURE_TIMESTAMP,2026-06-03T17:42:56.835Z,,,,,,,,,,,,
20260603,C0068,2026-06-03T17:39:20.186841,O00655,Completed,2027-06-03T18:45:46.421Z,UPI,orders_S005_20260603.json,ST005,S005,S005_O00655,FUTURE_TIMESTAMP,2026-06-03T17:42:56.835Z,,,,,,,,,,,,
20260603,C0119,2026-06-03T17:39:20.186841,O00656,Completed,2026-06-03T20:01:31.421Z,Cash,orders_S005_20260603.json,ST007,S005,S005_O00656,FUTURE_TIMESTAMP,2026-06-03T17:42:56.835Z,,,,,,,,,,,,
20260603,C0087,2026-06-03T17:39:20.186841,O00660,Completed,2026-06-03T19:17:47.421Z,UPI,orders_S005_20260603.json,ST010,S005,S005_O00660,FUTURE_TIMESTAMP,2026-06-03T17:42:56.835Z,,,,,,,,,,,,
20260603,C0409,2026-06-03T17:39:20.186841,O00663,Completed,2026-06-03T21:56:52.421Z,Card,orders_S005_20260603.json,ST001,S005,S005_O00663,FUTURE_TIMESTAMP,2026-06-03T17:42:56.835Z,,,,,,,,,,,,
20260603,C0248,2026-06-03T17:39:20.186841,O00664,Completed,2026-06-03T19:24:45.421Z,UPI,orders_S005_20260603.json,ST015,S005,S005_O00664,FUTURE_TIMESTAMP,2026-06-03T17:42:56.835Z,,,,,,,,,,,,
20260603,C0615,2026-06-03T17:39:20.186841,O00665,Completed,2026-06-03T21:25:53.421Z,Card,orders_S005_20260603.json,ST014,S005,S005_O00665,FUTURE_TIMESTAMP,2026-06-03T17:42:56.835Z,,,,,,,,,,,,
20260603,C0121,2026-06-03T17:39:20.186841,O00666,Completed,2026-06-03T20:05:53.421Z,UPI,orders_S005_20260603.json,ST003,S005,S005_O00666,FUTURE_TIMESTAMP,2026-06-03T17:42:56.835Z,,,,,,,,,,,,
20260603,C0310,2026-06-03T17:39:20.186841,O00668,Completed,2026-06-03T21:17:27.421Z,UPI,orders_S005_20260603.json,ST012,S005,S005_O00668,FUTURE_TIMESTAMP,2026-06-03T17:42:56.835Z,,,,,,,,,,,,
20260603,C0471,2026-06-03T17:39:20.186841,O00669,Completed,2026-06-03T18:55:22.421Z,UPI,orders_S005_20260603.json,ST003,S005,S005_O00669,FUTURE_TIMESTAMP,2026-06-03T17:42:56.835Z,,,,,,,,,,,,
20260603,C0205,2026-06-03T17:39:20.186841,O00670,Completed,2026-06-03T20:15:09.421Z,Cash,orders_S005_20260603.json,ST008,S005,S005_O00670,FUTURE_TIMESTAMP,2026-06-03T17:42:56.835Z,,,,,,,,,,,,
20260603,C0322,2026-06-03T17:39:20.186841,O00671,Completed,2026-06-03T19:00:28.421Z,Cash,orders_S005_20260603.json,ST011,S005,S005_O00671,FUTURE_TIMESTAMP,2026-06-03T17:42:56.835Z,,,,,,,,,,,,
20260603,C0002,2026-06-03T17:39:20.186841,O00672,Completed,2026-06-03T21:11:38.421Z,UPI,orders_S005_20260603.json,ST009,S005,S005_O00672,FUTURE_TIMESTAMP,2026-06-03T17:42:56.835Z,,,,,,,,,,,,
20260603,C0351,2026-06-03T17:39:20.186841,O00674,Completed,2026-06-03T19:02:10.421Z,Cash,orders_S005_20260603.json,ST006,S005,S005_O00674,FUTURE_TIMESTAMP,2026-06-03T17:42:56.835Z,,,,,,,,,,,,
20260603,C0454,2026-06-03T17:39:20.186841,O00675,Completed,2026-06-03T19:13:56.421Z,Card,orders_S005_20260603.json,ST010,S005,S005_O00675,FUTURE_TIMESTAMP,2026-06-03T17:42:56.835Z,,,,,,,,,,,,
20260603,C0312,2026-06-03T17:39:20.186841,O00677,Completed,2026-06-03T21:50:48.421Z,Cash,orders_S005_20260603.json,ST007,S005,S005_O00677,FUTURE_TIMESTAMP,2026-06-03T17:42:56.835Z,,,,,,,,,,,,
20260603,C0620,2026-06-03T17:39:20.186841,O00678,Completed,2026-06-03T20:51:14.421Z,Cash,orders_S005_20260603.json,ST009,S005,S005_O00678,FUTURE_TIMESTAMP,2026-06-03T17:42:56.835Z,,,,,,,,,,,,
20260603,C0111,2026-06-03T17:39:20.186841,O00680,Completed,2027-06-03T15:42:25.421Z,UPI,orders_S005_20260603.json,ST011,S005,S005_O00680,FUTURE_TIMESTAMP,2026-06-03T17:42:56.835Z,,,,,,,,,,,,
20260603,C0067,2026-06-03T17:39:20.186841,O00681,Completed,2026-06-03T21:45:26.421Z,Cash,orders_S005_20260603.json,ST011,S005,S005_O00681,FUTURE_TIMESTAMP,2026-06-03T17:42:56.835Z,,,,,,,,,,,,
20260603,C0024,2026-06-03T17:39:20.186841,O00682,Completed,2026-06-03T20:49:02.421Z,Cash,orders_S005_20260603.json,ST011,S005,S005_O00682,FUTURE_TIMESTAMP,2026-06-03T17:42:56.835Z,,,,,,,,,,,,
20260603,C0116,2026-06-03T17:39:20.186841,O00683,Completed,2026-06-03T21:18:50.421Z,UPI,orders_S005_20260603.json,ST009,S005,S005_O00683,FUTURE_TIMESTAMP,2026-06-03T17:42:56.835Z,,,,,,,,,,,,
20260603,C0013,2026-06-03T17:39:20.186841,O00684,Completed,2026-06-03T19:41:39.421Z,UPI,orders_S005_20260603.json,ST011,S005,S005_O00684,FUTURE_TIMESTAMP,2026-06-03T17:42:56.835Z,,,,,,,,,,,,
20260603,C0094,2026-06-03T17:39:20.186841,O00685,Completed,2026-06-03T18:17:09.421Z,UPI,orders_S005_20260603.json,ST005,S005,S005_O00685,FUTURE_TIMESTAMP,2026-06-03T17:42:56.835Z,,,,,,,,,,,,
20260603,C0123,2026-06-03T17:39:20.186841,O00687,Completed,2026-06-03T18:02:27.421Z,Card,orders_S005_20260603.json,ST010,S005,S005_O00687,FUTURE_TIMESTAMP,2026-06-03T17:42:56.835Z,,,,,,,,,,,,
20260603,C0267,2026-06-03T17:39:20.186841,O00688,Completed,2026-06-03T17:21:25.421Z,Crypto,orders_S005_20260603.json,ST011,S005,S005_O00688,INVALID_PAYMENT_MODE: Crypto,2026-06-03T17:42:56.835Z,,,,,,,,,,,,
20260603,C0297,2026-06-03T17:39:20.186841,O00691,Completed,2026-06-03T19:24:38.421Z,UPI,orders_S005_20260603.json,ST012,S005,S005_O00691,FUTURE_TIMESTAMP,2026-06-03T17:42:56.835Z,,,,,,,,,,,,
20260603,C0102,2026-06-03T17:39:20.186841,O00692,Completed,2026-06-03T20:51:43.421Z,Cash,orders_S005_20260603.json,ST012,S005,S005_O00692,FUTURE_TIMESTAMP,2026-06-03T17:42:56.835Z,,,,,,,,,,,,
20260603,C0552,2026-06-03T17:39:20.186841,O00693,Completed,2026-06-03T20:07:07.421Z,UPI,orders_S005_20260603.json,ST009,S005,S005_O00693,FUTURE_TIMESTAMP,2026-06-03T17:42:56.835Z,,,,,,,,,,,,
20260603,C0015,2026-06-03T17:39:20.186841,O00697,Completed,2026-06-03T19:14:02.421Z,UPI,orders_S005_20260603.json,ST003,S005,S005_O00697,FUTURE_TIMESTAMP,2026-06-03T17:42:56.835Z,,,,,,,,,,,,
20260603,C0083,2026-06-03T17:39:20.186841,O00698,Completed,2027-06-03T19:24:07.421Z,Card,orders_S005_20260603.json,ST005,S005,S005_O00698,FUTURE_TIMESTAMP,2026-06-03T17:42:56.835Z,,,,,,,,,,,,
20260603,C0200,2026-06-03T17:39:20.186841,O00700,Completed,2026-06-03T21:20:37.421Z,Cash,orders_S005_20260603.json,ST014,S005,S005_O00700,FUTURE_TIMESTAMP,2026-06-03T17:42:56.835Z,,,,,,,,,,,,
20260603,C0327,2026-06-03T17:39:20.186841,O00701,Completed,2026-06-03T19:48:49.421Z,Cash,orders_S005_20260603.json,ST001,S005,S005_O00701,FUTURE_TIMESTAMP,2026-06-03T17:42:56.835Z,,,,,,,,,,,,
20260603,C0533,2026-06-03T17:39:20.186841,O00702,Completed,2026-06-03T18:44:23.421Z,UPI,orders_S005_20260603.json,ST004,S005,S005_O00702,FUTURE_TIMESTAMP,2026-06-03T17:42:56.835Z,,,,,,,,,,,,
20260603,C0379,2026-06-03T17:39:20.186841,O00709,Completed,2026-06-03T18:42:59.421Z,UPI,orders_S005_20260603.json,ST011,S005,S005_O00709,FUTURE_TIMESTAMP,2026-06-03T17:42:56.835Z,,,,,,,,,,,,
20260603,C0363,2026-06-03T17:39:20.186841,O00710,Completed,2026-06-03T19:08:06.421Z,Card,orders_S005_20260603.json,ST009,S005,S005_O00710,FUTURE_TIMESTAMP,2026-06-03T17:42:56.835Z,,,,,,,,,,,,
20260603,C0366,2026-06-03T17:39:20.186841,O00711,Completed,2026-06-03T19:04:26.421Z,UPI,orders_S005_20260603.json,ST011,S005,S005_O00711,FUTURE_TIMESTAMP,2026-06-03T17:42:56.835Z,,,,,,,,,,,,
20260603,C0139,2026-06-03T17:39:20.186841,O00712,Completed,2026-06-03T21:59:58.421Z,Card,orders_S005_20260603.json,ST003,S005,S005_O00712,FUTURE_TIMESTAMP,2026-06-03T17:42:56.835Z,,,,,,,,,,,,
20260603,C0149,2026-06-03T17:39:20.186841,O00713,Completed,2026-06-03T19:58:16.421Z,Cash,orders_S005_20260603.json,ST009,S005,S005_O00713,FUTURE_TIMESTAMP,2026-06-03T17:42:56.835Z,,,,,,,,,,,,
20260603,C0022,2026-06-03T17:39:20.186841,O00714,Completed,2026-06-03T21:07:02.421Z,Cash,orders_S005_20260603.json,ST007,S005,S005_O00714,FUTURE_TIMESTAMP,2026-06-03T17:42:56.835Z,,,,,,,,,,,,
20260603,C0068,2026-06-03T17:39:20.186841,O00716,Completed,2026-06-03T18:11:09.421Z,UPI,orders_S005_20260603.json,ST003,S005,S005_O00716,FUTURE_TIMESTAMP,2026-06-03T17:42:56.835Z,,,,,,,,,,,,
20260603,C0522,2026-06-03T17:39:20.186841,O00717,Completed,2026-06-03T21:18:46.421Z,UPI,orders_S005_20260603.json,ST015,S005,S005_O00717,FUTURE_TIMESTAMP,2026-06-03T17:42:56.835Z,,,,,,,,,,,,
20260603,C0027,2026-06-03T17:39:20.186841,O00718,Completed,2026-06-03T21:36:07.421Z,Card,orders_S005_20260603.json,ST010,S005,S005_O00718,FUTURE_TIMESTAMP,2026-06-03T17:42:56.835Z,,,,,,,,,,,,
20260603,C0128,2026-06-03T17:39:20.186841,O00719,Completed,2026-06-03T20:32:33.421Z,Cash,orders_S005_20260603.json,ST014,S005,S005_O00719,FUTURE_TIMESTAMP,2026-06-03T17:42:56.835Z,,,,,,,,,,,,
20260603,C0330,2026-06-03T17:39:20.186841,O00720,Completed,2026-06-03T18:08:58.421Z,UPI,orders_S005_20260603.json,ST004,S005,S005_O00720,FUTURE_TIMESTAMP,2026-06-03T17:42:56.835Z,,,,,,,,,,,,
20260603,C0183,2026-06-03T17:39:20.186841,O00722,Completed,2026-06-03T19:02:26.421Z,UPI,orders_S005_20260603.json,ST001,S005,S005_O00722,FUTURE_TIMESTAMP,2026-06-03T17:42:56.835Z,,,,,,,,,,,,
20260603,C0418,2026-06-03T17:39:20.186841,O00723,Completed,2026-06-03T19:49:28.421Z,UPI,orders_S005_20260603.json,ST001,S005,S005_O00723,FUTURE_TIMESTAMP,2026-06-03T17:42:56.835Z,,,,,,,,,,,,
20260603,C0410,2026-06-03T17:39:20.186841,O00724,Completed,2026-06-03T18:56:46.421Z,Card,orders_S005_20260603.json,ST014,S005,S005_O00724,FUTURE_TIMESTAMP,2026-06-03T17:42:56.835Z,,,,,,,,,,,,
20260603,C0630,2026-06-03T17:39:20.186841,O00725,Completed,2026-06-03T18:34:03.421Z,UPI,orders_S005_20260603.json,ST003,S005,S005_O00725,FUTURE_TIMESTAMP,2026-06-03T17:42:56.835Z,,,,,,,,,,,,
20260603,C0288,2026-06-03T17:39:20.186841,O00729,Completed,2026-06-03T21:48:17.421Z,Cash,orders_S005_20260603.json,ST014,S005,S005_O00729,FUTURE_TIMESTAMP,2026-06-03T17:42:56.835Z,,,,,,,,,,,,
20260603,C0534,2026-06-03T17:39:20.186841,O00732,Completed,2026-06-03T19:32:55.421Z,Cash,orders_S005_20260603.json,ST004,S005,S005_O00732,FUTURE_TIMESTAMP,2026-06-03T17:42:56.835Z,,,,,,,,,,,,
20260603,C0503,2026-06-03T17:39:20.186841,O00734,Completed,2026-06-03T17:52:46.421Z,UPI,orders_S005_20260603.json,ST008,S005,S005_O00734,FUTURE_TIMESTAMP,2026-06-03T17:42:56.835Z,,,,,,,,,,,,
20260603,C0277,2026-06-03T17:39:20.186841,O00736,Completed,2026-06-03T21:54:48.421Z,Card,orders_S005_20260603.json,ST014,S005,S005_O00736,FUTURE_TIMESTAMP,2026-06-03T17:42:56.835Z,,,,,,,,,,,,
20260603,C0019,2026-06-03T17:39:20.186841,O00737,Completed,2026-06-03T19:06:51.421Z,UPI,orders_S005_20260603.json,ST008,S005,S005_O00737,FUTURE_TIMESTAMP,2026-06-03T17:42:56.835Z,,,,,,,,,,,,
20260603,C0444,2026-06-03T17:39:20.186841,O00738,Completed,2026-06-03T19:35:31.421Z,Cash,orders_S005_20260603.json,ST002,S005,S005_O00738,FUTURE_TIMESTAMP,2026-06-03T17:42:56.835Z,,,,,,,,,,,,
20260603,C0082,2026-06-03T17:39:20.186841,O00739,Completed,2026-06-03T20:42:45.421Z,Card,orders_S005_20260603.json,ST008,S005,S005_O00739,FUTURE_TIMESTAMP,2026-06-03T17:42:56.835Z,,,,,,,,,,,,
20260603,C0394,2026-06-03T17:39:20.186841,O00740,Completed,2026-06-03T20:58:43.421Z,Card,orders_S005_20260603.json,ST009,S005,S005_O00740,FUTURE_TIMESTAMP,2026-06-03T17:42:56.835Z,,,,,,,,,,,,
20260603,C0174,2026-06-03T17:39:20.186841,O00741,Completed,2026-06-03T20:09:21.421Z,Cash,orders_S005_20260603.json,ST002,S005,S005_O00741,FUTURE_TIMESTAMP,2026-06-03T17:42:56.835Z,,,,,,,,,,,,
20260603,C0078,2026-06-03T17:39:20.186841,O00743,Completed,2026-06-03T19:18:07.421Z,Card,orders_S005_20260603.json,ST001,S005,S005_O00743,FUTURE_TIMESTAMP,2026-06-03T17:42:56.835Z,,,,,,,,,,,,
20260603,C0530,2026-06-03T17:39:20.186841,O00744,Completed,2026-06-03T17:45:22.421Z,UPI,orders_S005_20260603.json,ST002,S005,S005_O00744,FUTURE_TIMESTAMP,2026-06-03T17:42:56.835Z,,,,,,,,,,,,
20260603,C0102,2026-06-03T17:39:20.186841,O00745,Completed,2026-06-03T20:34:54.421Z,UPI,orders_S005_20260603.json,ST006,S005,S005_O00745,FUTURE_TIMESTAMP,2026-06-03T17:42:56.835Z,,,,,,,,,,,,
20260603,C0091,2026-06-03T17:39:20.186841,O00747,Completed,2026-06-03T18:02:18.421Z,UPI,orders_S005_20260603.json,ST006,S005,S005_O00747,FUTURE_TIMESTAMP,2026-06-03T17:42:56.835Z,,,,,,,,,,,,
20260603,C0057,2026-06-03T17:39:20.186841,O00752,Completed,2026-06-03T20:53:42.421Z,Cash,orders_S005_20260603.json,ST014,S005,S005_O00752,FUTURE_TIMESTAMP,2026-06-03T17:42:56.835Z,,,,,,,,,,,,
20260603,C0184,2026-06-03T17:39:20.186841,O00753,Completed,2026-06-03T18:43:04.421Z,Cash,orders_S005_20260603.json,ST007,S005,S005_O00753,FUTURE_TIMESTAMP,2026-06-03T17:42:56.835Z,,,,,,,,,,,,
20260603,C0362,2026-06-03T17:39:20.186841,O00754,Completed,2026-06-03T19:19:52.421Z,UPI,orders_S005_20260603.json,ST009,S005,S005_O00754,FUTURE_TIMESTAMP,2026-06-03T17:42:56.835Z,,,,,,,,,,,,
20260603,C0624,2026-06-03T17:39:20.186841,O00756,Completed,2026-06-03T21:48:06.421Z,Cash,orders_S005_20260603.json,ST006,S005,S005_O00756,FUTURE_TIMESTAMP,2026-06-03T17:42:56.835Z,,,,,,,,,,,,
20260603,C0449,2026-06-03T17:39:20.186841,O00757,Completed,2026-06-03T19:06:10.421Z,UPI,orders_S005_20260603.json,ST003,S005,S005_O00757,FUTURE_TIMESTAMP,2026-06-03T17:42:56.835Z,,,,,,,,,,,,
20260603,C0217,2026-06-03T17:39:20.186841,O00758,Completed,2026-06-03T18:24:09.421Z,Cash,orders_S005_20260603.json,ST008,S005,S005_O00758,FUTURE_TIMESTAMP,2026-06-03T17:42:56.835Z,,,,,,,,,,,,
20260603,C0452,2026-06-03T17:39:20.186841,O00759,Completed,2026-06-03T20:51:02.421Z,Cash,orders_S005_20260603.json,ST004,S005,S005_O00759,FUTURE_TIMESTAMP,2026-06-03T17:42:56.835Z,,,,,,,,,,,,
20260603,C0086,2026-06-03T17:39:20.186841,O00760,Completed,2026-06-03T20:00:46.421Z,UPI,orders_S005_20260603.json,ST002,S005,S005_O00760,FUTURE_TIMESTAMP,2026-06-03T17:42:56.835Z,,,,,,,,,,,,
20260603,C0619,2026-06-03T17:39:20.186841,O00761,Completed,2026-06-03T20:15:23.421Z,UPI,orders_S005_20260603.json,ST003,S005,S005_O00761,FUTURE_TIMESTAMP,2026-06-03T17:42:56.835Z,,,,,,,,,,,,
20260603,,2026-06-03T17:39:20.186841,O00765,Completed,2026-06-03T15:41:46.421Z,Crypto,orders_S005_20260603.json,ST015,S005,S005_O00765,MISSING_CUSTOMER_ID,2026-06-03T17:42:56.835Z,,,,,,,,,,,,
20260603,C0427,2026-06-03T17:39:20.186841,O00767,Completed,2026-06-03T19:40:21.421Z,Card,orders_S005_20260603.json,ST003,S005,S005_O00767,FUTURE_TIMESTAMP,2026-06-03T17:42:56.835Z,,,,,,,,,,,,
20260603,C0033,2026-06-03T17:39:20.186841,O00768,Completed,2026-06-03T20:17:53.421Z,UPI,orders_S005_20260603.json,ST015,S005,S005_O00768,FUTURE_TIMESTAMP,2026-06-03T17:42:56.835Z,,,,,,,,,,,,
20260603,C0248,2026-06-03T17:39:20.186841,O00769,Completed,2026-06-03T20:26:27.421Z,UPI,orders_S005_20260603.json,ST014,S005,S005_O00769,FUTURE_TIMESTAMP,2026-06-03T17:42:56.835Z,,,,,,,,,,,,
20260603,C0119,2026-06-03T17:39:20.186841,O00770,Completed,2026-06-03T19:05:08.421Z,UPI,orders_S005_20260603.json,ST008,S005,S005_O00770,FUTURE_TIMESTAMP,2026-06-03T17:42:56.835Z,,,,,,,,,,,,
20260603,C0560,2026-06-03T17:39:20.186841,O00771,Completed,2026-06-03T18:14:28.421Z,Cash,orders_S005_20260603.json,ST005,S005,S005_O00771,FUTURE_TIMESTAMP,2026-06-03T17:42:56.835Z,,,,,,,,,,,,
20260603,C0289,2026-06-03T17:39:20.186841,O00772,Completed,2026-06-03T21:26:22.421Z,Cash,orders_S005_20260603.json,ST002,S005,S005_O00772,FUTURE_TIMESTAMP,2026-06-03T17:42:56.835Z,,,,,,,,,,,,
20260603,C0248,2026-06-03T17:39:20.186841,O00773,Completed,2026-06-03T18:15:52.421Z,UPI,orders_S005_20260603.json,ST014,S005,S005_O00773,FUTURE_TIMESTAMP,2026-06-03T17:42:56.835Z,,,,,,,,,,,,
20260603,C0060,2026-06-03T17:39:20.186841,O00774,Completed,2026-06-03T17:58:47.421Z,UPI,orders_S005_20260603.json,ST009,S005,S005_O00774,FUTURE_TIMESTAMP,2026-06-03T17:42:56.835Z,,,,,,,,,,,,
20260603,C0065,2026-06-03T17:39:20.186841,O00775,Completed,2026-06-03T18:21:02.421Z,UPI,orders_S005_20260603.json,ST009,S005,S005_O00775,FUTURE_TIMESTAMP,2026-06-03T17:42:56.835Z,,,,,,,,,,,,
20260603,C0346,2026-06-03T17:39:20.186841,O00776,Completed,2026-06-03T20:54:49.421Z,Card,orders_S005_20260603.json,ST007,S005,S005_O00776,FUTURE_TIMESTAMP,2026-06-03T17:42:56.835Z,,,,,,,,,,,,
20260603,C0581,2026-06-03T17:39:20.186841,O00780,Completed,2026-06-03T19:28:01.421Z,UPI,orders_S005_20260603.json,ST007,S005,S005_O00780,FUTURE_TIMESTAMP,2026-06-03T17:42:56.835Z,,,,,,,,,,,,
20260603,C0057,2026-06-03T17:39:20.186841,O00781,Completed,2026-06-03T21:42:44.421Z,UPI,orders_S005_20260603.json,ST003,S005,S005_O00781,FUTURE_TIMESTAMP,2026-06-03T17:42:56.835Z,,,,,,,,,,,,
20260603,C0005,2026-06-03T17:39:20.186841,O00782,Completed,2026-06-03T20:02:53.421Z,Cash,orders_S005_20260603.json,ST011,S005,S005_O00782,FUTURE_TIMESTAMP,2026-06-03T17:42:56.835Z,,,,,,,,,,,,
20260603,C0312,2026-06-03T17:39:20.186841,O00784,Completed,2026-06-03T20:57:26.421Z,Cash,orders_S005_20260603.json,ST011,S005,S005_O00784,FUTURE_TIMESTAMP,2026-06-03T17:42:56.835Z,,,,,,,,,,,,
20260603,C0077,2026-06-03T17:39:20.186841,O00785,Completed,2026-06-03T20:10:49.421Z,UPI,orders_S005_20260603.json,ST004,S005,S005_O00785,FUTURE_TIMESTAMP,2026-06-03T17:42:56.835Z,,,,,,,,,,,,
20260603,C0061,2026-06-03T17:39:20.186841,O00787,Completed,2026-06-03T20:30:18.421Z,Cash,orders_S005_20260603.json,ST010,S005,S005_O00787,FUTURE_TIMESTAMP,2026-06-03T17:42:56.835Z,,,,,,,,,,,,
20260603,C0287,2026-06-03T17:39:20.186841,O00788,Completed,2026-06-03T19:36:12.421Z,UPI,orders_S005_20260603.json,ST015,S005,S005_O00788,FUTURE_TIMESTAMP,2026-06-03T17:42:56.835Z,,,,,,,,,,,,
20260603,C0464,2026-06-03T17:39:20.186841,O00789,Completed,2026-06-03T21:04:16.421Z,UPI,orders_S005_20260603.json,ST012,S005,S005_O00789,FUTURE_TIMESTAMP,2026-06-03T17:42:56.835Z,,,,,,,,,,,,
20260603,C0320,2026-06-03T17:39:20.186841,O00790,Completed,2026-06-03T20:16:40.421Z,Card,orders_S005_20260603.json,ST002,S005,S005_O00790,FUTURE_TIMESTAMP,2026-06-03T17:42:56.835Z,,,,,,,,,,,,
20260603,C0431,2026-06-03T17:39:20.186841,O00791,Completed,2026-06-03T20:47:37.421Z,UPI,orders_S005_20260603.json,ST001,S005,S005_O00791,FUTURE_TIMESTAMP,2026-06-03T17:42:56.835Z,,,,,,,,,,,,
20260603,C0061,2026-06-03T17:39:20.186841,O00793,Completed,2026-06-03T20:05:56.421Z,Card,orders_S005_20260603.json,ST008,S005,S005_O00793,FUTURE_TIMESTAMP,2026-06-03T17:42:56.835Z,,,,,,,,,,,,
20260603,C0056,2026-06-03T17:39:20.186841,O00795,Completed,2026-06-03T19:03:43.421Z,UPI,orders_S005_20260603.json,ST003,S005,S005_O00795,FUTURE_TIMESTAMP,2026-06-03T17:42:56.835Z,,,,,,,,,,,,
20260603,C0439,2026-06-03T17:39:20.186841,O00796,Completed,2026-06-03T21:42:17.421Z,Cash,orders_S005_20260603.json,ST013,S005,S005_O00796,FUTURE_TIMESTAMP,2026-06-03T17:42:56.835Z,,,,,,,,,,,,
20260603,C0423,2026-06-03T17:39:20.186841,O00797,Completed,2026-06-03T21:39:54.421Z,UPI,orders_S005_20260603.json,ST008,S005,S005_O00797,FUTURE_TIMESTAMP,2026-06-03T17:42:56.835Z,,,,,,,,,,,,
20260603,C0114,2026-06-03T17:39:20.186841,O00798,Completed,2026-06-03T21:44:44.421Z,Card,orders_S005_20260603.json,ST008,S005,S005_O00798,FUTURE_TIMESTAMP,2026-06-03T17:42:56.835Z,,,,,,,,,,,,
20260603,C0429,2026-06-03T17:39:20.186841,O00800,Completed,2026-06-03T20:29:34.421Z,UPI,orders_S005_20260603.json,ST001,S005,S005_O00800,FUTURE_TIMESTAMP,2026-06-03T17:42:56.835Z,,,,,,,,,,,,
20260603,C0362,2026-06-03T17:39:20.186841,O00802,Completed,2026-06-03T21:01:31.421Z,UPI,orders_S005_20260603.json,ST006,S005,S005_O00802,FUTURE_TIMESTAMP,2026-06-03T17:42:56.835Z,,,,,,,,,,,,
20260603,C0364,2026-06-03T17:39:20.186841,O00806,Completed,2026-06-03T19:29:27.421Z,UPI,orders_S005_20260603.json,ST003,S005,S005_O00806,FUTURE_TIMESTAMP,2026-06-03T17:42:56.835Z,,,,,,,,,,,,
20260603,C0561,2026-06-03T17:39:20.186841,O00809,Completed,2026-06-03T18:50:53.421Z,Card,orders_S005_20260603.json,ST006,S005,S005_O00809,FUTURE_TIMESTAMP,2026-06-03T17:42:56.835Z,,,,,,,,,,,,
20260603,C0490,2026-06-03T17:39:20.186841,O00810,Completed,2026-06-03T20:56:45.421Z,Cash,orders_S005_20260603.json,ST014,S005,S005_O00810,FUTURE_TIMESTAMP,2026-06-03T17:42:56.835Z,,,,,,,,,,,,
20260603,C0014,2026-06-03T17:39:20.186841,O00811,Completed,2026-06-03T18:24:35.421Z,Card,orders_S005_20260603.json,ST013,S005,S005_O00811,FUTURE_TIMESTAMP,2026-06-03T17:42:56.835Z,,,,,,,,,,,,
20260603,C0380,2026-06-03T17:39:20.186841,O00812,Completed,2026-06-03T19:46:53.421Z,UPI,orders_S005_20260603.json,ST007,S005,S005_O00812,FUTURE_TIMESTAMP,2026-06-03T17:42:56.835Z,,,,,,,,,,,,
20260603,C0085,2026-06-03T17:39:20.186841,O00813,Completed,2026-06-03T19:58:42.421Z,UPI,orders_S005_20260603.json,ST002,S005,S005_O00813,FUTURE_TIMESTAMP,2026-06-03T17:42:56.835Z,,,,,,,,,,,,
20260603,C0584,2026-06-03T17:39:20.186841,O00814,Completed,2026-06-03T20:30:21.421Z,UPI,orders_S005_20260603.json,ST009,S005,S005_O00814,FUTURE_TIMESTAMP,2026-06-03T17:42:56.835Z,,,,,,,,,,,,
20260603,C0065,2026-06-03T17:39:20.186841,O00815,Completed,2026-06-03T18:49:03.421Z,Cash,orders_S005_20260603.json,ST003,S005,S005_O00815,FUTURE_TIMESTAMP,2026-06-03T17:42:56.835Z,,,,,,,,,,,,
20260603,C0176,2026-06-03T17:39:20.186841,O00816,Completed,2026-06-03T18:29:42.421Z,UPI,orders_S005_20260603.json,ST011,S005,S005_O00816,FUTURE_TIMESTAMP,2026-06-03T17:42:56.835Z,,,,,,,,,,,,
20260603,C0091,2026-06-03T17:39:20.186841,O00818,Completed,2026-06-03T20:11:39.421Z,UPI,orders_S005_20260603.json,ST002,S005,S005_O00818,FUTURE_TIMESTAMP,2026-06-03T17:42:56.835Z,,,,,,,,,,,,
20260603,C0116,2026-06-03T17:39:20.186841,O00823,Completed,2026-06-03T20:48:46.421Z,UPI,orders_S005_20260603.json,ST001,S005,S005_O00823,FUTURE_TIMESTAMP,2026-06-03T17:42:56.835Z,,,,,,,,,,,,
20260603,C0293,2026-06-03T17:39:20.186841,O00824,Completed,2026-06-03T21:52:37.421Z,UPI,orders_S005_20260603.json,ST014,S005,S005_O00824,FUTURE_TIMESTAMP,2026-06-03T17:42:56.835Z,,,,,,,,,,,,
20260603,C0112,2026-06-03T17:39:20.186841,O00825,Completed,2026-06-03T20:16:40.421Z,UPI,orders_S005_20260603.json,ST008,S005,S005_O00825,FUTURE_TIMESTAMP,2026-06-03T17:42:56.835Z,,,,,,,,,,,,
20260603,C0149,2026-06-03T17:39:20.186841,O00826,Completed,2026-06-03T21:56:40.421Z,UPI,orders_S005_20260603.json,ST015,S005,S005_O00826,FUTURE_TIMESTAMP,2026-06-03T17:42:56.835Z,,,,,,,,,,,,
20260603,C0138,2026-06-03T17:39:20.186841,O00828,Completed,2026-06-03T19:29:37.421Z,UPI,orders_S005_20260603.json,ST001,S005,S005_O00828,FUTURE_TIMESTAMP,2026-06-03T17:42:56.835Z,,,,,,,,,,,,
20260603,C0520,2026-06-03T17:39:20.186841,O00829,Completed,2026-06-03T21:14:24.421Z,Cash,orders_S005_20260603.json,ST006,S005,S005_O00829,FUTURE_TIMESTAMP,2026-06-03T17:42:56.835Z,,,,,,,,,,,,
20260603,C0287,2026-06-03T17:39:20.186841,O00833,Completed,2026-06-03T19:01:17.421Z,Cash,orders_S005_20260603.json,ST011,S005,S005_O00833,FUTURE_TIMESTAMP,2026-06-03T17:42:56.835Z,,,,,,,,,,,,
20260603,C0023,2026-06-03T17:39:20.186841,O00835,Completed,2026-06-03T20:19:10.421Z,Card,orders_S005_20260603.json,ST015,S005,S005_O00835,FUTURE_TIMESTAMP,2026-06-03T17:42:56.835Z,,,,,,,,,,,,
20260603,C0267,2026-06-03T17:39:20.186841,O00836,Completed,2026-06-03T20:18:39.421Z,Cash,orders_S005_20260603.json,ST013,S005,S005_O00836,FUTURE_TIMESTAMP,2026-06-03T17:42:56.835Z,,,,,,,,,,,,
20260603,C0007,2026-06-03T17:39:20.186841,O00837,Completed,2026-06-03T19:53:48.421Z,Card,orders_S005_20260603.json,ST009,S005,S005_O00837,FUTURE_TIMESTAMP,2026-06-03T17:42:56.835Z,,,,,,,,,,,,
20260603,,2026-06-03T17:39:20.186841,O00838,Completed,2026-06-03T20:53:52.421Z,UPI,orders_S005_20260603.json,ST012,S005,S005_O00838,MISSING_CUSTOMER_ID,2026-06-03T17:42:56.835Z,,,,,,,,,,,,
20260603,C0010,2026-06-03T17:39:20.186841,O00840,Completed,2026-06-03T21:11:36.421Z,Cash,orders_S005_20260603.json,ST015,S005,S005_O00840,FUTURE_TIMESTAMP,2026-06-03T17:42:56.835Z,,,,,,,,,,,,
20260603,C0612,2026-06-03T17:39:20.186841,O00841,Completed,2026-06-03T19:48:10.421Z,UPI,orders_S005_20260603.json,ST012,S005,S005_O00841,FUTURE_TIMESTAMP,2026-06-03T17:42:56.835Z,,,,,,,,,,,,
20260603,C0253,2026-06-03T17:39:20.186841,O00842,Completed,2026-06-03T20:49:18.421Z,UPI,orders_S005_20260603.json,ST003,S005,S005_O00842,FUTURE_TIMESTAMP,2026-06-03T17:42:56.835Z,,,,,,,,,,,,
20260603,C0059,2026-06-03T17:39:20.186841,O00844,Completed,2026-06-03T19:12:55.421Z,UPI,orders_S005_20260603.json,ST006,S005,S005_O00844,FUTURE_TIMESTAMP,2026-06-03T17:42:56.835Z,,,,,,,,,,,,
20260603,C0095,2026-06-03T17:39:20.186841,O00845,Completed,2026-06-03T18:02:58.421Z,Cash,orders_S005_20260603.json,ST015,S005,S005_O00845,FUTURE_TIMESTAMP,2026-06-03T17:42:56.835Z,,,,,,,,,,,,
20260603,C0076,2026-06-03T17:39:20.186841,O00846,Completed,2026-06-03T19:42:53.421Z,UPI,orders_S005_20260603.json,ST001,S005,S005_O00846,FUTURE_TIMESTAMP,2026-06-03T17:42:56.835Z,,,,,,,,,,,,
20260603,C0351,2026-06-03T17:39:20.186841,O00848,Completed,2026-06-03T21:04:06.421Z,Card,orders_S005_20260603.json,ST012,S005,S005_O00848,FUTURE_TIMESTAMP,2026-06-03T17:42:56.835Z,,,,,,,,,,,,
20260603,C0030,2026-06-03T17:39:20.186841,O00854,Completed,2026-06-03T19:12:26.421Z,Cash,orders_S005_20260603.json,ST007,S005,S005_O00854,FUTURE_TIMESTAMP,2026-06-03T17:42:56.835Z,,,,,,,,,,,,
20260603,C0543,2026-06-03T17:39:20.186841,O00855,Completed,2026-06-03T21:59:32.421Z,Card,orders_S005_20260603.json,ST005,S005,S005_O00855,FUTURE_TIMESTAMP,2026-06-03T17:42:56.835Z,,,,,,,,,,,,
20260603,C0365,2026-06-03T17:39:20.186841,O00856,Completed,2026-06-03T19:54:28.421Z,UPI,orders_S005_20260603.json,ST011,S005,S005_O00856,FUTURE_TIMESTAMP,2026-06-03T17:42:56.835Z,,,,,,,,,,,,
20260603,C0483,2026-06-03T17:39:20.186841,O00857,Completed,2026-06-03T18:30:25.421Z,UPI,orders_S005_20260603.json,ST004,S005,S005_O00857,FUTURE_TIMESTAMP,2026-06-03T17:42:56.835Z,,,,,,,,,,,,
20260603,C0436,2026-06-03T17:39:20.186841,O00858,Completed,2026-06-03T20:02:58.421Z,UPI,orders_S005_20260603.json,ST010,S005,S005_O00858,FUTURE_TIMESTAMP,2026-06-03T17:42:56.835Z,,,,,,,,,,,,
20260603,C0316,2026-06-03T17:39:20.186841,O00859,Completed,2026-06-03T20:18:34.421Z,UPI,orders_S005_20260603.json,ST015,S005,S005_O00859,FUTURE_TIMESTAMP,2026-06-03T17:42:56.835Z,,,,,,,,,,,,
20260603,C0023,2026-06-03T17:39:20.186841,O00861,Completed,2026-06-03T19:15:05.421Z,UPI,orders_S005_20260603.json,ST014,S005,S005_O00861,FUTURE_TIMESTAMP,2026-06-03T17:42:56.835Z,,,,,,,,,,,,
20260603,C0576,2026-06-03T17:39:20.186841,O00862,Completed,2026-06-03T19:39:23.421Z,UPI,orders_S005_20260603.json,ST012,S005,S005_O00862,FUTURE_TIMESTAMP,2026-06-03T17:42:56.835Z,,,,,,,,,,,,
20260603,C0303,2026-06-03T17:39:20.186841,O00863,Completed,2026-06-03T20:03:16.421Z,Cash,orders_S005_20260603.json,ST002,S005,S005_O00863,FUTURE_TIMESTAMP,2026-06-03T17:42:56.835Z,,,,,,,,,,,,
20260603,C0097,2026-06-03T17:39:20.186841,O00865,Completed,2026-06-03T18:34:39.421Z,UPI,orders_S005_20260603.json,ST002,S005,S005_O00865,FUTURE_TIMESTAMP,2026-06-03T17:42:56.835Z,,,,,,,,,,,,
20260603,C0013,2026-06-03T17:39:20.186841,O00867,Completed,2026-06-03T18:58:40.421Z,Cash,orders_S005_20260603.json,ST010,S005,S005_O00867,FUTURE_TIMESTAMP,2026-06-03T17:42:56.835Z,,,,,,,,,,,,
20260603,C0472,2026-06-03T17:39:20.186841,O00868,Completed,2026-06-03T20:20:22.421Z,UPI,orders_S005_20260603.json,ST007,S005,S005_O00868,FUTURE_TIMESTAMP,2026-06-03T17:42:56.835Z,,,,,,,,,,,,
20260603,C0043,2026-06-03T17:39:20.186841,O00870,Completed,2026-06-03T19:09:02.421Z,UPI,orders_S005_20260603.json,ST004,S005,S005_O00870,FUTURE_TIMESTAMP,2026-06-03T17:42:56.835Z,,,,,,,,,,,,
20260603,C0051,2026-06-03T17:39:20.186841,O00871,Completed,2026-06-03T20:20:37.421Z,Cash,orders_S005_20260603.json,ST001,S005,S005_O00871,FUTURE_TIMESTAMP,2026-06-03T17:42:56.835Z,,,,,,,,,,,,
20260603,C0406,2026-06-03T17:39:20.186841,O00872,Completed,2026-06-03T19:05:42.421Z,Cash,orders_S005_20260603.json,ST004,S005,S005_O00872,FUTURE_TIMESTAMP,2026-06-03T17:42:56.835Z,,,,,,,,,,,,
20260603,C0629,2026-06-03T17:39:20.186841,O00874,Completed,2026-06-03T18:04:30.421Z,UPI,orders_S005_20260603.json,ST003,S005,S005_O00874,FUTURE_TIMESTAMP,2026-06-03T17:42:56.835Z,,,,,,,,,,,,
20260603,C0106,2026-06-03T17:39:20.186841,O00875,Completed,2026-06-03T19:11:27.421Z,Cash,orders_S005_20260603.json,ST015,S005,S005_O00875,FUTURE_TIMESTAMP,2026-06-03T17:42:56.835Z,,,,,,,,,,,,
20260603,C0467,2026-06-03T17:39:20.186841,O00880,Completed,2026-06-03T20:49:31.421Z,UPI,orders_S005_20260603.json,ST011,S005,S005_O00880,FUTURE_TIMESTAMP,2026-06-03T17:42:56.835Z,,,,,,,,,,,,
20260603,C0511,2026-06-03T17:39:20.186841,O00882,Completed,2026-06-03T18:15:41.421Z,Cash,orders_S005_20260603.json,ST015,S005,S005_O00882,FUTURE_TIMESTAMP,2026-06-03T17:42:56.835Z,,,,,,,,,,,,
20260603,C0038,2026-06-03T17:39:20.186841,O00883,Completed,2026-06-03T20:23:09.421Z,UPI,orders_S005_20260603.json,ST003,S005,S005_O00883,FUTURE_TIMESTAMP,2026-06-03T17:42:56.835Z,,,,,,,,,,,,
20260603,C0023,2026-06-03T17:39:20.186841,O00884,Completed,2026-06-03T20:02:43.421Z,Card,orders_S005_20260603.json,ST008,S005,S005_O00884,FUTURE_TIMESTAMP,2026-06-03T17:42:56.835Z,,,,,,,,,,,,
20260603,C0250,2026-06-03T17:39:20.186841,O00885,Completed,2026-06-03T21:29:36.421Z,Card,orders_S005_20260603.json,ST003,S005,S005_O00885,FUTURE_TIMESTAMP,2026-06-03T17:42:56.835Z,,,,,,,,,,,,
20260603,C0418,2026-06-03T17:39:20.186841,O00886,Completed,2026-06-03T17:53:57.421Z,UPI,orders_S005_20260603.json,ST010,S005,S005_O00886,FUTURE_TIMESTAMP,2026-06-03T17:42:56.835Z,,,,,,,,,,,,
20260603,C0394,2026-06-03T17:39:20.186841,O00887,Completed,2026-06-03T18:46:39.421Z,UPI,orders_S005_20260603.json,ST008,S005,S005_O00887,FUTURE_TIMESTAMP,2026-06-03T17:42:56.835Z,,,,,,,,,,,,
20260603,,2026-06-03T17:39:20.186841,O00600,Completed,2026-06-03T20:57:36.421Z,Card,orders_S005_20260603.json,ST009,S005,S005_O00600,MISSING_CUSTOMER_ID,2026-06-03T17:42:56.835Z,,,,,,,,,,,,
20260603,,2026-06-03T17:39:20.186841,O00190,Completed,2026-06-03T18:34:44.421Z,UPI,orders_S005_20260603.json,ST012,S005,S005_O00190,MISSING_CUSTOMER_ID,2026-06-03T17:42:56.835Z,,,,,,,,,,,,
20260603,,2026-06-03T17:39:20.186841,O00838,Completed,2026-06-03T20:53:52.421Z,UPI,orders_S005_20260603.json,ST012,S005,S005_O00838,MISSING_CUSTOMER_ID,2026-06-03T17:42:56.835Z,,,,,,,,,,,,
20260603,C0056,2026-06-03T17:38:57.867061,O00001,Completed,2026-06-03T20:57:45.486Z,Card,orders_S006_20260603.json,ST015,S006,S006_O00001,FUTURE_TIMESTAMP,2026-06-03T17:42:56.835Z,,,,,,,,,,,,
20260603,C0027,2026-06-03T17:38:57.867061,O00002,Completed,2026-06-03T20:33:45.486Z,UPI,orders_S006_20260603.json,ST006,S006,S006_O00002,FUTURE_TIMESTAMP,2026-06-03T17:42:56.835Z,,,,,,,,,,,,
20260603,C0067,2026-06-03T17:38:57.867061,O00003,Completed,2026-06-03T21:41:12.486Z,UPI,orders_S006_20260603.json,ST005,S006,S006_O00003,FUTURE_TIMESTAMP,2026-06-03T17:42:56.835Z,,,,,,,,,,,,
20260603,C0184,2026-06-03T17:38:57.867061,O00004,Completed,2026-06-03T20:02:40.486Z,UPI,orders_S006_20260603.json,ST001,S006,S006_O00004,FUTURE_TIMESTAMP,2026-06-03T17:42:56.835Z,,,,,,,,,,,,
20260603,C0154,2026-06-03T17:38:57.867061,O00005,Completed,2026-06-03T21:32:22.486Z,UPI,orders_S006_20260603.json,ST006,S006,S006_O00005,FUTURE_TIMESTAMP,2026-06-03T17:42:56.835Z,,,,,,,,,,,,
20260603,C0155,2026-06-03T17:38:57.867061,O00006,Completed,2026-06-03T19:28:09.486Z,UPI,orders_S006_20260603.json,ST014,S006,S006_O00006,FUTURE_TIMESTAMP,2026-06-03T17:42:56.835Z,,,,,,,,,,,,
20260603,C0043,2026-06-03T17:38:57.867061,O00009,Completed,2026-06-03T20:08:42.486Z,UPI,orders_S006_20260603.json,ST011,S006,S006_O00009,FUTURE_TIMESTAMP,2026-06-03T17:42:56.835Z,,,,,,,,,,,,
20260603,C0005,2026-06-03T17:38:57.867061,O00012,Completed,2026-06-03T20:18:52.486Z,UPI,orders_S006_20260603.json,ST015,S006,S006_O00012,FUTURE_TIMESTAMP,2026-06-03T17:42:56.835Z,,,,,,,,,,,,
20260603,C0039,2026-06-03T17:38:57.867061,O00014,Completed,2026-06-03T19:43:35.486Z,Cash,orders_S006_20260603.json,ST004,S006,S006_O00014,FUTURE_TIMESTAMP,2026-06-03T17:42:56.835Z,,,,,,,,,,,,
20260603,C0006,2026-06-03T17:38:57.867061,O00018,Completed,2026-06-03T15:31:45.486Z,Crypto,orders_S006_20260603.json,ST003,S006,S006_O00018,INVALID_PAYMENT_MODE: Crypto,2026-06-03T17:42:56.835Z,,,,,,,,,,,,
20260603,C0024,2026-06-03T17:38:57.867061,O00019,Completed,2026-06-03T18:26:26.486Z,Card,orders_S006_20260603.json,ST012,S006,S006_O00019,FUTURE_TIMESTAMP,2026-06-03T17:42:56.835Z,,,,,,,,,,,,
20260603,C0016,2026-06-03T17:38:57.867061,O00020,Completed,2026-06-03T19:01:51.486Z,UPI,orders_S006_20260603.json,ST003,S006,S006_O00020,FUTURE_TIMESTAMP,2026-06-03T17:42:56.835Z,,,,,,,,,,,,
20260603,C0056,2026-06-03T17:38:57.867061,O00022,Completed,2026-06-03T21:17:54.486Z,UPI,orders_S006_20260603.json,ST013,S006,S006_O00022,FUTURE_TIMESTAMP,2026-06-03T17:42:56.835Z,,,,,,,,,,,,
20260603,C0014,2026-06-03T17:38:57.867061,O00023,Completed,2026-06-03T21:34:02.486Z,Card,orders_S006_20260603.json,ST015,S006,S006_O00023,FUTURE_TIMESTAMP,2026-06-03T17:42:56.835Z,,,,,,,,,,,,
20260603,C0014,2026-06-03T17:38:57.867061,O00025,Completed,2026-06-03T18:11:51.486Z,UPI,orders_S006_20260603.json,ST012,S006,S006_O00025,FUTURE_TIMESTAMP,2026-06-03T17:42:56.835Z,,,,,,,,,,,,
20260603,C0224,2026-06-03T17:38:57.867061,O00026,Completed,2026-06-03T18:00:21.486Z,Cash,orders_S006_20260603.json,ST011,S006,S006_O00026,FUTURE_TIMESTAMP,2026-06-03T17:42:56.835Z,,,,,,,,,,,,
20260603,C0140,2026-06-03T17:38:57.867061,O00028,Completed,2027-06-03T16:40:16.486Z,Cash,orders_S006_20260603.json,ST013,S006,S006_O00028,FUTURE_TIMESTAMP,2026-06-03T17:42:56.835Z,,,,,,,,,,,,
20260603,C0168,2026-06-03T17:38:57.867061,O00029,Completed,2027-06-03T16:02:01.486Z,Card,orders_S006_20260603.json,ST002,S006,S006_O00029,FUTURE_TIMESTAMP,2026-06-03T17:42:56.835Z,,,,,,,,,,,,
20260603,C0029,2026-06-03T17:38:57.867061,O00030,Completed,2026-06-03T18:09:46.486Z,Card,orders_S006_20260603.json,ST014,S006,S006_O00030,FUTURE_TIMESTAMP,2026-06-03T17:42:56.835Z,,,,,,,,,,,,
20260603,C0078,2026-06-03T17:38:57.867061,O00031,Completed,2026-06-03T20:07:06.486Z,UPI,orders_S006_20260603.json,ST006,S006,S006_O00031,FUTURE_TIMESTAMP,2026-06-03T17:42:56.835Z,,,,,,,,,,,,
20260603,C0080,2026-06-03T17:38:57.867061,O00032,Completed,2026-06-03T20:45:10.486Z,UPI,orders_S006_20260603.json,ST015,S006,S006_O00032,FUTURE_TIMESTAMP,2026-06-03T17:42:56.835Z,,,,,,,,,,,,
20260603,C0225,2026-06-03T17:38:57.867061,O00033,Completed,2027-06-03T20:58:15.486Z,UPI,orders_S006_20260603.json,ST002,S006,S006_O00033,FUTURE_TIMESTAMP,2026-06-03T17:42:56.835Z,,,,,,,,,,,,
20260603,C0151,2026-06-03T17:38:57.867061,O00034,Completed,2026-06-03T20:20:46.486Z,Cash,orders_S006_20260603.json,ST001,S006,S006_O00034,FUTURE_TIMESTAMP,2026-06-03T17:42:56.835Z,,,,,,,,,,,,
20260603,C0060,2026-06-03T17:38:57.867061,O00035,Completed,2026-06-03T20:17:03.486Z,UPI,orders_S006_20260603.json,ST014,S006,S006_O00035,FUTURE_TIMESTAMP,2026-06-03T17:42:56.835Z,,,,,,,,,,,,
20260603,C0267,2026-06-03T17:38:57.867061,O00037,Completed,2026-06-03T20:37:59.486Z,UPI,orders_S006_20260603.json,ST004,S006,S006_O00037,FUTURE_TIMESTAMP,2026-06-03T17:42:56.835Z,,,,,,,,,,,,
20260603,C0002,2026-06-03T17:38:57.867061,O00039,Completed,2026-06-03T19:29:02.486Z,Cash,orders_S006_20260603.json,ST002,S006,S006_O00039,FUTURE_TIMESTAMP,2026-06-03T17:42:56.835Z,,,,,,,,,,,,
20260603,C0108,2026-06-03T17:38:57.867061,O00040,Completed,2026-06-03T20:36:23.486Z,Card,orders_S006_20260603.json,ST002,S006,S006_O00040,FUTURE_TIMESTAMP,2026-06-03T17:42:56.835Z,,,,,,,,,,,,
20260603,C0148,2026-06-03T17:38:57.867061,O00044,Completed,2026-06-03T20:24:38.486Z,UPI,orders_S006_20260603.json,ST008,S006,S006_O00044,FUTURE_TIMESTAMP,2026-06-03T17:42:56.835Z,,,,,,,,,,,,
20260603,C0123,2026-06-03T17:38:57.867061,O00045,Completed,2026-06-03T21:05:27.486Z,UPI,orders_S006_20260603.json,ST006,S006,S006_O00045,FUTURE_TIMESTAMP,2026-06-03T17:42:56.835Z,,,,,,,,,,,,
20260603,C0004,2026-06-03T17:38:57.867061,O00046,Completed,2026-06-03T19:13:55.486Z,Card,orders_S006_20260603.json,ST002,S006,S006_O00046,FUTURE_TIMESTAMP,2026-06-03T17:42:56.835Z,,,,,,,,,,,,
20260603,C0281,2026-06-03T17:38:57.867061,O00048,Completed,2026-06-03T19:29:10.486Z,UPI,orders_S006_20260603.json,ST008,S006,S006_O00048,FUTURE_TIMESTAMP,2026-06-03T17:42:56.835Z,,,,,,,,,,,,
20260603,C0146,2026-06-03T17:38:57.867061,O00049,Completed,2026-06-03T18:07:22.486Z,Crypto,orders_S006_20260603.json,ST014,S006,S006_O00049,INVALID_PAYMENT_MODE: Crypto,2026-06-03T17:42:56.835Z,,,,,,,,,,,,
20260603,C0012,2026-06-03T17:38:57.867061,O00050,Completed,2026-06-03T20:38:33.486Z,UPI,orders_S006_20260603.json,ST006,S006,S006_O00050,FUTURE_TIMESTAMP,2026-06-03T17:42:56.835Z,,,,,,,,,,,,
20260603,C0052,2026-06-03T17:38:57.867061,O00051,Completed,2026-06-03T18:05:38.486Z,Cash,orders_S006_20260603.json,ST005,S006,S006_O00051,FUTURE_TIMESTAMP,2026-06-03T17:42:56.835Z,,,,,,,,,,,,
20260603,C0209,2026-06-03T17:38:57.867061,O00052,Completed,2026-06-03T17:47:40.486Z,UPI,orders_S006_20260603.json,ST010,S006,S006_O00052,FUTURE_TIMESTAMP,2026-06-03T17:42:56.835Z,,,,,,,,,,,,
20260603,C0053,2026-06-03T17:38:57.867061,O00053,Completed,2026-06-03T21:54:44.486Z,Card,orders_S006_20260603.json,ST008,S006,S006_O00053,FUTURE_TIMESTAMP,2026-06-03T17:42:56.835Z,,,,,,,,,,,,
20260603,C0260,2026-06-03T17:38:57.867061,O00056,Completed,2026-06-03T19:44:20.486Z,Cash,orders_S006_20260603.json,ST013,S006,S006_O00056,FUTURE_TIMESTAMP,2026-06-03T17:42:56.835Z,,,,,,,,,,,,
20260603,C0041,2026-06-03T17:38:57.867061,O00057,Completed,2026-06-03T20:51:14.486Z,Card,orders_S006_20260603.json,ST001,S006,S006_O00057,FUTURE_TIMESTAMP,2026-06-03T17:42:56.835Z,,,,,,,,,,,,
20260603,C0042,2026-06-03T17:38:57.867061,O00060,Completed,2026-06-03T18:07:14.486Z,Card,orders_S006_20260603.json,ST007,S006,S006_O00060,FUTURE_TIMESTAMP,2026-06-03T17:42:56.835Z,,,,,,,,,,,,
20260603,C0053,2026-06-03T17:38:57.867061,O00061,Completed,2026-06-03T19:09:38.486Z,UPI,orders_S006_20260603.json,ST007,S006,S006_O00061,FUTURE_TIMESTAMP,2026-06-03T17:42:56.835Z,,,,,,,,,,,,
20260603,C0143,2026-06-03T17:38:57.867061,O00064,Completed,2026-06-03T19:15:09.486Z,Card,orders_S006_20260603.json,ST010,S006,S006_O00064,FUTURE_TIMESTAMP,2026-06-03T17:42:56.835Z,,,,,,,,,,,,
20260603,C0231,2026-06-03T17:38:57.867061,O00065,Completed,2026-06-03T21:58:08.486Z,UPI,orders_S006_20260603.json,ST015,S006,S006_O00065,FUTURE_TIMESTAMP,2026-06-03T17:42:56.835Z,,,,,,,,,,,,
20260603,C0097,2026-06-03T17:38:57.867061,O00067,Completed,2026-06-03T21:52:14.486Z,Cash,orders_S006_20260603.json,ST013,S006,S006_O00067,FUTURE_TIMESTAMP,2026-06-03T17:42:56.835Z,,,,,,,,,,,,
20260603,C0056,2026-06-03T17:38:57.867061,O00069,Completed,2026-06-03T20:42:27.486Z,Card,orders_S006_20260603.json,ST008,S006,S006_O00069,FUTURE_TIMESTAMP,2026-06-03T17:42:56.835Z,,,,,,,,,,,,
20260603,C0021,2026-06-03T17:38:57.867061,O00073,Completed,2026-06-03T19:32:04.486Z,UPI,orders_S006_20260603.json,ST008,S006,S006_O00073,FUTURE_TIMESTAMP,2026-06-03T17:42:56.835Z,,,,,,,,,,,,
20260603,C0030,2026-06-03T17:38:57.867061,O00076,Completed,2026-06-03T18:21:27.486Z,Cash,orders_S006_20260603.json,ST015,S006,S006_O00076,FUTURE_TIMESTAMP,2026-06-03T17:42:56.835Z,,,,,,,,,,,,
20260603,C0081,2026-06-03T17:38:57.867061,O00077,Completed,2026-06-03T19:32:16.486Z,Cash,orders_S006_20260603.json,ST006,S006,S006_O00077,FUTURE_TIMESTAMP,2026-06-03T17:42:56.835Z,,,,,,,,,,,,
20260603,C0013,2026-06-03T17:38:57.867061,O00078,Completed,2026-06-03T21:55:50.486Z,UPI,orders_S006_20260603.json,ST008,S006,S006_O00078,FUTURE_TIMESTAMP,2026-06-03T17:42:56.835Z,,,,,,,,,,,,
20260603,C0041,2026-06-03T17:38:57.867061,O00079,Completed,2026-06-03T19:27:36.486Z,UPI,orders_S006_20260603.json,ST013,S006,S006_O00079,FUTURE_TIMESTAMP,2026-06-03T17:42:56.835Z,,,,,,,,,,,,
20260603,C0299,2026-06-03T17:38:57.867061,O00082,Completed,2026-06-03T19:07:53.486Z,Cash,orders_S006_20260603.json,ST015,S006,S006_O00082,FUTURE_TIMESTAMP,2026-06-03T17:42:56.835Z,,,,,,,,,,,,
20260603,C0026,2026-06-03T17:38:57.867061,O00083,Completed,2026-06-03T19:08:30.486Z,Card,orders_S006_20260603.json,ST014,S006,S006_O00083,FUTURE_TIMESTAMP,2026-06-03T17:42:56.835Z,,,,,,,,,,,,
20260603,C0011,2026-06-03T17:38:57.867061,O00085,Completed,2026-06-03T18:26:09.486Z,UPI,orders_S006_20260603.json,ST003,S006,S006_O00085,FUTURE_TIMESTAMP,2026-06-03T17:42:56.835Z,,,,,,,,,,,,
20260603,C0030,2026-06-03T17:38:57.867061,O00086,Completed,2026-06-03T18:11:10.486Z,Cash,orders_S006_20260603.json,ST010,S006,S006_O00086,FUTURE_TIMESTAMP,2026-06-03T17:42:56.835Z,,,,,,,,,,,,
20260603,,2026-06-03T17:38:57.867061,O00087,Completed,2026-06-03T16:55:58.486Z,UPI,orders_S006_20260603.json,ST014,S006,S006_O00087,MISSING_CUSTOMER_ID,2026-06-03T17:42:56.835Z,,,,,,,,,,,,
20260603,C0015,2026-06-03T17:38:57.867061,O00088,Completed,2026-06-03T18:46:35.486Z,UPI,orders_S006_20260603.json,ST004,S006,S006_O00088,FUTURE_TIMESTAMP,2026-06-03T17:42:56.835Z,,,,,,,,,,,,
20260603,C0002,2026-06-03T17:38:57.867061,O00090,Completed,2026-06-03T19:34:09.486Z,Cash,orders_S006_20260603.json,ST015,S006,S006_O00090,FUTURE_TIMESTAMP,2026-06-03T17:42:56.835Z,,,,,,,,,,,,
20260603,C0159,2026-06-03T17:38:57.867061,O00091,Completed,2026-06-03T21:29:18.486Z,Cash,orders_S006_20260603.json,ST010,S006,S006_O00091,FUTURE_TIMESTAMP,2026-06-03T17:42:56.835Z,,,,,,,,,,,,
20260603,C0253,2026-06-03T17:38:57.867061,O00093,Completed,2026-06-03T21:38:56.486Z,UPI,orders_S006_20260603.json,ST001,S006,S006_O00093,FUTURE_TIMESTAMP,2026-06-03T17:42:56.835Z,,,,,,,,,,,,
20260603,C0002,2026-06-03T17:38:57.867061,O00094,Completed,2026-06-03T18:05:59.486Z,Card,orders_S006_20260603.json,ST011,S006,S006_O00094,FUTURE_TIMESTAMP,2026-06-03T17:42:56.835Z,,,,,,,,,,,,
20260603,C0072,2026-06-03T17:38:57.867061,O00095,Completed,2026-06-03T19:45:29.486Z,Card,orders_S006_20260603.json,ST013,S006,S006_O00095,FUTURE_TIMESTAMP,2026-06-03T17:42:56.835Z,,,,,,,,,,,,
20260603,C0004,2026-06-03T17:38:57.867061,O00097,Completed,2026-06-03T17:55:07.486Z,UPI,orders_S006_20260603.json,ST003,S006,S006_O00097,FUTURE_TIMESTAMP,2026-06-03T17:42:56.835Z,,,,,,,,,,,,
20260603,C0083,2026-06-03T17:38:57.867061,O00098,Completed,2026-06-03T19:54:00.486Z,Cash,orders_S006_20260603.json,ST004,S006,S006_O00098,FUTURE_TIMESTAMP,2026-06-03T17:42:56.835Z,,,,,,,,,,,,
20260603,C0197,2026-06-03T17:38:57.867061,O00099,Completed,2026-06-03T20:14:12.486Z,UPI,orders_S006_20260603.json,ST005,S006,S006_O00099,FUTURE_TIMESTAMP,2026-06-03T17:42:56.835Z,,,,,,,,,,,,
20260603,,2026-06-03T17:38:57.867061,O00100,Completed,2026-06-03T20:38:52.486Z,UPI,orders_S006_20260603.json,ST012,S006,S006_O00100,MISSING_CUSTOMER_ID,2026-06-03T17:42:56.835Z,,,,,,,,,,,,
20260603,C0032,2026-06-03T17:38:57.867061,O00101,Completed,2026-06-03T18:40:21.486Z,Cash,orders_S006_20260603.json,ST006,S006,S006_O00101,FUTURE_TIMESTAMP,2026-06-03T17:42:56.835Z,,,,,,,,,,,,
20260603,C0164,2026-06-03T17:38:57.867061,O00102,Completed,2026-06-03T21:43:27.486Z,UPI,orders_S006_20260603.json,ST008,S006,S006_O00102,FUTURE_TIMESTAMP,2026-06-03T17:42:56.835Z,,,,,,,,,,,,
20260603,C0024,2026-06-03T17:38:57.867061,O00103,Completed,2026-06-03T20:25:52.486Z,UPI,orders_S006_20260603.json,ST012,S006,S006_O00103,FUTURE_TIMESTAMP,2026-06-03T17:42:56.835Z,,,,,,,,,,,,
20260603,C0052,2026-06-03T17:38:57.867061,O00105,Completed,2026-06-03T19:57:04.486Z,UPI,orders_S006_20260603.json,ST011,S006,S006_O00105,FUTURE_TIMESTAMP,2026-06-03T17:42:56.835Z,,,,,,,,,,,,
20260603,C0027,2026-06-03T17:38:57.867061,O00106,Completed,2026-06-03T20:04:52.486Z,UPI,orders_S006_20260603.json,ST010,S006,S006_O00106,FUTURE_TIMESTAMP,2026-06-03T17:42:56.835Z,,,,,,,,,,,,
20260603,C0004,2026-06-03T17:38:57.867061,O00107,Completed,2026-06-03T20:32:54.486Z,Cash,orders_S006_20260603.json,ST007,S006,S006_O00107,FUTURE_TIMESTAMP,2026-06-03T17:42:56.835Z,,,,,,,,,,,,
20260603,C0042,2026-06-03T17:38:57.867061,O00108,Completed,2026-06-03T21:05:34.486Z,UPI,orders_S006_20260603.json,ST015,S006,S006_O00108,FUTURE_TIMESTAMP,2026-06-03T17:42:56.835Z,,,,,,,,,,,,
20260603,C0111,2026-06-03T17:38:57.867061,O00109,Completed,2026-06-03T18:52:23.486Z,Cash,orders_S006_20260603.json,ST015,S006,S006_O00109,FUTURE_TIMESTAMP,2026-06-03T17:42:56.835Z,,,,,,,,,,,,
20260603,C0012,2026-06-03T17:38:57.867061,O00111,Completed,2026-06-03T19:54:05.486Z,Card,orders_S006_20260603.json,ST006,S006,S006_O00111,FUTURE_TIMESTAMP,2026-06-03T17:42:56.835Z,,,,,,,,,,,,
20260603,C0161,2026-06-03T17:38:57.867061,O00112,Completed,2026-06-03T18:03:22.486Z,UPI,orders_S006_20260603.json,ST003,S006,S006_O00112,FUTURE_TIMESTAMP,2026-06-03T17:42:56.835Z,,,,,,,,,,,,
20260603,C0031,2026-06-03T17:38:57.867061,O00113,Completed,2026-06-03T20:05:34.486Z,Cash,orders_S006_20260603.json,ST005,S006,S006_O00113,FUTURE_TIMESTAMP,2026-06-03T17:42:56.835Z,,,,,,,,,,,,
20260603,C0030,2026-06-03T17:38:57.867061,O00114,Completed,2026-06-03T19:36:39.486Z,Cash,orders_S006_20260603.json,ST012,S006,S006_O00114,FUTURE_TIMESTAMP,2026-06-03T17:42:56.835Z,,,,,,,,,,,,
20260603,C0001,2026-06-03T17:38:57.867061,O00115,Completed,2026-06-03T21:29:47.486Z,UPI,orders_S006_20260603.json,ST002,S006,S006_O00115,FUTURE_TIMESTAMP,2026-06-03T17:42:56.835Z,,,,,,,,,,,,
20260603,C0021,2026-06-03T17:38:57.867061,O00117,Completed,2026-06-03T19:35:47.486Z,UPI,orders_S006_20260603.json,ST015,S006,S006_O00117,FUTURE_TIMESTAMP,2026-06-03T17:42:56.835Z,,,,,,,,,,,,
20260603,C0243,2026-06-03T17:38:57.867061,O00118,Completed,2026-06-03T19:43:51.486Z,UPI,orders_S006_20260603.json,ST011,S006,S006_O00118,FUTURE_TIMESTAMP,2026-06-03T17:42:56.835Z,,,,,,,,,,,,
20260603,C0060,2026-06-03T17:38:57.867061,O00121,Completed,2026-06-03T18:35:23.486Z,Cash,orders_S006_20260603.json,ST007,S006,S006_O00121,FUTURE_TIMESTAMP,2026-06-03T17:42:56.835Z,,,,,,,,,,,,
20260603,C0196,2026-06-03T17:38:57.867061,O00124,Completed,2026-06-03T19:03:24.486Z,Cash,orders_S006_20260603.json,ST014,S006,S006_O00124,FUTURE_TIMESTAMP,2026-06-03T17:42:56.835Z,,,,,,,,,,,,
20260603,C0012,2026-06-03T17:38:57.867061,O00126,Completed,2026-06-03T18:10:17.486Z,Card,orders_S006_20260603.json,ST014,S006,S006_O00126,FUTURE_TIMESTAMP,2026-06-03T17:42:56.835Z,,,,,,,,,,,,
20260603,C0056,2026-06-03T17:38:57.867061,O00127,Completed,2026-06-03T19:58:28.486Z,UPI,orders_S006_20260603.json,ST013,S006,S006_O00127,FUTURE_TIMESTAMP,2026-06-03T17:42:56.835Z,,,,,,,,,,,,
20260603,C0277,2026-06-03T17:38:57.867061,O00130,Completed,2026-06-03T21:26:34.486Z,UPI,orders_S006_20260603.json,ST006,S006,S006_O00130,FUTURE_TIMESTAMP,2026-06-03T17:42:56.835Z,,,,,,,,,,,,
20260603,C0139,2026-06-03T17:38:57.867061,O00131,Completed,2026-06-03T19:22:36.486Z,UPI,orders_S006_20260603.json,ST008,S006,S006_O00131,FUTURE_TIMESTAMP,2026-06-03T17:42:56.835Z,,,,,,,,,,,,
20260603,C0072,2026-06-03T17:38:57.867061,O00132,Completed,2026-06-03T20:24:47.486Z,Cash,orders_S006_20260603.json,ST010,S006,S006_O00132,FUTURE_TIMESTAMP,2026-06-03T17:42:56.835Z,,,,,,,,,,,,
20260603,C0292,2026-06-03T17:38:57.867061,O00133,Completed,2026-06-03T19:40:34.486Z,Card,orders_S006_20260603.json,ST014,S006,S006_O00133,FUTURE_TIMESTAMP,2026-06-03T17:42:56.835Z,,,,,,,,,,,,
20260603,C0047,2026-06-03T17:38:57.867061,O00135,Completed,2026-06-03T19:54:58.486Z,UPI,orders_S006_20260603.json,ST008,S006,S006_O00135,FUTURE_TIMESTAMP,2026-06-03T17:42:56.835Z,,,,,,,,,,,,
20260603,C0280,2026-06-03T17:38:57.867061,O00137,Completed,2026-06-03T17:57:56.486Z,Cash,orders_S006_20260603.json,ST009,S006,S006_O00137,FUTURE_TIMESTAMP,2026-06-03T17:42:56.835Z,,,,,,,,,,,,
20260603,C0254,2026-06-03T17:38:57.867061,O00138,Completed,2026-06-03T19:09:47.486Z,UPI,orders_S006_20260603.json,ST010,S006,S006_O00138,FUTURE_TIMESTAMP,2026-06-03T17:42:56.835Z,,,,,,,,,,,,
20260603,C0181,2026-06-03T17:38:57.867061,O00139,Completed,2026-06-03T20:29:05.486Z,UPI,orders_S006_20260603.json,ST006,S006,S006_O00139,FUTURE_TIMESTAMP,2026-06-03T17:42:56.835Z,,,,,,,,,,,,
20260603,C0076,2026-06-03T17:38:57.867061,O00140,Completed,2026-06-03T20:32:17.486Z,Card,orders_S006_20260603.json,ST004,S006,S006_O00140,FUTURE_TIMESTAMP,2026-06-03T17:42:56.835Z,,,,,,,,,,,,
20260603,C0029,2026-06-03T17:38:57.867061,O00142,Completed,2026-06-03T21:30:37.486Z,Crypto,orders_S006_20260603.json,ST011,S006,S006_O00142,INVALID_PAYMENT_MODE: Crypto,2026-06-03T17:42:56.835Z,,,,,,,,,,,,
20260603,C0274,2026-06-03T17:38:57.867061,O00144,Completed,2026-06-03T20:33:32.486Z,Cash,orders_S006_20260603.json,ST011,S006,S006_O00144,FUTURE_TIMESTAMP,2026-06-03T17:42:56.835Z,,,,,,,,,,,,
20260603,C0048,2026-06-03T17:38:57.867061,O00145,Completed,2026-06-03T21:04:34.486Z,Card,orders_S006_20260603.json,ST011,S006,S006_O00145,FUTURE_TIMESTAMP,2026-06-03T17:42:56.835Z,,,,,,,,,,,,
20260603,C0051,2026-06-03T17:38:57.867061,O00147,Completed,2026-06-03T21:08:37.486Z,Cash,orders_S006_20260603.json,ST004,S006,S006_O00147,FUTURE_TIMESTAMP,2026-06-03T17:42:56.835Z,,,,,,,,,,,,
20260603,C0070,2026-06-03T17:38:57.867061,O00148,Completed,2026-06-03T19:20:36.486Z,UPI,orders_S006_20260603.json,ST007,S006,S006_O00148,FUTURE_TIMESTAMP,2026-06-03T17:42:56.835Z,,,,,,,,,,,,
20260603,C0129,2026-06-03T17:38:57.867061,O00149,Completed,2026-06-03T20:03:37.486Z,Card,orders_S006_20260603.json,ST014,S006,S006_O00149,FUTURE_TIMESTAMP,2026-06-03T17:42:56.835Z,,,,,,,,,,,,
20260603,C0271,2026-06-03T17:38:57.867061,O00150,Completed,2026-06-03T19:03:22.486Z,Card,orders_S006_20260603.json,ST009,S006,S006_O00150,FUTURE_TIMESTAMP,2026-06-03T17:42:56.835Z,,,,,,,,,,,,
20260603,C0038,2026-06-03T17:38:57.867061,O00151,Completed,2026-06-03T19:27:54.486Z,UPI,orders_S006_20260603.json,ST011,S006,S006_O00151,FUTURE_TIMESTAMP,2026-06-03T17:42:56.835Z,,,,,,,,,,,,
20260603,C0190,2026-06-03T17:38:57.867061,O00153,Completed,2026-06-03T20:49:48.486Z,Cash,orders_S006_20260603.json,ST006,S006,S006_O00153,FUTURE_TIMESTAMP,2026-06-03T17:42:56.835Z,,,,,,,,,,,,
20260603,,2026-06-03T17:38:57.867061,O00154,Completed,2026-06-03T20:46:17.486Z,Cash,orders_S006_20260603.json,ST010,S006,S006_O00154,MISSING_CUSTOMER_ID,2026-06-03T17:42:56.835Z,,,,,,,,,,,,
20260603,C0200,2026-06-03T17:38:57.867061,O00155,Completed,2026-06-03T19:51:57.486Z,Cash,orders_S006_20260603.json,ST004,S006,S006_O00155,FUTURE_TIMESTAMP,2026-06-03T17:42:56.835Z,,,,,,,,,,,,
20260603,C0013,2026-06-03T17:38:57.867061,O00156,Completed,2026-06-03T19:46:44.486Z,UPI,orders_S006_20260603.json,ST010,S006,S006_O00156,FUTURE_TIMESTAMP,2026-06-03T17:42:56.835Z,,,,,,,,,,,,
20260603,C0048,2026-06-03T17:38:57.867061,O00157,Completed,2026-06-03T20:09:50.486Z,Card,orders_S006_20260603.json,ST014,S006,S006_O00157,FUTURE_TIMESTAMP,2026-06-03T17:42:56.835Z,,,,,,,,,,,,
20260603,C0014,2026-06-03T17:38:57.867061,O00158,Completed,2026-06-03T19:46:13.486Z,Cash,orders_S006_20260603.json,ST015,S006,S006_O00158,FUTURE_TIMESTAMP,2026-06-03T17:42:56.835Z,,,,,,,,,,,,
20260603,C0216,2026-06-03T17:38:57.867061,O00160,Completed,2026-06-03T19:32:44.486Z,Cash,orders_S006_20260603.json,ST004,S006,S006_O00160,FUTURE_TIMESTAMP,2026-06-03T17:42:56.835Z,,,,,,,,,,,,
20260603,C0084,2026-06-03T17:38:57.867061,O00161,Completed,2026-06-03T17:56:30.486Z,Cash,orders_S006_20260603.json,ST012,S006,S006_O00161,FUTURE_TIMESTAMP,2026-06-03T17:42:56.835Z,,,,,,,,,,,,
20260603,C0053,2026-06-03T17:38:57.867061,O00162,Completed,2026-06-03T19:21:54.486Z,Cash,orders_S006_20260603.json,ST015,S006,S006_O00162,FUTURE_TIMESTAMP,2026-06-03T17:42:56.835Z,,,,,,,,,,,,
20260603,C0174,2026-06-03T17:38:57.867061,O00165,Completed,2026-06-03T18:31:46.486Z,Cash,orders_S006_20260603.json,ST002,S006,S006_O00165,FUTURE_TIMESTAMP,2026-06-03T17:42:56.835Z,,,,,,,,,,,,
20260603,C0011,2026-06-03T17:38:57.867061,O00166,Completed,2026-06-03T21:59:41.486Z,Cash,orders_S006_20260603.json,ST015,S006,S006_O00166,FUTURE_TIMESTAMP,2026-06-03T17:42:56.835Z,,,,,,,,,,,,
20260603,C0053,2026-06-03T17:38:57.867061,O00167,Completed,2026-06-03T20:52:46.486Z,Card,orders_S006_20260603.json,ST011,S006,S006_O00167,FUTURE_TIMESTAMP,2026-06-03T17:42:56.835Z,,,,,,,,,,,,
20260603,C0040,2026-06-03T17:38:57.867061,O00168,Completed,2026-06-03T17:58:40.486Z,Cash,orders_S006_20260603.json,ST011,S006,S006_O00168,FUTURE_TIMESTAMP,2026-06-03T17:42:56.835Z,,,,,,,,,,,,
20260603,C0026,2026-06-03T17:38:57.867061,O00169,Completed,2026-06-03T19:25:04.486Z,UPI,orders_S006_20260603.json,ST001,S006,S006_O00169,FUTURE_TIMESTAMP,2026-06-03T17:42:56.835Z,,,,,,,,,,,,
20260603,C0195,2026-06-03T17:38:57.867061,O00171,Completed,2026-06-03T21:04:10.486Z,UPI,orders_S006_20260603.json,ST012,S006,S006_O00171,FUTURE_TIMESTAMP,2026-06-03T17:42:56.835Z,,,,,,,,,,,,
20260603,C0035,2026-06-03T17:38:57.867061,O00172,Completed,2026-06-03T19:32:54.486Z,Card,orders_S006_20260603.json,ST002,S006,S006_O00172,FUTURE_TIMESTAMP,2026-06-03T17:42:56.835Z,,,,,,,,,,,,
20260603,C0013,2026-06-03T17:38:57.867061,O00173,Completed,2026-06-03T19:39:22.486Z,UPI,orders_S006_20260603.json,ST011,S006,S006_O00173,FUTURE_TIMESTAMP,2026-06-03T17:42:56.835Z,,,,,,,,,,,,
20260603,C0057,2026-06-03T17:38:57.867061,O00174,Completed,2026-06-03T18:35:42.486Z,Card,orders_S006_20260603.json,ST004,S006,S006_O00174,FUTURE_TIMESTAMP,2026-06-03T17:42:56.835Z,,,,,,,,,,,,
20260603,C0007,2026-06-03T17:38:57.867061,O00175,Completed,2026-06-03T21:06:21.486Z,Card,orders_S006_20260603.json,ST008,S006,S006_O00175,FUTURE_TIMESTAMP,2026-06-03T17:42:56.835Z,,,,,,,,,,,,
20260603,C0128,2026-06-03T17:38:57.867061,O00176,Completed,2026-06-03T19:14:49.486Z,UPI,orders_S006_20260603.json,ST010,S006,S006_O00176,FUTURE_TIMESTAMP,2026-06-03T17:42:56.835Z,,,,,,,,,,,,
20260603,C0014,2026-06-03T17:38:57.867061,O00177,Completed,2026-06-03T20:21:41.486Z,Cash,orders_S006_20260603.json,ST012,S006,S006_O00177,FUTURE_TIMESTAMP,2026-06-03T17:42:56.835Z,,,,,,,,,,,,
20260603,C0197,2026-06-03T17:38:57.867061,O00178,Completed,2026-06-03T21:46:39.486Z,UPI,orders_S006_20260603.json,ST001,S006,S006_O00178,FUTURE_TIMESTAMP,2026-06-03T17:42:56.835Z,,,,,,,,,,,,
20260603,C0223,2026-06-03T17:38:57.867061,O00181,Completed,2026-06-03T17:44:10.486Z,UPI,orders_S006_20260603.json,ST001,S006,S006_O00181,FUTURE_TIMESTAMP,2026-06-03T17:42:56.835Z,,,,,,,,,,,,
20260603,C0051,2026-06-03T17:38:57.867061,O00182,Completed,2026-06-03T20:44:37.486Z,UPI,orders_S006_20260603.json,ST006,S006,S006_O00182,FUTURE_TIMESTAMP,2026-06-03T17:42:56.835Z,,,,,,,,,,,,
20260603,C0052,2026-06-03T17:38:57.867061,O00183,Completed,2026-06-03T21:23:49.486Z,Card,orders_S006_20260603.json,ST006,S006,S006_O00183,FUTURE_TIMESTAMP,2026-06-03T17:42:56.835Z,,,,,,,,,,,,
20260603,C0219,2026-06-03T17:38:57.867061,O00184,Completed,2026-06-03T19:15:03.486Z,Card,orders_S006_20260603.json,ST008,S006,S006_O00184,FUTURE_TIMESTAMP,2026-06-03T17:42:56.835Z,,,,,,,,,,,,
20260603,C0034,2026-06-03T17:38:57.867061,O00185,Completed,2026-06-03T21:05:42.486Z,UPI,orders_S006_20260603.json,ST015,S006,S006_O00185,FUTURE_TIMESTAMP,2026-06-03T17:42:56.835Z,,,,,,,,,,,,
20260603,C0200,2026-06-03T17:38:57.867061,O00186,Completed,2026-06-03T21:24:37.486Z,Cash,orders_S006_20260603.json,ST010,S006,S006_O00186,FUTURE_TIMESTAMP,2026-06-03T17:42:56.835Z,,,,,,,,,,,,
20260603,C0197,2026-06-03T17:38:57.867061,O00188,Completed,2026-06-03T21:54:16.486Z,UPI,orders_S006_20260603.json,ST006,S006,S006_O00188,FUTURE_TIMESTAMP,2026-06-03T17:42:56.835Z,,,,,,,,,,,,
20260603,C0124,2026-06-03T17:38:57.867061,O00189,Completed,2026-06-03T19:43:46.486Z,Card,orders_S006_20260603.json,ST005,S006,S006_O00189,FUTURE_TIMESTAMP,2026-06-03T17:42:56.835Z,,,,,,,,,,,,
20260603,C0004,2026-06-03T17:38:57.867061,O00190,Completed,2026-06-03T19:28:25.486Z,Card,orders_S006_20260603.json,ST013,S006,S006_O00190,FUTURE_TIMESTAMP,2026-06-03T17:42:56.835Z,,,,,,,,,,,,
20260603,C0189,2026-06-03T17:38:57.867061,O00194,Completed,2026-06-03T20:41:07.486Z,UPI,orders_S006_20260603.json,ST003,S006,S006_O00194,FUTURE_TIMESTAMP,2026-06-03T17:42:56.835Z,,,,,,,,,,,,
20260603,C0035,2026-06-03T17:38:57.867061,O00195,Completed,2026-06-03T20:01:13.486Z,Cash,orders_S006_20260603.json,ST010,S006,S006_O00195,FUTURE_TIMESTAMP,2026-06-03T17:42:56.835Z,,,,,,,,,,,,
20260603,C0049,2026-06-03T17:38:57.867061,O00196,Completed,2026-06-03T20:14:31.486Z,UPI,orders_S006_20260603.json,ST005,S006,S006_O00196,FUTURE_TIMESTAMP,2026-06-03T17:42:56.835Z,,,,,,,,,,,,
20260603,C0005,2026-06-03T17:38:57.867061,O00199,Completed,2026-06-03T18:40:12.486Z,Cash,orders_S006_20260603.json,ST003,S006,S006_O00199,FUTURE_TIMESTAMP,2026-06-03T17:42:56.835Z,,,,,,,,,,,,
20260603,C0131,2026-06-03T17:38:57.867061,O00202,Completed,2026-06-03T18:10:00.486Z,Card,orders_S006_20260603.json,ST014,S006,S006_O00202,FUTURE_TIMESTAMP,2026-06-03T17:42:56.835Z,,,,,,,,,,,,
20260603,C0201,2026-06-03T17:38:57.867061,O00203,Completed,2026-06-03T17:56:32.486Z,Card,orders_S006_20260603.json,ST012,S006,S006_O00203,FUTURE_TIMESTAMP,2026-06-03T17:42:56.835Z,,,,,,,,,,,,
20260603,C0177,2026-06-03T17:38:57.867061,O00204,Completed,2026-06-03T18:23:21.486Z,UPI,orders_S006_20260603.json,ST007,S006,S006_O00204,FUTURE_TIMESTAMP,2026-06-03T17:42:56.835Z,,,,,,,,,,,,
20260603,C0161,2026-06-03T17:38:57.867061,O00205,Completed,2026-06-03T19:10:31.486Z,Cash,orders_S006_20260603.json,ST002,S006,S006_O00205,FUTURE_TIMESTAMP,2026-06-03T17:42:56.835Z,,,,,,,,,,,,
20260603,C0052,2026-06-03T17:38:57.867061,O00206,Completed,2026-06-03T21:29:07.486Z,Card,orders_S006_20260603.json,ST005,S006,S006_O00206,FUTURE_TIMESTAMP,2026-06-03T17:42:56.835Z,,,,,,,,,,,,
20260603,C0259,2026-06-03T17:38:57.867061,O00208,Completed,2026-06-03T18:08:15.486Z,UPI,orders_S006_20260603.json,ST015,S006,S006_O00208,FUTURE_TIMESTAMP,2026-06-03T17:42:56.835Z,,,,,,,,,,,,
20260603,C0024,2026-06-03T17:38:57.867061,O00209,Completed,2026-06-03T19:51:20.486Z,Card,orders_S006_20260603.json,ST001,S006,S006_O00209,FUTURE_TIMESTAMP,2026-06-03T17:42:56.835Z,,,,,,,,,,,,
20260603,C0052,2026-06-03T17:38:57.867061,O00210,Completed,2026-06-03T19:02:40.486Z,UPI,orders_S006_20260603.json,ST004,S006,S006_O00210,FUTURE_TIMESTAMP,2026-06-03T17:42:56.835Z,,,,,,,,,,,,
20260603,C0223,2026-06-03T17:38:57.867061,O00211,Completed,2026-06-03T20:40:44.486Z,Cash,orders_S006_20260603.json,ST015,S006,S006_O00211,FUTURE_TIMESTAMP,2026-06-03T17:42:56.835Z,,,,,,,,,,,,
20260603,C0093,2026-06-03T17:38:57.867061,O00215,Completed,2026-06-03T19:05:12.486Z,Card,orders_S006_20260603.json,ST012,S006,S006_O00215,FUTURE_TIMESTAMP,2026-06-03T17:42:56.835Z,,,,,,,,,,,,
20260603,C0227,2026-06-03T17:38:57.867061,O00216,Completed,2026-06-03T18:36:00.486Z,Card,orders_S006_20260603.json,ST013,S006,S006_O00216,FUTURE_TIMESTAMP,2026-06-03T17:42:56.835Z,,,,,,,,,,,,
20260603,C0028,2026-06-03T17:38:57.867061,O00219,Completed,2026-06-03T20:36:39.486Z,UPI,orders_S006_20260603.json,ST001,S006,S006_O00219,FUTURE_TIMESTAMP,2026-06-03T17:42:56.835Z,,,,,,,,,,,,
20260603,C0039,2026-06-03T17:38:57.867061,O00222,Completed,2026-06-03T18:40:33.486Z,UPI,orders_S006_20260603.json,ST001,S006,S006_O00222,FUTURE_TIMESTAMP,2026-06-03T17:42:56.835Z,,,,,,,,,,,,
20260603,C0007,2026-06-03T17:38:57.867061,O00223,Completed,2026-06-03T20:08:15.486Z,UPI,orders_S006_20260603.json,ST009,S006,S006_O00223,FUTURE_TIMESTAMP,2026-06-03T17:42:56.835Z,,,,,,,,,,,,
20260603,C0044,2026-06-03T17:38:57.867061,O00225,Completed,2026-06-03T20:05:48.486Z,UPI,orders_S006_20260603.json,ST012,S006,S006_O00225,FUTURE_TIMESTAMP,2026-06-03T17:42:56.835Z,,,,,,,,,,,,
20260603,,2026-06-03T17:38:57.867061,O00227,Completed,2026-06-03T19:21:11.486Z,UPI,orders_S006_20260603.json,ST007,S006,S006_O00227,MISSING_CUSTOMER_ID,2026-06-03T17:42:56.835Z,,,,,,,,,,,,
20260603,C0148,2026-06-03T17:38:57.867061,O00229,Completed,2026-06-03T20:07:48.486Z,UPI,orders_S006_20260603.json,ST013,S006,S006_O00229,FUTURE_TIMESTAMP,2026-06-03T17:42:56.835Z,,,,,,,,,,,,
20260603,C0154,2026-06-03T17:38:57.867061,O00232,Completed,2026-06-03T19:07:05.486Z,UPI,orders_S006_20260603.json,ST010,S006,S006_O00232,FUTURE_TIMESTAMP,2026-06-03T17:42:56.835Z,,,,,,,,,,,,
20260603,C0092,2026-06-03T17:38:57.867061,O00233,Completed,2026-06-03T20:44:18.486Z,UPI,orders_S006_20260603.json,ST008,S006,S006_O00233,FUTURE_TIMESTAMP,2026-06-03T17:42:56.835Z,,,,,,,,,,,,
20260603,C0015,2026-06-03T17:38:57.867061,O00237,Completed,2026-06-03T19:54:53.486Z,Cash,orders_S006_20260603.json,ST011,S006,S006_O00237,FUTURE_TIMESTAMP,2026-06-03T17:42:56.835Z,,,,,,,,,,,,
20260603,C0214,2026-06-03T17:38:57.867061,O00238,Completed,2026-06-03T18:26:42.486Z,Cash,orders_S006_20260603.json,ST001,S006,S006_O00238,FUTURE_TIMESTAMP,2026-06-03T17:42:56.835Z,,,,,,,,,,,,
20260603,C0059,2026-06-03T17:38:57.867061,O00239,Completed,2026-06-03T21:19:26.486Z,UPI,orders_S006_20260603.json,ST009,S006,S006_O00239,FUTURE_TIMESTAMP,2026-06-03T17:42:56.835Z,,,,,,,,,,,,
20260603,C0278,2026-06-03T17:38:57.867061,O00240,Completed,2026-06-03T18:49:19.486Z,UPI,orders_S006_20260603.json,ST001,S006,S006_O00240,FUTURE_TIMESTAMP,2026-06-03T17:42:56.835Z,,,,,,,,,,,,
20260603,C0247,2026-06-03T17:38:57.867061,O00241,Completed,2026-06-03T18:27:50.486Z,Cash,orders_S006_20260603.json,ST011,S006,S006_O00241,FUTURE_TIMESTAMP,2026-06-03T17:42:56.835Z,,,,,,,,,,,,
20260603,C0167,2026-06-03T17:38:57.867061,O00242,Completed,2026-06-03T19:53:33.486Z,UPI,orders_S006_20260603.json,ST008,S006,S006_O00242,FUTURE_TIMESTAMP,2026-06-03T17:42:56.835Z,,,,,,,,,,,,
20260603,C0108,2026-06-03T17:38:57.867061,O00243,Completed,2026-06-03T19:45:03.486Z,Cash,orders_S006_20260603.json,ST009,S006,S006_O00243,FUTURE_TIMESTAMP,2026-06-03T17:42:56.835Z,,,,,,,,,,,,
20260603,C0047,2026-06-03T17:38:57.867061,O00244,Completed,2026-06-03T19:12:38.486Z,UPI,orders_S006_20260603.json,ST007,S006,S006_O00244,FUTURE_TIMESTAMP,2026-06-03T17:42:56.835Z,,,,,,,,,,,,
20260603,C0014,2026-06-03T17:38:57.867061,O00245,Completed,2026-06-03T20:13:30.486Z,UPI,orders_S006_20260603.json,ST005,S006,S006_O00245,FUTURE_TIMESTAMP,2026-06-03T17:42:56.835Z,,,,,,,,,,,,
20260603,C0183,2026-06-03T17:38:57.867061,O00246,Completed,2026-06-03T20:23:56.486Z,UPI,orders_S006_20260603.json,ST014,S006,S006_O00246,FUTURE_TIMESTAMP,2026-06-03T17:42:56.835Z,,,,,,,,,,,,
20260603,C0086,2026-06-03T17:38:57.867061,O00247,Completed,2026-06-03T19:25:04.486Z,UPI,orders_S006_20260603.json,ST005,S006,S006_O00247,FUTURE_TIMESTAMP,2026-06-03T17:42:56.835Z,,,,,,,,,,,,
20260603,C0175,2026-06-03T17:38:57.867061,O00248,Completed,2026-06-03T18:07:45.486Z,Crypto,orders_S006_20260603.json,ST007,S006,S006_O00248,INVALID_PAYMENT_MODE: Crypto,2026-06-03T17:42:56.835Z,,,,,,,,,,,,
20260603,C0124,2026-06-03T17:38:57.867061,O00249,Completed,2026-06-03T18:34:44.486Z,UPI,orders_S006_20260603.json,ST012,S006,S006_O00249,FUTURE_TIMESTAMP,2026-06-03T17:42:56.835Z,,,,,,,,,,,,
20260603,C0271,2026-06-03T17:38:57.867061,O00250,Completed,2026-06-03T21:23:49.486Z,Cash,orders_S006_20260603.json,ST001,S006,S006_O00250,FUTURE_TIMESTAMP,2026-06-03T17:42:56.835Z,,,,,,,,,,,,
20260603,C0034,2026-06-03T17:38:57.867061,O00251,Completed,2026-06-03T18:33:55.486Z,UPI,orders_S006_20260603.json,ST013,S006,S006_O00251,FUTURE_TIMESTAMP,2026-06-03T17:42:56.835Z,,,,,,,,,,,,
20260603,C0035,2026-06-03T17:38:57.867061,O00252,Completed,2026-06-03T20:18:03.486Z,Cash,orders_S006_20260603.json,ST014,S006,S006_O00252,FUTURE_TIMESTAMP,2026-06-03T17:42:56.835Z,,,,,,,,,,,,
20260603,C0012,2026-06-03T17:38:57.867061,O00253,Completed,2026-06-03T19:42:12.486Z,UPI,orders_S006_20260603.json,ST004,S006,S006_O00253,FUTURE_TIMESTAMP,2026-06-03T17:42:56.835Z,,,,,,,,,,,,
20260603,C0032,2026-06-03T17:38:57.867061,O00254,Completed,2026-06-03T19:33:08.486Z,Cash,orders_S006_20260603.json,ST007,S006,S006_O00254,FUTURE_TIMESTAMP,2026-06-03T17:42:56.835Z,,,,,,,,,,,,
20260603,C0039,2026-06-03T17:38:57.867061,O00255,Completed,2026-06-03T18:02:53.486Z,UPI,orders_S006_20260603.json,ST005,S006,S006_O00255,FUTURE_TIMESTAMP,2026-06-03T17:42:56.835Z,,,,,,,,,,,,
20260603,C0158,2026-06-03T17:38:57.867061,O00256,Completed,2026-06-03T17:56:35.486Z,Card,orders_S006_20260603.json,ST013,S006,S006_O00256,FUTURE_TIMESTAMP,2026-06-03T17:42:56.835Z,,,,,,,,,,,,
20260603,C0024,2026-06-03T17:38:57.867061,O00257,Completed,2026-06-03T18:21:39.486Z,Cash,orders_S006_20260603.json,ST012,S006,S006_O00257,FUTURE_TIMESTAMP,2026-06-03T17:42:56.835Z,,,,,,,,,,,,
20260603,C0004,2026-06-03T17:38:57.867061,O00258,Completed,2026-06-03T19:49:07.486Z,Cash,orders_S006_20260603.json,ST006,S006,S006_O00258,FUTURE_TIMESTAMP,2026-06-03T17:42:56.835Z,,,,,,,,,,,,
20260603,C0116,2026-06-03T17:38:57.867061,O00259,Completed,2026-06-03T20:49:15.486Z,Cash,orders_S006_20260603.json,ST014,S006,S006_O00259,FUTURE_TIMESTAMP,2026-06-03T17:42:56.835Z,,,,,,,,,,,,
20260603,C0067,2026-06-03T17:38:57.867061,O00261,Completed,2026-06-03T20:50:35.486Z,UPI,orders_S006_20260603.json,ST003,S006,S006_O00261,FUTURE_TIMESTAMP,2026-06-03T17:42:56.835Z,,,,,,,,,,,,
20260603,C0241,2026-06-03T17:38:57.867061,O00264,Completed,2026-06-03T21:03:33.486Z,Cash,orders_S006_20260603.json,ST008,S006,S006_O00264,FUTURE_TIMESTAMP,2026-06-03T17:42:56.835Z,,,,,,,,,,,,
20260603,C0242,2026-06-03T17:38:57.867061,O00267,Completed,2026-06-03T21:48:33.486Z,UPI,orders_S006_20260603.json,ST012,S006,S006_O00267,FUTURE_TIMESTAMP,2026-06-03T17:42:56.835Z,,,,,,,,,,,,
20260603,C0033,2026-06-03T17:38:57.867061,O00269,Completed,2026-06-03T20:31:18.486Z,Cash,orders_S006_20260603.json,ST001,S006,S006_O00269,FUTURE_TIMESTAMP,2026-06-03T17:42:56.835Z,,,,,,,,,,,,
20260603,C0293,2026-06-03T17:38:57.867061,O00271,Completed,2026-06-03T20:26:15.486Z,Cash,orders_S006_20260603.json,ST008,S006,S006_O00271,FUTURE_TIMESTAMP,2026-06-03T17:42:56.835Z,,,,,,,,,,,,
20260603,C0067,2026-06-03T17:38:57.867061,O00274,Completed,2026-06-03T20:26:42.486Z,UPI,orders_S006_20260603.json,ST013,S006,S006_O00274,FUTURE_TIMESTAMP,2026-06-03T17:42:56.835Z,,,,,,,,,,,,
20260603,C0059,2026-06-03T17:38:57.867061,O00275,Completed,2026-06-03T20:35:58.486Z,Card,orders_S006_20260603.json,ST013,S006,S006_O00275,FUTURE_TIMESTAMP,2026-06-03T17:42:56.835Z,,,,,,,,,,,,
20260603,C0100,2026-06-03T17:38:57.867061,O00276,Completed,2026-06-03T20:11:31.486Z,UPI,orders_S006_20260603.json,ST008,S006,S006_O00276,FUTURE_TIMESTAMP,2026-06-03T17:42:56.835Z,,,,,,,,,,,,
20260603,C0018,2026-06-03T17:38:57.867061,O00277,Completed,2026-06-03T17:55:35.486Z,UPI,orders_S006_20260603.json,ST014,S006,S006_O00277,FUTURE_TIMESTAMP,2026-06-03T17:42:56.835Z,,,,,,,,,,,,
20260603,C0028,2026-06-03T17:38:57.867061,O00279,Completed,2026-06-03T18:36:20.486Z,UPI,orders_S006_20260603.json,ST011,S006,S006_O00279,FUTURE_TIMESTAMP,2026-06-03T17:42:56.835Z,,,,,,,,,,,,
20260603,C0192,2026-06-03T17:38:57.867061,O00280,Completed,2026-06-03T20:51:50.486Z,Cash,orders_S006_20260603.json,ST014,S006,S006_O00280,FUTURE_TIMESTAMP,2026-06-03T17:42:56.835Z,,,,,,,,,,,,
20260603,C0168,2026-06-03T17:38:57.867061,O00283,Completed,2026-06-03T20:15:18.486Z,Card,orders_S006_20260603.json,ST011,S006,S006_O00283,FUTURE_TIMESTAMP,2026-06-03T17:42:56.835Z,,,,,,,,,,,,
20260603,C0001,2026-06-03T17:38:57.867061,O00284,Completed,2026-06-03T18:14:48.486Z,UPI,orders_S006_20260603.json,ST013,S006,S006_O00284,FUTURE_TIMESTAMP,2026-06-03T17:42:56.835Z,,,,,,,,,,,,
20260603,C0019,2026-06-03T17:38:57.867061,O00285,Completed,2026-06-03T20:08:37.486Z,Cash,orders_S006_20260603.json,ST009,S006,S006_O00285,FUTURE_TIMESTAMP,2026-06-03T17:42:56.835Z,,,,,,,,,,,,
20260603,C0125,2026-06-03T17:38:57.867061,O00286,Completed,2026-06-03T21:50:09.486Z,Cash,orders_S006_20260603.json,ST013,S006,S006_O00286,FUTURE_TIMESTAMP,2026-06-03T17:42:56.835Z,,,,,,,,,,,,
20260603,C0042,2026-06-03T17:38:57.867061,O00287,Completed,2026-06-03T21:08:02.486Z,Cash,orders_S006_20260603.json,ST009,S006,S006_O00287,FUTURE_TIMESTAMP,2026-06-03T17:42:56.835Z,,,,,,,,,,,,
20260603,C0153,2026-06-03T17:38:57.867061,O00288,Completed,2026-06-03T18:00:06.486Z,UPI,orders_S006_20260603.json,ST007,S006,S006_O00288,FUTURE_TIMESTAMP,2026-06-03T17:42:56.835Z,,,,,,,,,,,,
20260603,C0033,2026-06-03T17:38:57.867061,O00289,Completed,2026-06-03T13:07:28.486Z,Crypto,orders_S006_20260603.json,ST008,S006,S006_O00289,INVALID_PAYMENT_MODE: Crypto,2026-06-03T17:42:56.835Z,,,,,,,,,,,,
20260603,C0236,2026-06-03T17:38:57.867061,O00291,Completed,2026-06-03T19:42:03.486Z,Cash,orders_S006_20260603.json,ST011,S006,S006_O00291,FUTURE_TIMESTAMP,2026-06-03T17:42:56.835Z,,,,,,,,,,,,
20260603,C0212,2026-06-03T17:38:57.867061,O00292,Completed,2026-06-03T18:08:00.486Z,UPI,orders_S006_20260603.json,ST012,S006,S006_O00292,FUTURE_TIMESTAMP,2026-06-03T17:42:56.835Z,,,,,,,,,,,,
20260603,C0008,2026-06-03T17:38:57.867061,O00295,Completed,2026-06-03T17:43:25.486Z,UPI,orders_S006_20260603.json,ST013,S006,S006_O00295,FUTURE_TIMESTAMP,2026-06-03T17:42:56.835Z,,,,,,,,,,,,
20260603,C0239,2026-06-03T17:38:57.867061,O00297,Completed,2026-06-03T18:44:38.486Z,Card,orders_S006_20260603.json,ST014,S006,S006_O00297,FUTURE_TIMESTAMP,2026-06-03T17:42:56.835Z,,,,,,,,,,,,
20260603,C0029,2026-06-03T17:38:57.867061,O00299,Completed,2026-06-03T20:42:26.486Z,UPI,orders_S006_20260603.json,ST013,S006,S006_O00299,FUTURE_TIMESTAMP,2026-06-03T17:42:56.835Z,,,,,,,,,,,,
20260603,C0239,2026-06-03T17:38:57.867061,O00300,Completed,2026-06-03T19:19:28.486Z,UPI,orders_S006_20260603.json,ST011,S006,S006_O00300,FUTURE_TIMESTAMP,2026-06-03T17:42:56.835Z,,,,,,,,,,,,
20260603,C0208,2026-06-03T17:38:57.867061,O00301,Completed,2026-06-03T18:38:07.486Z,UPI,orders_S006_20260603.json,ST005,S006,S006_O00301,FUTURE_TIMESTAMP,2026-06-03T17:42:56.835Z,,,,,,,,,,,,
20260603,C0046,2026-06-03T17:38:57.867061,O00302,Completed,2026-06-03T20:22:13.486Z,Cash,orders_S006_20260603.json,ST011,S006,S006_O00302,FUTURE_TIMESTAMP,2026-06-03T17:42:56.835Z,,,,,,,,,,,,
20260603,C0112,2026-06-03T17:38:57.867061,O00303,Completed,2026-06-03T18:21:22.486Z,Cash,orders_S006_20260603.json,ST011,S006,S006_O00303,FUTURE_TIMESTAMP,2026-06-03T17:42:56.835Z,,,,,,,,,,,,
20260603,C0280,2026-06-03T17:38:57.867061,O00305,Completed,2026-06-03T21:54:09.486Z,UPI,orders_S006_20260603.json,ST002,S006,S006_O00305,FUTURE_TIMESTAMP,2026-06-03T17:42:56.835Z,,,,,,,,,,,,
20260603,C0004,2026-06-03T17:38:57.867061,O00306,Completed,2026-06-03T21:45:33.486Z,UPI,orders_S006_20260603.json,ST003,S006,S006_O00306,FUTURE_TIMESTAMP,2026-06-03T17:42:56.835Z,,,,,,,,,,,,
20260603,C0283,2026-06-03T17:38:57.867061,O00307,Completed,2026-06-03T18:11:05.486Z,UPI,orders_S006_20260603.json,ST001,S006,S006_O00307,FUTURE_TIMESTAMP,2026-06-03T17:42:56.835Z,,,,,,,,,,,,
20260603,C0176,2026-06-03T17:38:57.867061,O00308,Completed,2026-06-03T18:28:18.486Z,Card,orders_S006_20260603.json,ST002,S006,S006_O00308,FUTURE_TIMESTAMP,2026-06-03T17:42:56.835Z,,,,,,,,,,,,
20260603,C0025,2026-06-03T17:38:57.867061,O00310,Completed,2026-06-03T21:43:39.486Z,UPI,orders_S006_20260603.json,ST007,S006,S006_O00310,FUTURE_TIMESTAMP,2026-06-03T17:42:56.835Z,,,,,,,,,,,,
20260603,C0262,2026-06-03T17:38:57.867061,O00311,Completed,2026-06-03T20:36:09.486Z,UPI,orders_S006_20260603.json,ST015,S006,S006_O00311,FUTURE_TIMESTAMP,2026-06-03T17:42:56.835Z,,,,,,,,,,,,
20260603,C0157,2026-06-03T17:38:57.867061,O00314,Completed,2026-06-03T19:34:27.486Z,Cash,orders_S006_20260603.json,ST014,S006,S006_O00314,FUTURE_TIMESTAMP,2026-06-03T17:42:56.835Z,,,,,,,,,,,,
20260603,C0200,2026-06-03T17:38:57.867061,O00315,Completed,2026-06-03T18:24:40.486Z,UPI,orders_S006_20260603.json,ST002,S006,S006_O00315,FUTURE_TIMESTAMP,2026-06-03T17:42:56.835Z,,,,,,,,,,,,
20260603,,2026-06-03T17:38:57.867061,O00316,Completed,2026-06-03T14:47:31.486Z,UPI,orders_S006_20260603.json,ST003,S006,S006_O00316,MISSING_CUSTOMER_ID,2026-06-03T17:42:56.835Z,,,,,,,,,,,,
20260603,C0100,2026-06-03T17:38:57.867061,O00318,Completed,2026-06-03T18:48:55.486Z,UPI,orders_S006_20260603.json,ST001,S006,S006_O00318,FUTURE_TIMESTAMP,2026-06-03T17:42:56.835Z,,,,,,,,,,,,
20260603,C0042,2026-06-03T17:38:57.867061,O00319,Completed,2026-06-03T20:37:56.486Z,UPI,orders_S006_20260603.json,ST008,S006,S006_O00319,FUTURE_TIMESTAMP,2026-06-03T17:42:56.835Z,,,,,,,,,,,,
20260603,C0104,2026-06-03T17:38:57.867061,O00321,Completed,2026-06-03T20:07:33.486Z,Cash,orders_S006_20260603.json,ST003,S006,S006_O00321,FUTURE_TIMESTAMP,2026-06-03T17:42:56.835Z,,,,,,,,,,,,
20260603,C0024,2026-06-03T17:38:57.867061,O00322,Completed,2026-06-03T20:02:06.486Z,UPI,orders_S006_20260603.json,ST008,S006,S006_O00322,FUTURE_TIMESTAMP,2026-06-03T17:42:56.835Z,,,,,,,,,,,,
20260603,C0002,2026-06-03T17:38:57.867061,O00324,Completed,2026-06-03T19:14:17.486Z,Card,orders_S006_20260603.json,ST003,S006,S006_O00324,FUTURE_TIMESTAMP,2026-06-03T17:42:56.835Z,,,,,,,,,,,,
20260603,C0098,2026-06-03T17:38:57.867061,O00328,Completed,2026-06-03T20:20:15.486Z,UPI,orders_S006_20260603.json,ST014,S006,S006_O00328,FUTURE_TIMESTAMP,2026-06-03T17:42:56.835Z,,,,,,,,,,,,
20260603,C0233,2026-06-03T17:38:57.867061,O00331,Completed,2026-06-03T19:26:38.486Z,UPI,orders_S006_20260603.json,ST006,S006,S006_O00331,FUTURE_TIMESTAMP,2026-06-03T17:42:56.835Z,,,,,,,,,,,,
20260603,C0217,2026-06-03T17:38:57.867061,O00333,Completed,2026-06-03T19:49:04.486Z,UPI,orders_S006_20260603.json,ST004,S006,S006_O00333,FUTURE_TIMESTAMP,2026-06-03T17:42:56.835Z,,,,,,,,,,,,
20260603,C0051,2026-06-03T17:38:57.867061,O00334,Completed,2026-06-03T21:31:53.486Z,Cash,orders_S006_20260603.json,ST002,S006,S006_O00334,FUTURE_TIMESTAMP,2026-06-03T17:42:56.835Z,,,,,,,,,,,,
20260603,C0002,2026-06-03T17:38:57.867061,O00335,Completed,2026-06-03T19:30:02.486Z,UPI,orders_S006_20260603.json,ST007,S006,S006_O00335,FUTURE_TIMESTAMP,2026-06-03T17:42:56.835Z,,,,,,,,,,,,
20260603,C0033,2026-06-03T17:38:57.867061,O00336,Completed,2026-06-03T19:43:20.486Z,Cash,orders_S006_20260603.json,ST003,S006,S006_O00336,FUTURE_TIMESTAMP,2026-06-03T17:42:56.835Z,,,,,,,,,,,,
20260603,C0162,2026-06-03T17:38:57.867061,O00338,Completed,2026-06-03T20:08:42.486Z,UPI,orders_S006_20260603.json,ST003,S006,S006_O00338,FUTURE_TIMESTAMP,2026-06-03T17:42:56.835Z,,,,,,,,,,,,
20260603,C0196,2026-06-03T17:38:57.867061,O00339,Completed,2026-06-03T19:53:54.486Z,Card,orders_S006_20260603.json,ST002,S006,S006_O00339,FUTURE_TIMESTAMP,2026-06-03T17:42:56.835Z,,,,,,,,,,,,
20260603,C0160,2026-06-03T17:38:57.867061,O00341,Completed,2026-06-03T19:41:19.486Z,Cash,orders_S006_20260603.json,ST006,S006,S006_O00341,FUTURE_TIMESTAMP,2026-06-03T17:42:56.835Z,,,,,,,,,,,,
20260603,C0297,2026-06-03T17:38:57.867061,O00342,Completed,2026-06-03T19:06:14.486Z,Cash,orders_S006_20260603.json,ST014,S006,S006_O00342,FUTURE_TIMESTAMP,2026-06-03T17:42:56.835Z,,,,,,,,,,,,
20260603,C0114,2026-06-03T17:38:57.867061,O00343,Completed,2026-06-03T19:56:30.486Z,UPI,orders_S006_20260603.json,ST009,S006,S006_O00343,FUTURE_TIMESTAMP,2026-06-03T17:42:56.835Z,,,,,,,,,,,,
20260603,C0155,2026-06-03T17:38:57.867061,O00344,Completed,2026-06-03T20:50:23.486Z,UPI,orders_S006_20260603.json,ST002,S006,S006_O00344,FUTURE_TIMESTAMP,2026-06-03T17:42:56.835Z,,,,,,,,,,,,
20260603,C0189,2026-06-03T17:38:57.867061,O00345,Completed,2026-06-03T19:46:21.486Z,UPI,orders_S006_20260603.json,ST002,S006,S006_O00345,FUTURE_TIMESTAMP,2026-06-03T17:42:56.835Z,,,,,,,,,,,,
20260603,C0026,2026-06-03T17:38:57.867061,O00348,Completed,2026-06-03T17:57:53.486Z,UPI,orders_S006_20260603.json,ST011,S006,S006_O00348,FUTURE_TIMESTAMP,2026-06-03T17:42:56.835Z,,,,,,,,,,,,
20260603,C0087,2026-06-03T17:38:57.867061,O00349,Completed,2026-06-03T20:09:21.486Z,Card,orders_S006_20260603.json,ST002,S006,S006_O00349,FUTURE_TIMESTAMP,2026-06-03T17:42:56.835Z,,,,,,,,,,,,
20260603,C0019,2026-06-03T17:38:57.867061,O00350,Completed,2026-06-03T17:53:45.486Z,Card,orders_S006_20260603.json,ST012,S006,S006_O00350,FUTURE_TIMESTAMP,2026-06-03T17:42:56.835Z,,,,,,,,,,,,
20260603,C0061,2026-06-03T17:38:57.867061,O00351,Completed,2026-06-03T20:28:18.486Z,UPI,orders_S006_20260603.json,ST008,S006,S006_O00351,FUTURE_TIMESTAMP,2026-06-03T17:42:56.835Z,,,,,,,,,,,,
20260603,C0142,2026-06-03T17:38:57.867061,O00352,Completed,2026-06-03T18:07:15.486Z,UPI,orders_S006_20260603.json,ST010,S006,S006_O00352,FUTURE_TIMESTAMP,2026-06-03T17:42:56.835Z,,,,,,,,,,,,
20260603,C0034,2026-06-03T17:38:57.867061,O00355,Completed,2026-06-03T21:42:35.486Z,Cash,orders_S006_20260603.json,ST011,S006,S006_O00355,FUTURE_TIMESTAMP,2026-06-03T17:42:56.835Z,,,,,,,,,,,,
20260603,C0021,2026-06-03T17:38:57.867061,O00356,Completed,2026-06-03T18:06:46.486Z,Cash,orders_S006_20260603.json,ST011,S006,S006_O00356,FUTURE_TIMESTAMP,2026-06-03T17:42:56.835Z,,,,,,,,,,,,
20260603,C0055,2026-06-03T17:38:57.867061,O00358,Completed,2026-06-03T19:02:26.486Z,UPI,orders_S006_20260603.json,ST012,S006,S006_O00358,FUTURE_TIMESTAMP,2026-06-03T17:42:56.835Z,,,,,,,,,,,,
20260603,C0259,2026-06-03T17:38:57.867061,O00360,Completed,2026-06-03T20:41:08.486Z,Card,orders_S006_20260603.json,ST009,S006,S006_O00360,FUTURE_TIMESTAMP,2026-06-03T17:42:56.835Z,,,,,,,,,,,,
20260603,C0273,2026-06-03T17:38:57.867061,O00361,Completed,2026-06-03T20:22:47.486Z,Card,orders_S006_20260603.json,ST011,S006,S006_O00361,FUTURE_TIMESTAMP,2026-06-03T17:42:56.835Z,,,,,,,,,,,,
20260603,C0034,2026-06-03T17:38:57.867061,O00362,Completed,2026-06-03T20:27:43.486Z,Card,orders_S006_20260603.json,ST004,S006,S006_O00362,FUTURE_TIMESTAMP,2026-06-03T17:42:56.835Z,,,,,,,,,,,,
20260603,C0028,2026-06-03T17:38:57.867061,O00365,Completed,2026-06-03T19:34:44.486Z,Cash,orders_S006_20260603.json,ST009,S006,S006_O00365,FUTURE_TIMESTAMP,2026-06-03T17:42:56.835Z,,,,,,,,,,,,
20260603,C0021,2026-06-03T17:38:57.867061,O00366,Completed,2026-06-03T21:35:23.486Z,UPI,orders_S006_20260603.json,ST006,S006,S006_O00366,FUTURE_TIMESTAMP,2026-06-03T17:42:56.835Z,,,,,,,,,,,,
20260603,C0110,2026-06-03T17:38:57.867061,O00368,Completed,2026-06-03T21:41:14.486Z,Cash,orders_S006_20260603.json,ST006,S006,S006_O00368,FUTURE_TIMESTAMP,2026-06-03T17:42:56.835Z,,,,,,,,,,,,
20260603,C0007,2026-06-03T17:38:57.867061,O00369,Completed,2026-06-03T21:45:48.486Z,Cash,orders_S006_20260603.json,ST005,S006,S006_O00369,FUTURE_TIMESTAMP,2026-06-03T17:42:56.835Z,,,,,,,,,,,,
20260603,C0049,2026-06-03T17:38:57.867061,O00370,Completed,2026-06-03T21:39:12.486Z,Card,orders_S006_20260603.json,ST003,S006,S006_O00370,FUTURE_TIMESTAMP,2026-06-03T17:42:56.835Z,,,,,,,,,,,,
20260603,C0249,2026-06-03T17:38:57.867061,O00372,Completed,2026-06-03T19:24:07.486Z,UPI,orders_S006_20260603.json,ST002,S006,S006_O00372,FUTURE_TIMESTAMP,2026-06-03T17:42:56.835Z,,,,,,,,,,,,
20260603,C0020,2026-06-03T17:38:57.867061,O00373,Completed,2026-06-03T19:35:59.486Z,Cash,orders_S006_20260603.json,ST006,S006,S006_O00373,FUTURE_TIMESTAMP,2026-06-03T17:42:56.835Z,,,,,,,,,,,,
20260603,C0266,2026-06-03T17:38:57.867061,O00374,Completed,2026-06-03T20:57:02.486Z,UPI,orders_S006_20260603.json,ST007,S006,S006_O00374,FUTURE_TIMESTAMP,2026-06-03T17:42:56.835Z,,,,,,,,,,,,
20260603,C0149,2026-06-03T17:38:57.867061,O00375,Completed,2026-06-03T19:05:12.486Z,Cash,orders_S006_20260603.json,ST008,S006,S006_O00375,FUTURE_TIMESTAMP,2026-06-03T17:42:56.835Z,,,,,,,,,,,,
20260603,C0097,2026-06-03T17:38:57.867061,O00376,Completed,2026-06-03T18:43:29.486Z,Cash,orders_S006_20260603.json,ST011,S006,S006_O00376,FUTURE_TIMESTAMP,2026-06-03T17:42:56.835Z,,,,,,,,,,,,
20260603,C0029,2026-06-03T17:38:57.867061,O00377,Completed,2026-06-03T19:55:00.486Z,UPI,orders_S006_20260603.json,ST013,S006,S006_O00377,FUTURE_TIMESTAMP,2026-06-03T17:42:56.835Z,,,,,,,,,,,,
20260603,C0102,2026-06-03T17:38:57.867061,O00378,Completed,2026-06-03T21:22:49.486Z,UPI,orders_S006_20260603.json,ST014,S006,S006_O00378,FUTURE_TIMESTAMP,2026-06-03T17:42:56.835Z,,,,,,,,,,,,
20260603,C0005,2026-06-03T17:38:57.867061,O00379,Completed,2026-06-03T18:03:29.486Z,Cash,orders_S006_20260603.json,ST014,S006,S006_O00379,FUTURE_TIMESTAMP,2026-06-03T17:42:56.835Z,,,,,,,,,,,,
20260603,C0013,2026-06-03T17:38:57.867061,O00380,Completed,2026-06-03T20:38:53.486Z,UPI,orders_S006_20260603.json,ST008,S006,S006_O00380,FUTURE_TIMESTAMP,2026-06-03T17:42:56.835Z,,,,,,,,,,,,
20260603,C0093,2026-06-03T17:38:57.867061,O00382,Completed,2026-06-03T18:20:57.486Z,UPI,orders_S006_20260603.json,ST011,S006,S006_O00382,FUTURE_TIMESTAMP,2026-06-03T17:42:56.835Z,,,,,,,,,,,,
20260603,C0026,2026-06-03T17:38:57.867061,O00384,Completed,2026-06-03T17:54:48.486Z,Cash,orders_S006_20260603.json,ST003,S006,S006_O00384,FUTURE_TIMESTAMP,2026-06-03T17:42:56.835Z,,,,,,,,,,,,
20260603,C0171,2026-06-03T17:38:57.867061,O00386,Completed,2026-06-03T20:18:17.486Z,Cash,orders_S006_20260603.json,ST006,S006,S006_O00386,FUTURE_TIMESTAMP,2026-06-03T17:42:56.835Z,,,,,,,,,,,,
20260603,C0048,2026-06-03T17:38:57.867061,O00389,Completed,2026-06-03T21:59:08.486Z,Cash,orders_S006_20260603.json,ST010,S006,S006_O00389,FUTURE_TIMESTAMP,2026-06-03T17:42:56.835Z,,,,,,,,,,,,
20260603,C0169,2026-06-03T17:38:57.867061,O00390,Completed,2026-06-03T20:57:33.486Z,Card,orders_S006_20260603.json,ST014,S006,S006_O00390,FUTURE_TIMESTAMP,2026-06-03T17:42:56.835Z,,,,,,,,,,,,
20260603,C0201,2026-06-03T17:38:57.867061,O00391,Completed,2026-06-03T20:44:37.486Z,Cash,orders_S006_20260603.json,ST007,S006,S006_O00391,FUTURE_TIMESTAMP,2026-06-03T17:42:56.835Z,,,,,,,,,,,,
20260603,C0265,2026-06-03T17:38:57.867061,O00393,Completed,2026-06-03T19:26:35.486Z,Cash,orders_S006_20260603.json,ST007,S006,S006_O00393,FUTURE_TIMESTAMP,2026-06-03T17:42:56.835Z,,,,,,,,,,,,
20260603,C0189,2026-06-03T17:38:57.867061,O00394,Completed,2026-06-03T20:32:01.486Z,UPI,orders_S006_20260603.json,ST007,S006,S006_O00394,FUTURE_TIMESTAMP,2026-06-03T17:42:56.835Z,,,,,,,,,,,,
20260603,C0199,2026-06-03T17:38:57.867061,O00395,Completed,2026-06-03T19:28:40.486Z,UPI,orders_S006_20260603.json,ST004,S006,S006_O00395,FUTURE_TIMESTAMP,2026-06-03T17:42:56.835Z,,,,,,,,,,,,
20260603,C0118,2026-06-03T17:38:57.867061,O00396,Completed,2026-06-03T18:20:50.486Z,Card,orders_S006_20260603.json,ST005,S006,S006_O00396,FUTURE_TIMESTAMP,2026-06-03T17:42:56.835Z,,,,,,,,,,,,
20260603,C0126,2026-06-03T17:38:57.867061,O00397,Completed,2026-06-03T18:43:10.486Z,Card,orders_S006_20260603.json,ST014,S006,S006_O00397,FUTURE_TIMESTAMP,2026-06-03T17:42:56.835Z,,,,,,,,,,,,
20260603,C0157,2026-06-03T17:38:57.867061,O00398,Completed,2026-06-03T21:07:29.486Z,Card,orders_S006_20260603.json,ST002,S006,S006_O00398,FUTURE_TIMESTAMP,2026-06-03T17:42:56.835Z,,,,,,,,,,,,
20260603,C0279,2026-06-03T17:38:57.867061,O00399,Completed,2026-06-03T20:41:36.486Z,Card,orders_S006_20260603.json,ST010,S006,S006_O00399,FUTURE_TIMESTAMP,2026-06-03T17:42:56.835Z,,,,,,,,,,,,
20260603,C0048,2026-06-03T17:38:57.867061,O00403,Completed,2026-06-03T20:30:26.486Z,Cash,orders_S006_20260603.json,ST011,S006,S006_O00403,FUTURE_TIMESTAMP,2026-06-03T17:42:56.835Z,,,,,,,,,,,,
20260603,C0163,2026-06-03T17:38:57.867061,O00405,Completed,2026-06-03T18:19:29.486Z,UPI,orders_S006_20260603.json,ST001,S006,S006_O00405,FUTURE_TIMESTAMP,2026-06-03T17:42:56.835Z,,,,,,,,,,,,
20260603,C0006,2026-06-03T17:38:57.867061,O00406,Completed,2026-06-03T18:48:38.486Z,UPI,orders_S006_20260603.json,ST014,S006,S006_O00406,FUTURE_TIMESTAMP,2026-06-03T17:42:56.835Z,,,,,,,,,,,,
20260603,C0055,2026-06-03T17:38:57.867061,O00410,Completed,2026-06-03T18:31:39.486Z,Cash,orders_S006_20260603.json,ST007,S006,S006_O00410,FUTURE_TIMESTAMP,2026-06-03T17:42:56.835Z,,,,,,,,,,,,
20260603,C0102,2026-06-03T17:38:57.867061,O00414,Completed,2026-06-03T17:58:58.486Z,Cash,orders_S006_20260603.json,ST011,S006,S006_O00414,FUTURE_TIMESTAMP,2026-06-03T17:42:56.835Z,,,,,,,,,,,,
20260603,C0011,2026-06-03T17:38:57.867061,O00415,Completed,2026-06-03T20:19:33.486Z,Cash,orders_S006_20260603.json,ST011,S006,S006_O00415,FUTURE_TIMESTAMP,2026-06-03T17:42:56.835Z,,,,,,,,,,,,
20260603,C0024,2026-06-03T17:38:57.867061,O00416,Completed,2026-06-03T19:43:31.486Z,Card,orders_S006_20260603.json,ST010,S006,S006_O00416,FUTURE_TIMESTAMP,2026-06-03T17:42:56.835Z,,,,,,,,,,,,
20260603,C0228,2026-06-03T17:38:57.867061,O00417,Completed,2026-06-03T20:59:46.486Z,Cash,orders_S006_20260603.json,ST011,S006,S006_O00417,FUTURE_TIMESTAMP,2026-06-03T17:42:56.835Z,,,,,,,,,,,,
20260603,C0003,2026-06-03T17:38:57.867061,O00419,Completed,2026-06-03T21:11:54.486Z,UPI,orders_S006_20260603.json,ST008,S006,S006_O00419,FUTURE_TIMESTAMP,2026-06-03T17:42:56.835Z,,,,,,,,,,,,
20260603,C0053,2026-06-03T17:38:57.867061,O00420,Completed,2026-06-03T18:01:58.486Z,UPI,orders_S006_20260603.json,ST007,S006,S006_O00420,FUTURE_TIMESTAMP,2026-06-03T17:42:56.835Z,,,,,,,,,,,,
20260603,C0116,2026-06-03T17:38:57.867061,O00421,Completed,2026-06-03T19:47:43.486Z,Card,orders_S006_20260603.json,ST008,S006,S006_O00421,FUTURE_TIMESTAMP,2026-06-03T17:42:56.835Z,,,,,,,,,,,,
20260603,C0169,2026-06-03T17:38:57.867061,O00424,Completed,2026-06-03T19:29:17.486Z,Card,orders_S006_20260603.json,ST010,S006,S006_O00424,FUTURE_TIMESTAMP,2026-06-03T17:42:56.835Z,,,,,,,,,,,,
20260603,C0139,2026-06-03T17:38:57.867061,O00425,Completed,2026-06-03T18:56:45.486Z,UPI,orders_S006_20260603.json,ST013,S006,S006_O00425,FUTURE_TIMESTAMP,2026-06-03T17:42:56.835Z,,,,,,,,,,,,
20260603,C0047,2026-06-03T17:38:57.867061,O00426,Completed,2026-06-03T19:36:31.486Z,Cash,orders_S006_20260603.json,ST011,S006,S006_O00426,FUTURE_TIMESTAMP,2026-06-03T17:42:56.835Z,,,,,,,,,,,,
20260603,C0030,2026-06-03T17:38:57.867061,O00428,Completed,2026-06-03T19:45:10.486Z,Cash,orders_S006_20260603.json,ST010,S006,S006_O00428,FUTURE_TIMESTAMP,2026-06-03T17:42:56.835Z,,,,,,,,,,,,
20260603,C0095,2026-06-03T17:38:57.867061,O00430,Completed,2026-06-03T20:15:19.486Z,UPI,orders_S006_20260603.json,ST007,S006,S006_O00430,FUTURE_TIMESTAMP,2026-06-03T17:42:56.835Z,,,,,,,,,,,,
20260603,C0017,2026-06-03T17:38:57.867061,O00432,Completed,2026-06-03T20:49:33.486Z,Card,orders_S006_20260603.json,ST004,S006,S006_O00432,FUTURE_TIMESTAMP,2026-06-03T17:42:56.835Z,,,,,,,,,,,,
20260603,C0197,2026-06-03T17:38:57.867061,O00433,Completed,2026-06-03T18:11:12.486Z,UPI,orders_S006_20260603.json,ST010,S006,S006_O00433,FUTURE_TIMESTAMP,2026-06-03T17:42:56.835Z,,,,,,,,,,,,
20260603,C0283,2026-06-03T17:38:57.867061,O00435,Completed,2026-06-03T19:40:42.486Z,UPI,orders_S006_20260603.json,ST004,S006,S006_O00435,FUTURE_TIMESTAMP,2026-06-03T17:42:56.835Z,,,,,,,,,,,,
20260603,C0007,2026-06-03T17:38:57.867061,O00437,Completed,2026-06-03T18:03:05.486Z,Cash,orders_S006_20260603.json,ST007,S006,S006_O00437,FUTURE_TIMESTAMP,2026-06-03T17:42:56.835Z,,,,,,,,,,,,
20260603,C0254,2026-06-03T17:38:57.867061,O00440,Completed,2026-06-03T17:55:35.486Z,UPI,orders_S006_20260603.json,ST001,S006,S006_O00440,FUTURE_TIMESTAMP,2026-06-03T17:42:56.835Z,,,,,,,,,,,,
20260603,C0224,2026-06-03T17:38:57.867061,O00441,Completed,2026-06-03T20:30:12.486Z,UPI,orders_S006_20260603.json,ST011,S006,S006_O00441,FUTURE_TIMESTAMP,2026-06-03T17:42:56.835Z,,,,,,,,,,,,
20260603,C0036,2026-06-03T17:38:57.867061,O00442,Completed,2027-06-03T14:07:22.486Z,Cash,orders_S006_20260603.json,ST015,S006,S006_O00442,FUTURE_TIMESTAMP,2026-06-03T17:42:56.835Z,,,,,,,,,,,,
20260603,C0187,2026-06-03T17:38:57.867061,O00443,Completed,2026-06-03T21:33:33.486Z,Cash,orders_S006_20260603.json,ST014,S006,S006_O00443,FUTURE_TIMESTAMP,2026-06-03T17:42:56.835Z,,,,,,,,,,,,
20260603,C0279,2026-06-03T17:38:57.867061,O00444,Completed,2026-06-03T20:31:28.486Z,UPI,orders_S006_20260603.json,ST008,S006,S006_O00444,FUTURE_TIMESTAMP,2026-06-03T17:42:56.835Z,,,,,,,,,,,,
20260603,C0113,2026-06-03T17:38:57.867061,O00445,Completed,2026-06-03T20:40:31.486Z,Card,orders_S006_20260603.json,ST006,S006,S006_O00445,FUTURE_TIMESTAMP,2026-06-03T17:42:56.835Z,,,,,,,,,,,,
20260603,C0019,2026-06-03T17:38:57.867061,O00449,Completed,2026-06-03T18:24:43.486Z,Card,orders_S006_20260603.json,ST005,S006,S006_O00449,FUTURE_TIMESTAMP,2026-06-03T17:42:56.835Z,,,,,,,,,,,,
20260603,C0117,2026-06-03T17:38:57.867061,O00451,Completed,2026-06-03T20:50:09.486Z,Card,orders_S006_20260603.json,ST014,S006,S006_O00451,FUTURE_TIMESTAMP,2026-06-03T17:42:56.835Z,,,,,,,,,,,,
20260603,C0019,2026-06-03T17:38:57.867061,O00454,Completed,2026-06-03T21:21:09.486Z,Cash,orders_S006_20260603.json,ST005,S006,S006_O00454,FUTURE_TIMESTAMP,2026-06-03T17:42:56.835Z,,,,,,,,,,,,
20260603,C0027,2026-06-03T17:38:57.867061,O00455,Completed,2026-06-03T21:59:00.486Z,UPI,orders_S006_20260603.json,ST003,S006,S006_O00455,FUTURE_TIMESTAMP,2026-06-03T17:42:56.835Z,,,,,,,,,,,,
20260603,C0187,2026-06-03T17:38:57.867061,O00457,Completed,2026-06-03T18:18:50.486Z,UPI,orders_S006_20260603.json,ST008,S006,S006_O00457,FUTURE_TIMESTAMP,2026-06-03T17:42:56.835Z,,,,,,,,,,,,
20260603,C0014,2026-06-03T17:38:57.867061,O00459,Completed,2026-06-03T20:47:23.486Z,Cash,orders_S006_20260603.json,ST009,S006,S006_O00459,FUTURE_TIMESTAMP,2026-06-03T17:42:56.835Z,,,,,,,,,,,,
20260603,C0285,2026-06-03T17:38:57.867061,O00461,Completed,2026-06-03T19:24:20.486Z,UPI,orders_S006_20260603.json,ST002,S006,S006_O00461,FUTURE_TIMESTAMP,2026-06-03T17:42:56.835Z,,,,,,,,,,,,
20260603,C0034,2026-06-03T17:38:57.867061,O00463,Completed,2026-06-03T20:56:24.486Z,Cash,orders_S006_20260603.json,ST009,S006,S006_O00463,FUTURE_TIMESTAMP,2026-06-03T17:42:56.835Z,,,,,,,,,,,,
20260603,C0057,2026-06-03T17:38:57.867061,O00464,Completed,2026-06-03T21:46:34.486Z,Cash,orders_S006_20260603.json,ST006,S006,S006_O00464,FUTURE_TIMESTAMP,2026-06-03T17:42:56.835Z,,,,,,,,,,,,
20260603,,2026-06-03T17:38:57.867061,O00465,Completed,2026-06-03T21:53:22.486Z,UPI,orders_S006_20260603.json,ST014,S006,S006_O00465,MISSING_CUSTOMER_ID,2026-06-03T17:42:56.835Z,,,,,,,,,,,,
20260603,C0011,2026-06-03T17:38:57.867061,O00466,Completed,2026-06-03T19:20:39.486Z,Cash,orders_S006_20260603.json,ST006,S006,S006_O00466,FUTURE_TIMESTAMP,2026-06-03T17:42:56.835Z,,,,,,,,,,,,
20260603,C0063,2026-06-03T17:38:57.867061,O00467,Completed,2026-06-03T20:06:42.486Z,Card,orders_S006_20260603.json,ST013,S006,S006_O00467,FUTURE_TIMESTAMP,2026-06-03T17:42:56.835Z,,,,,,,,,,,,
20260603,C0185,2026-06-03T17:38:57.867061,O00468,Completed,2026-06-03T19:58:37.486Z,UPI,orders_S006_20260603.json,ST002,S006,S006_O00468,FUTURE_TIMESTAMP,2026-06-03T17:42:56.835Z,,,,,,,,,,,,
20260603,C0043,2026-06-03T17:38:57.867061,O00470,Completed,2026-06-03T20:37:39.486Z,UPI,orders_S006_20260603.json,ST001,S006,S006_O00470,FUTURE_TIMESTAMP,2026-06-03T17:42:56.835Z,,,,,,,,,,,,
20260603,C0266,2026-06-03T17:38:57.867061,O00471,Completed,2026-06-03T21:36:34.486Z,Card,orders_S006_20260603.json,ST001,S006,S006_O00471,FUTURE_TIMESTAMP,2026-06-03T17:42:56.835Z,,,,,,,,,,,,
20260603,C0225,2026-06-03T17:38:57.867061,O00473,Completed,2026-06-03T19:39:10.486Z,Cash,orders_S006_20260603.json,ST009,S006,S006_O00473,FUTURE_TIMESTAMP,2026-06-03T17:42:56.835Z,,,,,,,,,,,,
20260603,C0015,2026-06-03T17:38:57.867061,O00474,Completed,2026-06-03T19:02:42.486Z,UPI,orders_S006_20260603.json,ST010,S006,S006_O00474,FUTURE_TIMESTAMP,2026-06-03T17:42:56.835Z,,,,,,,,,,,,
20260603,C0261,2026-06-03T17:38:57.867061,O00475,Completed,2026-06-03T18:43:20.486Z,UPI,orders_S006_20260603.json,ST014,S006,S006_O00475,FUTURE_TIMESTAMP,2026-06-03T17:42:56.835Z,,,,,,,,,,,,
20260603,C0227,2026-06-03T17:38:57.867061,O00479,Completed,2026-06-03T21:14:40.486Z,Cash,orders_S006_20260603.json,ST014,S006,S006_O00479,FUTURE_TIMESTAMP,2026-06-03T17:42:56.835Z,,,,,,,,,,,,
20260603,C0014,2026-06-03T17:38:57.867061,O00481,Completed,2026-06-03T20:33:58.486Z,UPI,orders_S006_20260603.json,ST003,S006,S006_O00481,FUTURE_TIMESTAMP,2026-06-03T17:42:56.835Z,,,,,,,,,,,,
20260603,C0015,2026-06-03T17:38:57.867061,O00482,Completed,2026-06-03T18:23:13.486Z,UPI,orders_S006_20260603.json,ST005,S006,S006_O00482,FUTURE_TIMESTAMP,2026-06-03T17:42:56.835Z,,,,,,,,,,,,
20260603,C0022,2026-06-03T17:38:57.867061,O00484,Completed,2026-06-03T20:44:08.486Z,UPI,orders_S006_20260603.json,ST012,S006,S006_O00484,FUTURE_TIMESTAMP,2026-06-03T17:42:56.835Z,,,,,,,,,,,,
20260603,C0132,2026-06-03T17:38:57.867061,O00486,Completed,2026-06-03T17:55:08.486Z,Card,orders_S006_20260603.json,ST013,S006,S006_O00486,FUTURE_TIMESTAMP,2026-06-03T17:42:56.835Z,,,,,,,,,,,,
20260603,C0156,2026-06-03T17:38:57.867061,O00491,Completed,2026-06-03T20:12:19.486Z,UPI,orders_S006_20260603.json,ST005,S006,S006_O00491,FUTURE_TIMESTAMP,2026-06-03T17:42:56.835Z,,,,,,,,,,,,
20260603,C0032,2026-06-03T17:38:57.867061,O00492,Completed,2026-06-03T19:59:58.486Z,UPI,orders_S006_20260603.json,ST011,S006,S006_O00492,FUTURE_TIMESTAMP,2026-06-03T17:42:56.835Z,,,,,,,,,,,,
20260603,C0057,2026-06-03T17:38:57.867061,O00494,Completed,2026-06-03T17:49:27.486Z,UPI,orders_S006_20260603.json,ST013,S006,S006_O00494,FUTURE_TIMESTAMP,2026-06-03T17:42:56.835Z,,,,,,,,,,,,
20260603,C0115,2026-06-03T17:38:57.867061,O00495,Completed,2027-06-03T16:03:30.486Z,UPI,orders_S006_20260603.json,ST005,S006,S006_O00495,FUTURE_TIMESTAMP,2026-06-03T17:42:56.835Z,,,,,,,,,,,,
20260603,C0037,2026-06-03T17:38:57.867061,O00497,Completed,2026-06-03T18:52:48.486Z,UPI,orders_S006_20260603.json,ST015,S006,S006_O00497,FUTURE_TIMESTAMP,2026-06-03T17:42:56.835Z,,,,,,,,,,,,
20260603,C0049,2026-06-03T17:38:57.867061,O00500,Completed,2026-06-03T18:44:20.486Z,UPI,orders_S006_20260603.json,ST012,S006,S006_O00500,FUTURE_TIMESTAMP,2026-06-03T17:42:56.835Z,,,,,,,,,,,,
20260603,C0021,2026-06-03T17:38:57.867061,O00501,Completed,2026-06-03T20:13:54.486Z,Cash,orders_S006_20260603.json,ST007,S006,S006_O00501,FUTURE_TIMESTAMP,2026-06-03T17:42:56.835Z,,,,,,,,,,,,
20260603,C0229,2026-06-03T17:38:57.867061,O00502,Completed,2026-06-03T20:55:20.486Z,Cash,orders_S006_20260603.json,ST010,S006,S006_O00502,FUTURE_TIMESTAMP,2026-06-03T17:42:56.835Z,,,,,,,,,,,,
20260603,C0015,2026-06-03T17:38:57.867061,O00505,Completed,2026-06-03T17:58:49.486Z,UPI,orders_S006_20260603.json,ST006,S006,S006_O00505,FUTURE_TIMESTAMP,2026-06-03T17:42:56.835Z,,,,,,,,,,,,
20260603,C0286,2026-06-03T17:38:57.867061,O00506,Completed,2026-06-03T17:49:28.486Z,UPI,orders_S006_20260603.json,ST005,S006,S006_O00506,FUTURE_TIMESTAMP,2026-06-03T17:42:56.835Z,,,,,,,,,,,,
20260603,C0246,2026-06-03T17:38:57.867061,O00507,Completed,2026-06-03T18:08:28.486Z,Card,orders_S006_20260603.json,ST004,S006,S006_O00507,FUTURE_TIMESTAMP,2026-06-03T17:42:56.835Z,,,,,,,,,,,,
20260603,C0079,2026-06-03T17:38:57.867061,O00508,Completed,2026-06-03T21:19:48.486Z,UPI,orders_S006_20260603.json,ST001,S006,S006_O00508,FUTURE_TIMESTAMP,2026-06-03T17:42:56.835Z,,,,,,,,,,,,
20260603,C0267,2026-06-03T17:38:57.867061,O00510,Completed,2026-06-03T21:32:38.486Z,UPI,orders_S006_20260603.json,ST013,S006,S006_O00510,FUTURE_TIMESTAMP,2026-06-03T17:42:56.835Z,,,,,,,,,,,,
20260603,C0014,2026-06-03T17:38:57.867061,O00512,Completed,2026-06-03T19:37:52.486Z,Cash,orders_S006_20260603.json,ST008,S006,S006_O00512,FUTURE_TIMESTAMP,2026-06-03T17:42:56.835Z,,,,,,,,,,,,
20260603,C0163,2026-06-03T17:38:57.867061,O00514,Completed,2026-06-03T19:32:26.486Z,UPI,orders_S006_20260603.json,ST012,S006,S006_O00514,FUTURE_TIMESTAMP,2026-06-03T17:42:56.835Z,,,,,,,,,,,,
20260603,C0175,2026-06-03T17:38:57.867061,O00516,Completed,2026-06-03T18:09:34.486Z,UPI,orders_S006_20260603.json,ST015,S006,S006_O00516,FUTURE_TIMESTAMP,2026-06-03T17:42:56.835Z,,,,,,,,,,,,
20260603,C0088,2026-06-03T17:38:57.867061,O00517,Completed,2026-06-03T21:37:15.486Z,Cash,orders_S006_20260603.json,ST004,S006,S006_O00517,FUTURE_TIMESTAMP,2026-06-03T17:42:56.835Z,,,,,,,,,,,,
20260603,C0264,2026-06-03T17:38:57.867061,O00519,Completed,2026-06-03T18:37:07.486Z,Card,orders_S006_20260603.json,ST015,S006,S006_O00519,FUTURE_TIMESTAMP,2026-06-03T17:42:56.835Z,,,,,,,,,,,,
20260603,C0025,2026-06-03T17:38:57.867061,O00520,Completed,2026-06-03T19:57:20.486Z,Card,orders_S006_20260603.json,ST009,S006,S006_O00520,FUTURE_TIMESTAMP,2026-06-03T17:42:56.835Z,,,,,,,,,,,,
20260603,C0132,2026-06-03T17:38:57.867061,O00522,Completed,2026-06-03T21:11:37.486Z,UPI,orders_S006_20260603.json,ST015,S006,S006_O00522,FUTURE_TIMESTAMP,2026-06-03T17:42:56.835Z,,,,,,,,,,,,
20260603,C0007,2026-06-03T17:38:57.867061,O00524,Completed,2026-06-03T20:41:37.486Z,UPI,orders_S006_20260603.json,ST003,S006,S006_O00524,FUTURE_TIMESTAMP,2026-06-03T17:42:56.835Z,,,,,,,,,,,,
20260603,C0054,2026-06-03T17:38:57.867061,O00525,Completed,2026-06-03T19:03:27.486Z,UPI,orders_S006_20260603.json,ST014,S006,S006_O00525,FUTURE_TIMESTAMP,2026-06-03T17:42:56.835Z,,,,,,,,,,,,
20260603,C0300,2026-06-03T17:38:57.867061,O00526,Completed,2026-06-03T19:55:27.486Z,Cash,orders_S006_20260603.json,ST001,S006,S006_O00526,FUTURE_TIMESTAMP,2026-06-03T17:42:56.835Z,,,,,,,,,,,,
20260603,C0044,2026-06-03T17:38:57.867061,O00527,Completed,2026-06-03T20:17:36.486Z,Cash,orders_S006_20260603.json,ST006,S006,S006_O00527,FUTURE_TIMESTAMP,2026-06-03T17:42:56.835Z,,,,,,,,,,,,
20260603,C0038,2026-06-03T17:38:57.867061,O00528,Completed,2026-06-03T18:49:57.486Z,UPI,orders_S006_20260603.json,ST007,S006,S006_O00528,FUTURE_TIMESTAMP,2026-06-03T17:42:56.835Z,,,,,,,,,,,,
20260603,C0296,2026-06-03T17:38:57.867061,O00529,Completed,2026-06-03T21:11:59.486Z,UPI,orders_S006_20260603.json,ST008,S006,S006_O00529,FUTURE_TIMESTAMP,2026-06-03T17:42:56.835Z,,,,,,,,,,,,
20260603,C0011,2026-06-03T17:38:57.867061,O00530,Completed,2026-06-03T21:51:39.486Z,Cash,orders_S006_20260603.json,ST009,S006,S006_O00530,FUTURE_TIMESTAMP,2026-06-03T17:42:56.835Z,,,,,,,,,,,,
20260603,C0087,2026-06-03T17:38:57.867061,O00532,Completed,2026-06-03T21:09:31.486Z,UPI,orders_S006_20260603.json,ST007,S006,S006_O00532,FUTURE_TIMESTAMP,2026-06-03T17:42:56.835Z,,,,,,,,,,,,
20260603,C0202,2026-06-03T17:38:57.867061,O00533,Completed,2026-06-03T17:59:49.486Z,UPI,orders_S006_20260603.json,ST001,S006,S006_O00533,FUTURE_TIMESTAMP,2026-06-03T17:42:56.835Z,,,,,,,,,,,,
20260603,C0211,2026-06-03T17:38:57.867061,O00534,Completed,2026-06-03T17:54:59.486Z,UPI,orders_S006_20260603.json,ST007,S006,S006_O00534,FUTURE_TIMESTAMP,2026-06-03T17:42:56.835Z,,,,,,,,,,,,
20260603,C0062,2026-06-03T17:38:57.867061,O00535,Completed,2026-06-03T19:31:18.486Z,Card,orders_S006_20260603.json,ST001,S006,S006_O00535,FUTURE_TIMESTAMP,2026-06-03T17:42:56.835Z,,,,,,,,,,,,
20260603,C0152,2026-06-03T17:38:57.867061,O00536,Completed,2026-06-03T20:37:54.486Z,Cash,orders_S006_20260603.json,ST002,S006,S006_O00536,FUTURE_TIMESTAMP,2026-06-03T17:42:56.835Z,,,,,,,,,,,,
20260603,C0151,2026-06-03T17:38:57.867061,O00537,Completed,2026-06-03T19:56:40.486Z,UPI,orders_S006_20260603.json,ST013,S006,S006_O00537,FUTURE_TIMESTAMP,2026-06-03T17:42:56.835Z,,,,,,,,,,,,
20260603,C0005,2026-06-03T17:38:57.867061,O00538,Completed,2026-06-03T21:25:27.486Z,UPI,orders_S006_20260603.json,ST007,S006,S006_O00538,FUTURE_TIMESTAMP,2026-06-03T17:42:56.835Z,,,,,,,,,,,,
20260603,C0266,2026-06-03T17:38:57.867061,O00539,Completed,2026-06-03T20:14:48.486Z,Cash,orders_S006_20260603.json,ST011,S006,S006_O00539,FUTURE_TIMESTAMP,2026-06-03T17:42:56.835Z,,,,,,,,,,,,
20260603,C0023,2026-06-03T17:38:57.867061,O00540,Completed,2026-06-03T19:25:06.486Z,Card,orders_S006_20260603.json,ST006,S006,S006_O00540,FUTURE_TIMESTAMP,2026-06-03T17:42:56.835Z,,,,,,,,,,,,
20260603,C0278,2026-06-03T17:38:57.867061,O00541,Completed,2026-06-03T20:00:43.486Z,Cash,orders_S006_20260603.json,ST005,S006,S006_O00541,FUTURE_TIMESTAMP,2026-06-03T17:42:56.835Z,,,,,,,,,,,,
20260603,C0169,2026-06-03T17:38:57.867061,O00542,Completed,2026-06-03T19:14:06.486Z,UPI,orders_S006_20260603.json,ST013,S006,S006_O00542,FUTURE_TIMESTAMP,2026-06-03T17:42:56.835Z,,,,,,,,,,,,
20260603,C0196,2026-06-03T17:38:57.867061,O00545,Completed,2026-06-03T21:49:30.486Z,UPI,orders_S006_20260603.json,ST012,S006,S006_O00545,FUTURE_TIMESTAMP,2026-06-03T17:42:56.835Z,,,,,,,,,,,,
20260603,C0022,2026-06-03T17:38:57.867061,O00546,Completed,2026-06-03T20:19:45.486Z,UPI,orders_S006_20260603.json,ST013,S006,S006_O00546,FUTURE_TIMESTAMP,2026-06-03T17:42:56.835Z,,,,,,,,,,,,
20260603,C0076,2026-06-03T17:38:57.867061,O00547,Completed,2026-06-03T19:46:29.486Z,UPI,orders_S006_20260603.json,ST015,S006,S006_O00547,FUTURE_TIMESTAMP,2026-06-03T17:42:56.835Z,,,,,,,,,,,,
20260603,C0225,2026-06-03T17:38:57.867061,O00548,Completed,2026-06-03T20:42:21.486Z,Cash,orders_S006_20260603.json,ST007,S006,S006_O00548,FUTURE_TIMESTAMP,2026-06-03T17:42:56.835Z,,,,,,,,,,,,
20260603,C0053,2026-06-03T17:38:57.867061,O00550,Completed,2026-06-03T19:05:12.486Z,Cash,orders_S006_20260603.json,ST001,S006,S006_O00550,FUTURE_TIMESTAMP,2026-06-03T17:42:56.835Z,,,,,,,,,,,,
20260603,C0013,2026-06-03T17:38:57.867061,O00551,Completed,2026-06-03T19:32:36.486Z,UPI,orders_S006_20260603.json,ST006,S006,S006_O00551,FUTURE_TIMESTAMP,2026-06-03T17:42:56.835Z,,,,,,,,,,,,
20260603,C0075,2026-06-03T17:38:57.867061,O00554,Completed,2026-06-03T21:58:22.486Z,UPI,orders_S006_20260603.json,ST005,S006,S006_O00554,FUTURE_TIMESTAMP,2026-06-03T17:42:56.835Z,,,,,,,,,,,,
20260603,C0092,2026-06-03T17:38:57.867061,O00555,Completed,2026-06-03T20:24:05.486Z,UPI,orders_S006_20260603.json,ST006,S006,S006_O00555,FUTURE_TIMESTAMP,2026-06-03T17:42:56.835Z,,,,,,,,,,,,
20260603,C0164,2026-06-03T17:38:57.867061,O00556,Completed,2026-06-03T19:00:52.486Z,UPI,orders_S006_20260603.json,ST008,S006,S006_O00556,FUTURE_TIMESTAMP,2026-06-03T17:42:56.835Z,,,,,,,,,,,,
20260603,C0053,2026-06-03T17:38:57.867061,O00557,Completed,2026-06-03T19:01:35.486Z,Cash,orders_S006_20260603.json,ST014,S006,S006_O00557,FUTURE_TIMESTAMP,2026-06-03T17:42:56.835Z,,,,,,,,,,,,
20260603,C0165,2026-06-03T17:38:57.867061,O00558,Completed,2026-06-03T21:49:47.486Z,UPI,orders_S006_20260603.json,ST015,S006,S006_O00558,FUTURE_TIMESTAMP,2026-06-03T17:42:56.835Z,,,,,,,,,,,,
20260603,C0207,2026-06-03T17:38:57.867061,O00560,Completed,2026-06-03T18:52:24.486Z,UPI,orders_S006_20260603.json,ST006,S006,S006_O00560,FUTURE_TIMESTAMP,2026-06-03T17:42:56.835Z,,,,,,,,,,,,
20260603,C0184,2026-06-03T17:38:57.867061,O00561,Completed,2026-06-03T20:52:01.486Z,UPI,orders_S006_20260603.json,ST008,S006,S006_O00561,FUTURE_TIMESTAMP,2026-06-03T17:42:56.835Z,,,,,,,,,,,,
20260603,C0011,2026-06-03T17:38:57.867061,O00563,Completed,2026-06-03T21:28:00.486Z,Card,orders_S006_20260603.json,ST015,S006,S006_O00563,FUTURE_TIMESTAMP,2026-06-03T17:42:56.835Z,,,,,,,,,,,,
20260603,C0035,2026-06-03T17:38:57.867061,O00564,Completed,2026-06-03T19:36:16.486Z,Cash,orders_S006_20260603.json,ST014,S006,S006_O00564,FUTURE_TIMESTAMP,2026-06-03T17:42:56.835Z,,,,,,,,,,,,
20260603,C0160,2026-06-03T17:38:57.867061,O00565,Completed,2026-06-03T20:28:32.486Z,UPI,orders_S006_20260603.json,ST007,S006,S006_O00565,FUTURE_TIMESTAMP,2026-06-03T17:42:56.835Z,,,,,,,,,,,,
20260603,C0283,2026-06-03T17:38:57.867061,O00566,Completed,2026-06-03T18:21:17.486Z,Card,orders_S006_20260603.json,ST011,S006,S006_O00566,FUTURE_TIMESTAMP,2026-06-03T17:42:56.835Z,,,,,,,,,,,,
20260603,C0288,2026-06-03T17:38:57.867061,O00568,Completed,2026-06-03T20:33:43.486Z,Cash,orders_S006_20260603.json,ST013,S006,S006_O00568,FUTURE_TIMESTAMP,2026-06-03T17:42:56.835Z,,,,,,,,,,,,
20260603,C0077,2026-06-03T17:38:57.867061,O00569,Completed,2026-06-03T20:02:00.486Z,UPI,orders_S006_20260603.json,ST008,S006,S006_O00569,FUTURE_TIMESTAMP,2026-06-03T17:42:56.835Z,,,,,,,,,,,,
20260603,C0196,2026-06-03T17:38:57.867061,O00570,Completed,2026-06-03T18:54:19.486Z,UPI,orders_S006_20260603.json,ST007,S006,S006_O00570,FUTURE_TIMESTAMP,2026-06-03T17:42:56.835Z,,,,,,,,,,,,
20260603,C0030,2026-06-03T17:38:57.867061,O00572,Completed,2026-06-03T19:47:10.486Z,UPI,orders_S006_20260603.json,ST004,S006,S006_O00572,FUTURE_TIMESTAMP,2026-06-03T17:42:56.835Z,,,,,,,,,,,,
20260603,C0115,2026-06-03T17:38:57.867061,O00574,Completed,2026-06-03T21:30:53.486Z,UPI,orders_S006_20260603.json,ST011,S006,S006_O00574,FUTURE_TIMESTAMP,2026-06-03T17:42:56.835Z,,,,,,,,,,,,
20260603,C0205,2026-06-03T17:38:57.867061,O00575,Completed,2026-06-03T19:04:50.486Z,Card,orders_S006_20260603.json,ST012,S006,S006_O00575,FUTURE_TIMESTAMP,2026-06-03T17:42:56.835Z,,,,,,,,,,,,
20260603,,2026-06-03T17:38:57.867061,O00577,Completed,2026-06-03T20:16:01.486Z,UPI,orders_S006_20260603.json,ST014,S006,S006_O00577,MISSING_CUSTOMER_ID,2026-06-03T17:42:56.835Z,,,,,,,,,,,,
20260603,C0033,2026-06-03T17:38:57.867061,O00578,Completed,2026-06-03T19:12:16.486Z,UPI,orders_S006_20260603.json,ST007,S006,S006_O00578,FUTURE_TIMESTAMP,2026-06-03T17:42:56.835Z,,,,,,,,,,,,
20260603,C0006,2026-06-03T17:38:57.867061,O00581,Completed,2026-06-03T19:49:18.486Z,Card,orders_S006_20260603.json,ST012,S006,S006_O00581,FUTURE_TIMESTAMP,2026-06-03T17:42:56.835Z,,,,,,,,,,,,
20260603,C0281,2026-06-03T17:38:57.867061,O00583,Completed,2026-06-03T19:06:06.486Z,Cash,orders_S006_20260603.json,ST004,S006,S006_O00583,FUTURE_TIMESTAMP,2026-06-03T17:42:56.835Z,,,,,,,,,,,,
20260603,C0060,2026-06-03T17:38:57.867061,O00587,Completed,2026-06-03T19:01:28.486Z,Cash,orders_S006_20260603.json,ST014,S006,S006_O00587,FUTURE_TIMESTAMP,2026-06-03T17:42:56.835Z,,,,,,,,,,,,
20260603,C0029,2026-06-03T17:38:57.867061,O00588,Completed,2026-06-03T19:31:47.486Z,UPI,orders_S006_20260603.json,ST013,S006,S006_O00588,FUTURE_TIMESTAMP,2026-06-03T17:42:56.835Z,,,,,,,,,,,,
20260603,C0018,2026-06-03T17:38:57.867061,O00589,Completed,2026-06-03T20:29:28.486Z,Card,orders_S006_20260603.json,ST012,S006,S006_O00589,FUTURE_TIMESTAMP,2026-06-03T17:42:56.835Z,,,,,,,,,,,,
20260603,C0142,2026-06-03T17:38:57.867061,O00590,Completed,2026-06-03T20:42:29.486Z,Card,orders_S006_20260603.json,ST014,S006,S006_O00590,FUTURE_TIMESTAMP,2026-06-03T17:42:56.835Z,,,,,,,,,,,,
20260603,C0111,2026-06-03T17:38:57.867061,O00591,Completed,2026-06-03T20:08:45.486Z,Card,orders_S006_20260603.json,ST006,S006,S006_O00591,FUTURE_TIMESTAMP,2026-06-03T17:42:56.835Z,,,,,,,,,,,,
20260603,C0132,2026-06-03T17:38:57.867061,O00592,Completed,2026-06-03T20:22:38.486Z,UPI,orders_S006_20260603.json,ST009,S006,S006_O00592,FUTURE_TIMESTAMP,2026-06-03T17:42:56.835Z,,,,,,,,,,,,
20260603,C0221,2026-06-03T17:38:57.867061,O00593,Completed,2026-06-03T19:46:27.486Z,UPI,orders_S006_20260603.json,ST009,S006,S006_O00593,FUTURE_TIMESTAMP,2026-06-03T17:42:56.835Z,,,,,,,,,,,,
20260603,C0118,2026-06-03T17:38:57.867061,O00596,Completed,2026-06-03T20:01:45.486Z,UPI,orders_S006_20260603.json,ST006,S006,S006_O00596,FUTURE_TIMESTAMP,2026-06-03T17:42:56.835Z,,,,,,,,,,,,
20260603,C0237,2026-06-03T17:38:57.867061,O00597,Completed,2026-06-03T18:40:15.486Z,UPI,orders_S006_20260603.json,ST013,S006,S006_O00597,FUTURE_TIMESTAMP,2026-06-03T17:42:56.835Z,,,,,,,,,,,,
20260603,C0265,2026-06-03T17:38:57.867061,O00598,Completed,2026-06-03T19:35:07.486Z,Cash,orders_S006_20260603.json,ST010,S006,S006_O00598,FUTURE_TIMESTAMP,2026-06-03T17:42:56.835Z,,,,,,,,,,,,
20260603,C0020,2026-06-03T17:38:57.867061,O00599,Completed,2026-06-03T19:03:12.486Z,UPI,orders_S006_20260603.json,ST005,S006,S006_O00599,FUTURE_TIMESTAMP,2026-06-03T17:42:56.835Z,,,,,,,,,,,,
20260603,C0267,2026-06-03T17:38:57.867061,O00600,Completed,2026-06-03T19:02:57.486Z,UPI,orders_S006_20260603.json,ST002,S006,S006_O00600,FUTURE_TIMESTAMP,2026-06-03T17:42:56.835Z,,,,,,,,,,,,
20260603,C0240,2026-06-03T17:38:57.867061,O00601,Completed,2026-06-03T21:47:50.486Z,Card,orders_S006_20260603.json,ST015,S006,S006_O00601,FUTURE_TIMESTAMP,2026-06-03T17:42:56.835Z,,,,,,,,,,,,
20260603,C0049,2026-06-03T17:38:57.867061,O00602,Completed,2026-06-03T20:10:23.486Z,Cash,orders_S006_20260603.json,ST004,S006,S006_O00602,FUTURE_TIMESTAMP,2026-06-03T17:42:56.835Z,,,,,,,,,,,,
20260603,C0062,2026-06-03T17:38:57.867061,O00603,Completed,2026-06-03T18:24:40.486Z,UPI,orders_S006_20260603.json,ST003,S006,S006_O00603,FUTURE_TIMESTAMP,2026-06-03T17:42:56.835Z,,,,,,,,,,,,
20260603,C0294,2026-06-03T17:38:57.867061,O00604,Completed,2026-06-03T20:56:20.486Z,UPI,orders_S006_20260603.json,ST004,S006,S006_O00604,FUTURE_TIMESTAMP,2026-06-03T17:42:56.835Z,,,,,,,,,,,,
20260603,C0019,2026-06-03T17:38:57.867061,O00605,Completed,2026-06-03T19:45:04.486Z,UPI,orders_S006_20260603.json,ST012,S006,S006_O00605,FUTURE_TIMESTAMP,2026-06-03T17:42:56.835Z,,,,,,,,,,,,
20260603,C0011,2026-06-03T17:38:57.867061,O00606,Completed,2026-06-03T19:23:29.486Z,UPI,orders_S006_20260603.json,ST003,S006,S006_O00606,FUTURE_TIMESTAMP,2026-06-03T17:42:56.835Z,,,,,,,,,,,,
20260603,C0236,2026-06-03T17:38:57.867061,O00608,Completed,2026-06-03T18:40:30.486Z,UPI,orders_S006_20260603.json,ST011,S006,S006_O00608,FUTURE_TIMESTAMP,2026-06-03T17:42:56.835Z,,,,,,,,,,,,
20260603,C0044,2026-06-03T17:38:57.867061,O00609,Completed,2026-06-03T19:36:57.486Z,UPI,orders_S006_20260603.json,ST005,S006,S006_O00609,FUTURE_TIMESTAMP,2026-06-03T17:42:56.835Z,,,,,,,,,,,,
20260603,C0007,2026-06-03T17:38:57.867061,O00610,Completed,2026-06-03T19:09:54.486Z,UPI,orders_S006_20260603.json,ST004,S006,S006_O00610,FUTURE_TIMESTAMP,2026-06-03T17:42:56.835Z,,,,,,,,,,,,
20260603,C0060,2026-06-03T17:38:57.867061,O00611,Completed,2026-06-03T19:17:17.486Z,UPI,orders_S006_20260603.json,ST011,S006,S006_O00611,FUTURE_TIMESTAMP,2026-06-03T17:42:56.835Z,,,,,,,,,,,,
20260603,C0029,2026-06-03T17:38:57.867061,O00612,Completed,2026-06-03T18:31:28.486Z,UPI,orders_S006_20260603.json,ST013,S006,S006_O00612,FUTURE_TIMESTAMP,2026-06-03T17:42:56.835Z,,,,,,,,,,,,
20260603,C0179,2026-06-03T17:38:57.867061,O00613,Completed,2026-06-03T19:29:10.486Z,Card,orders_S006_20260603.json,ST015,S006,S006_O00613,FUTURE_TIMESTAMP,2026-06-03T17:42:56.835Z,,,,,,,,,,,,
20260603,C0052,2026-06-03T17:38:57.867061,O00619,Completed,2026-06-03T19:53:26.486Z,UPI,orders_S006_20260603.json,ST002,S006,S006_O00619,FUTURE_TIMESTAMP,2026-06-03T17:42:56.835Z,,,,,,,,,,,,
20260603,C0025,2026-06-03T17:38:57.867061,O00620,Completed,2026-06-03T20:59:51.486Z,UPI,orders_S006_20260603.json,ST004,S006,S006_O00620,FUTURE_TIMESTAMP,2026-06-03T17:42:56.835Z,,,,,,,,,,,,
20260603,C0024,2026-06-03T17:38:57.867061,O00623,Completed,2026-06-03T20:10:37.486Z,UPI,orders_S006_20260603.json,ST001,S006,S006_O00623,FUTURE_TIMESTAMP,2026-06-03T17:42:56.835Z,,,,,,,,,,,,
20260603,C0084,2026-06-03T17:38:57.867061,O00625,Completed,2026-06-03T19:14:27.486Z,Crypto,orders_S006_20260603.json,ST004,S006,S006_O00625,INVALID_PAYMENT_MODE: Crypto,2026-06-03T17:42:56.835Z,,,,,,,,,,,,
20260603,C0058,2026-06-03T17:38:57.867061,O00627,Completed,2026-06-03T20:36:19.486Z,Cash,orders_S006_20260603.json,ST011,S006,S006_O00627,FUTURE_TIMESTAMP,2026-06-03T17:42:56.835Z,,,,,,,,,,,,
20260603,C0111,2026-06-03T17:38:57.867061,O00629,Completed,2026-06-03T18:27:21.486Z,UPI,orders_S006_20260603.json,ST005,S006,S006_O00629,FUTURE_TIMESTAMP,2026-06-03T17:42:56.835Z,,,,,,,,,,,,
20260603,C0015,2026-06-03T17:38:57.867061,O00630,Completed,2026-06-03T20:30:44.486Z,Cash,orders_S006_20260603.json,ST012,S006,S006_O00630,FUTURE_TIMESTAMP,2026-06-03T17:42:56.835Z,,,,,,,,,,,,
20260603,C0002,2026-06-03T17:38:57.867061,O00631,Completed,2026-06-03T18:27:10.486Z,UPI,orders_S006_20260603.json,ST015,S006,S006_O00631,FUTURE_TIMESTAMP,2026-06-03T17:42:56.835Z,,,,,,,,,,,,
20260603,C0297,2026-06-03T17:38:57.867061,O00632,Completed,2026-06-03T20:44:36.486Z,Card,orders_S006_20260603.json,ST010,S006,S006_O00632,FUTURE_TIMESTAMP,2026-06-03T17:42:56.835Z,,,,,,,,,,,,
20260603,C0066,2026-06-03T17:38:57.867061,O00633,Completed,2026-06-03T19:33:08.486Z,UPI,orders_S006_20260603.json,ST014,S006,S006_O00633,FUTURE_TIMESTAMP,2026-06-03T17:42:56.835Z,,,,,,,,,,,,
20260603,C0027,2026-06-03T17:38:57.867061,O00634,Completed,2026-06-03T20:10:32.486Z,Card,orders_S006_20260603.json,ST001,S006,S006_O00634,FUTURE_TIMESTAMP,2026-06-03T17:42:56.835Z,,,,,,,,,,,,
20260603,C0221,2026-06-03T17:38:57.867061,O00636,Completed,2026-06-03T19:31:26.486Z,UPI,orders_S006_20260603.json,ST014,S006,S006_O00636,FUTURE_TIMESTAMP,2026-06-03T17:42:56.835Z,,,,,,,,,,,,
20260603,C0093,2026-06-03T17:38:57.867061,O00637,Completed,2026-06-03T20:16:12.486Z,UPI,orders_S006_20260603.json,ST015,S006,S006_O00637,FUTURE_TIMESTAMP,2026-06-03T17:42:56.835Z,,,,,,,,,,,,
20260603,C0015,2026-06-03T17:38:57.867061,O00638,Completed,2026-06-03T17:47:10.486Z,UPI,orders_S006_20260603.json,ST013,S006,S006_O00638,FUTURE_TIMESTAMP,2026-06-03T17:42:56.835Z,,,,,,,,,,,,
20260603,C0250,2026-06-03T17:38:57.867061,O00640,Completed,2026-06-03T21:35:39.486Z,Cash,orders_S006_20260603.json,ST012,S006,S006_O00640,FUTURE_TIMESTAMP,2026-06-03T17:42:56.835Z,,,,,,,,,,,,
20260603,C0037,2026-06-03T17:38:57.867061,O00641,Completed,2026-06-03T21:48:54.486Z,Card,orders_S006_20260603.json,ST003,S006,S006_O00641,FUTURE_TIMESTAMP,2026-06-03T17:42:56.835Z,,,,,,,,,,,,
20260603,C0219,2026-06-03T17:38:57.867061,O00643,Completed,2026-06-03T20:16:11.486Z,UPI,orders_S006_20260603.json,ST004,S006,S006_O00643,FUTURE_TIMESTAMP,2026-06-03T17:42:56.835Z,,,,,,,,,,,,
20260603,C0251,2026-06-03T17:38:57.867061,O00644,Completed,2026-06-03T18:57:21.486Z,UPI,orders_S006_20260603.json,ST012,S006,S006_O00644,FUTURE_TIMESTAMP,2026-06-03T17:42:56.835Z,,,,,,,,,,,,
20260603,C0181,2026-06-03T17:38:57.867061,O00645,Completed,2026-06-03T20:36:41.486Z,Card,orders_S006_20260603.json,ST014,S006,S006_O00645,FUTURE_TIMESTAMP,2026-06-03T17:42:56.835Z,,,,,,,,,,,,
20260603,C0225,2026-06-03T17:38:57.867061,O00646,Completed,2026-06-03T20:40:39.486Z,UPI,orders_S006_20260603.json,ST003,S006,S006_O00646,FUTURE_TIMESTAMP,2026-06-03T17:42:56.835Z,,,,,,,,,,,,
20260603,C0194,2026-06-03T17:38:57.867061,O00648,Completed,2026-06-03T21:46:26.486Z,UPI,orders_S006_20260603.json,ST014,S006,S006_O00648,FUTURE_TIMESTAMP,2026-06-03T17:42:56.835Z,,,,,,,,,,,,
20260603,C0165,2026-06-03T17:38:57.867061,O00649,Completed,2026-06-03T20:51:38.486Z,Cash,orders_S006_20260603.json,ST014,S006,S006_O00649,FUTURE_TIMESTAMP,2026-06-03T17:42:56.835Z,,,,,,,,,,,,
20260603,C0041,2026-06-03T17:38:57.867061,O00650,Completed,2026-06-03T20:05:37.486Z,Cash,orders_S006_20260603.json,ST015,S006,S006_O00650,FUTURE_TIMESTAMP,2026-06-03T17:42:56.835Z,,,,,,,,,,,,
20260603,C0209,2026-06-03T17:38:57.867061,O00652,Completed,2026-06-03T18:59:55.486Z,UPI,orders_S006_20260603.json,ST002,S006,S006_O00652,FUTURE_TIMESTAMP,2026-06-03T17:42:56.835Z,,,,,,,,,,,,
20260603,C0026,2026-06-03T17:38:57.867061,O00653,Completed,2026-06-03T19:35:38.486Z,Cash,orders_S006_20260603.json,ST006,S006,S006_O00653,FUTURE_TIMESTAMP,2026-06-03T17:42:56.835Z,,,,,,,,,,,,
20260603,C0030,2026-06-03T17:38:57.867061,O00654,Completed,2026-06-03T20:42:57.486Z,Card,orders_S006_20260603.json,ST008,S006,S006_O00654,FUTURE_TIMESTAMP,2026-06-03T17:42:56.835Z,,,,,,,,,,,,
20260603,C0033,2026-06-03T17:38:57.867061,O00655,Completed,2026-06-03T19:18:06.486Z,UPI,orders_S006_20260603.json,ST011,S006,S006_O00655,FUTURE_TIMESTAMP,2026-06-03T17:42:56.835Z,,,,,,,,,,,,
20260603,C0030,2026-06-03T17:38:57.867061,O00657,Completed,2026-06-03T21:34:25.486Z,UPI,orders_S006_20260603.json,ST002,S006,S006_O00657,FUTURE_TIMESTAMP,2026-06-03T17:42:56.835Z,,,,,,,,,,,,
20260603,C0045,2026-06-03T17:38:57.867061,O00658,Completed,2026-06-03T20:59:43.486Z,Cash,orders_S006_20260603.json,ST008,S006,S006_O00658,FUTURE_TIMESTAMP,2026-06-03T17:42:56.835Z,,,,,,,,,,,,
20260603,C0025,2026-06-03T17:38:57.867061,O00659,Completed,2026-06-03T20:57:36.486Z,Card,orders_S006_20260603.json,ST009,S006,S006_O00659,FUTURE_TIMESTAMP,2026-06-03T17:42:56.835Z,,,,,,,,,,,,
20260603,C0019,2026-06-03T17:38:57.867061,O00662,Completed,2026-06-03T18:36:12.486Z,Cash,orders_S006_20260603.json,ST004,S006,S006_O00662,FUTURE_TIMESTAMP,2026-06-03T17:42:56.835Z,,,,,,,,,,,,
20260603,C0264,2026-06-03T17:38:57.867061,O00666,Completed,2026-06-03T18:35:15.486Z,UPI,orders_S006_20260603.json,ST004,S006,S006_O00666,FUTURE_TIMESTAMP,2026-06-03T17:42:56.835Z,,,,,,,,,,,,
20260603,C0030,2026-06-03T17:38:57.867061,O00667,Completed,2026-06-03T21:50:48.486Z,Cash,orders_S006_20260603.json,ST013,S006,S006_O00667,FUTURE_TIMESTAMP,2026-06-03T17:42:56.835Z,,,,,,,,,,,,
20260603,C0147,2026-06-03T17:38:57.867061,O00668,Completed,2026-06-03T20:29:44.486Z,Cash,orders_S006_20260603.json,ST006,S006,S006_O00668,FUTURE_TIMESTAMP,2026-06-03T17:42:56.835Z,,,,,,,,,,,,
20260603,C0005,2026-06-03T17:38:57.867061,O00670,Completed,2026-06-03T18:53:41.486Z,Card,orders_S006_20260603.json,ST002,S006,S006_O00670,FUTURE_TIMESTAMP,2026-06-03T17:42:56.835Z,,,,,,,,,,,,
20260603,C0017,2026-06-03T17:38:57.867061,O00674,Completed,2026-06-03T20:38:57.486Z,UPI,orders_S006_20260603.json,ST014,S006,S006_O00674,FUTURE_TIMESTAMP,2026-06-03T17:42:56.835Z,,,,,,,,,,,,
20260603,C0046,2026-06-03T17:38:57.867061,O00678,Completed,2026-06-03T21:11:30.486Z,UPI,orders_S006_20260603.json,ST011,S006,S006_O00678,FUTURE_TIMESTAMP,2026-06-03T17:42:56.835Z,,,,,,,,,,,,
20260603,C0083,2026-06-03T17:38:57.867061,O00680,Completed,2026-06-03T19:59:20.486Z,Cash,orders_S006_20260603.json,ST011,S006,S006_O00680,FUTURE_TIMESTAMP,2026-06-03T17:42:56.835Z,,,,,,,,,,,,
20260603,C0084,2026-06-03T17:38:57.867061,O00682,Completed,2026-06-03T18:10:48.486Z,Card,orders_S006_20260603.json,ST014,S006,S006_O00682,FUTURE_TIMESTAMP,2026-06-03T17:42:56.835Z,,,,,,,,,,,,
20260603,C0267,2026-06-03T17:38:57.867061,O00683,Completed,2026-06-03T20:05:34.486Z,Cash,orders_S006_20260603.json,ST003,S006,S006_O00683,FUTURE_TIMESTAMP,2026-06-03T17:42:56.835Z,,,,,,,,,,,,
20260603,C0062,2026-06-03T17:38:57.867061,O00684,Completed,2026-06-03T19:59:28.486Z,UPI,orders_S006_20260603.json,ST005,S006,S006_O00684,FUTURE_TIMESTAMP,2026-06-03T17:42:56.835Z,,,,,,,,,,,,
20260603,C0144,2026-06-03T17:38:57.867061,O00685,Completed,2026-06-03T20:11:15.486Z,UPI,orders_S006_20260603.json,ST015,S006,S006_O00685,FUTURE_TIMESTAMP,2026-06-03T17:42:56.835Z,,,,,,,,,,,,
20260603,C0235,2026-06-03T17:38:57.867061,O00686,Completed,2026-06-03T21:16:50.486Z,UPI,orders_S006_20260603.json,ST002,S006,S006_O00686,FUTURE_TIMESTAMP,2026-06-03T17:42:56.835Z,,,,,,,,,,,,
20260603,C0130,2026-06-03T17:38:57.867061,O00687,Completed,2026-06-03T21:14:26.486Z,UPI,orders_S006_20260603.json,ST006,S006,S006_O00687,FUTURE_TIMESTAMP,2026-06-03T17:42:56.835Z,,,,,,,,,,,,
20260603,C0172,2026-06-03T17:38:57.867061,O00688,Completed,2026-06-03T18:18:24.486Z,Cash,orders_S006_20260603.json,ST003,S006,S006_O00688,FUTURE_TIMESTAMP,2026-06-03T17:42:56.835Z,,,,,,,,,,,,
20260603,C0044,2026-06-03T17:38:57.867061,O00690,Completed,2026-06-03T20:53:04.486Z,UPI,orders_S006_20260603.json,ST005,S006,S006_O00690,FUTURE_TIMESTAMP,2026-06-03T17:42:56.835Z,,,,,,,,,,,,
20260603,C0077,2026-06-03T17:38:57.867061,O00692,Completed,2026-06-03T19:46:59.486Z,Card,orders_S006_20260603.json,ST006,S006,S006_O00692,FUTURE_TIMESTAMP,2026-06-03T17:42:56.835Z,,,,,,,,,,,,
20260603,C0053,2026-06-03T17:38:57.867061,O00695,Completed,2026-06-03T18:21:01.486Z,UPI,orders_S006_20260603.json,ST005,S006,S006_O00695,FUTURE_TIMESTAMP,2026-06-03T17:42:56.835Z,,,,,,,,,,,,
20260603,C0290,2026-06-03T17:38:57.867061,O00696,Completed,2026-06-03T20:11:44.486Z,UPI,orders_S006_20260603.json,ST001,S006,S006_O00696,FUTURE_TIMESTAMP,2026-06-03T17:42:56.835Z,,,,,,,,,,,,
20260603,C0055,2026-06-03T17:38:57.867061,O00698,Completed,2027-06-03T18:58:13.486Z,UPI,orders_S006_20260603.json,ST010,S006,S006_O00698,FUTURE_TIMESTAMP,2026-06-03T17:42:56.835Z,,,,,,,,,,,,
20260603,C0006,2026-06-03T17:38:57.867061,O00699,Completed,2026-06-03T18:34:06.486Z,Cash,orders_S006_20260603.json,ST007,S006,S006_O00699,FUTURE_TIMESTAMP,2026-06-03T17:42:56.835Z,,,,,,,,,,,,
20260603,C0044,2026-06-03T17:38:57.867061,O00700,Completed,2026-06-03T19:59:20.486Z,Cash,orders_S006_20260603.json,ST002,S006,S006_O00700,FUTURE_TIMESTAMP,2026-06-03T17:42:56.835Z,,,,,,,,,,,,
20260603,C0168,2026-06-03T17:38:57.867061,O00701,Completed,2026-06-03T20:09:25.486Z,UPI,orders_S006_20260603.json,ST005,S006,S006_O00701,FUTURE_TIMESTAMP,2026-06-03T17:42:56.835Z,,,,,,,,,,,,
20260603,C0173,2026-06-03T17:38:57.867061,O00702,Completed,2026-06-03T20:45:35.486Z,Cash,orders_S006_20260603.json,ST010,S006,S006_O00702,FUTURE_TIMESTAMP,2026-06-03T17:42:56.835Z,,,,,,,,,,,,
20260603,C0151,2026-06-03T17:38:57.867061,O00703,Completed,2026-06-03T20:16:06.486Z,UPI,orders_S006_20260603.json,ST011,S006,S006_O00703,FUTURE_TIMESTAMP,2026-06-03T17:42:56.835Z,,,,,,,,,,,,
20260603,C0118,2026-06-03T17:38:57.867061,O00704,Completed,2026-06-03T21:41:56.486Z,Card,orders_S006_20260603.json,ST002,S006,S006_O00704,FUTURE_TIMESTAMP,2026-06-03T17:42:56.835Z,,,,,,,,,,,,
20260603,C0196,2026-06-03T17:38:57.867061,O00705,Completed,2026-06-03T18:21:23.486Z,UPI,orders_S006_20260603.json,ST006,S006,S006_O00705,FUTURE_TIMESTAMP,2026-06-03T17:42:56.835Z,,,,,,,,,,,,
20260603,C0299,2026-06-03T17:38:57.867061,O00707,Completed,2026-06-03T18:04:03.486Z,UPI,orders_S006_20260603.json,ST003,S006,S006_O00707,FUTURE_TIMESTAMP,2026-06-03T17:42:56.835Z,,,,,,,,,,,,
20260603,C0258,2026-06-03T17:38:57.867061,O00711,Completed,2026-06-03T19:29:57.486Z,Crypto,orders_S006_20260603.json,ST003,S006,S006_O00711,INVALID_PAYMENT_MODE: Crypto,2026-06-03T17:42:56.835Z,,,,,,,,,,,,
20260603,C0264,2026-06-03T17:38:57.867061,O00712,Completed,2026-06-03T20:18:18.486Z,Card,orders_S006_20260603.json,ST006,S006,S006_O00712,FUTURE_TIMESTAMP,2026-06-03T17:42:56.835Z,,,,,,,,,,,,
20260603,C0032,2026-06-03T17:38:57.867061,O00714,Completed,2026-06-03T18:45:46.486Z,UPI,orders_S006_20260603.json,ST005,S006,S006_O00714,FUTURE_TIMESTAMP,2026-06-03T17:42:56.835Z,,,,,,,,,,,,
20260603,C0056,2026-06-03T17:38:57.867061,O00715,Completed,2026-06-03T20:01:31.486Z,Cash,orders_S006_20260603.json,ST007,S006,S006_O00715,FUTURE_TIMESTAMP,2026-06-03T17:42:56.835Z,,,,,,,,,,,,
20260603,,2026-06-03T17:38:57.867061,O00717,Completed,2027-06-03T16:38:28.486Z,UPI,orders_S006_20260603.json,ST001,S006,S006_O00717,MISSING_CUSTOMER_ID,2026-06-03T17:42:56.835Z,,,,,,,,,,,,
20260603,C0041,2026-06-03T17:38:57.867061,O00719,Completed,2026-06-03T19:17:47.486Z,UPI,orders_S006_20260603.json,ST010,S006,S006_O00719,FUTURE_TIMESTAMP,2026-06-03T17:42:56.835Z,,,,,,,,,,,,
20260603,C0191,2026-06-03T17:38:57.867061,O00722,Completed,2026-06-03T21:56:52.486Z,Card,orders_S006_20260603.json,ST001,S006,S006_O00722,FUTURE_TIMESTAMP,2026-06-03T17:42:56.835Z,,,,,,,,,,,,
20260603,C0116,2026-06-03T17:38:57.867061,O00723,Completed,2026-06-03T19:24:45.486Z,UPI,orders_S006_20260603.json,ST015,S006,S006_O00723,FUTURE_TIMESTAMP,2026-06-03T17:42:56.835Z,,,,,,,,,,,,
20260603,C0288,2026-06-03T17:38:57.867061,O00724,Completed,2026-06-03T21:25:53.486Z,Card,orders_S006_20260603.json,ST014,S006,S006_O00724,FUTURE_TIMESTAMP,2026-06-03T17:42:56.835Z,,,,,,,,,,,,
20260603,C0057,2026-06-03T17:38:57.867061,O00725,Completed,2026-06-03T20:05:53.486Z,UPI,orders_S006_20260603.json,ST003,S006,S006_O00725,FUTURE_TIMESTAMP,2026-06-03T17:42:56.835Z,,,,,,,,,,,,
20260603,C0145,2026-06-03T17:38:57.867061,O00727,Completed,2026-06-03T21:17:27.486Z,UPI,orders_S006_20260603.json,ST012,S006,S006_O00727,FUTURE_TIMESTAMP,2026-06-03T17:42:56.835Z,,,,,,,,,,,,
20260603,C0220,2026-06-03T17:38:57.867061,O00728,Completed,2026-06-03T18:55:22.486Z,UPI,orders_S006_20260603.json,ST003,S006,S006_O00728,FUTURE_TIMESTAMP,2026-06-03T17:42:56.835Z,,,,,,,,,,,,
20260603,C0096,2026-06-03T17:38:57.867061,O00729,Completed,2026-06-03T20:15:09.486Z,Cash,orders_S006_20260603.json,ST008,S006,S006_O00729,FUTURE_TIMESTAMP,2026-06-03T17:42:56.835Z,,,,,,,,,,,,
20260603,C0150,2026-06-03T17:38:57.867061,O00730,Completed,2026-06-03T19:00:28.486Z,Cash,orders_S006_20260603.json,ST011,S006,S006_O00730,FUTURE_TIMESTAMP,2026-06-03T17:42:56.835Z,,,,,,,,,,,,
20260603,C0001,2026-06-03T17:38:57.867061,O00731,Completed,2026-06-03T21:11:38.486Z,UPI,orders_S006_20260603.json,ST009,S006,S006_O00731,FUTURE_TIMESTAMP,2026-06-03T17:42:56.835Z,,,,,,,,,,,,
20260603,C0164,2026-06-03T17:38:57.867061,O00733,Completed,2026-06-03T19:02:10.486Z,Cash,orders_S006_20260603.json,ST006,S006,S006_O00733,FUTURE_TIMESTAMP,2026-06-03T17:42:56.835Z,,,,,,,,,,,,
20260603,C0212,2026-06-03T17:38:57.867061,O00734,Completed,2026-06-03T19:13:56.486Z,Card,orders_S006_20260603.json,ST010,S006,S006_O00734,FUTURE_TIMESTAMP,2026-06-03T17:42:56.835Z,,,,,,,,,,,,
20260603,C0146,2026-06-03T17:38:57.867061,O00736,Completed,2026-06-03T21:50:48.486Z,Cash,orders_S006_20260603.json,ST007,S006,S006_O00736,FUTURE_TIMESTAMP,2026-06-03T17:42:56.835Z,,,,,,,,,,,,
20260603,C0290,2026-06-03T17:38:57.867061,O00737,Completed,2026-06-03T20:51:14.486Z,Cash,orders_S006_20260603.json,ST009,S006,S006_O00737,FUTURE_TIMESTAMP,2026-06-03T17:42:56.835Z,,,,,,,,,,,,
20260603,C0052,2026-06-03T17:38:57.867061,O00739,Completed,2027-06-03T15:42:25.486Z,UPI,orders_S006_20260603.json,ST011,S006,S006_O00739,FUTURE_TIMESTAMP,2026-06-03T17:42:56.835Z,,,,,,,,,,,,
20260603,C0032,2026-06-03T17:38:57.867061,O00740,Completed,2026-06-03T21:45:26.486Z,Cash,orders_S006_20260603.json,ST011,S006,S006_O00740,FUTURE_TIMESTAMP,2026-06-03T17:42:56.835Z,,,,,,,,,,,,
20260603,C0011,2026-06-03T17:38:57.867061,O00741,Completed,2026-06-03T20:49:02.486Z,Cash,orders_S006_20260603.json,ST011,S006,S006_O00741,FUTURE_TIMESTAMP,2026-06-03T17:42:56.835Z,,,,,,,,,,,,
20260603,C0055,2026-06-03T17:38:57.867061,O00742,Completed,2026-06-03T21:18:50.486Z,UPI,orders_S006_20260603.json,ST009,S006,S006_O00742,FUTURE_TIMESTAMP,2026-06-03T17:42:56.835Z,,,,,,,,,,,,
20260603,C0007,2026-06-03T17:38:57.867061,O00743,Completed,2026-06-03T19:41:39.486Z,UPI,orders_S006_20260603.json,ST011,S006,S006_O00743,FUTURE_TIMESTAMP,2026-06-03T17:42:56.835Z,,,,,,,,,,,,
20260603,C0044,2026-06-03T17:38:57.867061,O00744,Completed,2026-06-03T18:17:09.486Z,UPI,orders_S006_20260603.json,ST005,S006,S006_O00744,FUTURE_TIMESTAMP,2026-06-03T17:42:56.835Z,,,,,,,,,,,,
20260603,C0058,2026-06-03T17:38:57.867061,O00746,Completed,2026-06-03T18:02:27.486Z,Card,orders_S006_20260603.json,ST010,S006,S006_O00746,FUTURE_TIMESTAMP,2026-06-03T17:42:56.835Z,,,,,,,,,,,,
20260603,C0139,2026-06-03T17:38:57.867061,O00750,Completed,2026-06-03T19:24:38.486Z,UPI,orders_S006_20260603.json,ST012,S006,S006_O00750,FUTURE_TIMESTAMP,2026-06-03T17:42:56.835Z,,,,,,,,,,,,
20260603,C0048,2026-06-03T17:38:57.867061,O00751,Completed,2026-06-03T20:51:43.486Z,Cash,orders_S006_20260603.json,ST012,S006,S006_O00751,FUTURE_TIMESTAMP,2026-06-03T17:42:56.835Z,,,,,,,,,,,,
20260603,C0258,2026-06-03T17:38:57.867061,O00752,Completed,2026-06-03T20:07:07.486Z,UPI,orders_S006_20260603.json,ST009,S006,S006_O00752,FUTURE_TIMESTAMP,2026-06-03T17:42:56.835Z,,,,,,,,,,,,
20260603,C0007,2026-06-03T17:38:57.867061,O00756,Completed,2026-06-03T19:14:02.486Z,UPI,orders_S006_20260603.json,ST003,S006,S006_O00756,FUTURE_TIMESTAMP,2026-06-03T17:42:56.835Z,,,,,,,,,,,,
20260603,C0039,2026-06-03T17:38:57.867061,O00757,Completed,2026-06-03T19:24:07.486Z,Card,orders_S006_20260603.json,ST005,S006,S006_O00757,FUTURE_TIMESTAMP,2026-06-03T17:42:56.835Z,,,,,,,,,,,,
20260603,C0094,2026-06-03T17:38:57.867061,O00759,Completed,2026-06-03T21:20:37.486Z,Cash,orders_S006_20260603.json,ST014,S006,S006_O00759,FUTURE_TIMESTAMP,2026-06-03T17:42:56.835Z,,,,,,,,,,,,
20260603,C0153,2026-06-03T17:38:57.867061,O00760,Completed,2026-06-03T19:48:49.486Z,Cash,orders_S006_20260603.json,ST001,S006,S006_O00760,FUTURE_TIMESTAMP,2026-06-03T17:42:56.835Z,,,,,,,,,,,,
20260603,C0249,2026-06-03T17:38:57.867061,O00761,Completed,2026-06-03T18:44:23.486Z,UPI,orders_S006_20260603.json,ST004,S006,S006_O00761,FUTURE_TIMESTAMP,2026-06-03T17:42:56.835Z,,,,,,,,,,,,
20260603,C0177,2026-06-03T17:38:57.867061,O00768,Completed,2026-06-03T18:42:59.486Z,UPI,orders_S006_20260603.json,ST011,S006,S006_O00768,FUTURE_TIMESTAMP,2026-06-03T17:42:56.835Z,,,,,,,,,,,,
20260603,C0170,2026-06-03T17:38:57.867061,O00769,Completed,2026-06-03T19:08:06.486Z,Card,orders_S006_20260603.json,ST009,S006,S006_O00769,FUTURE_TIMESTAMP,2026-06-03T17:42:56.835Z,,,,,,,,,,,,
20260603,C0171,2026-06-03T17:38:57.867061,O00770,Completed,2026-06-03T19:04:26.486Z,UPI,orders_S006_20260603.json,ST011,S006,S006_O00770,FUTURE_TIMESTAMP,2026-06-03T17:42:56.835Z,,,,,,,,,,,,
20260603,C0065,2026-06-03T17:38:57.867061,O00771,Completed,2026-06-03T21:59:58.486Z,Card,orders_S006_20260603.json,ST003,S006,S006_O00771,FUTURE_TIMESTAMP,2026-06-03T17:42:56.835Z,,,,,,,,,,,,
20260603,C0070,2026-06-03T17:38:57.867061,O00772,Completed,2026-06-03T19:58:16.486Z,Cash,orders_S006_20260603.json,ST009,S006,S006_O00772,FUTURE_TIMESTAMP,2026-06-03T17:42:56.835Z,,,,,,,,,,,,
20260603,C0010,2026-06-03T17:38:57.867061,O00773,Completed,2026-06-03T21:07:02.486Z,Cash,orders_S006_20260603.json,ST007,S006,S006_O00773,FUTURE_TIMESTAMP,2026-06-03T17:42:56.835Z,,,,,,,,,,,,
20260603,C0032,2026-06-03T17:38:57.867061,O00775,Completed,2026-06-03T18:11:09.486Z,UPI,orders_S006_20260603.json,ST003,S006,S006_O00775,FUTURE_TIMESTAMP,2026-06-03T17:42:56.835Z,,,,,,,,,,,,
20260603,C0244,2026-06-03T17:38:57.867061,O00776,Completed,2026-06-03T21:18:46.486Z,UPI,orders_S006_20260603.json,ST015,S006,S006_O00776,FUTURE_TIMESTAMP,2026-06-03T17:42:56.835Z,,,,,,,,,,,,
20260603,C0013,2026-06-03T17:38:57.867061,O00777,Completed,2026-06-03T21:36:07.486Z,Card,orders_S006_20260603.json,ST010,S006,S006_O00777,FUTURE_TIMESTAMP,2026-06-03T17:42:56.835Z,,,,,,,,,,,,
20260603,C0060,2026-06-03T17:38:57.867061,O00778,Completed,2026-06-03T20:32:33.486Z,Cash,orders_S006_20260603.json,ST014,S006,S006_O00778,FUTURE_TIMESTAMP,2026-06-03T17:42:56.835Z,,,,,,,,,,,,
20260603,C0154,2026-06-03T17:38:57.867061,O00779,Completed,2026-06-03T18:08:58.486Z,UPI,orders_S006_20260603.json,ST004,S006,S006_O00779,FUTURE_TIMESTAMP,2026-06-03T17:42:56.835Z,,,,,,,,,,,,
20260603,C0085,2026-06-03T17:38:57.867061,O00781,Completed,2026-06-03T19:02:26.486Z,UPI,orders_S006_20260603.json,ST001,S006,S006_O00781,FUTURE_TIMESTAMP,2026-06-03T17:42:56.835Z,,,,,,,,,,,,
20260603,C0196,2026-06-03T17:38:57.867061,O00782,Completed,2026-06-03T19:49:28.486Z,UPI,orders_S006_20260603.json,ST001,S006,S006_O00782,FUTURE_TIMESTAMP,2026-06-03T17:42:56.835Z,,,,,,,,,,,,
20260603,C0192,2026-06-03T17:38:57.867061,O00783,Completed,2026-06-03T18:56:46.486Z,Card,orders_S006_20260603.json,ST014,S006,S006_O00783,FUTURE_TIMESTAMP,2026-06-03T17:42:56.835Z,,,,,,,,,,,,
20260603,C0294,2026-06-03T17:38:57.867061,O00784,Completed,2026-06-03T18:34:03.486Z,UPI,orders_S006_20260603.json,ST003,S006,S006_O00784,FUTURE_TIMESTAMP,2026-06-03T17:42:56.835Z,,,,,,,,,,,,
20260603,C0135,2026-06-03T17:38:57.867061,O00788,Completed,2026-06-03T21:48:17.486Z,Cash,orders_S006_20260603.json,ST014,S006,S006_O00788,FUTURE_TIMESTAMP,2026-06-03T17:42:56.835Z,,,,,,,,,,,,
20260603,C0015,2026-06-03T17:38:57.867061,O00790,Completed,2026-06-03T17:15:34.486Z,Crypto,orders_S006_20260603.json,ST002,S006,S006_O00790,INVALID_PAYMENT_MODE: Crypto,2026-06-03T17:42:56.835Z,,,,,,,,,,,,
20260603,,2026-06-03T17:38:57.867061,O00087,Completed,2026-06-03T16:55:58.486Z,UPI,orders_S006_20260603.json,ST014,S006,S006_O00087,MISSING_CUSTOMER_ID,2026-06-03T17:42:56.835Z,,,,,,,,,,,,
20260603,,2026-06-03T17:38:57.867061,O00227,Completed,2026-06-03T19:21:11.486Z,UPI,orders_S006_20260603.json,ST007,S006,S006_O00227,MISSING_CUSTOMER_ID,2026-06-03T17:42:56.835Z,,,,,,,,,,,,
20260603,,2026-06-03T17:38:57.867061,O00154,Completed,2026-06-03T20:46:17.486Z,Cash,orders_S006_20260603.json,ST010,S006,S006_O00154,MISSING_CUSTOMER_ID,2026-06-03T17:42:56.835Z,,,,,,,,,,,,
20260603,C0077,2026-06-03T17:39:00.876080,O00001,Completed,2026-06-03T20:38:18.811Z,Card,orders_S003_20260603.json,ST012,S003,S003_O00001,FUTURE_TIMESTAMP,2026-06-03T17:42:56.835Z,,,,,,,,,,,,
20260603,C0001,2026-06-03T17:39:00.876080,O00002,Completed,2026-06-03T20:32:48.811Z,UPI,orders_S003_20260603.json,ST005,S003,S003_O00002,FUTURE_TIMESTAMP,2026-06-03T17:42:56.835Z,,,,,,,,,,,,
20260603,C0105,2026-06-03T17:39:00.876080,O00003,Completed,2026-06-03T20:39:20.811Z,Cash,orders_S003_20260603.json,ST002,S003,S003_O00003,FUTURE_TIMESTAMP,2026-06-03T17:42:56.835Z,,,,,,,,,,,,
20260603,C0088,2026-06-03T17:39:00.876080,O00004,Completed,2026-06-03T21:34:12.811Z,UPI,orders_S003_20260603.json,ST011,S003,S003_O00004,FUTURE_TIMESTAMP,2026-06-03T17:42:56.835Z,,,,,,,,,,,,
20260603,C0085,2026-06-03T17:39:00.876080,O00006,Completed,2026-06-03T19:34:10.811Z,Cash,orders_S003_20260603.json,ST005,S003,S003_O00006,FUTURE_TIMESTAMP,2026-06-03T17:42:56.835Z,,,,,,,,,,,,
20260603,C0255,2026-06-03T17:39:00.876080,O00007,Completed,2026-06-03T20:57:40.811Z,UPI,orders_S003_20260603.json,ST013,S003,S003_O00007,FUTURE_TIMESTAMP,2026-06-03T17:42:56.835Z,,,,,,,,,,,,
20260603,C0414,2026-06-03T17:39:00.876080,O00009,Completed,2026-06-03T21:23:03.811Z,UPI,orders_S003_20260603.json,ST006,S003,S003_O00009,FUTURE_TIMESTAMP,2026-06-03T17:42:56.835Z,,,,,,,,,,,,
20260603,C0154,2026-06-03T17:39:00.876080,O00010,Completed,2026-06-03T18:39:16.811Z,Card,orders_S003_20260603.json,ST009,S003,S003_O00010,FUTURE_TIMESTAMP,2026-06-03T17:42:56.835Z,,,,,,,,,,,,
20260603,C0073,2026-06-03T17:39:00.876080,O00011,Completed,2026-06-03T19:07:58.811Z,Card,orders_S003_20260603.json,ST013,S003,S003_O00011,FUTURE_TIMESTAMP,2026-06-03T17:42:56.835Z,,,,,,,,,,,,
20260603,C0102,2026-06-03T17:39:00.876080,O00012,Completed,2026-06-03T20:42:19.811Z,UPI,orders_S003_20260603.json,ST004,S003,S003_O00012,FUTURE_TIMESTAMP,2026-06-03T17:42:56.835Z,,,,,,,,,,,,
20260603,C0426,2026-06-03T17:39:00.876080,O00013,Completed,2026-06-03T20:39:06.811Z,Card,orders_S003_20260603.json,ST008,S003,S003_O00013,FUTURE_TIMESTAMP,2026-06-03T17:42:56.835Z,,,,,,,,,,,,
20260603,C0079,2026-06-03T17:39:00.876080,O00014,Completed,2026-06-03T20:56:57.811Z,UPI,orders_S003_20260603.json,ST011,S003,S003_O00014,FUTURE_TIMESTAMP,2026-06-03T17:42:56.835Z,,,,,,,,,,,,
20260603,C0092,2026-06-03T17:39:00.876080,O00015,Completed,2026-06-03T21:24:00.811Z,Card,orders_S003_20260603.json,ST004,S003,S003_O00015,FUTURE_TIMESTAMP,2026-06-03T17:42:56.835Z,,,,,,,,,,,,
20260603,C0370,2026-06-03T17:39:00.876080,O00016,Completed,2026-06-03T20:08:51.811Z,Cash,orders_S003_20260603.json,ST003,S003,S003_O00016,FUTURE_TIMESTAMP,2026-06-03T17:42:56.835Z,,,,,,,,,,,,
20260603,C0086,2026-06-03T17:39:00.876080,O00017,Completed,2026-06-03T18:49:56.811Z,UPI,orders_S003_20260603.json,ST005,S003,S003_O00017,FUTURE_TIMESTAMP,2026-06-03T17:42:56.835Z,,,,,,,,,,,,
20260603,C0388,2026-06-03T17:39:00.876080,O00019,Completed,2026-06-03T19:45:12.811Z,Cash,orders_S003_20260603.json,ST005,S003,S003_O00019,FUTURE_TIMESTAMP,2026-06-03T17:42:56.835Z,,,,,,,,,,,,
20260603,C0250,2026-06-03T17:39:00.876080,O00020,Completed,2026-06-03T20:21:01.811Z,UPI,orders_S003_20260603.json,ST005,S003,S003_O00020,FUTURE_TIMESTAMP,2026-06-03T17:42:56.835Z,,,,,,,,,,,,
20260603,C0140,2026-06-03T17:39:00.876080,O00021,Completed,2026-06-03T21:27:13.811Z,UPI,orders_S003_20260603.json,ST007,S003,S003_O00021,FUTURE_TIMESTAMP,2026-06-03T17:42:56.835Z,,,,,,,,,,,,
20260603,C0251,2026-06-03T17:39:00.876080,O00022,Completed,2026-06-03T20:09:10.811Z,UPI,orders_S003_20260603.json,ST009,S003,S003_O00022,FUTURE_TIMESTAMP,2026-06-03T17:42:56.835Z,,,,,,,,,,,,
20260603,C0448,2026-06-03T17:39:00.876080,O00023,Completed,2026-06-03T20:28:37.811Z,Cash,orders_S003_20260603.json,ST007,S003,S003_O00023,FUTURE_TIMESTAMP,2026-06-03T17:42:56.835Z,,,,,,,,,,,,
20260603,C0164,2026-06-03T17:39:00.876080,O00024,Completed,2026-06-03T20:27:45.811Z,UPI,orders_S003_20260603.json,ST006,S003,S003_O00024,FUTURE_TIMESTAMP,2026-06-03T17:42:56.835Z,,,,,,,,,,,,
20260603,C0102,2026-06-03T17:39:00.876080,O00025,Completed,2026-06-03T20:13:05.811Z,Card,orders_S003_20260603.json,ST009,S003,S003_O00025,FUTURE_TIMESTAMP,2026-06-03T17:42:56.835Z,,,,,,,,,,,,
20260603,C0008,2026-06-03T17:39:00.876080,O00026,Completed,2026-06-03T19:13:43.811Z,Cash,orders_S003_20260603.json,ST014,S003,S003_O00026,FUTURE_TIMESTAMP,2026-06-03T17:42:56.835Z,,,,,,,,,,,,
20260603,C0248,2026-06-03T17:39:00.876080,O00028,Completed,2026-06-03T18:24:21.811Z,Cash,orders_S003_20260603.json,ST011,S003,S003_O00028,FUTURE_TIMESTAMP,2026-06-03T17:42:56.835Z,,,,,,,,,,,,
20260603,C0023,2026-06-03T17:39:00.876080,O00029,Completed,2026-06-03T21:42:43.811Z,Crypto,orders_S003_20260603.json,ST001,S003,S003_O00029,INVALID_PAYMENT_MODE: Crypto,2026-06-03T17:42:56.835Z,,,,,,,,,,,,
20260603,C0327,2026-06-03T17:39:00.876080,O00030,Completed,2026-06-03T19:41:08.811Z,Cash,orders_S003_20260603.json,ST011,S003,S003_O00030,FUTURE_TIMESTAMP,2026-06-03T17:42:56.835Z,,,,,,,,,,,,
20260603,C0422,2026-06-03T17:39:00.876080,O00032,Completed,2026-06-03T19:54:42.811Z,Card,orders_S003_20260603.json,ST002,S003,S003_O00032,FUTURE_TIMESTAMP,2026-06-03T17:42:56.835Z,,,,,,,,,,,,
20260603,C0210,2026-06-03T17:39:00.876080,O00033,Completed,2026-06-03T21:56:37.811Z,Cash,orders_S003_20260603.json,ST003,S003,S003_O00033,FUTURE_TIMESTAMP,2026-06-03T17:42:56.835Z,,,,,,,,,,,,
20260603,C0023,2026-06-03T17:39:00.876080,O00034,Completed,2026-06-03T19:42:38.811Z,Cash,orders_S003_20260603.json,ST015,S003,S003_O00034,FUTURE_TIMESTAMP,2026-06-03T17:42:56.835Z,,,,,,,,,,,,
20260603,C0128,2026-06-03T17:39:00.876080,O00035,Completed,2026-06-03T19:52:35.811Z,UPI,orders_S003_20260603.json,ST006,S003,S003_O00035,FUTURE_TIMESTAMP,2026-06-03T17:42:56.835Z,,,,,,,,,,,,
20260603,C0300,2026-06-03T17:39:00.876080,O00036,Completed,2026-06-03T20:23:41.811Z,Cash,orders_S003_20260603.json,ST014,S003,S003_O00036,FUTURE_TIMESTAMP,2026-06-03T17:42:56.835Z,,,,,,,,,,,,
20260603,C0330,2026-06-03T17:39:00.876080,O00037,Completed,2026-06-03T19:37:41.811Z,UPI,orders_S003_20260603.json,ST006,S003,S003_O00037,FUTURE_TIMESTAMP,2026-06-03T17:42:56.835Z,,,,,,,,,,,,
20260603,C0023,2026-06-03T17:39:00.876080,O00039,Completed,2026-06-03T18:11:57.811Z,Cash,orders_S003_20260603.json,ST011,S003,S003_O00039,FUTURE_TIMESTAMP,2026-06-03T17:42:56.835Z,,,,,,,,,,,,
20260603,C0310,2026-06-03T17:39:00.876080,O00041,Completed,2026-06-03T21:59:33.811Z,Cash,orders_S003_20260603.json,ST015,S003,S003_O00041,FUTURE_TIMESTAMP,2026-06-03T17:42:56.835Z,,,,,,,,,,,,
20260603,C0430,2026-06-03T17:39:00.876080,O00042,Completed,2026-06-03T19:21:20.811Z,Card,orders_S003_20260603.json,ST011,S003,S003_O00042,FUTURE_TIMESTAMP,2026-06-03T17:42:56.835Z,,,,,,,,,,,,
20260603,C0239,2026-06-03T17:39:00.876080,O00043,Completed,2026-06-03T20:57:48.811Z,Crypto,orders_S003_20260603.json,ST005,S003,S003_O00043,INVALID_PAYMENT_MODE: Crypto,2026-06-03T17:42:56.835Z,,,,,,,,,,,,
20260603,C0292,2026-06-03T17:39:00.876080,O00044,Completed,2026-06-03T18:15:06.811Z,UPI,orders_S003_20260603.json,ST014,S003,S003_O00044,FUTURE_TIMESTAMP,2026-06-03T17:42:56.835Z,,,,,,,,,,,,
20260603,C0081,2026-06-03T17:39:00.876080,O00045,Completed,2026-06-03T19:49:09.811Z,UPI,orders_S003_20260603.json,ST001,S003,S003_O00045,FUTURE_TIMESTAMP,2026-06-03T17:42:56.835Z,,,,,,,,,,,,
20260603,C0264,2026-06-03T17:39:00.876080,O00046,Completed,2026-06-03T20:10:43.811Z,Card,orders_S003_20260603.json,ST012,S003,S003_O00046,FUTURE_TIMESTAMP,2026-06-03T17:42:56.835Z,,,,,,,,,,,,
20260603,C0147,2026-06-03T17:39:00.876080,O00047,Completed,2026-06-03T20:56:15.811Z,UPI,orders_S003_20260603.json,ST011,S003,S003_O00047,FUTURE_TIMESTAMP,2026-06-03T17:42:56.835Z,,,,,,,,,,,,
20260603,C0002,2026-06-03T17:39:00.876080,O00048,Completed,2026-06-03T21:32:42.811Z,Crypto,orders_S003_20260603.json,ST003,S003,S003_O00048,INVALID_PAYMENT_MODE: Crypto,2026-06-03T17:42:56.835Z,,,,,,,,,,,,
20260603,C0101,2026-06-03T17:39:00.876080,O00049,Completed,2026-06-03T21:32:40.811Z,UPI,orders_S003_20260603.json,ST002,S003,S003_O00049,FUTURE_TIMESTAMP,2026-06-03T17:42:56.835Z,,,,,,,,,,,,
20260603,C0070,2026-06-03T17:39:00.876080,O00050,Completed,2026-06-03T20:30:25.811Z,UPI,orders_S003_20260603.json,ST011,S003,S003_O00050,FUTURE_TIMESTAMP,2026-06-03T17:42:56.835Z,,,,,,,,,,,,
20260603,C0104,2026-06-03T17:39:00.876080,O00051,Completed,2026-06-03T18:05:20.811Z,UPI,orders_S003_20260603.json,ST001,S003,S003_O00051,FUTURE_TIMESTAMP,2026-06-03T17:42:56.835Z,,,,,,,,,,,,
20260603,C0071,2026-06-03T17:39:00.876080,O00052,Completed,2026-06-03T19:22:23.811Z,Card,orders_S003_20260603.json,ST004,S003,S003_O00052,FUTURE_TIMESTAMP,2026-06-03T17:42:56.835Z,,,,,,,,,,,,
20260603,C0182,2026-06-03T17:39:00.876080,O00053,Completed,2026-06-03T19:43:58.811Z,Cash,orders_S003_20260603.json,ST012,S003,S003_O00053,FUTURE_TIMESTAMP,2026-06-03T17:42:56.835Z,,,,,,,,,,,,
20260603,C0052,2026-06-03T17:39:00.876080,O00054,Completed,2026-06-03T19:21:42.811Z,UPI,orders_S003_20260603.json,ST003,S003,S003_O00054,FUTURE_TIMESTAMP,2026-06-03T17:42:56.835Z,,,,,,,,,,,,
20260603,C0363,2026-06-03T17:39:00.876080,O00055,Completed,2026-06-03T18:52:43.811Z,Cash,orders_S003_20260603.json,ST007,S003,S003_O00055,FUTURE_TIMESTAMP,2026-06-03T17:42:56.835Z,,,,,,,,,,,,
20260603,C0042,2026-06-03T17:39:00.876080,O00059,Completed,2026-06-03T19:04:51.811Z,UPI,orders_S003_20260603.json,ST006,S003,S003_O00059,FUTURE_TIMESTAMP,2026-06-03T17:42:56.835Z,,,,,,,,,,,,
20260603,C0026,2026-06-03T17:39:00.876080,O00060,Completed,2026-06-03T19:47:31.811Z,UPI,orders_S003_20260603.json,ST002,S003,S003_O00060,FUTURE_TIMESTAMP,2026-06-03T17:42:56.835Z,,,,,,,,,,,,
20260603,C0057,2026-06-03T17:39:00.876080,O00061,Completed,2026-06-03T21:06:12.811Z,UPI,orders_S003_20260603.json,ST012,S003,S003_O00061,FUTURE_TIMESTAMP,2026-06-03T17:42:56.835Z,,,,,,,,,,,,
20260603,C0100,2026-06-03T17:39:00.876080,O00063,Completed,2026-06-03T21:59:46.811Z,Cash,orders_S003_20260603.json,ST008,S003,S003_O00063,FUTURE_TIMESTAMP,2026-06-03T17:42:56.835Z,,,,,,,,,,,,
20260603,C0066,2026-06-03T17:39:00.876080,O00064,Completed,2026-06-03T18:06:59.811Z,UPI,orders_S003_20260603.json,ST009,S003,S003_O00064,FUTURE_TIMESTAMP,2026-06-03T17:42:56.835Z,,,,,,,,,,,,
20260603,C0081,2026-06-03T17:39:00.876080,O00065,Completed,2026-06-03T20:46:21.811Z,UPI,orders_S003_20260603.json,ST002,S003,S003_O00065,FUTURE_TIMESTAMP,2026-06-03T17:42:56.835Z,,,,,,,,,,,,
20260603,C0309,2026-06-03T17:39:00.876080,O00068,Completed,2026-06-03T18:14:34.811Z,Cash,orders_S003_20260603.json,ST001,S003,S003_O00068,FUTURE_TIMESTAMP,2026-06-03T17:42:56.835Z,,,,,,,,,,,,
20260603,C0053,2026-06-03T17:39:00.876080,O00069,Completed,2026-06-03T20:13:21.811Z,Cash,orders_S003_20260603.json,ST008,S003,S003_O00069,FUTURE_TIMESTAMP,2026-06-03T17:42:56.835Z,,,,,,,,,,,,
20260603,C0036,2026-06-03T17:39:00.876080,O00070,Completed,2026-06-03T20:58:49.811Z,UPI,orders_S003_20260603.json,ST008,S003,S003_O00070,FUTURE_TIMESTAMP,2026-06-03T17:42:56.835Z,,,,,,,,,,,,
20260603,C0241,2026-06-03T17:39:00.876080,O00072,Completed,2026-06-03T20:18:05.811Z,UPI,orders_S003_20260603.json,ST014,S003,S003_O00072,FUTURE_TIMESTAMP,2026-06-03T17:42:56.835Z,,,,,,,,,,,,
20260603,C0322,2026-06-03T17:39:00.876080,O00074,Completed,2026-06-03T19:08:14.811Z,Cash,orders_S003_20260603.json,ST003,S003,S003_O00074,FUTURE_TIMESTAMP,2026-06-03T17:42:56.835Z,,,,,,,,,,,,
20260603,C0214,2026-06-03T17:39:00.876080,O00075,Completed,2026-06-03T20:28:43.811Z,UPI,orders_S003_20260603.json,ST010,S003,S003_O00075,FUTURE_TIMESTAMP,2026-06-03T17:42:56.835Z,,,,,,,,,,,,
20260603,C0085,2026-06-03T17:39:00.876080,O00077,Completed,2026-06-03T20:05:37.811Z,UPI,orders_S003_20260603.json,ST002,S003,S003_O00077,FUTURE_TIMESTAMP,2026-06-03T17:42:56.835Z,,,,,,,,,,,,
20260603,C0463,2026-06-03T17:39:00.876080,O00078,Completed,2026-06-03T19:59:08.811Z,Cash,orders_S003_20260603.json,ST006,S003,S003_O00078,FUTURE_TIMESTAMP,2026-06-03T17:42:56.835Z,,,,,,,,,,,,
20260603,C0044,2026-06-03T17:39:00.876080,O00080,Completed,2026-06-03T19:39:52.811Z,Cash,orders_S003_20260603.json,ST004,S003,S003_O00080,FUTURE_TIMESTAMP,2026-06-03T17:42:56.835Z,,,,,,,,,,,,
20260603,C0320,2026-06-03T17:39:00.876080,O00082,Completed,2026-06-03T18:11:10.811Z,Cash,orders_S003_20260603.json,ST010,S003,S003_O00082,FUTURE_TIMESTAMP,2026-06-03T17:42:56.835Z,,,,,,,,,,,,
20260603,C0023,2026-06-03T17:39:00.876080,O00085,Completed,2026-06-03T19:15:41.811Z,UPI,orders_S003_20260603.json,ST015,S003,S003_O00085,FUTURE_TIMESTAMP,2026-06-03T17:42:56.835Z,,,,,,,,,,,,
20260603,C0316,2026-06-03T17:39:00.876080,O00086,Completed,2026-06-03T19:10:28.811Z,UPI,orders_S003_20260603.json,ST010,S003,S003_O00086,FUTURE_TIMESTAMP,2026-06-03T17:42:56.835Z,,,,,,,,,,,,
20260603,C0133,2026-06-03T17:39:00.876080,O00087,Completed,2026-06-03T18:01:39.811Z,UPI,orders_S003_20260603.json,ST007,S003,S003_O00087,FUTURE_TIMESTAMP,2026-06-03T17:42:56.835Z,,,,,,,,,,,,
20260603,C0032,2026-06-03T17:39:00.876080,O00088,Completed,2026-06-03T19:58:36.811Z,UPI,orders_S003_20260603.json,ST004,S003,S003_O00088,FUTURE_TIMESTAMP,2026-06-03T17:42:56.835Z,,,,,,,,,,,,
20260603,C0033,2026-06-03T17:39:00.876080,O00089,Completed,2026-06-03T19:28:32.811Z,Cash,orders_S003_20260603.json,ST011,S003,S003_O00089,FUTURE_TIMESTAMP,2026-06-03T17:42:56.835Z,,,,,,,,,,,,
20260603,C0161,2026-06-03T17:39:00.876080,O00090,Completed,2026-06-03T21:12:10.811Z,UPI,orders_S003_20260603.json,ST004,S003,S003_O00090,FUTURE_TIMESTAMP,2026-06-03T17:42:56.835Z,,,,,,,,,,,,
20260603,C0226,2026-06-03T17:39:00.876080,O00091,Completed,2026-06-03T20:06:19.811Z,UPI,orders_S003_20260603.json,ST012,S003,S003_O00091,FUTURE_TIMESTAMP,2026-06-03T17:42:56.835Z,,,,,,,,,,,,
20260603,C0252,2026-06-03T17:39:00.876080,O00092,Completed,2026-06-03T20:40:59.811Z,Cash,orders_S003_20260603.json,ST004,S003,S003_O00092,FUTURE_TIMESTAMP,2026-06-03T17:42:56.835Z,,,,,,,,,,,,
20260603,C0097,2026-06-03T17:39:00.876080,O00093,Completed,2026-06-03T20:50:39.811Z,Card,orders_S003_20260603.json,ST012,S003,S003_O00093,FUTURE_TIMESTAMP,2026-06-03T17:42:56.835Z,,,,,,,,,,,,
20260603,C0016,2026-06-03T17:39:00.876080,O00096,Completed,2026-06-03T18:19:31.811Z,UPI,orders_S003_20260603.json,ST008,S003,S003_O00096,FUTURE_TIMESTAMP,2026-06-03T17:42:56.835Z,,,,,,,,,,,,
20260603,C0138,2026-06-03T17:39:00.876080,O00099,Completed,2026-06-03T20:07:44.811Z,UPI,orders_S003_20260603.json,ST006,S003,S003_O00099,FUTURE_TIMESTAMP,2026-06-03T17:42:56.835Z,,,,,,,,,,,,
20260603,C0053,2026-06-03T17:39:00.876080,O00102,Completed,2026-06-03T18:09:11.811Z,Cash,orders_S003_20260603.json,ST011,S003,S003_O00102,FUTURE_TIMESTAMP,2026-06-03T17:42:56.835Z,,,,,,,,,,,,
20260603,C0452,2026-06-03T17:39:00.876080,O00105,Completed,2026-06-03T19:53:56.811Z,Cash,orders_S003_20260603.json,ST007,S003,S003_O00105,FUTURE_TIMESTAMP,2026-06-03T17:42:56.835Z,,,,,,,,,,,,
20260603,C0278,2026-06-03T17:39:00.876080,O00106,Completed,2026-06-03T18:41:00.811Z,Card,orders_S003_20260603.json,ST004,S003,S003_O00106,FUTURE_TIMESTAMP,2026-06-03T17:42:56.835Z,,,,,,,,,,,,
20260603,C0450,2026-06-03T17:39:00.876080,O00108,Completed,2026-06-03T20:39:20.811Z,Cash,orders_S003_20260603.json,ST001,S003,S003_O00108,FUTURE_TIMESTAMP,2026-06-03T17:42:56.835Z,,,,,,,,,,,,
20260603,C0092,2026-06-03T17:39:00.876080,O00112,Completed,2026-06-03T18:24:36.811Z,Cash,orders_S003_20260603.json,ST013,S003,S003_O00112,FUTURE_TIMESTAMP,2026-06-03T17:42:56.835Z,,,,,,,,,,,,
20260603,C0410,2026-06-03T17:39:00.876080,O00114,Completed,2026-06-03T19:57:05.811Z,Card,orders_S003_20260603.json,ST003,S003,S003_O00114,FUTURE_TIMESTAMP,2026-06-03T17:42:56.835Z,,,,,,,,,,,,
20260603,C0221,2026-06-03T17:39:00.876080,O00117,Completed,2026-06-03T18:58:54.811Z,Card,orders_S003_20260603.json,ST010,S003,S003_O00117,FUTURE_TIMESTAMP,2026-06-03T17:42:56.835Z,,,,,,,,,,,,
20260603,C0436,2026-06-03T17:39:00.876080,O00118,Completed,2026-06-03T17:54:08.811Z,UPI,orders_S003_20260603.json,ST004,S003,S003_O00118,FUTURE_TIMESTAMP,2026-06-03T17:42:56.835Z,,,,,,,,,,,,
20260603,C0166,2026-06-03T17:39:00.876080,O00119,Completed,2026-06-03T21:04:32.811Z,Cash,orders_S003_20260603.json,ST008,S003,S003_O00119,FUTURE_TIMESTAMP,2026-06-03T17:42:56.835Z,,,,,,,,,,,,
20260603,C0043,2026-06-03T17:39:00.876080,O00120,Completed,2026-06-03T18:40:59.811Z,UPI,orders_S003_20260603.json,ST013,S003,S003_O00120,FUTURE_TIMESTAMP,2026-06-03T17:42:56.835Z,,,,,,,,,,,,
20260603,C0222,2026-06-03T17:39:00.876080,O00121,Completed,2026-06-03T19:12:33.811Z,UPI,orders_S003_20260603.json,ST014,S003,S003_O00121,FUTURE_TIMESTAMP,2026-06-03T17:42:56.835Z,,,,,,,,,,,,
20260603,C0043,2026-06-03T17:39:00.876080,O00122,Completed,2026-06-03T19:33:56.811Z,UPI,orders_S003_20260603.json,ST014,S003,S003_O00122,FUTURE_TIMESTAMP,2026-06-03T17:42:56.835Z,,,,,,,,,,,,
20260603,C0167,2026-06-03T17:39:00.876080,O00123,Completed,2026-06-03T20:18:08.811Z,UPI,orders_S003_20260603.json,ST007,S003,S003_O00123,FUTURE_TIMESTAMP,2026-06-03T17:42:56.835Z,,,,,,,,,,,,
20260603,C0307,2026-06-03T17:39:00.876080,O00125,Completed,2026-06-03T18:03:45.811Z,Cash,orders_S003_20260603.json,ST006,S003,S003_O00125,FUTURE_TIMESTAMP,2026-06-03T17:42:56.835Z,,,,,,,,,,,,
20260603,C0223,2026-06-03T17:39:00.876080,O00126,Completed,2026-06-03T20:02:41.811Z,Cash,orders_S003_20260603.json,ST012,S003,S003_O00126,FUTURE_TIMESTAMP,2026-06-03T17:42:56.835Z,,,,,,,,,,,,
20260603,C0091,2026-06-03T17:39:00.876080,O00128,Completed,2026-06-03T20:19:41.811Z,Cash,orders_S003_20260603.json,ST008,S003,S003_O00128,FUTURE_TIMESTAMP,2026-06-03T17:42:56.835Z,,,,,,,,,,,,
20260603,C0224,2026-06-03T17:39:00.876080,O00130,Completed,2026-06-03T20:16:58.811Z,Cash,orders_S003_20260603.json,ST006,S003,S003_O00130,FUTURE_TIMESTAMP,2026-06-03T17:42:56.835Z,,,,,,,,,,,,
20260603,C0251,2026-06-03T17:39:00.876080,O00132,Completed,2026-06-03T19:47:03.811Z,Cash,orders_S003_20260603.json,ST007,S003,S003_O00132,FUTURE_TIMESTAMP,2026-06-03T17:42:56.835Z,,,,,,,,,,,,
20260603,C0006,2026-06-03T17:39:00.876080,O00133,Completed,2026-06-03T19:13:21.811Z,UPI,orders_S003_20260603.json,ST011,S003,S003_O00133,FUTURE_TIMESTAMP,2026-06-03T17:42:56.835Z,,,,,,,,,,,,
20260603,C0055,2026-06-03T17:39:00.876080,O00134,Completed,2026-06-03T20:08:16.811Z,Card,orders_S003_20260603.json,ST003,S003,S003_O00134,FUTURE_TIMESTAMP,2026-06-03T17:42:56.835Z,,,,,,,,,,,,
20260603,C0042,2026-06-03T17:39:00.876080,O00135,Completed,2026-06-03T19:24:47.811Z,UPI,orders_S003_20260603.json,ST001,S003,S003_O00135,FUTURE_TIMESTAMP,2026-06-03T17:42:56.835Z,,,,,,,,,,,,
20260603,C0211,2026-06-03T17:39:00.876080,O00136,Completed,2026-06-03T21:37:45.811Z,Card,orders_S003_20260603.json,ST004,S003,S003_O00136,FUTURE_TIMESTAMP,2026-06-03T17:42:56.835Z,,,,,,,,,,,,
20260603,C0380,2026-06-03T17:39:00.876080,O00137,Completed,2026-06-03T19:15:03.811Z,UPI,orders_S003_20260603.json,ST006,S003,S003_O00137,FUTURE_TIMESTAMP,2026-06-03T17:42:56.835Z,,,,,,,,,,,,
20260603,C0446,2026-06-03T17:39:00.876080,O00138,Completed,2026-06-03T19:25:35.811Z,Cash,orders_S003_20260603.json,ST002,S003,S003_O00138,FUTURE_TIMESTAMP,2026-06-03T17:42:56.835Z,,,,,,,,,,,,
20260603,C0457,2026-06-03T17:39:00.876080,O00139,Completed,2026-06-03T17:49:24.811Z,UPI,orders_S003_20260603.json,ST012,S003,S003_O00139,FUTURE_TIMESTAMP,2026-06-03T17:42:56.835Z,,,,,,,,,,,,
20260603,C0050,2026-06-03T17:39:00.876080,O00140,Completed,2026-06-03T19:11:20.811Z,Cash,orders_S003_20260603.json,ST009,S003,S003_O00140,FUTURE_TIMESTAMP,2026-06-03T17:42:56.835Z,,,,,,,,,,,,
20260603,C0312,2026-06-03T17:39:00.876080,O00141,Completed,2026-06-03T19:02:11.811Z,UPI,orders_S003_20260603.json,ST011,S003,S003_O00141,FUTURE_TIMESTAMP,2026-06-03T17:42:56.835Z,,,,,,,,,,,,
20260603,C0025,2026-06-03T17:39:00.876080,O00142,Completed,2026-06-03T18:50:45.811Z,UPI,orders_S003_20260603.json,ST008,S003,S003_O00142,FUTURE_TIMESTAMP,2026-06-03T17:42:56.835Z,,,,,,,,,,,,
20260603,C0014,2026-06-03T17:39:00.876080,O00143,Completed,2026-06-03T21:03:25.811Z,Card,orders_S003_20260603.json,ST012,S003,S003_O00143,FUTURE_TIMESTAMP,2026-06-03T17:42:56.835Z,,,,,,,,,,,,
20260603,C0296,2026-06-03T17:39:00.876080,O00146,Completed,2026-06-03T19:44:10.811Z,Cash,orders_S003_20260603.json,ST008,S003,S003_O00146,FUTURE_TIMESTAMP,2026-06-03T17:42:56.835Z,,,,,,,,,,,,
20260603,C0053,2026-06-03T17:39:00.876080,O00147,Completed,2026-06-03T19:42:39.811Z,UPI,orders_S003_20260603.json,ST007,S003,S003_O00147,FUTURE_TIMESTAMP,2026-06-03T17:42:56.835Z,,,,,,,,,,,,
20260603,C0163,2026-06-03T17:39:00.876080,O00149,Completed,2027-06-03T13:28:37.811Z,Cash,orders_S003_20260603.json,ST014,S003,S003_O00149,FUTURE_TIMESTAMP,2026-06-03T17:42:56.835Z,,,,,,,,,,,,
20260603,C0053,2026-06-03T17:39:00.876080,O00152,Completed,2026-06-03T17:56:07.811Z,UPI,orders_S003_20260603.json,ST015,S003,S003_O00152,FUTURE_TIMESTAMP,2026-06-03T17:42:56.835Z,,,,,,,,,,,,
20260603,C0279,2026-06-03T17:39:00.876080,O00153,Completed,2026-06-03T20:44:47.811Z,Cash,orders_S003_20260603.json,ST002,S003,S003_O00153,FUTURE_TIMESTAMP,2026-06-03T17:42:56.835Z,,,,,,,,,,,,
20260603,C0152,2026-06-03T17:39:00.876080,O00154,Completed,2026-06-03T19:41:50.811Z,UPI,orders_S003_20260603.json,ST004,S003,S003_O00154,FUTURE_TIMESTAMP,2026-06-03T17:42:56.835Z,,,,,,,,,,,,
20260603,C0365,2026-06-03T17:39:00.876080,O00157,Completed,2026-06-03T18:12:33.811Z,Cash,orders_S003_20260603.json,ST009,S003,S003_O00157,FUTURE_TIMESTAMP,2026-06-03T17:42:56.835Z,,,,,,,,,,,,
20260603,C0375,2026-06-03T17:39:00.876080,O00160,Completed,2026-06-03T19:44:19.811Z,Card,orders_S003_20260603.json,ST002,S003,S003_O00160,FUTURE_TIMESTAMP,2026-06-03T17:42:56.835Z,,,,,,,,,,,,
20260603,C0020,2026-06-03T17:39:00.876080,O00161,Completed,2026-06-03T20:01:55.811Z,Cash,orders_S003_20260603.json,ST014,S003,S003_O00161,FUTURE_TIMESTAMP,2026-06-03T17:42:56.835Z,,,,,,,,,,,,
20260603,C0163,2026-06-03T17:39:00.876080,O00164,Completed,2026-06-03T21:39:19.811Z,Card,orders_S003_20260603.json,ST009,S003,S003_O00164,FUTURE_TIMESTAMP,2026-06-03T17:42:56.835Z,,,,,,,,,,,,
20260603,C0385,2026-06-03T17:39:00.876080,O00165,Completed,2026-06-03T20:40:41.811Z,Card,orders_S003_20260603.json,ST010,S003,S003_O00165,FUTURE_TIMESTAMP,2026-06-03T17:42:56.835Z,,,,,,,,,,,,
20260603,C0311,2026-06-03T17:39:00.876080,O00168,Completed,2026-06-03T18:20:34.811Z,Cash,orders_S003_20260603.json,ST009,S003,S003_O00168,FUTURE_TIMESTAMP,2026-06-03T17:42:56.835Z,,,,,,,,,,,,
20260603,C0028,2026-06-03T17:39:00.876080,O00170,Completed,2026-06-03T19:28:43.811Z,Card,orders_S003_20260603.json,ST008,S003,S003_O00170,FUTURE_TIMESTAMP,2026-06-03T17:42:56.835Z,,,,,,,,,,,,
20260603,,2026-06-03T17:39:00.876080,O00173,Completed,2026-06-03T19:18:21.811Z,Cash,orders_S003_20260603.json,ST015,S003,S003_O00173,MISSING_CUSTOMER_ID,2026-06-03T17:42:56.835Z,,,,,,,,,,,,
20260603,C0094,2026-06-03T17:39:00.876080,O00175,Completed,2026-06-03T20:25:23.811Z,Cash,orders_S003_20260603.json,ST014,S003,S003_O00175,FUTURE_TIMESTAMP,2026-06-03T17:42:56.835Z,,,,,,,,,,,,
20260603,C0386,2026-06-03T17:39:00.876080,O00177,Completed,2026-06-03T18:13:13.811Z,Cash,orders_S003_20260603.json,ST003,S003,S003_O00177,FUTURE_TIMESTAMP,2026-06-03T17:42:56.835Z,,,,,,,,,,,,
20260603,C0041,2026-06-03T17:39:00.876080,O00178,Completed,2026-06-03T19:08:20.811Z,UPI,orders_S003_20260603.json,ST002,S003,S003_O00178,FUTURE_TIMESTAMP,2026-06-03T17:42:56.835Z,,,,,,,,,,,,
20260603,,2026-06-03T17:39:00.876080,O00179,Completed,2026-06-03T20:26:46.811Z,UPI,orders_S003_20260603.json,ST013,S003,S003_O00179,MISSING_CUSTOMER_ID,2026-06-03T17:42:56.835Z,,,,,,,,,,,,
20260603,C0050,2026-06-03T17:39:00.876080,O00182,Completed,2026-06-03T20:56:28.811Z,UPI,orders_S003_20260603.json,ST014,S003,S003_O00182,FUTURE_TIMESTAMP,2026-06-03T17:42:56.835Z,,,,,,,,,,,,
20260603,C0015,2026-06-03T17:39:00.876080,O00184,Completed,2026-06-03T19:56:36.811Z,UPI,orders_S003_20260603.json,ST013,S003,S003_O00184,FUTURE_TIMESTAMP,2026-06-03T17:42:56.835Z,,,,,,,,,,,,
20260603,C0416,2026-06-03T17:39:00.876080,O00186,Completed,2026-06-03T20:54:35.811Z,Cash,orders_S003_20260603.json,ST014,S003,S003_O00186,FUTURE_TIMESTAMP,2026-06-03T17:42:56.835Z,,,,,,,,,,,,
20260603,C0159,2026-06-03T17:39:00.876080,O00188,Completed,2026-06-03T21:49:53.811Z,UPI,orders_S003_20260603.json,ST006,S003,S003_O00188,FUTURE_TIMESTAMP,2026-06-03T17:42:56.835Z,,,,,,,,,,,,
20260603,C0006,2026-06-03T17:39:00.876080,O00189,Completed,2026-06-03T18:31:06.811Z,Card,orders_S003_20260603.json,ST012,S003,S003_O00189,FUTURE_TIMESTAMP,2026-06-03T17:42:56.835Z,,,,,,,,,,,,
20260603,C0230,2026-06-03T17:39:00.876080,O00190,Completed,2026-06-03T19:13:57.811Z,Cash,orders_S003_20260603.json,ST010,S003,S003_O00190,FUTURE_TIMESTAMP,2026-06-03T17:42:56.835Z,,,,,,,,,,,,
20260603,C0165,2026-06-03T17:39:00.876080,O00191,Completed,2026-06-03T20:36:01.811Z,UPI,orders_S003_20260603.json,ST003,S003,S003_O00191,FUTURE_TIMESTAMP,2026-06-03T17:42:56.835Z,,,,,,,,,,,,
20260603,C0166,2026-06-03T17:39:00.876080,O00193,Completed,2026-06-03T19:50:57.811Z,UPI,orders_S003_20260603.json,ST012,S003,S003_O00193,FUTURE_TIMESTAMP,2026-06-03T17:42:56.835Z,,,,,,,,,,,,
20260603,C0351,2026-06-03T17:39:00.876080,O00197,Completed,2026-06-03T19:57:38.811Z,UPI,orders_S003_20260603.json,ST008,S003,S003_O00197,FUTURE_TIMESTAMP,2026-06-03T17:42:56.835Z,,,,,,,,,,,,
20260603,C0162,2026-06-03T17:39:00.876080,O00200,Completed,2026-06-03T19:51:49.811Z,UPI,orders_S003_20260603.json,ST012,S003,S003_O00200,FUTURE_TIMESTAMP,2026-06-03T17:42:56.835Z,,,,,,,,,,,,
20260603,C0442,2026-06-03T17:39:00.876080,O00204,Completed,2026-06-03T20:36:19.811Z,Card,orders_S003_20260603.json,ST013,S003,S003_O00204,FUTURE_TIMESTAMP,2026-06-03T17:42:56.835Z,,,,,,,,,,,,
20260603,C0040,2026-06-03T17:39:00.876080,O00205,Completed,2026-06-03T18:47:49.811Z,Card,orders_S003_20260603.json,ST002,S003,S003_O00205,FUTURE_TIMESTAMP,2026-06-03T17:42:56.835Z,,,,,,,,,,,,
20260603,C0405,2026-06-03T17:39:00.876080,O00206,Completed,2026-06-03T19:23:13.811Z,Cash,orders_S003_20260603.json,ST001,S003,S003_O00206,FUTURE_TIMESTAMP,2026-06-03T17:42:56.835Z,,,,,,,,,,,,
20260603,C0465,2026-06-03T17:39:00.876080,O00207,Completed,2026-06-03T20:58:26.811Z,Cash,orders_S003_20260603.json,ST010,S003,S003_O00207,FUTURE_TIMESTAMP,2026-06-03T17:42:56.835Z,,,,,,,,,,,,
20260603,C0249,2026-06-03T17:39:00.876080,O00208,Completed,2026-06-03T21:14:19.811Z,Cash,orders_S003_20260603.json,ST010,S003,S003_O00208,FUTURE_TIMESTAMP,2026-06-03T17:42:56.835Z,,,,,,,,,,,,
20260603,C0037,2026-06-03T17:39:00.876080,O00209,Completed,2026-06-03T19:19:34.811Z,Card,orders_S003_20260603.json,ST008,S003,S003_O00209,FUTURE_TIMESTAMP,2026-06-03T17:42:56.835Z,,,,,,,,,,,,
20260603,C0063,2026-06-03T17:39:00.876080,O00210,Completed,2026-06-03T19:19:18.811Z,Cash,orders_S003_20260603.json,ST001,S003,S003_O00210,FUTURE_TIMESTAMP,2026-06-03T17:42:56.835Z,,,,,,,,,,,,
20260603,C0019,2026-06-03T17:39:00.876080,O00211,Completed,2026-06-03T19:22:46.811Z,Card,orders_S003_20260603.json,ST005,S003,S003_O00211,FUTURE_TIMESTAMP,2026-06-03T17:42:56.835Z,,,,,,,,,,,,
20260603,C0448,2026-06-03T17:39:00.876080,O00212,Completed,2026-06-03T19:02:34.811Z,Cash,orders_S003_20260603.json,ST009,S003,S003_O00212,FUTURE_TIMESTAMP,2026-06-03T17:42:56.835Z,,,,,,,,,,,,
20260603,C0063,2026-06-03T17:39:00.876080,O00213,Completed,2026-06-03T18:02:08.811Z,UPI,orders_S003_20260603.json,ST015,S003,S003_O00213,FUTURE_TIMESTAMP,2026-06-03T17:42:56.835Z,,,,,,,,,,,,
20260603,C0180,2026-06-03T17:39:00.876080,O00214,Completed,2026-06-03T18:39:11.811Z,Cash,orders_S003_20260603.json,ST015,S003,S003_O00214,FUTURE_TIMESTAMP,2026-06-03T17:42:56.835Z,,,,,,,,,,,,
20260603,C0054,2026-06-03T17:39:00.876080,O00215,Completed,2026-06-03T21:29:26.811Z,Card,orders_S003_20260603.json,ST003,S003,S003_O00215,FUTURE_TIMESTAMP,2026-06-03T17:42:56.835Z,,,,,,,,,,,,
20260603,C0460,2026-06-03T17:39:00.876080,O00216,Completed,2026-06-03T18:31:03.811Z,Cash,orders_S003_20260603.json,ST005,S003,S003_O00216,FUTURE_TIMESTAMP,2026-06-03T17:42:56.835Z,,,,,,,,,,,,
20260603,C0460,2026-06-03T17:39:00.876080,O00218,Completed,2026-06-03T17:55:35.811Z,Cash,orders_S003_20260603.json,ST014,S003,S003_O00218,FUTURE_TIMESTAMP,2026-06-03T17:42:56.835Z,,,,,,,,,,,,
20260603,C0255,2026-06-03T17:39:00.876080,O00219,Completed,2026-06-03T20:07:40.811Z,Cash,orders_S003_20260603.json,ST015,S003,S003_O00219,FUTURE_TIMESTAMP,2026-06-03T17:42:56.835Z,,,,,,,,,,,,
20260603,C0042,2026-06-03T17:39:00.876080,O00220,Completed,2026-06-03T21:20:16.811Z,UPI,orders_S003_20260603.json,ST012,S003,S003_O00220,FUTURE_TIMESTAMP,2026-06-03T17:42:56.835Z,,,,,,,,,,,,
20260603,C0123,2026-06-03T17:39:00.876080,O00221,Completed,2026-06-03T19:42:15.811Z,Cash,orders_S003_20260603.json,ST012,S003,S003_O00221,FUTURE_TIMESTAMP,2026-06-03T17:42:56.835Z,,,,,,,,,,,,
20260603,C0050,2026-06-03T17:39:00.876080,O00222,Completed,2026-06-03T20:56:36.811Z,UPI,orders_S003_20260603.json,ST015,S003,S003_O00222,FUTURE_TIMESTAMP,2026-06-03T17:42:56.835Z,,,,,,,,,,,,
20260603,C0380,2026-06-03T17:39:00.876080,O00223,Completed,2026-06-03T18:39:22.811Z,Cash,orders_S003_20260603.json,ST007,S003,S003_O00223,FUTURE_TIMESTAMP,2026-06-03T17:42:56.835Z,,,,,,,,,,,,
20260603,C0013,2026-06-03T17:39:00.876080,O00224,Completed,2026-06-03T20:31:54.811Z,Cash,orders_S003_20260603.json,ST010,S003,S003_O00224,FUTURE_TIMESTAMP,2026-06-03T17:42:56.835Z,,,,,,,,,,,,
20260603,C0163,2026-06-03T17:39:00.876080,O00225,Completed,2026-06-03T20:35:08.811Z,Card,orders_S003_20260603.json,ST005,S003,S003_O00225,FUTURE_TIMESTAMP,2026-06-03T17:42:56.835Z,,,,,,,,,,,,
20260603,C0063,2026-06-03T17:39:00.876080,O00226,Completed,2026-06-03T21:04:17.811Z,UPI,orders_S003_20260603.json,ST002,S003,S003_O00226,FUTURE_TIMESTAMP,2026-06-03T17:42:56.835Z,,,,,,,,,,,,
20260603,C0226,2026-06-03T17:39:00.876080,O00227,Completed,2026-06-03T18:09:43.811Z,UPI,orders_S003_20260603.json,ST012,S003,S003_O00227,FUTURE_TIMESTAMP,2026-06-03T17:42:56.835Z,,,,,,,,,,,,
20260603,C0079,2026-06-03T17:39:00.876080,O00228,Completed,2026-06-03T20:54:13.811Z,UPI,orders_S003_20260603.json,ST007,S003,S003_O00228,FUTURE_TIMESTAMP,2026-06-03T17:42:56.835Z,,,,,,,,,,,,
20260603,C0012,2026-06-03T17:39:00.876080,O00229,Completed,2026-06-03T21:41:27.811Z,Card,orders_S003_20260603.json,ST008,S003,S003_O00229,FUTURE_TIMESTAMP,2026-06-03T17:42:56.835Z,,,,,,,,,,,,
20260603,C0008,2026-06-03T17:39:00.876080,O00232,Completed,2026-06-03T20:15:21.811Z,Card,orders_S003_20260603.json,ST012,S003,S003_O00232,FUTURE_TIMESTAMP,2026-06-03T17:42:56.835Z,,,,,,,,,,,,
20260603,C0154,2026-06-03T17:39:00.876080,O00234,Completed,2026-06-03T18:15:54.811Z,UPI,orders_S003_20260603.json,ST014,S003,S003_O00234,FUTURE_TIMESTAMP,2026-06-03T17:42:56.835Z,,,,,,,,,,,,
20260603,C0465,2026-06-03T17:39:00.876080,O00235,Completed,2026-06-03T20:49:40.811Z,UPI,orders_S003_20260603.json,ST002,S003,S003_O00235,FUTURE_TIMESTAMP,2026-06-03T17:42:56.835Z,,,,,,,,,,,,
20260603,C0034,2026-06-03T17:39:00.876080,O00236,Completed,2026-06-03T20:05:22.811Z,Cash,orders_S003_20260603.json,ST015,S003,S003_O00236,FUTURE_TIMESTAMP,2026-06-03T17:42:56.835Z,,,,,,,,,,,,
20260603,C0111,2026-06-03T17:39:00.876080,O00237,Completed,2026-06-03T18:33:26.811Z,UPI,orders_S003_20260603.json,ST001,S003,S003_O00237,FUTURE_TIMESTAMP,2026-06-03T17:42:56.835Z,,,,,,,,,,,,
20260603,C0086,2026-06-03T17:39:00.876080,O00238,Completed,2026-06-03T19:01:55.811Z,Card,orders_S003_20260603.json,ST014,S003,S003_O00238,FUTURE_TIMESTAMP,2026-06-03T17:42:56.835Z,,,,,,,,,,,,
20260603,C0132,2026-06-03T17:39:00.876080,O00241,Completed,2026-06-03T21:08:26.811Z,UPI,orders_S003_20260603.json,ST004,S003,S003_O00241,FUTURE_TIMESTAMP,2026-06-03T17:42:56.835Z,,,,,,,,,,,,
20260603,C0045,2026-06-03T17:39:00.876080,O00242,Completed,2026-06-03T21:22:32.811Z,UPI,orders_S003_20260603.json,ST006,S003,S003_O00242,FUTURE_TIMESTAMP,2026-06-03T17:42:56.835Z,,,,,,,,,,,,
20260603,C0060,2026-06-03T17:39:00.876080,O00244,Completed,2026-06-03T20:29:33.811Z,UPI,orders_S003_20260603.json,ST006,S003,S003_O00244,FUTURE_TIMESTAMP,2026-06-03T17:42:56.835Z,,,,,,,,,,,,
20260603,C0017,2026-06-03T17:39:00.876080,O00245,Completed,2026-06-03T18:36:59.811Z,Card,orders_S003_20260603.json,ST006,S003,S003_O00245,FUTURE_TIMESTAMP,2026-06-03T17:42:56.835Z,,,,,,,,,,,,
20260603,C0074,2026-06-03T17:39:00.876080,O00248,Completed,2026-06-03T20:36:30.811Z,UPI,orders_S003_20260603.json,ST007,S003,S003_O00248,FUTURE_TIMESTAMP,2026-06-03T17:42:56.835Z,,,,,,,,,,,,
20260603,C0467,2026-06-03T17:39:00.876080,O00250,Completed,2026-06-03T17:59:55.811Z,Card,orders_S003_20260603.json,ST015,S003,S003_O00250,FUTURE_TIMESTAMP,2026-06-03T17:42:56.835Z,,,,,,,,,,,,
20260603,C0041,2026-06-03T17:39:00.876080,O00251,Completed,2026-06-03T20:30:48.811Z,UPI,orders_S003_20260603.json,ST015,S003,S003_O00251,FUTURE_TIMESTAMP,2026-06-03T17:42:56.835Z,,,,,,,,,,,,
20260603,C0186,2026-06-03T17:39:00.876080,O00254,Completed,2026-06-03T20:09:58.811Z,Card,orders_S003_20260603.json,ST006,S003,S003_O00254,FUTURE_TIMESTAMP,2026-06-03T17:42:56.835Z,,,,,,,,,,,,
20260603,C0214,2026-06-03T17:39:00.876080,O00255,Completed,2026-06-03T17:59:12.811Z,Card,orders_S003_20260603.json,ST007,S003,S003_O00255,FUTURE_TIMESTAMP,2026-06-03T17:42:56.835Z,,,,,,,,,,,,
20260603,C0166,2026-06-03T17:39:00.876080,O00256,Completed,2026-06-03T18:58:13.811Z,Card,orders_S003_20260603.json,ST005,S003,S003_O00256,FUTURE_TIMESTAMP,2026-06-03T17:42:56.835Z,,,,,,,,,,,,
20260603,C0049,2026-06-03T17:39:00.876080,O00258,Completed,2026-06-03T19:06:07.811Z,Card,orders_S003_20260603.json,ST008,S003,S003_O00258,FUTURE_TIMESTAMP,2026-06-03T17:42:56.835Z,,,,,,,,,,,,
20260603,C0071,2026-06-03T17:39:00.876080,O00260,Completed,2026-06-03T19:58:51.811Z,UPI,orders_S003_20260603.json,ST002,S003,S003_O00260,FUTURE_TIMESTAMP,2026-06-03T17:42:56.835Z,,,,,,,,,,,,
20260603,C0079,2026-06-03T17:39:00.876080,O00262,Completed,2026-06-03T19:46:23.811Z,UPI,orders_S003_20260603.json,ST006,S003,S003_O00262,FUTURE_TIMESTAMP,2026-06-03T17:42:56.835Z,,,,,,,,,,,,
20260603,C0004,2026-06-03T17:39:00.876080,O00263,Completed,2026-06-03T18:33:04.811Z,UPI,orders_S003_20260603.json,ST007,S003,S003_O00263,FUTURE_TIMESTAMP,2026-06-03T17:42:56.835Z,,,,,,,,,,,,
20260603,C0056,2026-06-03T17:39:00.876080,O00266,Completed,2026-06-03T20:28:33.811Z,Cash,orders_S003_20260603.json,ST014,S003,S003_O00266,FUTURE_TIMESTAMP,2026-06-03T17:42:56.835Z,,,,,,,,,,,,
20260603,,2026-06-03T17:39:00.876080,O00267,Completed,2026-06-03T20:33:58.811Z,UPI,orders_S003_20260603.json,ST014,S003,S003_O00267,MISSING_CUSTOMER_ID,2026-06-03T17:42:56.835Z,,,,,,,,,,,,
20260603,C0012,2026-06-03T17:39:00.876080,O00268,Completed,2026-06-03T20:33:15.811Z,Card,orders_S003_20260603.json,ST013,S003,S003_O00268,FUTURE_TIMESTAMP,2026-06-03T17:42:56.835Z,,,,,,,,,,,,
20260603,C0347,2026-06-03T17:39:00.876080,O00269,Completed,2026-06-03T19:11:51.811Z,UPI,orders_S003_20260603.json,ST001,S003,S003_O00269,FUTURE_TIMESTAMP,2026-06-03T17:42:56.835Z,,,,,,,,,,,,
20260603,C0044,2026-06-03T17:39:00.876080,O00273,Completed,2026-06-03T19:14:39.811Z,Card,orders_S003_20260603.json,ST003,S003,S003_O00273,FUTURE_TIMESTAMP,2026-06-03T17:42:56.835Z,,,,,,,,,,,,
20260603,C0082,2026-06-03T17:39:00.876080,O00274,Completed,2026-06-03T20:30:40.811Z,Card,orders_S003_20260603.json,ST013,S003,S003_O00274,FUTURE_TIMESTAMP,2026-06-03T17:42:56.835Z,,,,,,,,,,,,
20260603,C0183,2026-06-03T17:39:00.876080,O00275,Completed,2026-06-03T19:05:42.811Z,Card,orders_S003_20260603.json,ST007,S003,S003_O00275,FUTURE_TIMESTAMP,2026-06-03T17:42:56.835Z,,,,,,,,,,,,
20260603,C0166,2026-06-03T17:39:00.876080,O00277,Completed,2026-06-03T18:17:36.811Z,UPI,orders_S003_20260603.json,ST011,S003,S003_O00277,FUTURE_TIMESTAMP,2026-06-03T17:42:56.835Z,,,,,,,,,,,,
20260603,C0080,2026-06-03T17:39:00.876080,O00279,Completed,2026-06-03T18:01:20.811Z,UPI,orders_S003_20260603.json,ST008,S003,S003_O00279,FUTURE_TIMESTAMP,2026-06-03T17:42:56.835Z,,,,,,,,,,,,
20260603,C0126,2026-06-03T17:39:00.876080,O00281,Completed,2026-06-03T21:28:00.811Z,UPI,orders_S003_20260603.json,ST011,S003,S003_O00281,FUTURE_TIMESTAMP,2026-06-03T17:42:56.835Z,,,,,,,,,,,,
20260603,C0093,2026-06-03T17:39:00.876080,O00282,Completed,2026-06-03T19:59:10.811Z,UPI,orders_S003_20260603.json,ST013,S003,S003_O00282,FUTURE_TIMESTAMP,2026-06-03T17:42:56.835Z,,,,,,,,,,,,
20260603,C0217,2026-06-03T17:39:00.876080,O00283,Completed,2026-06-03T20:23:45.811Z,UPI,orders_S003_20260603.json,ST014,S003,S003_O00283,FUTURE_TIMESTAMP,2026-06-03T17:42:56.835Z,,,,,,,,,,,,
20260603,C0082,2026-06-03T17:39:00.876080,O00284,Completed,2026-06-03T21:50:21.811Z,UPI,orders_S003_20260603.json,ST010,S003,S003_O00284,FUTURE_TIMESTAMP,2026-06-03T17:42:56.835Z,,,,,,,,,,,,
20260603,C0070,2026-06-03T17:39:00.876080,O00285,Completed,2026-06-03T19:20:34.811Z,Card,orders_S003_20260603.json,ST005,S003,S003_O00285,FUTURE_TIMESTAMP,2026-06-03T17:42:56.835Z,,,,,,,,,,,,
20260603,C0307,2026-06-03T17:39:00.876080,O00286,Completed,2026-06-03T19:48:12.811Z,Cash,orders_S003_20260603.json,ST003,S003,S003_O00286,FUTURE_TIMESTAMP,2026-06-03T17:42:56.835Z,,,,,,,,,,,,
20260603,C0279,2026-06-03T17:39:00.876080,O00288,Completed,2026-06-03T20:50:30.811Z,Card,orders_S003_20260603.json,ST014,S003,S003_O00288,FUTURE_TIMESTAMP,2026-06-03T17:42:56.835Z,,,,,,,,,,,,
20260603,C0023,2026-06-03T17:39:00.876080,O00289,Completed,2026-06-03T17:49:36.811Z,Card,orders_S003_20260603.json,ST010,S003,S003_O00289,FUTURE_TIMESTAMP,2026-06-03T17:42:56.835Z,,,,,,,,,,,,
20260603,C0447,2026-06-03T17:39:00.876080,O00291,Completed,2026-06-03T21:35:48.811Z,Card,orders_S003_20260603.json,ST003,S003,S003_O00291,FUTURE_TIMESTAMP,2026-06-03T17:42:56.835Z,,,,,,,,,,,,
20260603,C0300,2026-06-03T17:39:00.876080,O00292,Completed,2026-06-03T20:55:02.811Z,UPI,orders_S003_20260603.json,ST010,S003,S003_O00292,FUTURE_TIMESTAMP,2026-06-03T17:42:56.835Z,,,,,,,,,,,,
20260603,C0269,2026-06-03T17:39:00.876080,O00294,Completed,2026-06-03T21:30:05.811Z,UPI,orders_S003_20260603.json,ST013,S003,S003_O00294,FUTURE_TIMESTAMP,2026-06-03T17:42:56.835Z,,,,,,,,,,,,
20260603,C0135,2026-06-03T17:39:00.876080,O00295,Completed,2027-06-03T10:39:20.811Z,Cash,orders_S003_20260603.json,ST002,S003,S003_O00295,FUTURE_TIMESTAMP,2026-06-03T17:42:56.835Z,,,,,,,,,,,,
20260603,C0421,2026-06-03T17:39:00.876080,O00296,Completed,2026-06-03T19:41:20.811Z,UPI,orders_S003_20260603.json,ST006,S003,S003_O00296,FUTURE_TIMESTAMP,2026-06-03T17:42:56.835Z,,,,,,,,,,,,
20260603,C0098,2026-06-03T17:39:00.876080,O00297,Completed,2026-06-03T21:38:47.811Z,UPI,orders_S003_20260603.json,ST012,S003,S003_O00297,FUTURE_TIMESTAMP,2026-06-03T17:42:56.835Z,,,,,,,,,,,,
20260603,C0143,2026-06-03T17:39:00.876080,O00298,Completed,2026-06-03T19:06:23.811Z,UPI,orders_S003_20260603.json,ST005,S003,S003_O00298,FUTURE_TIMESTAMP,2026-06-03T17:42:56.835Z,,,,,,,,,,,,
20260603,C0070,2026-06-03T17:39:00.876080,O00299,Completed,2026-06-03T19:18:14.811Z,UPI,orders_S003_20260603.json,ST003,S003,S003_O00299,FUTURE_TIMESTAMP,2026-06-03T17:42:56.835Z,,,,,,,,,,,,
20260603,C0303,2026-06-03T17:39:00.876080,O00301,Completed,2026-06-03T18:41:46.811Z,Card,orders_S003_20260603.json,ST004,S003,S003_O00301,FUTURE_TIMESTAMP,2026-06-03T17:42:56.835Z,,,,,,,,,,,,
20260603,C0372,2026-06-03T17:39:00.876080,O00302,Completed,2026-06-03T18:04:12.811Z,UPI,orders_S003_20260603.json,ST005,S003,S003_O00302,FUTURE_TIMESTAMP,2026-06-03T17:42:56.835Z,,,,,,,,,,,,
20260603,,2026-06-03T17:39:00.876080,O00304,Completed,2026-06-03T20:47:31.811Z,Card,orders_S003_20260603.json,ST007,S003,S003_O00304,MISSING_CUSTOMER_ID,2026-06-03T17:42:56.835Z,,,,,,,,,,,,
20260603,C0127,2026-06-03T17:39:00.876080,O00305,Completed,2026-06-03T20:23:27.811Z,UPI,orders_S003_20260603.json,ST012,S003,S003_O00305,FUTURE_TIMESTAMP,2026-06-03T17:42:56.835Z,,,,,,,,,,,,
20260603,C0114,2026-06-03T17:39:00.876080,O00307,Completed,2026-06-03T18:57:00.811Z,Cash,orders_S003_20260603.json,ST010,S003,S003_O00307,FUTURE_TIMESTAMP,2026-06-03T17:42:56.835Z,,,,,,,,,,,,
20260603,C0074,2026-06-03T17:39:00.876080,O00308,Completed,2026-06-03T18:36:07.811Z,Card,orders_S003_20260603.json,ST002,S003,S003_O00308,FUTURE_TIMESTAMP,2026-06-03T17:42:56.835Z,,,,,,,,,,,,
20260603,C0045,2026-06-03T17:39:00.876080,O00311,Completed,2026-06-03T19:58:48.811Z,Cash,orders_S003_20260603.json,ST008,S003,S003_O00311,FUTURE_TIMESTAMP,2026-06-03T17:42:56.835Z,,,,,,,,,,,,
20260603,C0351,2026-06-03T17:39:00.876080,O00312,Completed,2026-06-03T18:55:07.811Z,UPI,orders_S003_20260603.json,ST015,S003,S003_O00312,FUTURE_TIMESTAMP,2026-06-03T17:42:56.835Z,,,,,,,,,,,,
20260603,C0052,2026-06-03T17:39:00.876080,O00313,Completed,2026-06-03T21:04:04.811Z,UPI,orders_S003_20260603.json,ST012,S003,S003_O00313,FUTURE_TIMESTAMP,2026-06-03T17:42:56.835Z,,,,,,,,,,,,
20260603,C0331,2026-06-03T17:39:00.876080,O00317,Completed,2026-06-03T18:59:12.811Z,UPI,orders_S003_20260603.json,ST005,S003,S003_O00317,FUTURE_TIMESTAMP,2026-06-03T17:42:56.835Z,,,,,,,,,,,,
20260603,C0094,2026-06-03T17:39:00.876080,O00319,Completed,2026-06-03T18:44:49.811Z,Card,orders_S003_20260603.json,ST015,S003,S003_O00319,FUTURE_TIMESTAMP,2026-06-03T17:42:56.835Z,,,,,,,,,,,,
20260603,C0203,2026-06-03T17:39:00.876080,O00320,Completed,2026-06-03T18:23:25.811Z,UPI,orders_S003_20260603.json,ST010,S003,S003_O00320,FUTURE_TIMESTAMP,2026-06-03T17:42:56.835Z,,,,,,,,,,,,
20260603,C0057,2026-06-03T17:39:00.876080,O00321,Completed,2026-06-03T18:29:48.811Z,UPI,orders_S003_20260603.json,ST013,S003,S003_O00321,FUTURE_TIMESTAMP,2026-06-03T17:42:56.835Z,,,,,,,,,,,,
20260603,C0439,2026-06-03T17:39:00.876080,O00323,Completed,2026-06-03T21:25:50.811Z,UPI,orders_S003_20260603.json,ST015,S003,S003_O00323,FUTURE_TIMESTAMP,2026-06-03T17:42:56.835Z,,,,,,,,,,,,
20260603,C0130,2026-06-03T17:39:00.876080,O00325,Completed,2026-06-03T18:37:14.811Z,UPI,orders_S003_20260603.json,ST005,S003,S003_O00325,FUTURE_TIMESTAMP,2026-06-03T17:42:56.835Z,,,,,,,,,,,,
20260603,C0023,2026-06-03T17:39:00.876080,O00327,Completed,2026-06-03T19:41:50.811Z,Card,orders_S003_20260603.json,ST010,S003,S003_O00327,FUTURE_TIMESTAMP,2026-06-03T17:42:56.835Z,,,,,,,,,,,,
20260603,C0051,2026-06-03T17:39:00.876080,O00329,Completed,2026-06-03T19:11:59.811Z,UPI,orders_S003_20260603.json,ST012,S003,S003_O00329,FUTURE_TIMESTAMP,2026-06-03T17:42:56.835Z,,,,,,,,,,,,
20260603,C0003,2026-06-03T17:39:00.876080,O00330,Completed,2026-06-03T20:44:30.811Z,Cash,orders_S003_20260603.json,ST013,S003,S003_O00330,FUTURE_TIMESTAMP,2026-06-03T17:42:56.835Z,,,,,,,,,,,,
20260603,C0405,2026-06-03T17:39:00.876080,O00331,Completed,2026-06-03T18:40:20.811Z,Cash,orders_S003_20260603.json,ST011,S003,S003_O00331,FUTURE_TIMESTAMP,2026-06-03T17:42:56.835Z,,,,,,,,,,,,
20260603,C0073,2026-06-03T17:39:00.876080,O00332,Completed,2026-06-03T19:03:45.811Z,UPI,orders_S003_20260603.json,ST004,S003,S003_O00332,FUTURE_TIMESTAMP,2026-06-03T17:42:56.835Z,,,,,,,,,,,,
20260603,,2026-06-03T17:39:00.876080,O00333,Completed,2026-06-03T10:16:40.811Z,UPI,orders_S003_20260603.json,ST004,S003,S003_O00333,MISSING_CUSTOMER_ID,2026-06-03T17:42:56.835Z,,,,,,,,,,,,
20260603,C0217,2026-06-03T17:39:00.876080,O00334,Completed,2026-06-03T19:17:54.811Z,UPI,orders_S003_20260603.json,ST003,S003,S003_O00334,FUTURE_TIMESTAMP,2026-06-03T17:42:56.835Z,,,,,,,,,,,,
20260603,C0237,2026-06-03T17:39:00.876080,O00336,Completed,2026-06-03T20:20:10.811Z,Card,orders_S003_20260603.json,ST010,S003,S003_O00336,FUTURE_TIMESTAMP,2026-06-03T17:42:56.835Z,,,,,,,,,,,,
20260603,C0213,2026-06-03T17:39:00.876080,O00337,Completed,2026-06-03T19:45:30.811Z,UPI,orders_S003_20260603.json,ST012,S003,S003_O00337,FUTURE_TIMESTAMP,2026-06-03T17:42:56.835Z,,,,,,,,,,,,
20260603,C0260,2026-06-03T17:39:00.876080,O00338,Completed,2026-06-03T19:57:55.811Z,Card,orders_S003_20260603.json,ST004,S003,S003_O00338,FUTURE_TIMESTAMP,2026-06-03T17:42:56.835Z,,,,,,,,,,,,
20260603,C0034,2026-06-03T17:39:00.876080,O00339,Completed,2026-06-03T18:22:01.811Z,Cash,orders_S003_20260603.json,ST002,S003,S003_O00339,FUTURE_TIMESTAMP,2026-06-03T17:42:56.835Z,,,,,,,,,,,,
20260603,C0092,2026-06-03T17:39:00.876080,O00341,Completed,2026-06-03T18:49:15.811Z,Cash,orders_S003_20260603.json,ST013,S003,S003_O00341,FUTURE_TIMESTAMP,2026-06-03T17:42:56.835Z,,,,,,,,,,,,
20260603,C0440,2026-06-03T17:39:00.876080,O00343,Completed,2026-06-03T20:20:33.811Z,Cash,orders_S003_20260603.json,ST001,S003,S003_O00343,FUTURE_TIMESTAMP,2026-06-03T17:42:56.835Z,,,,,,,,,,,,
20260603,C0295,2026-06-03T17:39:00.876080,O00344,Completed,2026-06-03T20:38:00.811Z,UPI,orders_S003_20260603.json,ST010,S003,S003_O00344,FUTURE_TIMESTAMP,2026-06-03T17:42:56.835Z,,,,,,,,,,,,
20260603,C0345,2026-06-03T17:39:00.876080,O00347,Completed,2026-06-03T19:50:00.811Z,Cash,orders_S003_20260603.json,ST011,S003,S003_O00347,FUTURE_TIMESTAMP,2026-06-03T17:42:56.835Z,,,,,,,,,,,,
20260603,C0364,2026-06-03T17:39:00.876080,O00349,Completed,2026-06-03T20:08:04.811Z,UPI,orders_S003_20260603.json,ST006,S003,S003_O00349,FUTURE_TIMESTAMP,2026-06-03T17:42:56.835Z,,,,,,,,,,,,
20260603,C0177,2026-06-03T17:39:00.876080,O00351,Completed,2026-06-03T20:46:49.811Z,UPI,orders_S003_20260603.json,ST015,S003,S003_O00351,FUTURE_TIMESTAMP,2026-06-03T17:42:56.835Z,,,,,,,,,,,,
20260603,C0333,2026-06-03T17:39:00.876080,O00352,Completed,2026-06-03T19:21:45.811Z,UPI,orders_S003_20260603.json,ST007,S003,S003_O00352,FUTURE_TIMESTAMP,2026-06-03T17:42:56.835Z,,,,,,,,,,,,
20260603,C0049,2026-06-03T17:39:00.876080,O00353,Completed,2026-06-03T19:48:00.811Z,UPI,orders_S003_20260603.json,ST015,S003,S003_O00353,FUTURE_TIMESTAMP,2026-06-03T17:42:56.835Z,,,,,,,,,,,,
20260603,C0310,2026-06-03T17:39:00.876080,O00354,Completed,2026-06-03T19:14:06.811Z,UPI,orders_S003_20260603.json,ST008,S003,S003_O00354,FUTURE_TIMESTAMP,2026-06-03T17:42:56.835Z,,,,,,,,,,,,
20260603,C0056,2026-06-03T17:39:00.876080,O00355,Completed,2026-06-03T20:50:37.811Z,Cash,orders_S003_20260603.json,ST006,S003,S003_O00355,FUTURE_TIMESTAMP,2026-06-03T17:42:56.835Z,,,,,,,,,,,,
20260603,C0057,2026-06-03T17:39:00.876080,O00356,Completed,2026-06-03T19:50:38.811Z,UPI,orders_S003_20260603.json,ST013,S003,S003_O00356,FUTURE_TIMESTAMP,2026-06-03T17:42:56.835Z,,,,,,,,,,,,
20260603,C0278,2026-06-03T17:39:00.876080,O00357,Completed,2026-06-03T20:06:58.811Z,UPI,orders_S003_20260603.json,ST004,S003,S003_O00357,FUTURE_TIMESTAMP,2026-06-03T17:42:56.835Z,,,,,,,,,,,,
20260603,C0068,2026-06-03T17:39:00.876080,O00358,Completed,2027-06-03T13:40:49.811Z,UPI,orders_S003_20260603.json,ST006,S003,S003_O00358,FUTURE_TIMESTAMP,2026-06-03T17:42:56.835Z,,,,,,,,,,,,
20260603,C0392,2026-06-03T17:39:00.876080,O00360,Completed,2026-06-03T20:01:32.811Z,UPI,orders_S003_20260603.json,ST012,S003,S003_O00360,FUTURE_TIMESTAMP,2026-06-03T17:42:56.835Z,,,,,,,,,,,,
20260603,C0294,2026-06-03T17:39:00.876080,O00363,Completed,2026-06-03T21:44:46.811Z,UPI,orders_S003_20260603.json,ST010,S003,S003_O00363,FUTURE_TIMESTAMP,2026-06-03T17:42:56.835Z,,,,,,,,,,,,
20260603,C0170,2026-06-03T17:39:00.876080,O00365,Completed,2026-06-03T18:30:13.811Z,UPI,orders_S003_20260603.json,ST002,S003,S003_O00365,FUTURE_TIMESTAMP,2026-06-03T17:42:56.835Z,,,,,,,,,,,,
20260603,C0085,2026-06-03T17:39:00.876080,O00366,Completed,2026-06-03T19:49:37.811Z,Cash,orders_S003_20260603.json,ST013,S003,S003_O00366,FUTURE_TIMESTAMP,2026-06-03T17:42:56.835Z,,,,,,,,,,,,
20260603,C0308,2026-06-03T17:39:00.876080,O00368,Completed,2026-06-03T21:57:26.811Z,UPI,orders_S003_20260603.json,ST015,S003,S003_O00368,FUTURE_TIMESTAMP,2026-06-03T17:42:56.835Z,,,,,,,,,,,,
20260603,C0033,2026-06-03T17:39:00.876080,O00369,Completed,2026-06-03T19:07:32.811Z,UPI,orders_S003_20260603.json,ST015,S003,S003_O00369,FUTURE_TIMESTAMP,2026-06-03T17:42:56.835Z,,,,,,,,,,,,
20260603,C0027,2026-06-03T17:39:00.876080,O00370,Completed,2026-06-03T19:22:04.811Z,UPI,orders_S003_20260603.json,ST006,S003,S003_O00370,FUTURE_TIMESTAMP,2026-06-03T17:42:56.835Z,,,,,,,,,,,,
20260603,C0253,2026-06-03T17:39:00.876080,O00372,Completed,2026-06-03T21:50:36.811Z,UPI,orders_S003_20260603.json,ST013,S003,S003_O00372,FUTURE_TIMESTAMP,2026-06-03T17:42:56.835Z,,,,,,,,,,,,
20260603,C0161,2026-06-03T17:39:00.876080,O00373,Completed,2026-06-03T18:13:27.811Z,UPI,orders_S003_20260603.json,ST002,S003,S003_O00373,FUTURE_TIMESTAMP,2026-06-03T17:42:56.835Z,,,,,,,,,,,,
20260603,C0129,2026-06-03T17:39:00.876080,O00374,Completed,2026-06-03T20:34:25.811Z,Card,orders_S003_20260603.json,ST013,S003,S003_O00374,FUTURE_TIMESTAMP,2026-06-03T17:42:56.835Z,,,,,,,,,,,,
20260603,C0013,2026-06-03T17:39:00.876080,O00375,Completed,2026-06-03T21:01:28.811Z,UPI,orders_S003_20260603.json,ST004,S003,S003_O00375,FUTURE_TIMESTAMP,2026-06-03T17:42:56.835Z,,,,,,,,,,,,
20260603,C0059,2026-06-03T17:39:00.876080,O00376,Completed,2026-06-03T18:35:46.811Z,Cash,orders_S003_20260603.json,ST004,S003,S003_O00376,FUTURE_TIMESTAMP,2026-06-03T17:42:56.835Z,,,,,,,,,,,,
20260603,C0030,2026-06-03T17:39:00.876080,O00378,Completed,2026-06-03T19:26:13.811Z,Card,orders_S003_20260603.json,ST006,S003,S003_O00378,FUTURE_TIMESTAMP,2026-06-03T17:42:56.835Z,,,,,,,,,,,,
20260603,C0021,2026-06-03T17:39:00.876080,O00381,Completed,2026-06-03T18:10:32.811Z,Cash,orders_S003_20260603.json,ST004,S003,S003_O00381,FUTURE_TIMESTAMP,2026-06-03T17:42:56.835Z,,,,,,,,,,,,
20260603,C0034,2026-06-03T17:39:00.876080,O00385,Completed,2026-06-03T19:12:35.811Z,UPI,orders_S003_20260603.json,ST008,S003,S003_O00385,FUTURE_TIMESTAMP,2026-06-03T17:42:56.835Z,,,,,,,,,,,,
20260603,C0314,2026-06-03T17:39:00.876080,O00386,Completed,2026-06-03T21:22:48.811Z,Cash,orders_S003_20260603.json,ST012,S003,S003_O00386,FUTURE_TIMESTAMP,2026-06-03T17:42:56.835Z,,,,,,,,,,,,
20260603,C0033,2026-06-03T17:39:00.876080,O00388,Completed,2026-06-03T18:51:19.811Z,Card,orders_S003_20260603.json,ST006,S003,S003_O00388,FUTURE_TIMESTAMP,2026-06-03T17:42:56.835Z,,,,,,,,,,,,
20260603,C0069,2026-06-03T17:39:00.876080,O00389,Completed,2026-06-03T21:44:13.811Z,UPI,orders_S003_20260603.json,ST011,S003,S003_O00389,FUTURE_TIMESTAMP,2026-06-03T17:42:56.835Z,,,,,,,,,,,,
20260603,C0240,2026-06-03T17:39:00.876080,O00391,Completed,2026-06-03T19:03:53.811Z,UPI,orders_S003_20260603.json,ST012,S003,S003_O00391,FUTURE_TIMESTAMP,2026-06-03T17:42:56.835Z,,,,,,,,,,,,
20260603,C0031,2026-06-03T17:39:00.876080,O00392,Completed,2026-06-03T21:05:37.811Z,UPI,orders_S003_20260603.json,ST002,S003,S003_O00392,FUTURE_TIMESTAMP,2026-06-03T17:42:56.835Z,,,,,,,,,,,,
20260603,C0048,2026-06-03T17:39:00.876080,O00393,Completed,2026-06-03T21:03:18.811Z,UPI,orders_S003_20260603.json,ST012,S003,S003_O00393,FUTURE_TIMESTAMP,2026-06-03T17:42:56.835Z,,,,,,,,,,,,
20260603,C0002,2026-06-03T17:39:00.876080,O00394,Completed,2026-06-03T21:18:28.811Z,Card,orders_S003_20260603.json,ST008,S003,S003_O00394,FUTURE_TIMESTAMP,2026-06-03T17:42:56.835Z,,,,,,,,,,,,
20260603,C0089,2026-06-03T17:39:00.876080,O00395,Completed,2026-06-03T18:04:09.811Z,Cash,orders_S003_20260603.json,ST010,S003,S003_O00395,FUTURE_TIMESTAMP,2026-06-03T17:42:56.835Z,,,,,,,,,,,,
20260603,C0091,2026-06-03T17:39:00.876080,O00397,Completed,2026-06-03T21:43:56.811Z,UPI,orders_S003_20260603.json,ST007,S003,S003_O00397,FUTURE_TIMESTAMP,2026-06-03T17:42:56.835Z,,,,,,,,,,,,
20260603,C0089,2026-06-03T17:39:00.876080,O00398,Completed,2026-06-03T20:56:32.811Z,UPI,orders_S003_20260603.json,ST003,S003,S003_O00398,FUTURE_TIMESTAMP,2026-06-03T17:42:56.835Z,,,,,,,,,,,,
20260603,C0257,2026-06-03T17:39:00.876080,O00399,Completed,2027-06-03T18:32:53.811Z,UPI,orders_S003_20260603.json,ST001,S003,S003_O00399,FUTURE_TIMESTAMP,2026-06-03T17:42:56.835Z,,,,,,,,,,,,
20260603,C0084,2026-06-03T17:39:00.876080,O00400,Completed,2026-06-03T18:24:31.811Z,UPI,orders_S003_20260603.json,ST010,S003,S003_O00400,FUTURE_TIMESTAMP,2026-06-03T17:42:56.835Z,,,,,,,,,,,,
20260603,C0037,2026-06-03T17:39:00.876080,O00401,Completed,2026-06-03T18:52:25.811Z,Card,orders_S003_20260603.json,ST004,S003,S003_O00401,FUTURE_TIMESTAMP,2026-06-03T17:42:56.835Z,,,,,,,,,,,,
20260603,C0079,2026-06-03T17:39:00.876080,O00403,Completed,2026-06-03T21:25:30.811Z,UPI,orders_S003_20260603.json,ST014,S003,S003_O00403,FUTURE_TIMESTAMP,2026-06-03T17:42:56.835Z,,,,,,,,,,,,
20260603,C0068,2026-06-03T17:39:00.876080,O00404,Completed,2026-06-03T18:33:34.811Z,UPI,orders_S003_20260603.json,ST010,S003,S003_O00404,FUTURE_TIMESTAMP,2026-06-03T17:42:56.835Z,,,,,,,,,,,,
20260603,C0358,2026-06-03T17:39:00.876080,O00406,Completed,2026-06-03T20:02:09.811Z,Cash,orders_S003_20260603.json,ST005,S003,S003_O00406,FUTURE_TIMESTAMP,2026-06-03T17:42:56.835Z,,,,,,,,,,,,
20260603,C0281,2026-06-03T17:39:00.876080,O00407,Completed,2026-06-03T19:05:00.811Z,Cash,orders_S003_20260603.json,ST014,S003,S003_O00407,FUTURE_TIMESTAMP,2026-06-03T17:42:56.835Z,,,,,,,,,,,,
20260603,C0026,2026-06-03T17:39:00.876080,O00408,Completed,2026-06-03T19:23:28.811Z,Crypto,orders_S003_20260603.json,ST014,S003,S003_O00408,INVALID_PAYMENT_MODE: Crypto,2026-06-03T17:42:56.835Z,,,,,,,,,,,,
20260603,C0060,2026-06-03T17:39:00.876080,O00409,Completed,2026-06-03T19:59:26.811Z,Cash,orders_S003_20260603.json,ST011,S003,S003_O00409,FUTURE_TIMESTAMP,2026-06-03T17:42:56.835Z,,,,,,,,,,,,
20260603,C0016,2026-06-03T17:39:00.876080,O00411,Completed,2026-06-03T19:01:17.811Z,UPI,orders_S003_20260603.json,ST003,S003,S003_O00411,FUTURE_TIMESTAMP,2026-06-03T17:42:56.835Z,,,,,,,,,,,,
20260603,C0023,2026-06-03T17:39:00.876080,O00412,Completed,2026-06-03T20:27:21.811Z,UPI,orders_S003_20260603.json,ST013,S003,S003_O00412,FUTURE_TIMESTAMP,2026-06-03T17:42:56.835Z,,,,,,,,,,,,
20260603,C0101,2026-06-03T17:39:00.876080,O00413,Completed,2026-06-03T20:17:42.811Z,UPI,orders_S003_20260603.json,ST005,S003,S003_O00413,FUTURE_TIMESTAMP,2026-06-03T17:42:56.835Z,,,,,,,,,,,,
20260603,C0393,2026-06-03T17:39:00.876080,O00414,Completed,2026-06-03T18:43:04.811Z,Cash,orders_S003_20260603.json,ST011,S003,S003_O00414,FUTURE_TIMESTAMP,2026-06-03T17:42:56.835Z,,,,,,,,,,,,
20260603,C0251,2026-06-03T17:39:00.876080,O00415,Completed,2026-06-03T19:43:10.811Z,UPI,orders_S003_20260603.json,ST002,S003,S003_O00415,FUTURE_TIMESTAMP,2026-06-03T17:42:56.835Z,,,,,,,,,,,,
20260603,C0068,2026-06-03T17:39:00.876080,O00416,Completed,2026-06-03T21:23:05.811Z,UPI,orders_S003_20260603.json,ST004,S003,S003_O00416,FUTURE_TIMESTAMP,2026-06-03T17:42:56.835Z,,,,,,,,,,,,
20260603,C0071,2026-06-03T17:39:00.876080,O00417,Completed,2026-06-03T18:07:28.811Z,Card,orders_S003_20260603.json,ST007,S003,S003_O00417,FUTURE_TIMESTAMP,2026-06-03T17:42:56.835Z,,,,,,,,,,,,
20260603,C0037,2026-06-03T17:39:00.876080,O00418,Completed,2026-06-03T18:44:12.811Z,UPI,orders_S003_20260603.json,ST009,S003,S003_O00418,FUTURE_TIMESTAMP,2026-06-03T17:42:56.835Z,,,,,,,,,,,,
20260603,C0322,2026-06-03T17:39:00.876080,O00419,Completed,2026-06-03T19:24:01.811Z,Cash,orders_S003_20260603.json,ST009,S003,S003_O00419,FUTURE_TIMESTAMP,2026-06-03T17:42:56.835Z,,,,,,,,,,,,
20260603,C0321,2026-06-03T17:39:00.876080,O00420,Completed,2026-06-03T20:51:05.811Z,Card,orders_S003_20260603.json,ST005,S003,S003_O00420,FUTURE_TIMESTAMP,2026-06-03T17:42:56.835Z,,,,,,,,,,,,
20260603,C0212,2026-06-03T17:39:00.876080,O00424,Completed,2026-06-03T17:55:14.811Z,UPI,orders_S003_20260603.json,ST005,S003,S003_O00424,FUTURE_TIMESTAMP,2026-06-03T17:42:56.835Z,,,,,,,,,,,,
20260603,C0179,2026-06-03T17:39:00.876080,O00425,Completed,2026-06-03T18:19:43.811Z,Cash,orders_S003_20260603.json,ST011,S003,S003_O00425,FUTURE_TIMESTAMP,2026-06-03T17:42:56.835Z,,,,,,,,,,,,
20260603,C0415,2026-06-03T17:39:00.876080,O00426,Completed,2026-06-03T19:16:58.811Z,Cash,orders_S003_20260603.json,ST007,S003,S003_O00426,FUTURE_TIMESTAMP,2026-06-03T17:42:56.835Z,,,,,,,,,,,,
20260603,C0243,2026-06-03T17:39:00.876080,O00430,Completed,2026-06-03T20:28:52.811Z,Cash,orders_S003_20260603.json,ST007,S003,S003_O00430,FUTURE_TIMESTAMP,2026-06-03T17:42:56.835Z,,,,,,,,,,,,
20260603,C0087,2026-06-03T17:39:00.876080,O00433,Completed,2026-06-03T17:50:09.811Z,UPI,orders_S003_20260603.json,ST012,S003,S003_O00433,FUTURE_TIMESTAMP,2026-06-03T17:42:56.835Z,,,,,,,,,,,,
20260603,C0121,2026-06-03T17:39:00.876080,O00436,Completed,2026-06-03T19:24:03.811Z,Cash,orders_S003_20260603.json,ST012,S003,S003_O00436,FUTURE_TIMESTAMP,2026-06-03T17:42:56.835Z,,,,,,,,,,,,
20260603,C0026,2026-06-03T17:39:00.876080,O00437,Completed,2026-06-03T20:01:59.811Z,UPI,orders_S003_20260603.json,ST001,S003,S003_O00437,FUTURE_TIMESTAMP,2026-06-03T17:42:56.835Z,,,,,,,,,,,,
20260603,C0323,2026-06-03T17:39:00.876080,O00439,Completed,2026-06-03T21:44:43.811Z,UPI,orders_S003_20260603.json,ST009,S003,S003_O00439,FUTURE_TIMESTAMP,2026-06-03T17:42:56.835Z,,,,,,,,,,,,
20260603,C0117,2026-06-03T17:39:00.876080,O00440,Completed,2026-06-03T20:26:24.811Z,Card,orders_S003_20260603.json,ST010,S003,S003_O00440,FUTURE_TIMESTAMP,2026-06-03T17:42:56.835Z,,,,,,,,,,,,
20260603,C0086,2026-06-03T17:39:00.876080,O00441,Completed,2026-06-03T19:00:10.811Z,UPI,orders_S003_20260603.json,ST011,S003,S003_O00441,FUTURE_TIMESTAMP,2026-06-03T17:42:56.835Z,,,,,,,,,,,,
20260603,C0057,2026-06-03T17:39:00.876080,O00442,Completed,2026-06-03T18:06:37.811Z,Cash,orders_S003_20260603.json,ST005,S003,S003_O00442,FUTURE_TIMESTAMP,2026-06-03T17:42:56.835Z,,,,,,,,,,,,
20260603,C0260,2026-06-03T17:39:00.876080,O00443,Completed,2026-06-03T21:01:02.811Z,Cash,orders_S003_20260603.json,ST002,S003,S003_O00443,FUTURE_TIMESTAMP,2026-06-03T17:42:56.835Z,,,,,,,,,,,,
20260603,C0071,2026-06-03T17:39:00.876080,O00444,Completed,2026-06-03T19:55:48.811Z,UPI,orders_S003_20260603.json,ST004,S003,S003_O00444,FUTURE_TIMESTAMP,2026-06-03T17:42:56.835Z,,,,,,,,,,,,
20260603,C0337,2026-06-03T17:39:00.876080,O00446,Completed,2026-06-03T18:36:06.811Z,UPI,orders_S003_20260603.json,ST008,S003,S003_O00446,FUTURE_TIMESTAMP,2026-06-03T17:42:56.835Z,,,,,,,,,,,,
20260603,C0378,2026-06-03T17:39:00.876080,O00447,Completed,2027-06-03T14:56:15.811Z,Cash,orders_S003_20260603.json,ST014,S003,S003_O00447,FUTURE_TIMESTAMP,2026-06-03T17:42:56.835Z,,,,,,,,,,,,
20260603,C0192,2026-06-03T17:39:00.876080,O00449,Completed,2026-06-03T19:12:38.811Z,UPI,orders_S003_20260603.json,ST009,S003,S003_O00449,FUTURE_TIMESTAMP,2026-06-03T17:42:56.835Z,,,,,,,,,,,,
20260603,,2026-06-03T17:39:00.876080,O00450,Completed,2026-06-03T18:23:34.811Z,UPI,orders_S003_20260603.json,ST011,S003,S003_O00450,MISSING_CUSTOMER_ID,2026-06-03T17:42:56.835Z,,,,,,,,,,,,
20260603,C0033,2026-06-03T17:39:00.876080,O00451,Completed,2026-06-03T21:58:20.811Z,UPI,orders_S003_20260603.json,ST010,S003,S003_O00451,FUTURE_TIMESTAMP,2026-06-03T17:42:56.835Z,,,,,,,,,,,,
20260603,C0377,2026-06-03T17:39:00.876080,O00452,Completed,2026-06-03T20:29:51.811Z,UPI,orders_S003_20260603.json,ST005,S003,S003_O00452,FUTURE_TIMESTAMP,2026-06-03T17:42:56.835Z,,,,,,,,,,,,
20260603,C0330,2026-06-03T17:39:00.876080,O00456,Completed,2026-06-03T20:53:09.811Z,Card,orders_S003_20260603.json,ST006,S003,S003_O00456,FUTURE_TIMESTAMP,2026-06-03T17:42:56.835Z,,,,,,,,,,,,
20260603,C0256,2026-06-03T17:39:00.876080,O00458,Completed,2026-06-03T20:17:56.811Z,Cash,orders_S003_20260603.json,ST003,S003,S003_O00458,FUTURE_TIMESTAMP,2026-06-03T17:42:56.835Z,,,,,,,,,,,,
20260603,C0271,2026-06-03T17:39:00.876080,O00464,Completed,2026-06-03T18:18:03.811Z,UPI,orders_S003_20260603.json,ST013,S003,S003_O00464,FUTURE_TIMESTAMP,2026-06-03T17:42:56.835Z,,,,,,,,,,,,
20260603,C0065,2026-06-03T17:39:00.876080,O00465,Completed,2026-06-03T19:12:48.811Z,UPI,orders_S003_20260603.json,ST005,S003,S003_O00465,FUTURE_TIMESTAMP,2026-06-03T17:42:56.835Z,,,,,,,,,,,,
20260603,C0411,2026-06-03T17:39:00.876080,O00466,Completed,2026-06-03T19:48:52.811Z,Card,orders_S003_20260603.json,ST004,S003,S003_O00466,FUTURE_TIMESTAMP,2026-06-03T17:42:56.835Z,,,,,,,,,,,,
20260603,C0071,2026-06-03T17:39:00.876080,O00468,Completed,2026-06-03T18:09:59.811Z,Cash,orders_S003_20260603.json,ST005,S003,S003_O00468,FUTURE_TIMESTAMP,2026-06-03T17:42:56.835Z,,,,,,,,,,,,
20260603,C0017,2026-06-03T17:39:00.876080,O00470,Completed,2026-06-03T20:18:21.811Z,UPI,orders_S003_20260603.json,ST005,S003,S003_O00470,FUTURE_TIMESTAMP,2026-06-03T17:42:56.835Z,,,,,,,,,,,,
20260603,C0052,2026-06-03T17:39:00.876080,O00471,Completed,2026-06-03T18:59:43.811Z,Cash,orders_S003_20260603.json,ST010,S003,S003_O00471,FUTURE_TIMESTAMP,2026-06-03T17:42:56.835Z,,,,,,,,,,,,
20260603,C0332,2026-06-03T17:39:00.876080,O00472,Completed,2026-06-03T20:33:45.811Z,Cash,orders_S003_20260603.json,ST003,S003,S003_O00472,FUTURE_TIMESTAMP,2026-06-03T17:42:56.835Z,,,,,,,,,,,,
20260603,C0037,2026-06-03T17:39:00.876080,O00474,Completed,2026-06-03T19:13:26.811Z,UPI,orders_S003_20260603.json,ST001,S003,S003_O00474,FUTURE_TIMESTAMP,2026-06-03T17:42:56.835Z,,,,,,,,,,,,
20260603,C0390,2026-06-03T17:39:00.876080,O00475,Completed,2026-06-03T19:11:21.811Z,Cash,orders_S003_20260603.json,ST015,S003,S003_O00475,FUTURE_TIMESTAMP,2026-06-03T17:42:56.835Z,,,,,,,,,,,,
20260603,C0242,2026-06-03T17:39:00.876080,O00476,Completed,2026-06-03T18:06:25.811Z,Card,orders_S003_20260603.json,ST002,S003,S003_O00476,FUTURE_TIMESTAMP,2026-06-03T17:42:56.835Z,,,,,,,,,,,,
20260603,C0169,2026-06-03T17:39:00.876080,O00478,Completed,2026-06-03T18:22:00.811Z,Cash,orders_S003_20260603.json,ST009,S003,S003_O00478,FUTURE_TIMESTAMP,2026-06-03T17:42:56.835Z,,,,,,,,,,,,
20260603,C0004,2026-06-03T17:39:00.876080,O00479,Completed,2026-06-03T19:07:19.811Z,Cash,orders_S003_20260603.json,ST013,S003,S003_O00479,FUTURE_TIMESTAMP,2026-06-03T17:42:56.835Z,,,,,,,,,,,,
20260603,C0468,2026-06-03T17:39:00.876080,O00480,Completed,2026-06-03T19:51:14.811Z,Cash,orders_S003_20260603.json,ST010,S003,S003_O00480,FUTURE_TIMESTAMP,2026-06-03T17:42:56.835Z,,,,,,,,,,,,
20260603,C0140,2026-06-03T17:39:00.876080,O00482,Completed,2026-06-03T21:44:52.811Z,Cash,orders_S003_20260603.json,ST001,S003,S003_O00482,FUTURE_TIMESTAMP,2026-06-03T17:42:56.835Z,,,,,,,,,,,,
20260603,C0334,2026-06-03T17:39:00.876080,O00483,Completed,2026-06-03T19:18:13.811Z,Card,orders_S003_20260603.json,ST008,S003,S003_O00483,FUTURE_TIMESTAMP,2026-06-03T17:42:56.835Z,,,,,,,,,,,,
20260603,C0003,2026-06-03T17:39:00.876080,O00485,Completed,2026-06-03T19:12:31.811Z,UPI,orders_S003_20260603.json,ST006,S003,S003_O00485,FUTURE_TIMESTAMP,2026-06-03T17:42:56.835Z,,,,,,,,,,,,
20260603,C0061,2026-06-03T17:39:00.876080,O00486,Completed,2026-06-03T18:51:44.811Z,Cash,orders_S003_20260603.json,ST012,S003,S003_O00486,FUTURE_TIMESTAMP,2026-06-03T17:42:56.835Z,,,,,,,,,,,,
20260603,C0085,2026-06-03T17:39:00.876080,O00489,Completed,2026-06-03T20:04:38.811Z,Cash,orders_S003_20260603.json,ST011,S003,S003_O00489,FUTURE_TIMESTAMP,2026-06-03T17:42:56.835Z,,,,,,,,,,,,
20260603,C0306,2026-06-03T17:39:00.876080,O00491,Completed,2026-06-03T19:30:03.811Z,Card,orders_S003_20260603.json,ST006,S003,S003_O00491,FUTURE_TIMESTAMP,2026-06-03T17:42:56.835Z,,,,,,,,,,,,
20260603,C0003,2026-06-03T17:39:00.876080,O00492,Completed,2026-06-03T19:30:29.811Z,Cash,orders_S003_20260603.json,ST012,S003,S003_O00492,FUTURE_TIMESTAMP,2026-06-03T17:42:56.835Z,,,,,,,,,,,,
20260603,C0139,2026-06-03T17:39:00.876080,O00493,Completed,2026-06-03T20:03:00.811Z,Card,orders_S003_20260603.json,ST002,S003,S003_O00493,FUTURE_TIMESTAMP,2026-06-03T17:42:56.835Z,,,,,,,,,,,,
20260603,C0368,2026-06-03T17:39:00.876080,O00495,Completed,2026-06-03T21:13:20.811Z,Cash,orders_S003_20260603.json,ST002,S003,S003_O00495,FUTURE_TIMESTAMP,2026-06-03T17:42:56.835Z,,,,,,,,,,,,
20260603,C0067,2026-06-03T17:39:00.876080,O00496,Completed,2026-06-03T18:36:41.811Z,UPI,orders_S003_20260603.json,ST014,S003,S003_O00496,FUTURE_TIMESTAMP,2026-06-03T17:42:56.835Z,,,,,,,,,,,,
20260603,C0322,2026-06-03T17:39:00.876080,O00497,Completed,2026-06-03T19:07:35.811Z,Crypto,orders_S003_20260603.json,ST004,S003,S003_O00497,INVALID_PAYMENT_MODE: Crypto,2026-06-03T17:42:56.835Z,,,,,,,,,,,,
20260603,C0328,2026-06-03T17:39:00.876080,O00498,Completed,2026-06-03T20:43:36.811Z,Cash,orders_S003_20260603.json,ST010,S003,S003_O00498,FUTURE_TIMESTAMP,2026-06-03T17:42:56.835Z,,,,,,,,,,,,
20260603,C0257,2026-06-03T17:39:00.876080,O00504,Completed,2026-06-03T20:34:17.811Z,UPI,orders_S003_20260603.json,ST002,S003,S003_O00504,FUTURE_TIMESTAMP,2026-06-03T17:42:56.835Z,,,,,,,,,,,,
20260603,C0046,2026-06-03T17:39:00.876080,O00506,Completed,2026-06-03T19:14:13.811Z,UPI,orders_S003_20260603.json,ST005,S003,S003_O00506,FUTURE_TIMESTAMP,2026-06-03T17:42:56.835Z,,,,,,,,,,,,
20260603,C0207,2026-06-03T17:39:00.876080,O00508,Completed,2026-06-03T19:06:02.811Z,Card,orders_S003_20260603.json,ST004,S003,S003_O00508,FUTURE_TIMESTAMP,2026-06-03T17:42:56.835Z,,,,,,,,,,,,
20260603,C0015,2026-06-03T17:39:00.876080,O00510,Completed,2026-06-03T18:28:42.811Z,UPI,orders_S003_20260603.json,ST012,S003,S003_O00510,FUTURE_TIMESTAMP,2026-06-03T17:42:56.835Z,,,,,,,,,,,,
20260603,C0084,2026-06-03T17:39:00.876080,O00511,Completed,2026-06-03T19:11:08.811Z,Cash,orders_S003_20260603.json,ST006,S003,S003_O00511,FUTURE_TIMESTAMP,2026-06-03T17:42:56.835Z,,,,,,,,,,,,
20260603,C0028,2026-06-03T17:39:00.876080,O00513,Completed,2026-06-03T19:31:31.811Z,Cash,orders_S003_20260603.json,ST012,S003,S003_O00513,FUTURE_TIMESTAMP,2026-06-03T17:42:56.835Z,,,,,,,,,,,,
20260603,C0073,2026-06-03T17:39:00.876080,O00514,Completed,2026-06-03T19:00:05.811Z,UPI,orders_S003_20260603.json,ST006,S003,S003_O00514,FUTURE_TIMESTAMP,2026-06-03T17:42:56.835Z,,,,,,,,,,,,
20260603,C0403,2026-06-03T17:39:00.876080,O00515,Completed,2026-06-03T18:13:57.811Z,UPI,orders_S003_20260603.json,ST015,S003,S003_O00515,FUTURE_TIMESTAMP,2026-06-03T17:42:56.835Z,,,,,,,,,,,,
20260603,C0038,2026-06-03T17:39:00.876080,O00516,Completed,2026-06-03T21:28:06.811Z,Cash,orders_S003_20260603.json,ST004,S003,S003_O00516,FUTURE_TIMESTAMP,2026-06-03T17:42:56.835Z,,,,,,,,,,,,
20260603,C0068,2026-06-03T17:39:00.876080,O00519,Completed,2026-06-03T18:48:10.811Z,Cash,orders_S003_20260603.json,ST014,S003,S003_O00519,FUTURE_TIMESTAMP,2026-06-03T17:42:56.835Z,,,,,,,,,,,,
20260603,C0247,2026-06-03T17:39:00.876080,O00520,Completed,2026-06-03T20:54:17.811Z,UPI,orders_S003_20260603.json,ST013,S003,S003_O00520,FUTURE_TIMESTAMP,2026-06-03T17:42:56.835Z,,,,,,,,,,,,
20260603,C0136,2026-06-03T17:39:00.876080,O00522,Completed,2026-06-03T20:24:47.811Z,Cash,orders_S003_20260603.json,ST012,S003,S003_O00522,FUTURE_TIMESTAMP,2026-06-03T17:42:56.835Z,,,,,,,,,,,,
20260603,C0464,2026-06-03T17:39:00.876080,O00525,Completed,2026-06-03T19:09:30.811Z,Cash,orders_S003_20260603.json,ST003,S003,S003_O00525,FUTURE_TIMESTAMP,2026-06-03T17:42:56.835Z,,,,,,,,,,,,
20260603,C0167,2026-06-03T17:39:00.876080,O00526,Completed,2026-06-03T21:23:39.811Z,Cash,orders_S003_20260603.json,ST008,S003,S003_O00526,FUTURE_TIMESTAMP,2026-06-03T17:42:56.835Z,,,,,,,,,,,,
20260603,C0070,2026-06-03T17:39:00.876080,O00527,Completed,2026-06-03T19:43:31.811Z,Card,orders_S003_20260603.json,ST001,S003,S003_O00527,FUTURE_TIMESTAMP,2026-06-03T17:42:56.835Z,,,,,,,,,,,,
20260603,C0137,2026-06-03T17:39:00.876080,O00528,Completed,2026-06-03T20:48:11.811Z,Cash,orders_S003_20260603.json,ST008,S003,S003_O00528,FUTURE_TIMESTAMP,2026-06-03T17:42:56.835Z,,,,,,,,,,,,
20260603,C0083,2026-06-03T17:39:00.876080,O00529,Completed,2026-06-03T18:06:44.811Z,UPI,orders_S003_20260603.json,ST008,S003,S003_O00529,FUTURE_TIMESTAMP,2026-06-03T17:42:56.835Z,,,,,,,,,,,,
20260603,C0007,2026-06-03T17:39:00.876080,O00530,Completed,2026-06-03T18:37:52.811Z,Cash,orders_S003_20260603.json,ST012,S003,S003_O00530,FUTURE_TIMESTAMP,2026-06-03T17:42:56.835Z,,,,,,,,,,,,
20260603,C0161,2026-06-03T17:39:00.876080,O00531,Completed,2026-06-03T20:39:19.811Z,Card,orders_S003_20260603.json,ST012,S003,S003_O00531,FUTURE_TIMESTAMP,2026-06-03T17:42:56.835Z,,,,,,,,,,,,
20260603,C0177,2026-06-03T17:39:00.876080,O00532,Completed,2026-06-03T18:26:04.811Z,Cash,orders_S003_20260603.json,ST005,S003,S003_O00532,FUTURE_TIMESTAMP,2026-06-03T17:42:56.835Z,,,,,,,,,,,,
20260603,C0040,2026-06-03T17:39:00.876080,O00533,Completed,2026-06-03T19:38:28.811Z,UPI,orders_S003_20260603.json,ST009,S003,S003_O00533,FUTURE_TIMESTAMP,2026-06-03T17:42:56.835Z,,,,,,,,,,,,
20260603,C0065,2026-06-03T17:39:00.876080,O00534,Completed,2026-06-03T20:33:34.811Z,Card,orders_S003_20260603.json,ST006,S003,S003_O00534,FUTURE_TIMESTAMP,2026-06-03T17:42:56.835Z,,,,,,,,,,,,
20260603,C0090,2026-06-03T17:39:00.876080,O00535,Completed,2026-06-03T19:20:55.811Z,Card,orders_S003_20260603.json,ST002,S003,S003_O00535,FUTURE_TIMESTAMP,2026-06-03T17:42:56.835Z,,,,,,,,,,,,
20260603,C0136,2026-06-03T17:39:00.876080,O00536,Completed,2026-06-03T18:22:01.811Z,UPI,orders_S003_20260603.json,ST005,S003,S003_O00536,FUTURE_TIMESTAMP,2026-06-03T17:42:56.835Z,,,,,,,,,,,,
20260603,C0088,2026-06-03T17:39:00.876080,O00538,Completed,2026-06-03T20:35:28.811Z,UPI,orders_S003_20260603.json,ST013,S003,S003_O00538,FUTURE_TIMESTAMP,2026-06-03T17:42:56.835Z,,,,,,,,,,,,
20260603,C0368,2026-06-03T17:39:00.876080,O00539,Completed,2026-06-03T19:32:59.811Z,Cash,orders_S003_20260603.json,ST002,S003,S003_O00539,FUTURE_TIMESTAMP,2026-06-03T17:42:56.835Z,,,,,,,,,,,,
20260603,C0086,2026-06-03T17:39:00.876080,O00540,Completed,2026-06-03T20:59:38.811Z,UPI,orders_S003_20260603.json,ST008,S003,S003_O00540,FUTURE_TIMESTAMP,2026-06-03T17:42:56.835Z,,,,,,,,,,,,
20260603,C0420,2026-06-03T17:39:00.876080,O00541,Completed,2026-06-03T18:30:34.811Z,UPI,orders_S003_20260603.json,ST002,S003,S003_O00541,FUTURE_TIMESTAMP,2026-06-03T17:42:56.835Z,,,,,,,,,,,,
20260603,C0164,2026-06-03T17:39:00.876080,O00542,Completed,2026-06-03T20:55:58.811Z,Card,orders_S003_20260603.json,ST004,S003,S003_O00542,FUTURE_TIMESTAMP,2026-06-03T17:42:56.835Z,,,,,,,,,,,,
20260603,C0309,2026-06-03T17:39:00.876080,O00544,Completed,2026-06-03T20:44:44.811Z,Card,orders_S003_20260603.json,ST011,S003,S003_O00544,FUTURE_TIMESTAMP,2026-06-03T17:42:56.835Z,,,,,,,,,,,,
20260603,C0331,2026-06-03T17:39:00.876080,O00547,Completed,2026-06-03T20:47:52.811Z,UPI,orders_S003_20260603.json,ST010,S003,S003_O00547,FUTURE_TIMESTAMP,2026-06-03T17:42:56.835Z,,,,,,,,,,,,
20260603,C0057,2026-06-03T17:39:00.876080,O00548,Completed,2026-06-03T18:39:53.811Z,Card,orders_S003_20260603.json,ST013,S003,S003_O00548,FUTURE_TIMESTAMP,2026-06-03T17:42:56.835Z,,,,,,,,,,,,
20260603,C0176,2026-06-03T17:39:00.876080,O00549,Completed,2026-06-03T21:10:10.811Z,Card,orders_S003_20260603.json,ST003,S003,S003_O00549,FUTURE_TIMESTAMP,2026-06-03T17:42:56.835Z,,,,,,,,,,,,
20260603,C0271,2026-06-03T17:39:00.876080,O00553,Completed,2026-06-03T19:58:05.811Z,Card,orders_S003_20260603.json,ST010,S003,S003_O00553,FUTURE_TIMESTAMP,2026-06-03T17:42:56.835Z,,,,,,,,,,,,
20260603,C0228,2026-06-03T17:39:00.876080,O00554,Completed,2026-06-03T19:56:26.811Z,UPI,orders_S003_20260603.json,ST001,S003,S003_O00554,FUTURE_TIMESTAMP,2026-06-03T17:42:56.835Z,,,,,,,,,,,,
20260603,C0420,2026-06-03T17:39:00.876080,O00556,Completed,2026-06-03T19:58:46.811Z,Card,orders_S003_20260603.json,ST005,S003,S003_O00556,FUTURE_TIMESTAMP,2026-06-03T17:42:56.835Z,,,,,,,,,,,,
20260603,C0057,2026-06-03T17:39:00.876080,O00557,Completed,2026-06-03T19:08:49.811Z,UPI,orders_S003_20260603.json,ST014,S003,S003_O00557,FUTURE_TIMESTAMP,2026-06-03T17:42:56.835Z,,,,,,,,,,,,
20260603,C0229,2026-06-03T17:39:00.876080,O00561,Completed,2026-06-03T20:22:01.811Z,Cash,orders_S003_20260603.json,ST007,S003,S003_O00561,FUTURE_TIMESTAMP,2026-06-03T17:42:56.835Z,,,,,,,,,,,,
20260603,C0031,2026-06-03T17:39:00.876080,O00562,Completed,2026-06-03T20:26:58.811Z,Cash,orders_S003_20260603.json,ST002,S003,S003_O00562,FUTURE_TIMESTAMP,2026-06-03T17:42:56.835Z,,,,,,,,,,,,
20260603,C0093,2026-06-03T17:39:00.876080,O00563,Completed,2026-06-03T18:45:09.811Z,Cash,orders_S003_20260603.json,ST006,S003,S003_O00563,FUTURE_TIMESTAMP,2026-06-03T17:42:56.835Z,,,,,,,,,,,,
20260603,C0253,2026-06-03T17:39:00.876080,O00564,Completed,2026-06-03T18:06:56.811Z,UPI,orders_S003_20260603.json,ST004,S003,S003_O00564,FUTURE_TIMESTAMP,2026-06-03T17:42:56.835Z,,,,,,,,,,,,
20260603,C0100,2026-06-03T17:39:00.876080,O00565,Completed,2026-06-03T18:35:42.811Z,Card,orders_S003_20260603.json,ST004,S003,S003_O00565,FUTURE_TIMESTAMP,2026-06-03T17:42:56.835Z,,,,,,,,,,,,
20260603,C0054,2026-06-03T17:39:00.876080,O00566,Completed,2027-06-03T18:53:45.811Z,UPI,orders_S003_20260603.json,ST008,S003,S003_O00566,FUTURE_TIMESTAMP,2026-06-03T17:42:56.835Z,,,,,,,,,,,,
20260603,C0034,2026-06-03T17:39:00.876080,O00567,Completed,2026-06-03T21:44:15.811Z,UPI,orders_S003_20260603.json,ST004,S003,S003_O00567,FUTURE_TIMESTAMP,2026-06-03T17:42:56.835Z,,,,,,,,,,,,
20260603,C0002,2026-06-03T17:39:00.876080,O00571,Completed,2026-06-03T18:41:06.811Z,UPI,orders_S003_20260603.json,ST014,S003,S003_O00571,FUTURE_TIMESTAMP,2026-06-03T17:42:56.835Z,,,,,,,,,,,,
20260603,C0050,2026-06-03T17:39:00.876080,O00572,Completed,2026-06-03T20:36:52.811Z,UPI,orders_S003_20260603.json,ST010,S003,S003_O00572,FUTURE_TIMESTAMP,2026-06-03T17:42:56.835Z,,,,,,,,,,,,
20260603,C0006,2026-06-03T17:39:00.876080,O00573,Completed,2027-06-03T17:06:33.811Z,UPI,orders_S003_20260603.json,ST006,S003,S003_O00573,FUTURE_TIMESTAMP,2026-06-03T17:42:56.835Z,,,,,,,,,,,,
20260603,C0329,2026-06-03T17:39:00.876080,O00574,Completed,2026-06-03T21:56:34.811Z,Cash,orders_S003_20260603.json,ST006,S003,S003_O00574,FUTURE_TIMESTAMP,2026-06-03T17:42:56.835Z,,,,,,,,,,,,
20260603,C0359,2026-06-03T17:39:00.876080,O00575,Completed,2026-06-03T20:52:35.811Z,UPI,orders_S003_20260603.json,ST015,S003,S003_O00575,FUTURE_TIMESTAMP,2026-06-03T17:42:56.835Z,,,,,,,,,,,,
20260603,C0356,2026-06-03T17:39:00.876080,O00576,Completed,2026-06-03T20:34:42.811Z,Cash,orders_S003_20260603.json,ST014,S003,S003_O00576,FUTURE_TIMESTAMP,2026-06-03T17:42:56.835Z,,,,,,,,,,,,
20260603,C0343,2026-06-03T17:39:00.876080,O00579,Completed,2026-06-03T19:16:23.811Z,Card,orders_S003_20260603.json,ST011,S003,S003_O00579,FUTURE_TIMESTAMP,2026-06-03T17:42:56.835Z,,,,,,,,,,,,
20260603,C0338,2026-06-03T17:39:00.876080,O00581,Completed,2026-06-03T18:21:32.811Z,UPI,orders_S003_20260603.json,ST007,S003,S003_O00581,FUTURE_TIMESTAMP,2026-06-03T17:42:56.835Z,,,,,,,,,,,,
20260603,C0375,2026-06-03T17:39:00.876080,O00585,Completed,2026-06-03T21:16:08.811Z,UPI,orders_S003_20260603.json,ST015,S003,S003_O00585,FUTURE_TIMESTAMP,2026-06-03T17:42:56.835Z,,,,,,,,,,,,
20260603,C0101,2026-06-03T17:39:00.876080,O00586,Completed,2026-06-03T19:20:06.811Z,Cash,orders_S003_20260603.json,ST011,S003,S003_O00586,FUTURE_TIMESTAMP,2026-06-03T17:42:56.835Z,,,,,,,,,,,,
20260603,C0318,2026-06-03T17:39:00.876080,O00588,Completed,2026-06-03T18:08:16.811Z,UPI,orders_S003_20260603.json,ST012,S003,S003_O00588,FUTURE_TIMESTAMP,2026-06-03T17:42:56.835Z,,,,,,,,,,,,
20260603,C0435,2026-06-03T17:39:00.876080,O00589,Completed,2026-06-03T19:20:30.811Z,UPI,orders_S003_20260603.json,ST006,S003,S003_O00589,FUTURE_TIMESTAMP,2026-06-03T17:42:56.835Z,,,,,,,,,,,,
20260603,C0023,2026-06-03T17:39:00.876080,O00591,Completed,2026-06-03T21:45:36.811Z,Cash,orders_S003_20260603.json,ST001,S003,S003_O00591,FUTURE_TIMESTAMP,2026-06-03T17:42:56.835Z,,,,,,,,,,,,
20260603,C0303,2026-06-03T17:39:00.876080,O00594,Completed,2026-06-03T21:56:02.811Z,Cash,orders_S003_20260603.json,ST001,S003,S003_O00594,FUTURE_TIMESTAMP,2026-06-03T17:42:56.835Z,,,,,,,,,,,,
20260603,C0177,2026-06-03T17:39:00.876080,O00596,Completed,2026-06-03T20:21:55.811Z,UPI,orders_S003_20260603.json,ST011,S003,S003_O00596,FUTURE_TIMESTAMP,2026-06-03T17:42:56.835Z,,,,,,,,,,,,
20260603,C0442,2026-06-03T17:39:00.876080,O00597,Completed,2026-06-03T19:51:59.811Z,Card,orders_S003_20260603.json,ST011,S003,S003_O00597,FUTURE_TIMESTAMP,2026-06-03T17:42:56.835Z,,,,,,,,,,,,
20260603,C0256,2026-06-03T17:39:00.876080,O00598,Completed,2026-06-03T20:40:58.811Z,Card,orders_S003_20260603.json,ST002,S003,S003_O00598,FUTURE_TIMESTAMP,2026-06-03T17:42:56.835Z,,,,,,,,,,,,
20260603,C0167,2026-06-03T17:39:00.876080,O00599,Completed,2026-06-03T20:01:43.811Z,Cash,orders_S003_20260603.json,ST005,S003,S003_O00599,FUTURE_TIMESTAMP,2026-06-03T17:42:56.835Z,,,,,,,,,,,,
20260603,C0023,2026-06-03T17:39:00.876080,O00603,Completed,2026-06-03T21:18:29.811Z,Cash,orders_S003_20260603.json,ST015,S003,S003_O00603,FUTURE_TIMESTAMP,2026-06-03T17:42:56.835Z,,,,,,,,,,,,
20260603,C0171,2026-06-03T17:39:00.876080,O00604,Completed,2026-06-03T18:54:25.811Z,UPI,orders_S003_20260603.json,ST014,S003,S003_O00604,FUTURE_TIMESTAMP,2026-06-03T17:42:56.835Z,,,,,,,,,,,,
20260603,C0364,2026-06-03T17:39:00.876080,O00606,Completed,2026-06-03T18:00:33.811Z,UPI,orders_S003_20260603.json,ST005,S003,S003_O00606,FUTURE_TIMESTAMP,2026-06-03T17:42:56.835Z,,,,,,,,,,,,
20260603,C0448,2026-06-03T17:39:00.876080,O00607,Completed,2026-06-03T19:51:43.811Z,Card,orders_S003_20260603.json,ST012,S003,S003_O00607,FUTURE_TIMESTAMP,2026-06-03T17:42:56.835Z,,,,,,,,,,,,
20260603,C0363,2026-06-03T17:39:00.876080,O00608,Completed,2026-06-03T19:14:32.811Z,UPI,orders_S003_20260603.json,ST015,S003,S003_O00608,FUTURE_TIMESTAMP,2026-06-03T17:42:56.835Z,,,,,,,,,,,,
20260603,C0062,2026-06-03T17:39:00.876080,O00610,Completed,2026-06-03T19:25:29.811Z,UPI,orders_S003_20260603.json,ST008,S003,S003_O00610,FUTURE_TIMESTAMP,2026-06-03T17:42:56.835Z,,,,,,,,,,,,
20260603,C0383,2026-06-03T17:39:00.876080,O00612,Completed,2026-06-03T19:58:25.811Z,Cash,orders_S003_20260603.json,ST004,S003,S003_O00612,FUTURE_TIMESTAMP,2026-06-03T17:42:56.835Z,,,,,,,,,,,,
20260603,C0028,2026-06-03T17:39:00.876080,O00615,Completed,2026-06-03T19:00:47.811Z,Cash,orders_S003_20260603.json,ST004,S003,S003_O00615,FUTURE_TIMESTAMP,2026-06-03T17:42:56.835Z,,,,,,,,,,,,
20260603,C0415,2026-06-03T17:39:00.876080,O00616,Completed,2026-06-03T17:51:17.811Z,Card,orders_S003_20260603.json,ST014,S003,S003_O00616,FUTURE_TIMESTAMP,2026-06-03T17:42:56.835Z,,,,,,,,,,,,
20260603,C0012,2026-06-03T17:39:00.876080,O00617,Completed,2026-06-03T20:45:20.811Z,Card,orders_S003_20260603.json,ST003,S003,S003_O00617,FUTURE_TIMESTAMP,2026-06-03T17:42:56.835Z,,,,,,,,,,,,
20260603,,2026-06-03T17:39:00.876080,O00619,Completed,2026-06-03T20:18:54.811Z,UPI,orders_S003_20260603.json,ST009,S003,S003_O00619,MISSING_CUSTOMER_ID,2026-06-03T17:42:56.835Z,,,,,,,,,,,,
20260603,C0271,2026-06-03T17:39:00.876080,O00621,Completed,2026-06-03T18:04:27.811Z,UPI,orders_S003_20260603.json,ST009,S003,S003_O00621,FUTURE_TIMESTAMP,2026-06-03T17:42:56.835Z,,,,,,,,,,,,
20260603,C0036,2026-06-03T17:39:00.876080,O00622,Completed,2026-06-03T20:51:43.811Z,Cash,orders_S003_20260603.json,ST007,S003,S003_O00622,FUTURE_TIMESTAMP,2026-06-03T17:42:56.835Z,,,,,,,,,,,,
20260603,C0050,2026-06-03T17:39:00.876080,O00623,Completed,2026-06-03T18:04:04.811Z,UPI,orders_S003_20260603.json,ST013,S003,S003_O00623,FUTURE_TIMESTAMP,2026-06-03T17:42:56.835Z,,,,,,,,,,,,
20260603,C0078,2026-06-03T17:39:00.876080,O00626,Completed,2026-06-03T20:29:08.811Z,Card,orders_S003_20260603.json,ST010,S003,S003_O00626,FUTURE_TIMESTAMP,2026-06-03T17:42:56.835Z,,,,,,,,,,,,
20260603,C0024,2026-06-03T17:39:00.876080,O00628,Completed,2026-06-03T19:19:50.811Z,UPI,orders_S003_20260603.json,ST014,S003,S003_O00628,FUTURE_TIMESTAMP,2026-06-03T17:42:56.835Z,,,,,,,,,,,,
20260603,C0349,2026-06-03T17:39:00.876080,O00632,Completed,2026-06-03T21:03:19.811Z,Cash,orders_S003_20260603.json,ST002,S003,S003_O00632,FUTURE_TIMESTAMP,2026-06-03T17:42:56.835Z,,,,,,,,,,,,
20260603,C0379,2026-06-03T17:39:00.876080,O00633,Completed,2026-06-03T20:14:31.811Z,Card,orders_S003_20260603.json,ST015,S003,S003_O00633,FUTURE_TIMESTAMP,2026-06-03T17:42:56.835Z,,,,,,,,,,,,
20260603,C0276,2026-06-03T17:39:00.876080,O00635,Completed,2026-06-03T21:11:05.811Z,Card,orders_S003_20260603.json,ST003,S003,S003_O00635,FUTURE_TIMESTAMP,2026-06-03T17:42:56.835Z,,,,,,,,,,,,
20260603,C0391,2026-06-03T17:39:00.876080,O00637,Completed,2026-06-03T18:16:26.811Z,UPI,orders_S003_20260603.json,ST001,S003,S003_O00637,FUTURE_TIMESTAMP,2026-06-03T17:42:56.835Z,,,,,,,,,,,,
20260603,C0086,2026-06-03T17:39:00.876080,O00639,Completed,2026-06-03T20:10:01.811Z,UPI,orders_S003_20260603.json,ST006,S003,S003_O00639,FUTURE_TIMESTAMP,2026-06-03T17:42:56.835Z,,,,,,,,,,,,
20260603,C0321,2026-06-03T17:39:00.876080,O00640,Completed,2026-06-03T21:36:51.811Z,UPI,orders_S003_20260603.json,ST006,S003,S003_O00640,FUTURE_TIMESTAMP,2026-06-03T17:42:56.835Z,,,,,,,,,,,,
20260603,C0275,2026-06-03T17:39:00.876080,O00642,Completed,2026-06-03T20:58:48.811Z,Card,orders_S003_20260603.json,ST011,S003,S003_O00642,FUTURE_TIMESTAMP,2026-06-03T17:42:56.835Z,,,,,,,,,,,,
20260603,C0172,2026-06-03T17:39:00.876080,O00643,Completed,2026-06-03T19:40:22.811Z,UPI,orders_S003_20260603.json,ST011,S003,S003_O00643,FUTURE_TIMESTAMP,2026-06-03T17:42:56.835Z,,,,,,,,,,,,
20260603,C0060,2026-06-03T17:39:00.876080,O00644,Completed,2026-06-03T18:30:43.811Z,UPI,orders_S003_20260603.json,ST011,S003,S003_O00644,FUTURE_TIMESTAMP,2026-06-03T17:42:56.835Z,,,,,,,,,,,,
20260603,C0346,2026-06-03T17:39:00.876080,O00645,Completed,2026-06-03T18:37:14.811Z,Cash,orders_S003_20260603.json,ST002,S003,S003_O00645,FUTURE_TIMESTAMP,2026-06-03T17:42:56.835Z,,,,,,,,,,,,
20260603,C0060,2026-06-03T17:39:00.876080,O00646,Completed,2026-06-03T20:06:05.811Z,UPI,orders_S003_20260603.json,ST006,S003,S003_O00646,FUTURE_TIMESTAMP,2026-06-03T17:42:56.835Z,,,,,,,,,,,,
20260603,C0135,2026-06-03T17:39:00.876080,O00647,Completed,2026-06-03T19:55:02.811Z,UPI,orders_S003_20260603.json,ST003,S003,S003_O00647,FUTURE_TIMESTAMP,2026-06-03T17:42:56.835Z,,,,,,,,,,,,
20260603,C0274,2026-06-03T17:39:00.876080,O00650,Completed,2026-06-03T21:09:58.811Z,UPI,orders_S003_20260603.json,ST011,S003,S003_O00650,FUTURE_TIMESTAMP,2026-06-03T17:42:56.835Z,,,,,,,,,,,,
20260603,C0058,2026-06-03T17:39:00.876080,O00651,Completed,2026-06-03T18:18:52.811Z,UPI,orders_S003_20260603.json,ST015,S003,S003_O00651,FUTURE_TIMESTAMP,2026-06-03T17:42:56.835Z,,,,,,,,,,,,
20260603,C0359,2026-06-03T17:39:00.876080,O00652,Completed,2026-06-03T20:04:02.811Z,Cash,orders_S003_20260603.json,ST015,S003,S003_O00652,FUTURE_TIMESTAMP,2026-06-03T17:42:56.835Z,,,,,,,,,,,,
20260603,C0040,2026-06-03T17:39:00.876080,O00656,Completed,2026-06-03T18:25:14.811Z,UPI,orders_S003_20260603.json,ST013,S003,S003_O00656,FUTURE_TIMESTAMP,2026-06-03T17:42:56.835Z,,,,,,,,,,,,
20260603,C0142,2026-06-03T17:39:00.876080,O00657,Completed,2026-06-03T20:56:56.811Z,UPI,orders_S003_20260603.json,ST001,S003,S003_O00657,FUTURE_TIMESTAMP,2026-06-03T17:42:56.835Z,,,,,,,,,,,,
20260603,C0015,2026-06-03T17:39:00.876080,O00659,Completed,2026-06-03T21:04:39.811Z,Card,orders_S003_20260603.json,ST011,S003,S003_O00659,FUTURE_TIMESTAMP,2026-06-03T17:42:56.835Z,,,,,,,,,,,,
20260603,C0050,2026-06-03T17:39:00.876080,O00662,Completed,2026-06-03T19:32:15.811Z,Cash,orders_S003_20260603.json,ST013,S003,S003_O00662,FUTURE_TIMESTAMP,2026-06-03T17:42:56.835Z,,,,,,,,,,,,
20260603,C0225,2026-06-03T17:39:00.876080,O00664,Completed,2026-06-03T20:48:16.811Z,UPI,orders_S003_20260603.json,ST001,S003,S003_O00664,FUTURE_TIMESTAMP,2026-06-03T17:42:56.835Z,,,,,,,,,,,,
20260603,C0088,2026-06-03T17:39:00.876080,O00665,Completed,2026-06-03T20:13:04.811Z,UPI,orders_S003_20260603.json,ST013,S003,S003_O00665,FUTURE_TIMESTAMP,2026-06-03T17:42:56.835Z,,,,,,,,,,,,
20260603,C0229,2026-06-03T17:39:00.876080,O00666,Completed,2027-06-03T20:43:23.811Z,Cash,orders_S003_20260603.json,ST003,S003,S003_O00666,FUTURE_TIMESTAMP,2026-06-03T17:42:56.835Z,,,,,,,,,,,,
20260603,C0069,2026-06-03T17:39:00.876080,O00667,Completed,2026-06-03T21:58:09.811Z,Cash,orders_S003_20260603.json,ST015,S003,S003_O00667,FUTURE_TIMESTAMP,2026-06-03T17:42:56.835Z,,,,,,,,,,,,
20260603,C0223,2026-06-03T17:39:00.876080,O00668,Completed,2026-06-03T19:48:35.811Z,Cash,orders_S003_20260603.json,ST004,S003,S003_O00668,FUTURE_TIMESTAMP,2026-06-03T17:42:56.835Z,,,,,,,,,,,,
20260603,C0291,2026-06-03T17:39:00.876080,O00669,Completed,2026-06-03T20:40:51.811Z,UPI,orders_S003_20260603.json,ST006,S003,S003_O00669,FUTURE_TIMESTAMP,2026-06-03T17:42:56.835Z,,,,,,,,,,,,
20260603,C0060,2026-06-03T17:39:00.876080,O00672,Completed,2026-06-03T19:52:34.811Z,Cash,orders_S003_20260603.json,ST013,S003,S003_O00672,FUTURE_TIMESTAMP,2026-06-03T17:42:56.835Z,,,,,,,,,,,,
20260603,C0002,2026-06-03T17:39:00.876080,O00673,Completed,2026-06-03T18:49:44.811Z,Card,orders_S003_20260603.json,ST012,S003,S003_O00673,FUTURE_TIMESTAMP,2026-06-03T17:42:56.835Z,,,,,,,,,,,,
20260603,C0013,2026-06-03T17:39:00.876080,O00674,Completed,2026-06-03T18:57:54.811Z,Card,orders_S003_20260603.json,ST008,S003,S003_O00674,FUTURE_TIMESTAMP,2026-06-03T17:42:56.835Z,,,,,,,,,,,,
20260603,C0083,2026-06-03T17:39:00.876080,O00675,Completed,2026-06-03T19:58:20.811Z,UPI,orders_S003_20260603.json,ST010,S003,S003_O00675,FUTURE_TIMESTAMP,2026-06-03T17:42:56.835Z,,,,,,,,,,,,
20260603,C0024,2026-06-03T17:39:00.876080,O00677,Completed,2026-06-03T18:15:40.811Z,Crypto,orders_S003_20260603.json,ST001,S003,S003_O00677,INVALID_PAYMENT_MODE: Crypto,2026-06-03T17:42:56.835Z,,,,,,,,,,,,
20260603,C0074,2026-06-03T17:39:00.876080,O00678,Completed,2026-06-03T20:13:45.811Z,UPI,orders_S003_20260603.json,ST006,S003,S003_O00678,FUTURE_TIMESTAMP,2026-06-03T17:42:56.835Z,,,,,,,,,,,,
20260603,C0114,2026-06-03T17:39:00.876080,O00679,Completed,2026-06-03T20:45:22.811Z,UPI,orders_S003_20260603.json,ST007,S003,S003_O00679,FUTURE_TIMESTAMP,2026-06-03T17:42:56.835Z,,,,,,,,,,,,
20260603,C0051,2026-06-03T17:39:00.876080,O00680,Completed,2026-06-03T18:42:31.811Z,UPI,orders_S003_20260603.json,ST012,S003,S003_O00680,FUTURE_TIMESTAMP,2026-06-03T17:42:56.835Z,,,,,,,,,,,,
20260603,C0097,2026-06-03T17:39:00.876080,O00686,Completed,2026-06-03T20:50:28.811Z,Cash,orders_S003_20260603.json,ST003,S003,S003_O00686,FUTURE_TIMESTAMP,2026-06-03T17:42:56.835Z,,,,,,,,,,,,
20260603,C0292,2026-06-03T17:39:00.876080,O00688,Completed,2026-06-03T21:09:38.811Z,UPI,orders_S003_20260603.json,ST015,S003,S003_O00688,FUTURE_TIMESTAMP,2026-06-03T17:42:56.835Z,,,,,,,,,,,,
20260603,C0054,2026-06-03T17:39:00.876080,O00689,Completed,2026-06-03T19:43:36.811Z,Card,orders_S003_20260603.json,ST005,S003,S003_O00689,FUTURE_TIMESTAMP,2026-06-03T17:42:56.835Z,,,,,,,,,,,,
20260603,C0217,2026-06-03T17:39:00.876080,O00690,Completed,2026-06-03T19:16:53.811Z,Cash,orders_S003_20260603.json,ST005,S003,S003_O00690,FUTURE_TIMESTAMP,2026-06-03T17:42:56.835Z,,,,,,,,,,,,
20260603,C0300,2026-06-03T17:39:00.876080,O00691,Completed,2026-06-03T18:36:14.811Z,Cash,orders_S003_20260603.json,ST001,S003,S003_O00691,FUTURE_TIMESTAMP,2026-06-03T17:42:56.835Z,,,,,,,,,,,,
20260603,C0427,2026-06-03T17:39:00.876080,O00692,Completed,2026-06-03T19:34:45.811Z,UPI,orders_S003_20260603.json,ST001,S003,S003_O00692,FUTURE_TIMESTAMP,2026-06-03T17:42:56.835Z,,,,,,,,,,,,
20260603,C0238,2026-06-03T17:39:00.876080,O00694,Completed,2026-06-03T20:42:51.811Z,Cash,orders_S003_20260603.json,ST003,S003,S003_O00694,FUTURE_TIMESTAMP,2026-06-03T17:42:56.835Z,,,,,,,,,,,,
20260603,C0446,2026-06-03T17:39:00.876080,O00698,Completed,2026-06-03T18:37:33.811Z,UPI,orders_S003_20260603.json,ST013,S003,S003_O00698,FUTURE_TIMESTAMP,2026-06-03T17:42:56.835Z,,,,,,,,,,,,
20260603,C0233,2026-06-03T17:39:00.876080,O00703,Completed,2026-06-03T20:59:07.811Z,Cash,orders_S003_20260603.json,ST003,S003,S003_O00703,FUTURE_TIMESTAMP,2026-06-03T17:42:56.835Z,,,,,,,,,,,,
20260603,C0121,2026-06-03T17:39:00.876080,O00708,Completed,2026-06-03T19:24:34.811Z,Cash,orders_S003_20260603.json,ST014,S003,S003_O00708,FUTURE_TIMESTAMP,2026-06-03T17:42:56.835Z,,,,,,,,,,,,
20260603,C0086,2026-06-03T17:39:00.876080,O00709,Completed,2026-06-03T21:16:33.811Z,Card,orders_S003_20260603.json,ST012,S003,S003_O00709,FUTURE_TIMESTAMP,2026-06-03T17:42:56.835Z,,,,,,,,,,,,
20260603,C0038,2026-06-03T17:39:00.876080,O00710,Completed,2026-06-03T19:15:13.811Z,Card,orders_S003_20260603.json,ST008,S003,S003_O00710,FUTURE_TIMESTAMP,2026-06-03T17:42:56.835Z,,,,,,,,,,,,
20260603,C0308,2026-06-03T17:39:00.876080,O00711,Completed,2026-06-03T20:37:17.811Z,Card,orders_S003_20260603.json,ST012,S003,S003_O00711,FUTURE_TIMESTAMP,2026-06-03T17:42:56.835Z,,,,,,,,,,,,
20260603,C0332,2026-06-03T17:39:00.876080,O00712,Completed,2026-06-03T20:33:13.811Z,Card,orders_S003_20260603.json,ST004,S003,S003_O00712,FUTURE_TIMESTAMP,2026-06-03T17:42:56.835Z,,,,,,,,,,,,
20260603,C0022,2026-06-03T17:39:00.876080,O00713,Completed,2026-06-03T20:37:22.811Z,Card,orders_S003_20260603.json,ST013,S003,S003_O00713,FUTURE_TIMESTAMP,2026-06-03T17:42:56.835Z,,,,,,,,,,,,
20260603,,2026-06-03T17:39:00.876080,O00714,Completed,2026-06-03T14:39:57.811Z,Card,orders_S003_20260603.json,ST012,S003,S003_O00714,MISSING_CUSTOMER_ID,2026-06-03T17:42:56.835Z,,,,,,,,,,,,
20260603,C0001,2026-06-03T17:39:00.876080,O00715,Completed,2026-06-03T21:01:34.811Z,UPI,orders_S003_20260603.json,ST014,S003,S003_O00715,FUTURE_TIMESTAMP,2026-06-03T17:42:56.835Z,,,,,,,,,,,,
20260603,C0422,2026-06-03T17:39:00.876080,O00716,Completed,2026-06-03T19:37:32.811Z,UPI,orders_S003_20260603.json,ST003,S003,S003_O00716,FUTURE_TIMESTAMP,2026-06-03T17:42:56.835Z,,,,,,,,,,,,
20260603,C0208,2026-06-03T17:39:00.876080,O00718,Completed,2026-06-03T21:37:45.811Z,Card,orders_S003_20260603.json,ST005,S003,S003_O00718,FUTURE_TIMESTAMP,2026-06-03T17:42:56.835Z,,,,,,,,,,,,
20260603,C0185,2026-06-03T17:39:00.876080,O00720,Completed,2026-06-03T21:35:53.811Z,UPI,orders_S003_20260603.json,ST010,S003,S003_O00720,FUTURE_TIMESTAMP,2026-06-03T17:42:56.835Z,,,,,,,,,,,,
20260603,C0406,2026-06-03T17:39:00.876080,O00721,Completed,2026-06-03T20:28:20.811Z,Cash,orders_S003_20260603.json,ST014,S003,S003_O00721,FUTURE_TIMESTAMP,2026-06-03T17:42:56.835Z,,,,,,,,,,,,
20260603,C0029,2026-06-03T17:39:00.876080,O00722,Completed,2026-06-03T19:58:56.811Z,Crypto,orders_S003_20260603.json,ST002,S003,S003_O00722,INVALID_PAYMENT_MODE: Crypto,2026-06-03T17:42:56.835Z,,,,,,,,,,,,
20260603,C0002,2026-06-03T17:39:00.876080,O00724,Completed,2026-06-03T21:55:28.811Z,Card,orders_S003_20260603.json,ST003,S003,S003_O00724,FUTURE_TIMESTAMP,2026-06-03T17:42:56.835Z,,,,,,,,,,,,
20260603,C0076,2026-06-03T17:39:00.876080,O00726,Completed,2026-06-03T19:35:07.811Z,UPI,orders_S003_20260603.json,ST013,S003,S003_O00726,FUTURE_TIMESTAMP,2026-06-03T17:42:56.835Z,,,,,,,,,,,,
20260603,C0242,2026-06-03T17:39:00.876080,O00727,Completed,2026-06-03T19:46:42.811Z,Cash,orders_S003_20260603.json,ST009,S003,S003_O00727,FUTURE_TIMESTAMP,2026-06-03T17:42:56.835Z,,,,,,,,,,,,
20260603,C0097,2026-06-03T17:39:00.876080,O00728,Completed,2026-06-03T20:09:45.811Z,Cash,orders_S003_20260603.json,ST014,S003,S003_O00728,FUTURE_TIMESTAMP,2026-06-03T17:42:56.835Z,,,,,,,,,,,,
20260603,C0467,2026-06-03T17:39:00.876080,O00729,Completed,2026-06-03T19:36:19.811Z,UPI,orders_S003_20260603.json,ST002,S003,S003_O00729,FUTURE_TIMESTAMP,2026-06-03T17:42:56.835Z,,,,,,,,,,,,
20260603,C0047,2026-06-03T17:39:00.876080,O00730,Completed,2026-06-03T19:18:39.811Z,UPI,orders_S003_20260603.json,ST003,S003,S003_O00730,FUTURE_TIMESTAMP,2026-06-03T17:42:56.835Z,,,,,,,,,,,,
20260603,C0048,2026-06-03T17:39:00.876080,O00732,Completed,2026-06-03T19:03:36.811Z,Cash,orders_S003_20260603.json,ST014,S003,S003_O00732,FUTURE_TIMESTAMP,2026-06-03T17:42:56.835Z,,,,,,,,,,,,
20260603,C0095,2026-06-03T17:39:00.876080,O00733,Completed,2026-06-03T17:56:58.811Z,UPI,orders_S003_20260603.json,ST010,S003,S003_O00733,FUTURE_TIMESTAMP,2026-06-03T17:42:56.835Z,,,,,,,,,,,,
20260603,C0372,2026-06-03T17:39:00.876080,O00734,Completed,2026-06-03T20:51:25.811Z,Card,orders_S003_20260603.json,ST004,S003,S003_O00734,FUTURE_TIMESTAMP,2026-06-03T17:42:56.835Z,,,,,,,,,,,,
20260603,C0380,2026-06-03T17:39:00.876080,O00736,Completed,2026-06-03T20:09:07.811Z,Card,orders_S003_20260603.json,ST003,S003,S003_O00736,FUTURE_TIMESTAMP,2026-06-03T17:42:56.835Z,,,,,,,,,,,,
20260603,C0052,2026-06-03T17:39:00.876080,O00737,Completed,2026-06-03T21:44:08.811Z,Cash,orders_S003_20260603.json,ST014,S003,S003_O00737,FUTURE_TIMESTAMP,2026-06-03T17:42:56.835Z,,,,,,,,,,,,
20260603,C0434,2026-06-03T17:39:00.876080,O00742,Completed,2026-06-03T13:12:41.811Z,Crypto,orders_S003_20260603.json,ST008,S003,S003_O00742,INVALID_PAYMENT_MODE: Crypto,2026-06-03T17:42:56.835Z,,,,,,,,,,,,
20260603,C0421,2026-06-03T17:39:00.876080,O00743,Completed,2026-06-03T19:59:55.811Z,Card,orders_S003_20260603.json,ST008,S003,S003_O00743,FUTURE_TIMESTAMP,2026-06-03T17:42:56.835Z,,,,,,,,,,,,
20260603,C0032,2026-06-03T17:39:00.876080,O00744,Completed,2026-06-03T19:51:39.811Z,UPI,orders_S003_20260603.json,ST013,S003,S003_O00744,FUTURE_TIMESTAMP,2026-06-03T17:42:56.835Z,,,,,,,,,,,,
20260603,C0185,2026-06-03T17:39:00.876080,O00745,Completed,2026-06-03T20:32:49.811Z,Cash,orders_S003_20260603.json,ST015,S003,S003_O00745,FUTURE_TIMESTAMP,2026-06-03T17:42:56.835Z,,,,,,,,,,,,
20260603,C0115,2026-06-03T17:39:00.876080,O00748,Completed,2026-06-03T21:00:19.811Z,UPI,orders_S003_20260603.json,ST002,S003,S003_O00748,FUTURE_TIMESTAMP,2026-06-03T17:42:56.835Z,,,,,,,,,,,,
20260603,C0213,2026-06-03T17:39:00.876080,O00750,Completed,2026-06-03T18:55:10.811Z,UPI,orders_S003_20260603.json,ST013,S003,S003_O00750,FUTURE_TIMESTAMP,2026-06-03T17:42:56.835Z,,,,,,,,,,,,
20260603,C0331,2026-06-03T17:39:00.876080,O00752,Completed,2026-06-03T19:43:02.811Z,Card,orders_S003_20260603.json,ST009,S003,S003_O00752,FUTURE_TIMESTAMP,2026-06-03T17:42:56.835Z,,,,,,,,,,,,
20260603,C0310,2026-06-03T17:39:00.876080,O00753,Completed,2026-06-03T18:20:00.811Z,Card,orders_S003_20260603.json,ST011,S003,S003_O00753,FUTURE_TIMESTAMP,2026-06-03T17:42:56.835Z,,,,,,,,,,,,
20260603,C0297,2026-06-03T17:39:00.876080,O00754,Completed,2026-06-03T19:38:10.811Z,UPI,orders_S003_20260603.json,ST011,S003,S003_O00754,FUTURE_TIMESTAMP,2026-06-03T17:42:56.835Z,,,,,,,,,,,,
20260603,C0035,2026-06-03T17:39:00.876080,O00755,Completed,2026-06-03T20:10:29.811Z,UPI,orders_S003_20260603.json,ST015,S003,S003_O00755,FUTURE_TIMESTAMP,2026-06-03T17:42:56.835Z,,,,,,,,,,,,
20260603,C0054,2026-06-03T17:39:00.876080,O00756,Completed,2026-06-03T21:14:53.811Z,UPI,orders_S003_20260603.json,ST015,S003,S003_O00756,FUTURE_TIMESTAMP,2026-06-03T17:42:56.835Z,,,,,,,,,,,,
20260603,C0127,2026-06-03T17:39:00.876080,O00757,Completed,2026-06-03T19:54:19.811Z,Cash,orders_S003_20260603.json,ST004,S003,S003_O00757,FUTURE_TIMESTAMP,2026-06-03T17:42:56.835Z,,,,,,,,,,,,
20260603,C0288,2026-06-03T17:39:00.876080,O00758,Completed,2026-06-03T21:42:35.811Z,Cash,orders_S003_20260603.json,ST008,S003,S003_O00758,FUTURE_TIMESTAMP,2026-06-03T17:42:56.835Z,,,,,,,,,,,,
20260603,C0006,2026-06-03T17:39:00.876080,O00761,Completed,2026-06-03T19:36:37.811Z,UPI,orders_S003_20260603.json,ST009,S003,S003_O00761,FUTURE_TIMESTAMP,2026-06-03T17:42:56.835Z,,,,,,,,,,,,
20260603,C0079,2026-06-03T17:39:00.876080,O00762,Completed,2026-06-03T20:36:20.811Z,UPI,orders_S003_20260603.json,ST004,S003,S003_O00762,FUTURE_TIMESTAMP,2026-06-03T17:42:56.835Z,,,,,,,,,,,,
20260603,C0004,2026-06-03T17:39:00.876080,O00763,Completed,2026-06-03T20:36:17.811Z,UPI,orders_S003_20260603.json,ST011,S003,S003_O00763,FUTURE_TIMESTAMP,2026-06-03T17:42:56.835Z,,,,,,,,,,,,
20260603,C0125,2026-06-03T17:39:00.876080,O00764,Completed,2026-06-03T21:26:52.811Z,Card,orders_S003_20260603.json,ST007,S003,S003_O00764,FUTURE_TIMESTAMP,2026-06-03T17:42:56.835Z,,,,,,,,,,,,
20260603,C0453,2026-06-03T17:39:00.876080,O00765,Completed,2026-06-03T18:55:43.811Z,UPI,orders_S003_20260603.json,ST010,S003,S003_O00765,FUTURE_TIMESTAMP,2026-06-03T17:42:56.835Z,,,,,,,,,,,,
20260603,,2026-06-03T17:39:00.876080,O00179,Completed,2026-06-03T20:26:46.811Z,UPI,orders_S003_20260603.json,ST013,S003,S003_O00179,MISSING_CUSTOMER_ID,2026-06-03T17:42:56.835Z,,,,,,,,,,,,
20260603,,2026-06-03T17:39:00.876080,O00333,Completed,2026-06-03T10:16:40.811Z,UPI,orders_S003_20260603.json,ST004,S003,S003_O00333,MISSING_CUSTOMER_ID,2026-06-03T17:42:56.835Z,,,,,,,,,,,,
20260603,,2026-06-03T17:39:00.876080,O00619,Completed,2026-06-03T20:18:54.811Z,UPI,orders_S003_20260603.json,ST009,S003,S003_O00619,MISSING_CUSTOMER_ID,2026-06-03T17:42:56.835Z,,,,,,,,,,,,
20260603,C0380,2026-06-03T17:38:59.027416,O00002,Completed,2026-06-03T20:24:57.176Z,UPI,orders_S001_20260603.json,ST012,S001,S001_O00002,FUTURE_TIMESTAMP,2026-06-03T17:42:56.835Z,,,,,,,,,,,,
20260603,C0150,2026-06-03T17:38:59.027416,O00003,Completed,2026-06-03T20:36:24.176Z,UPI,orders_S001_20260603.json,ST006,S001,S001_O00003,FUTURE_TIMESTAMP,2026-06-03T17:42:56.835Z,,,,,,,,,,,,
20260603,C0110,2026-06-03T17:38:59.027416,O00004,Completed,2026-06-03T18:57:53.176Z,Cash,orders_S001_20260603.json,ST012,S001,S001_O00004,FUTURE_TIMESTAMP,2026-06-03T17:42:56.835Z,,,,,,,,,,,,
20260603,C0159,2026-06-03T17:38:59.027416,O00005,Completed,2026-06-03T20:57:14.176Z,UPI,orders_S001_20260603.json,ST005,S001,S001_O00005,FUTURE_TIMESTAMP,2026-06-03T17:42:56.835Z,,,,,,,,,,,,
20260603,C0545,2026-06-03T17:38:59.027416,O00007,Completed,2026-06-03T20:58:08.176Z,UPI,orders_S001_20260603.json,ST009,S001,S001_O00007,FUTURE_TIMESTAMP,2026-06-03T17:42:56.835Z,,,,,,,,,,,,
20260603,C0008,2026-06-03T17:38:59.027416,O00008,Completed,2026-06-03T18:36:42.176Z,UPI,orders_S001_20260603.json,ST011,S001,S001_O00008,FUTURE_TIMESTAMP,2026-06-03T17:42:56.835Z,,,,,,,,,,,,
20260603,C0068,2026-06-03T17:38:59.027416,O00009,Completed,2026-06-03T20:11:03.176Z,UPI,orders_S001_20260603.json,ST006,S001,S001_O00009,FUTURE_TIMESTAMP,2026-06-03T17:42:56.835Z,,,,,,,,,,,,
20260603,C0100,2026-06-03T17:38:59.027416,O00010,Completed,2026-06-03T17:48:56.176Z,Card,orders_S001_20260603.json,ST013,S001,S001_O00010,FUTURE_TIMESTAMP,2026-06-03T17:42:56.835Z,,,,,,,,,,,,
20260603,C0145,2026-06-03T17:38:59.027416,O00011,Completed,2026-06-03T18:53:05.176Z,Cash,orders_S001_20260603.json,ST012,S001,S001_O00011,FUTURE_TIMESTAMP,2026-06-03T17:42:56.835Z,,,,,,,,,,,,
20260603,C0286,2026-06-03T17:38:59.027416,O00012,Completed,2026-06-03T21:22:14.176Z,Crypto,orders_S001_20260603.json,ST013,S001,S001_O00012,INVALID_PAYMENT_MODE: Crypto,2026-06-03T17:42:56.835Z,,,,,,,,,,,,
20260603,C0029,2026-06-03T17:38:59.027416,O00016,Completed,2026-06-03T20:10:19.176Z,Card,orders_S001_20260603.json,ST001,S001,S001_O00016,FUTURE_TIMESTAMP,2026-06-03T17:42:56.835Z,,,,,,,,,,,,
20260603,C0104,2026-06-03T17:38:59.027416,O00017,Completed,2026-06-03T19:58:24.176Z,UPI,orders_S001_20260603.json,ST012,S001,S001_O00017,FUTURE_TIMESTAMP,2026-06-03T17:42:56.835Z,,,,,,,,,,,,
20260603,C0064,2026-06-03T17:38:59.027416,O00018,Completed,2026-06-03T19:53:40.176Z,Cash,orders_S001_20260603.json,ST012,S001,S001_O00018,FUTURE_TIMESTAMP,2026-06-03T17:42:56.835Z,,,,,,,,,,,,
20260603,C0032,2026-06-03T17:38:59.027416,O00019,Completed,2026-06-03T20:38:51.176Z,Cash,orders_S001_20260603.json,ST010,S001,S001_O00019,FUTURE_TIMESTAMP,2026-06-03T17:42:56.835Z,,,,,,,,,,,,
20260603,C0331,2026-06-03T17:38:59.027416,O00022,Completed,2026-06-03T19:53:29.176Z,UPI,orders_S001_20260603.json,ST007,S001,S001_O00022,FUTURE_TIMESTAMP,2026-06-03T17:42:56.835Z,,,,,,,,,,,,
20260603,C0259,2026-06-03T17:38:59.027416,O00023,Completed,2026-06-03T19:41:17.176Z,Cash,orders_S001_20260603.json,ST015,S001,S001_O00023,FUTURE_TIMESTAMP,2026-06-03T17:42:56.835Z,,,,,,,,,,,,
20260603,C0350,2026-06-03T17:38:59.027416,O00024,Completed,2026-06-03T18:27:52.176Z,UPI,orders_S001_20260603.json,ST005,S001,S001_O00024,FUTURE_TIMESTAMP,2026-06-03T17:42:56.835Z,,,,,,,,,,,,
20260603,C0100,2026-06-03T17:38:59.027416,O00026,Completed,2026-06-03T18:39:42.176Z,UPI,orders_S001_20260603.json,ST001,S001,S001_O00026,FUTURE_TIMESTAMP,2026-06-03T17:42:56.835Z,,,,,,,,,,,,
20260603,C0073,2026-06-03T17:38:59.027416,O00028,Completed,2026-06-03T20:44:56.176Z,Cash,orders_S001_20260603.json,ST001,S001,S001_O00028,FUTURE_TIMESTAMP,2026-06-03T17:42:56.835Z,,,,,,,,,,,,
20260603,C0161,2026-06-03T17:38:59.027416,O00030,Completed,2026-06-03T19:41:45.176Z,UPI,orders_S001_20260603.json,ST013,S001,S001_O00030,FUTURE_TIMESTAMP,2026-06-03T17:42:56.835Z,,,,,,,,,,,,
20260603,C0112,2026-06-03T17:38:59.027416,O00032,Completed,2026-06-03T18:33:22.176Z,Cash,orders_S001_20260603.json,ST012,S001,S001_O00032,FUTURE_TIMESTAMP,2026-06-03T17:42:56.835Z,,,,,,,,,,,,
20260603,C0429,2026-06-03T17:38:59.027416,O00036,Completed,2026-06-03T19:18:06.176Z,UPI,orders_S001_20260603.json,ST005,S001,S001_O00036,FUTURE_TIMESTAMP,2026-06-03T17:42:56.835Z,,,,,,,,,,,,
20260603,C0227,2026-06-03T17:38:59.027416,O00039,Completed,2026-06-03T18:55:00.176Z,UPI,orders_S001_20260603.json,ST008,S001,S001_O00039,FUTURE_TIMESTAMP,2026-06-03T17:42:56.835Z,,,,,,,,,,,,
20260603,C0396,2026-06-03T17:38:59.027416,O00043,Completed,2026-06-03T20:38:38.176Z,Cash,orders_S001_20260603.json,ST004,S001,S001_O00043,FUTURE_TIMESTAMP,2026-06-03T17:42:56.835Z,,,,,,,,,,,,
20260603,C0078,2026-06-03T17:38:59.027416,O00044,Completed,2026-06-03T18:58:28.176Z,Card,orders_S001_20260603.json,ST010,S001,S001_O00044,FUTURE_TIMESTAMP,2026-06-03T17:42:56.835Z,,,,,,,,,,,,
20260603,C0070,2026-06-03T17:38:59.027416,O00046,Completed,2026-06-03T20:40:13.176Z,UPI,orders_S001_20260603.json,ST002,S001,S001_O00046,FUTURE_TIMESTAMP,2026-06-03T17:42:56.835Z,,,,,,,,,,,,
20260603,C0076,2026-06-03T17:38:59.027416,O00048,Completed,2026-06-03T18:02:14.176Z,Cash,orders_S001_20260603.json,ST005,S001,S001_O00048,FUTURE_TIMESTAMP,2026-06-03T17:42:56.835Z,,,,,,,,,,,,
20260603,C0501,2026-06-03T17:38:59.027416,O00049,Completed,2026-06-03T18:43:14.176Z,Cash,orders_S001_20260603.json,ST013,S001,S001_O00049,FUTURE_TIMESTAMP,2026-06-03T17:42:56.835Z,,,,,,,,,,,,
20260603,C0052,2026-06-03T17:38:59.027416,O00050,Completed,2026-06-03T19:51:59.176Z,Cash,orders_S001_20260603.json,ST002,S001,S001_O00050,FUTURE_TIMESTAMP,2026-06-03T17:42:56.835Z,,,,,,,,,,,,
20260603,C0425,2026-06-03T17:38:59.027416,O00051,Completed,2026-06-03T19:58:17.176Z,UPI,orders_S001_20260603.json,ST002,S001,S001_O00051,FUTURE_TIMESTAMP,2026-06-03T17:42:56.835Z,,,,,,,,,,,,
20260603,C0423,2026-06-03T17:38:59.027416,O00052,Completed,2026-06-03T20:38:47.176Z,UPI,orders_S001_20260603.json,ST015,S001,S001_O00052,FUTURE_TIMESTAMP,2026-06-03T17:42:56.835Z,,,,,,,,,,,,
20260603,C0011,2026-06-03T17:38:59.027416,O00054,Completed,2026-06-03T18:05:38.176Z,Cash,orders_S001_20260603.json,ST007,S001,S001_O00054,FUTURE_TIMESTAMP,2026-06-03T17:42:56.835Z,,,,,,,,,,,,
20260603,C0060,2026-06-03T17:38:59.027416,O00055,Completed,2026-06-03T19:01:05.176Z,Card,orders_S001_20260603.json,ST011,S001,S001_O00055,FUTURE_TIMESTAMP,2026-06-03T17:42:56.835Z,,,,,,,,,,,,
20260603,C0304,2026-06-03T17:38:59.027416,O00056,Completed,2026-06-03T19:01:48.176Z,Cash,orders_S001_20260603.json,ST005,S001,S001_O00056,FUTURE_TIMESTAMP,2026-06-03T17:42:56.835Z,,,,,,,,,,,,
20260603,C0183,2026-06-03T17:38:59.027416,O00057,Completed,2026-06-03T20:11:30.176Z,Card,orders_S001_20260603.json,ST008,S001,S001_O00057,FUTURE_TIMESTAMP,2026-06-03T17:42:56.835Z,,,,,,,,,,,,
20260603,C0084,2026-06-03T17:38:59.027416,O00059,Completed,2026-06-03T18:26:21.176Z,Card,orders_S001_20260603.json,ST002,S001,S001_O00059,FUTURE_TIMESTAMP,2026-06-03T17:42:56.835Z,,,,,,,,,,,,
20260603,C0076,2026-06-03T17:38:59.027416,O00060,Completed,2026-06-03T17:44:31.176Z,Card,orders_S001_20260603.json,ST007,S001,S001_O00060,FUTURE_TIMESTAMP,2026-06-03T17:42:56.835Z,,,,,,,,,,,,
20260603,C0083,2026-06-03T17:38:59.027416,O00061,Completed,2026-06-03T19:29:05.176Z,UPI,orders_S001_20260603.json,ST006,S001,S001_O00061,FUTURE_TIMESTAMP,2026-06-03T17:42:56.835Z,,,,,,,,,,,,
20260603,C0423,2026-06-03T17:38:59.027416,O00062,Completed,2026-06-03T20:55:32.176Z,Cash,orders_S001_20260603.json,ST001,S001,S001_O00062,FUTURE_TIMESTAMP,2026-06-03T17:42:56.835Z,,,,,,,,,,,,
20260603,C0050,2026-06-03T17:38:59.027416,O00063,Completed,2026-06-03T19:26:03.176Z,Cash,orders_S001_20260603.json,ST006,S001,S001_O00063,FUTURE_TIMESTAMP,2026-06-03T17:42:56.835Z,,,,,,,,,,,,
20260603,,2026-06-03T17:38:59.027416,O00064,Completed,2026-06-03T18:28:48.176Z,Cash,orders_S001_20260603.json,ST005,S001,S001_O00064,MISSING_CUSTOMER_ID,2026-06-03T17:42:56.835Z,,,,,,,,,,,,
20260603,C0324,2026-06-03T17:38:59.027416,O00065,Completed,2026-06-03T21:28:56.176Z,UPI,orders_S001_20260603.json,ST002,S001,S001_O00065,FUTURE_TIMESTAMP,2026-06-03T17:42:56.835Z,,,,,,,,,,,,
20260603,C0333,2026-06-03T17:38:59.027416,O00066,Completed,2026-06-03T19:51:15.176Z,Cash,orders_S001_20260603.json,ST005,S001,S001_O00066,FUTURE_TIMESTAMP,2026-06-03T17:42:56.835Z,,,,,,,,,,,,
20260603,C0554,2026-06-03T17:38:59.027416,O00067,Completed,2026-06-03T19:05:14.176Z,UPI,orders_S001_20260603.json,ST015,S001,S001_O00067,FUTURE_TIMESTAMP,2026-06-03T17:42:56.835Z,,,,,,,,,,,,
20260603,C0041,2026-06-03T17:38:59.027416,O00068,Completed,2026-06-03T21:41:53.176Z,Cash,orders_S001_20260603.json,ST015,S001,S001_O00068,FUTURE_TIMESTAMP,2026-06-03T17:42:56.835Z,,,,,,,,,,,,
20260603,C0431,2026-06-03T17:38:59.027416,O00069,Completed,2026-06-03T18:17:26.176Z,UPI,orders_S001_20260603.json,ST008,S001,S001_O00069,FUTURE_TIMESTAMP,2026-06-03T17:42:56.835Z,,,,,,,,,,,,
20260603,C0499,2026-06-03T17:38:59.027416,O00070,Completed,2026-06-03T19:24:12.176Z,Cash,orders_S001_20260603.json,ST009,S001,S001_O00070,FUTURE_TIMESTAMP,2026-06-03T17:42:56.835Z,,,,,,,,,,,,
20260603,C0420,2026-06-03T17:38:59.027416,O00072,Completed,2026-06-03T21:32:17.176Z,Cash,orders_S001_20260603.json,ST005,S001,S001_O00072,FUTURE_TIMESTAMP,2026-06-03T17:42:56.835Z,,,,,,,,,,,,
20260603,C0160,2026-06-03T17:38:59.027416,O00073,Completed,2026-06-03T20:37:42.176Z,UPI,orders_S001_20260603.json,ST003,S001,S001_O00073,FUTURE_TIMESTAMP,2026-06-03T17:42:56.835Z,,,,,,,,,,,,
20260603,C0375,2026-06-03T17:38:59.027416,O00074,Completed,2026-06-03T18:21:35.176Z,UPI,orders_S001_20260603.json,ST007,S001,S001_O00074,FUTURE_TIMESTAMP,2026-06-03T17:42:56.835Z,,,,,,,,,,,,
20260603,C0063,2026-06-03T17:38:59.027416,O00075,Completed,2027-06-03T17:12:44.176Z,UPI,orders_S001_20260603.json,ST007,S001,S001_O00075,FUTURE_TIMESTAMP,2026-06-03T17:42:56.835Z,,,,,,,,,,,,
20260603,C0360,2026-06-03T17:38:59.027416,O00076,Completed,2026-06-03T20:02:20.176Z,Card,orders_S001_20260603.json,ST012,S001,S001_O00076,FUTURE_TIMESTAMP,2026-06-03T17:42:56.835Z,,,,,,,,,,,,
20260603,C0420,2026-06-03T17:38:59.027416,O00077,Completed,2026-06-03T18:42:50.176Z,UPI,orders_S001_20260603.json,ST003,S001,S001_O00077,FUTURE_TIMESTAMP,2026-06-03T17:42:56.835Z,,,,,,,,,,,,
20260603,C0135,2026-06-03T17:38:59.027416,O00079,Completed,2026-06-03T18:33:58.176Z,UPI,orders_S001_20260603.json,ST012,S001,S001_O00079,FUTURE_TIMESTAMP,2026-06-03T17:42:56.835Z,,,,,,,,,,,,
20260603,C0145,2026-06-03T17:38:59.027416,O00080,Completed,2026-06-03T20:09:04.176Z,UPI,orders_S001_20260603.json,ST005,S001,S001_O00080,FUTURE_TIMESTAMP,2026-06-03T17:42:56.835Z,,,,,,,,,,,,
20260603,C0444,2026-06-03T17:38:59.027416,O00081,Completed,2026-06-03T19:41:05.176Z,Cash,orders_S001_20260603.json,ST014,S001,S001_O00081,FUTURE_TIMESTAMP,2026-06-03T17:42:56.835Z,,,,,,,,,,,,
20260603,C0340,2026-06-03T17:38:59.027416,O00082,Completed,2026-06-03T19:20:40.176Z,UPI,orders_S001_20260603.json,ST013,S001,S001_O00082,FUTURE_TIMESTAMP,2026-06-03T17:42:56.835Z,,,,,,,,,,,,
20260603,C0062,2026-06-03T17:38:59.027416,O00083,Completed,2026-06-03T19:39:04.176Z,Card,orders_S001_20260603.json,ST011,S001,S001_O00083,FUTURE_TIMESTAMP,2026-06-03T17:42:56.835Z,,,,,,,,,,,,
20260603,C0117,2026-06-03T17:38:59.027416,O00084,Completed,2026-06-03T21:47:05.176Z,Cash,orders_S001_20260603.json,ST002,S001,S001_O00084,FUTURE_TIMESTAMP,2026-06-03T17:42:56.835Z,,,,,,,,,,,,
20260603,C0044,2026-06-03T17:38:59.027416,O00085,Completed,2026-06-03T19:06:28.176Z,Card,orders_S001_20260603.json,ST005,S001,S001_O00085,FUTURE_TIMESTAMP,2026-06-03T17:42:56.835Z,,,,,,,,,,,,
20260603,C0277,2026-06-03T17:38:59.027416,O00089,Completed,2027-06-03T19:14:29.176Z,UPI,orders_S001_20260603.json,ST008,S001,S001_O00089,FUTURE_TIMESTAMP,2026-06-03T17:42:56.835Z,,,,,,,,,,,,
20260603,C0560,2026-06-03T17:38:59.027416,O00092,Completed,2026-06-03T18:19:12.176Z,UPI,orders_S001_20260603.json,ST014,S001,S001_O00092,FUTURE_TIMESTAMP,2026-06-03T17:42:56.835Z,,,,,,,,,,,,
20260603,C0072,2026-06-03T17:38:59.027416,O00094,Completed,2026-06-03T21:42:25.176Z,Card,orders_S001_20260603.json,ST010,S001,S001_O00094,FUTURE_TIMESTAMP,2026-06-03T17:42:56.835Z,,,,,,,,,,,,
20260603,C0252,2026-06-03T17:38:59.027416,O00095,Completed,2026-06-03T20:03:58.176Z,Card,orders_S001_20260603.json,ST008,S001,S001_O00095,FUTURE_TIMESTAMP,2026-06-03T17:42:56.835Z,,,,,,,,,,,,
20260603,C0061,2026-06-03T17:38:59.027416,O00096,Completed,2026-06-03T21:49:51.176Z,UPI,orders_S001_20260603.json,ST013,S001,S001_O00096,FUTURE_TIMESTAMP,2026-06-03T17:42:56.835Z,,,,,,,,,,,,
20260603,C0308,2026-06-03T17:38:59.027416,O00097,Completed,2026-06-03T19:39:16.176Z,Cash,orders_S001_20260603.json,ST012,S001,S001_O00097,FUTURE_TIMESTAMP,2026-06-03T17:42:56.835Z,,,,,,,,,,,,
20260603,C0026,2026-06-03T17:38:59.027416,O00098,Completed,2026-06-03T19:08:40.176Z,Cash,orders_S001_20260603.json,ST011,S001,S001_O00098,FUTURE_TIMESTAMP,2026-06-03T17:42:56.835Z,,,,,,,,,,,,
20260603,C0109,2026-06-03T17:38:59.027416,O00100,Completed,2026-06-03T21:20:47.176Z,UPI,orders_S001_20260603.json,ST004,S001,S001_O00100,FUTURE_TIMESTAMP,2026-06-03T17:42:56.835Z,,,,,,,,,,,,
20260603,C0170,2026-06-03T17:38:59.027416,O00101,Completed,2026-06-03T19:23:33.176Z,Card,orders_S001_20260603.json,ST005,S001,S001_O00101,FUTURE_TIMESTAMP,2026-06-03T17:42:56.835Z,,,,,,,,,,,,
20260603,,2026-06-03T17:38:59.027416,O00102,Completed,2026-06-03T16:52:30.176Z,Cash,orders_S001_20260603.json,ST005,S001,S001_O00102,MISSING_CUSTOMER_ID,2026-06-03T17:42:56.835Z,,,,,,,,,,,,
20260603,C0396,2026-06-03T17:38:59.027416,O00105,Completed,2026-06-03T20:23:05.176Z,UPI,orders_S001_20260603.json,ST001,S001,S001_O00105,FUTURE_TIMESTAMP,2026-06-03T17:42:56.835Z,,,,,,,,,,,,
20260603,C0306,2026-06-03T17:38:59.027416,O00107,Completed,2026-06-03T20:23:06.176Z,UPI,orders_S001_20260603.json,ST008,S001,S001_O00107,FUTURE_TIMESTAMP,2026-06-03T17:42:56.835Z,,,,,,,,,,,,
20260603,C0494,2026-06-03T17:38:59.027416,O00108,Completed,2026-06-03T20:35:20.176Z,Cash,orders_S001_20260603.json,ST004,S001,S001_O00108,FUTURE_TIMESTAMP,2026-06-03T17:42:56.835Z,,,,,,,,,,,,
20260603,C0326,2026-06-03T17:38:59.027416,O00109,Completed,2026-06-03T19:29:58.176Z,UPI,orders_S001_20260603.json,ST011,S001,S001_O00109,FUTURE_TIMESTAMP,2026-06-03T17:42:56.835Z,,,,,,,,,,,,
20260603,C0132,2026-06-03T17:38:59.027416,O00111,Completed,2026-06-03T20:08:24.176Z,Card,orders_S001_20260603.json,ST011,S001,S001_O00111,FUTURE_TIMESTAMP,2026-06-03T17:42:56.835Z,,,,,,,,,,,,
20260603,C0237,2026-06-03T17:38:59.027416,O00112,Completed,2026-06-03T19:34:26.176Z,UPI,orders_S001_20260603.json,ST012,S001,S001_O00112,FUTURE_TIMESTAMP,2026-06-03T17:42:56.835Z,,,,,,,,,,,,
20260603,C0160,2026-06-03T17:38:59.027416,O00113,Completed,2026-06-03T18:06:53.176Z,Card,orders_S001_20260603.json,ST007,S001,S001_O00113,FUTURE_TIMESTAMP,2026-06-03T17:42:56.835Z,,,,,,,,,,,,
20260603,C0096,2026-06-03T17:38:59.027416,O00115,Completed,2026-06-03T20:06:43.176Z,Card,orders_S001_20260603.json,ST015,S001,S001_O00115,FUTURE_TIMESTAMP,2026-06-03T17:42:56.835Z,,,,,,,,,,,,
20260603,C0056,2026-06-03T17:38:59.027416,O00117,Completed,2026-06-03T20:05:42.176Z,Cash,orders_S001_20260603.json,ST011,S001,S001_O00117,FUTURE_TIMESTAMP,2026-06-03T17:42:56.835Z,,,,,,,,,,,,
20260603,C0039,2026-06-03T17:38:59.027416,O00120,Completed,2026-06-03T20:21:49.176Z,Cash,orders_S001_20260603.json,ST015,S001,S001_O00120,FUTURE_TIMESTAMP,2026-06-03T17:42:56.835Z,,,,,,,,,,,,
20260603,C0004,2026-06-03T17:38:59.027416,O00122,Completed,2026-06-03T19:01:08.176Z,Cash,orders_S001_20260603.json,ST013,S001,S001_O00122,FUTURE_TIMESTAMP,2026-06-03T17:42:56.835Z,,,,,,,,,,,,
20260603,C0070,2026-06-03T17:38:59.027416,O00123,Completed,2026-06-03T19:01:11.176Z,Cash,orders_S001_20260603.json,ST003,S001,S001_O00123,FUTURE_TIMESTAMP,2026-06-03T17:42:56.835Z,,,,,,,,,,,,
20260603,C0150,2026-06-03T17:38:59.027416,O00124,Completed,2027-06-03T19:47:04.176Z,UPI,orders_S001_20260603.json,ST013,S001,S001_O00124,FUTURE_TIMESTAMP,2026-06-03T17:42:56.835Z,,,,,,,,,,,,
20260603,C0058,2026-06-03T17:38:59.027416,O00125,Completed,2026-06-03T19:28:32.176Z,UPI,orders_S001_20260603.json,ST010,S001,S001_O00125,FUTURE_TIMESTAMP,2026-06-03T17:42:56.835Z,,,,,,,,,,,,
20260603,C0185,2026-06-03T17:38:59.027416,O00126,Completed,2026-06-03T20:55:42.176Z,Cash,orders_S001_20260603.json,ST008,S001,S001_O00126,FUTURE_TIMESTAMP,2026-06-03T17:42:56.835Z,,,,,,,,,,,,
20260603,C0482,2026-06-03T17:38:59.027416,O00128,Completed,2026-06-03T19:28:04.176Z,Cash,orders_S001_20260603.json,ST006,S001,S001_O00128,FUTURE_TIMESTAMP,2026-06-03T17:42:56.835Z,,,,,,,,,,,,
20260603,C0078,2026-06-03T17:38:59.027416,O00130,Completed,2026-06-03T18:38:33.176Z,Cash,orders_S001_20260603.json,ST009,S001,S001_O00130,FUTURE_TIMESTAMP,2026-06-03T17:42:56.835Z,,,,,,,,,,,,
20260603,C0114,2026-06-03T17:38:59.027416,O00132,Completed,2026-06-03T19:55:13.176Z,UPI,orders_S001_20260603.json,ST015,S001,S001_O00132,FUTURE_TIMESTAMP,2026-06-03T17:42:56.835Z,,,,,,,,,,,,
20260603,C0461,2026-06-03T17:38:59.027416,O00137,Completed,2026-06-03T19:26:22.176Z,UPI,orders_S001_20260603.json,ST013,S001,S001_O00137,FUTURE_TIMESTAMP,2026-06-03T17:42:56.835Z,,,,,,,,,,,,
20260603,C0247,2026-06-03T17:38:59.027416,O00138,Completed,2027-06-03T21:03:18.176Z,UPI,orders_S001_20260603.json,ST006,S001,S001_O00138,FUTURE_TIMESTAMP,2026-06-03T17:42:56.835Z,,,,,,,,,,,,
20260603,C0155,2026-06-03T17:38:59.027416,O00139,Completed,2026-06-03T18:09:42.176Z,UPI,orders_S001_20260603.json,ST014,S001,S001_O00139,FUTURE_TIMESTAMP,2026-06-03T17:42:56.835Z,,,,,,,,,,,,
20260603,C0374,2026-06-03T17:38:59.027416,O00140,Completed,2026-06-03T20:23:07.176Z,UPI,orders_S001_20260603.json,ST010,S001,S001_O00140,FUTURE_TIMESTAMP,2026-06-03T17:42:56.835Z,,,,,,,,,,,,
20260603,C0418,2026-06-03T17:38:59.027416,O00141,Completed,2026-06-03T18:35:49.176Z,Cash,orders_S001_20260603.json,ST010,S001,S001_O00141,FUTURE_TIMESTAMP,2026-06-03T17:42:56.835Z,,,,,,,,,,,,
20260603,C0292,2026-06-03T17:38:59.027416,O00142,Completed,2026-06-03T19:38:59.176Z,UPI,orders_S001_20260603.json,ST012,S001,S001_O00142,FUTURE_TIMESTAMP,2026-06-03T17:42:56.835Z,,,,,,,,,,,,
20260603,C0361,2026-06-03T17:38:59.027416,O00145,Completed,2026-06-03T19:01:05.176Z,UPI,orders_S001_20260603.json,ST004,S001,S001_O00145,FUTURE_TIMESTAMP,2026-06-03T17:42:56.835Z,,,,,,,,,,,,
20260603,C0082,2026-06-03T17:38:59.027416,O00146,Completed,2026-06-03T18:10:23.176Z,Cash,orders_S001_20260603.json,ST006,S001,S001_O00146,FUTURE_TIMESTAMP,2026-06-03T17:42:56.835Z,,,,,,,,,,,,
20260603,C0014,2026-06-03T17:38:59.027416,O00147,Completed,2026-06-03T19:05:56.176Z,Cash,orders_S001_20260603.json,ST003,S001,S001_O00147,FUTURE_TIMESTAMP,2026-06-03T17:42:56.835Z,,,,,,,,,,,,
20260603,C0368,2026-06-03T17:38:59.027416,O00149,Completed,2026-06-03T18:17:13.176Z,UPI,orders_S001_20260603.json,ST002,S001,S001_O00149,FUTURE_TIMESTAMP,2026-06-03T17:42:56.835Z,,,,,,,,,,,,
20260603,C0034,2026-06-03T17:38:59.027416,O00153,Completed,2026-06-03T18:27:11.176Z,Cash,orders_S001_20260603.json,ST009,S001,S001_O00153,FUTURE_TIMESTAMP,2026-06-03T17:42:56.835Z,,,,,,,,,,,,
20260603,C0409,2026-06-03T17:38:59.027416,O00154,Completed,2026-06-03T18:53:42.176Z,UPI,orders_S001_20260603.json,ST002,S001,S001_O00154,FUTURE_TIMESTAMP,2026-06-03T17:42:56.835Z,,,,,,,,,,,,
20260603,C0137,2026-06-03T17:38:59.027416,O00155,Completed,2026-06-03T20:27:01.176Z,Card,orders_S001_20260603.json,ST002,S001,S001_O00155,FUTURE_TIMESTAMP,2026-06-03T17:42:56.835Z,,,,,,,,,,,,
20260603,C0333,2026-06-03T17:38:59.027416,O00156,Completed,2026-06-03T19:36:25.176Z,UPI,orders_S001_20260603.json,ST007,S001,S001_O00156,FUTURE_TIMESTAMP,2026-06-03T17:42:56.835Z,,,,,,,,,,,,
20260603,C0405,2026-06-03T17:38:59.027416,O00157,Completed,2026-06-03T18:20:10.176Z,UPI,orders_S001_20260603.json,ST010,S001,S001_O00157,FUTURE_TIMESTAMP,2026-06-03T17:42:56.835Z,,,,,,,,,,,,
20260603,C0119,2026-06-03T17:38:59.027416,O00158,Completed,2026-06-03T19:23:05.176Z,UPI,orders_S001_20260603.json,ST002,S001,S001_O00158,FUTURE_TIMESTAMP,2026-06-03T17:42:56.835Z,,,,,,,,,,,,
20260603,C0104,2026-06-03T17:38:59.027416,O00159,Completed,2026-06-03T19:33:05.176Z,Cash,orders_S001_20260603.json,ST005,S001,S001_O00159,FUTURE_TIMESTAMP,2026-06-03T17:42:56.835Z,,,,,,,,,,,,
20260603,C0092,2026-06-03T17:38:59.027416,O00161,Completed,2026-06-03T18:57:49.176Z,Card,orders_S001_20260603.json,ST012,S001,S001_O00161,FUTURE_TIMESTAMP,2026-06-03T17:42:56.835Z,,,,,,,,,,,,
20260603,C0027,2026-06-03T17:38:59.027416,O00162,Completed,2026-06-03T19:09:15.176Z,UPI,orders_S001_20260603.json,ST005,S001,S001_O00162,FUTURE_TIMESTAMP,2026-06-03T17:42:56.835Z,,,,,,,,,,,,
20260603,C0290,2026-06-03T17:38:59.027416,O00163,Completed,2026-06-03T19:48:48.176Z,Card,orders_S001_20260603.json,ST003,S001,S001_O00163,FUTURE_TIMESTAMP,2026-06-03T17:42:56.835Z,,,,,,,,,,,,
20260603,C0218,2026-06-03T17:38:59.027416,O00164,Completed,2026-06-03T19:29:48.176Z,UPI,orders_S001_20260603.json,ST010,S001,S001_O00164,FUTURE_TIMESTAMP,2026-06-03T17:42:56.835Z,,,,,,,,,,,,
20260603,C0275,2026-06-03T17:38:59.027416,O00165,Completed,2026-06-03T21:36:41.176Z,UPI,orders_S001_20260603.json,ST010,S001,S001_O00165,FUTURE_TIMESTAMP,2026-06-03T17:42:56.835Z,,,,,,,,,,,,
20260603,C0121,2026-06-03T17:38:59.027416,O00166,Completed,2026-06-03T21:20:09.176Z,UPI,orders_S001_20260603.json,ST008,S001,S001_O00166,FUTURE_TIMESTAMP,2026-06-03T17:42:56.835Z,,,,,,,,,,,,
20260603,C0097,2026-06-03T17:38:59.027416,O00168,Completed,2026-06-03T18:02:03.176Z,UPI,orders_S001_20260603.json,ST005,S001,S001_O00168,FUTURE_TIMESTAMP,2026-06-03T17:42:56.835Z,,,,,,,,,,,,
20260603,C0259,2026-06-03T17:38:59.027416,O00169,Completed,2026-06-03T20:54:05.176Z,UPI,orders_S001_20260603.json,ST009,S001,S001_O00169,FUTURE_TIMESTAMP,2026-06-03T17:42:56.835Z,,,,,,,,,,,,
20260603,C0479,2026-06-03T17:38:59.027416,O00170,Completed,2026-06-03T19:50:47.176Z,Card,orders_S001_20260603.json,ST008,S001,S001_O00170,FUTURE_TIMESTAMP,2026-06-03T17:42:56.835Z,,,,,,,,,,,,
20260603,C0251,2026-06-03T17:38:59.027416,O00171,Completed,2026-06-03T19:12:20.176Z,UPI,orders_S001_20260603.json,ST009,S001,S001_O00171,FUTURE_TIMESTAMP,2026-06-03T17:42:56.835Z,,,,,,,,,,,,
20260603,C0042,2026-06-03T17:38:59.027416,O00174,Completed,2026-06-03T18:33:39.176Z,Card,orders_S001_20260603.json,ST006,S001,S001_O00174,FUTURE_TIMESTAMP,2026-06-03T17:42:56.835Z,,,,,,,,,,,,
20260603,C0309,2026-06-03T17:38:59.027416,O00175,Completed,2026-06-03T18:49:21.176Z,Cash,orders_S001_20260603.json,ST001,S001,S001_O00175,FUTURE_TIMESTAMP,2026-06-03T17:42:56.835Z,,,,,,,,,,,,
20260603,C0025,2026-06-03T17:38:59.027416,O00176,Completed,2026-06-03T19:04:21.176Z,UPI,orders_S001_20260603.json,ST011,S001,S001_O00176,FUTURE_TIMESTAMP,2026-06-03T17:42:56.835Z,,,,,,,,,,,,
20260603,C0034,2026-06-03T17:38:59.027416,O00179,Completed,2026-06-03T19:42:25.176Z,Card,orders_S001_20260603.json,ST012,S001,S001_O00179,FUTURE_TIMESTAMP,2026-06-03T17:42:56.835Z,,,,,,,,,,,,
20260603,C0492,2026-06-03T17:38:59.027416,O00181,Completed,2026-06-03T19:47:43.176Z,Cash,orders_S001_20260603.json,ST002,S001,S001_O00181,FUTURE_TIMESTAMP,2026-06-03T17:42:56.835Z,,,,,,,,,,,,
20260603,C0095,2026-06-03T17:38:59.027416,O00182,Completed,2027-06-03T18:23:01.176Z,Card,orders_S001_20260603.json,ST003,S001,S001_O00182,FUTURE_TIMESTAMP,2026-06-03T17:42:56.835Z,,,,,,,,,,,,
20260603,C0051,2026-06-03T17:38:59.027416,O00183,Completed,2026-06-03T17:49:31.176Z,UPI,orders_S001_20260603.json,ST003,S001,S001_O00183,FUTURE_TIMESTAMP,2026-06-03T17:42:56.835Z,,,,,,,,,,,,
20260603,C0175,2026-06-03T17:38:59.027416,O00184,Completed,2026-06-03T17:50:06.176Z,Card,orders_S001_20260603.json,ST009,S001,S001_O00184,FUTURE_TIMESTAMP,2026-06-03T17:42:56.835Z,,,,,,,,,,,,
20260603,C0089,2026-06-03T17:38:59.027416,O00185,Completed,2026-06-03T20:02:42.176Z,Cash,orders_S001_20260603.json,ST013,S001,S001_O00185,FUTURE_TIMESTAMP,2026-06-03T17:42:56.835Z,,,,,,,,,,,,
20260603,C0048,2026-06-03T17:38:59.027416,O00186,Completed,2026-06-03T19:09:10.176Z,Cash,orders_S001_20260603.json,ST012,S001,S001_O00186,FUTURE_TIMESTAMP,2026-06-03T17:42:56.835Z,,,,,,,,,,,,
20260603,C0120,2026-06-03T17:38:59.027416,O00187,Completed,2026-06-03T20:10:46.176Z,UPI,orders_S001_20260603.json,ST007,S001,S001_O00187,FUTURE_TIMESTAMP,2026-06-03T17:42:56.835Z,,,,,,,,,,,,
20260603,C0075,2026-06-03T17:38:59.027416,O00188,Completed,2026-06-03T20:28:39.176Z,Cash,orders_S001_20260603.json,ST012,S001,S001_O00188,FUTURE_TIMESTAMP,2026-06-03T17:42:56.835Z,,,,,,,,,,,,
20260603,C0519,2026-06-03T17:38:59.027416,O00190,Completed,2026-06-03T20:23:43.176Z,UPI,orders_S001_20260603.json,ST008,S001,S001_O00190,FUTURE_TIMESTAMP,2026-06-03T17:42:56.835Z,,,,,,,,,,,,
20260603,C0190,2026-06-03T17:38:59.027416,O00191,Completed,2026-06-03T16:24:32.176Z,Crypto,orders_S001_20260603.json,ST003,S001,S001_O00191,INVALID_PAYMENT_MODE: Crypto,2026-06-03T17:42:56.835Z,,,,,,,,,,,,
20260603,C0066,2026-06-03T17:38:59.027416,O00192,Completed,2026-06-03T20:08:55.176Z,UPI,orders_S001_20260603.json,ST011,S001,S001_O00192,FUTURE_TIMESTAMP,2026-06-03T17:42:56.835Z,,,,,,,,,,,,
20260603,C0334,2026-06-03T17:38:59.027416,O00193,Completed,2026-06-03T17:59:06.176Z,Card,orders_S001_20260603.json,ST009,S001,S001_O00193,FUTURE_TIMESTAMP,2026-06-03T17:42:56.835Z,,,,,,,,,,,,
20260603,C0059,2026-06-03T17:38:59.027416,O00195,Completed,2026-06-03T20:05:58.176Z,Card,orders_S001_20260603.json,ST008,S001,S001_O00195,FUTURE_TIMESTAMP,2026-06-03T17:42:56.835Z,,,,,,,,,,,,
20260603,C0104,2026-06-03T17:38:59.027416,O00196,Completed,2026-06-03T21:26:03.176Z,UPI,orders_S001_20260603.json,ST006,S001,S001_O00196,FUTURE_TIMESTAMP,2026-06-03T17:42:56.835Z,,,,,,,,,,,,
20260603,C0008,2026-06-03T17:38:59.027416,O00197,Completed,2026-06-03T21:23:14.176Z,UPI,orders_S001_20260603.json,ST015,S001,S001_O00197,FUTURE_TIMESTAMP,2026-06-03T17:42:56.835Z,,,,,,,,,,,,
20260603,C0039,2026-06-03T17:38:59.027416,O00198,Completed,2026-06-03T19:21:50.176Z,UPI,orders_S001_20260603.json,ST001,S001,S001_O00198,FUTURE_TIMESTAMP,2026-06-03T17:42:56.835Z,,,,,,,,,,,,
20260603,C0037,2026-06-03T17:38:59.027416,O00199,Completed,2026-06-03T20:44:53.176Z,UPI,orders_S001_20260603.json,ST012,S001,S001_O00199,FUTURE_TIMESTAMP,2026-06-03T17:42:56.835Z,,,,,,,,,,,,
20260603,C0005,2026-06-03T17:38:59.027416,O00200,Completed,2026-06-03T19:57:05.176Z,Card,orders_S001_20260603.json,ST004,S001,S001_O00200,FUTURE_TIMESTAMP,2026-06-03T17:42:56.835Z,,,,,,,,,,,,
20260603,C0190,2026-06-03T17:38:59.027416,O00201,Completed,2026-06-03T19:46:38.176Z,Cash,orders_S001_20260603.json,ST002,S001,S001_O00201,FUTURE_TIMESTAMP,2026-06-03T17:42:56.835Z,,,,,,,,,,,,
20260603,C0486,2026-06-03T17:38:59.027416,O00203,Completed,2026-06-03T18:07:53.176Z,Cash,orders_S001_20260603.json,ST010,S001,S001_O00203,FUTURE_TIMESTAMP,2026-06-03T17:42:56.835Z,,,,,,,,,,,,
20260603,C0340,2026-06-03T17:38:59.027416,O00204,Completed,2026-06-03T19:36:15.176Z,UPI,orders_S001_20260603.json,ST005,S001,S001_O00204,FUTURE_TIMESTAMP,2026-06-03T17:42:56.835Z,,,,,,,,,,,,
20260603,C0109,2026-06-03T17:38:59.027416,O00205,Completed,2026-06-03T19:15:36.176Z,Cash,orders_S001_20260603.json,ST011,S001,S001_O00205,FUTURE_TIMESTAMP,2026-06-03T17:42:56.835Z,,,,,,,,,,,,
20260603,C0524,2026-06-03T17:38:59.027416,O00206,Completed,2026-06-03T19:23:04.176Z,Cash,orders_S001_20260603.json,ST009,S001,S001_O00206,FUTURE_TIMESTAMP,2026-06-03T17:42:56.835Z,,,,,,,,,,,,
20260603,C0103,2026-06-03T17:38:59.027416,O00207,Completed,2026-06-03T21:35:01.176Z,UPI,orders_S001_20260603.json,ST008,S001,S001_O00207,FUTURE_TIMESTAMP,2026-06-03T17:42:56.835Z,,,,,,,,,,,,
20260603,C0362,2026-06-03T17:38:59.027416,O00208,Completed,2026-06-03T18:23:16.176Z,Cash,orders_S001_20260603.json,ST006,S001,S001_O00208,FUTURE_TIMESTAMP,2026-06-03T17:42:56.835Z,,,,,,,,,,,,
20260603,C0269,2026-06-03T17:38:59.027416,O00209,Completed,2026-06-03T17:46:42.176Z,Cash,orders_S001_20260603.json,ST013,S001,S001_O00209,FUTURE_TIMESTAMP,2026-06-03T17:42:56.835Z,,,,,,,,,,,,
20260603,C0093,2026-06-03T17:38:59.027416,O00210,Completed,2026-06-03T20:08:02.176Z,Card,orders_S001_20260603.json,ST006,S001,S001_O00210,FUTURE_TIMESTAMP,2026-06-03T17:42:56.835Z,,,,,,,,,,,,
20260603,C0148,2026-06-03T17:38:59.027416,O00214,Completed,2026-06-03T19:52:34.176Z,Cash,orders_S001_20260603.json,ST001,S001,S001_O00214,FUTURE_TIMESTAMP,2026-06-03T17:42:56.835Z,,,,,,,,,,,,
20260603,C0540,2026-06-03T17:38:59.027416,O00217,Completed,2026-06-03T20:24:21.176Z,Cash,orders_S001_20260603.json,ST008,S001,S001_O00217,FUTURE_TIMESTAMP,2026-06-03T17:42:56.835Z,,,,,,,,,,,,
20260603,C0070,2026-06-03T17:38:59.027416,O00218,Completed,2026-06-03T17:51:33.176Z,Cash,orders_S001_20260603.json,ST002,S001,S001_O00218,FUTURE_TIMESTAMP,2026-06-03T17:42:56.835Z,,,,,,,,,,,,
20260603,C0041,2026-06-03T17:38:59.027416,O00226,Completed,2026-06-03T21:02:38.176Z,Card,orders_S001_20260603.json,ST008,S001,S001_O00226,FUTURE_TIMESTAMP,2026-06-03T17:42:56.835Z,,,,,,,,,,,,
20260603,C0226,2026-06-03T17:38:59.027416,O00227,Completed,2026-06-03T17:48:04.176Z,UPI,orders_S001_20260603.json,ST009,S001,S001_O00227,FUTURE_TIMESTAMP,2026-06-03T17:42:56.835Z,,,,,,,,,,,,
20260603,C0217,2026-06-03T17:38:59.027416,O00229,Completed,2026-06-03T18:24:58.176Z,Cash,orders_S001_20260603.json,ST005,S001,S001_O00229,FUTURE_TIMESTAMP,2026-06-03T17:42:56.835Z,,,,,,,,,,,,
20260603,C0075,2026-06-03T17:38:59.027416,O00230,Completed,2026-06-03T19:13:39.176Z,Card,orders_S001_20260603.json,ST015,S001,S001_O00230,FUTURE_TIMESTAMP,2026-06-03T17:42:56.835Z,,,,,,,,,,,,
20260603,C0311,2026-06-03T17:38:59.027416,O00232,Completed,2026-06-03T18:05:51.176Z,Card,orders_S001_20260603.json,ST014,S001,S001_O00232,FUTURE_TIMESTAMP,2026-06-03T17:42:56.835Z,,,,,,,,,,,,
20260603,C0208,2026-06-03T17:38:59.027416,O00233,Completed,2026-06-03T19:45:04.176Z,Card,orders_S001_20260603.json,ST005,S001,S001_O00233,FUTURE_TIMESTAMP,2026-06-03T17:42:56.835Z,,,,,,,,,,,,
20260603,C0504,2026-06-03T17:38:59.027416,O00234,Completed,2026-06-03T20:45:45.176Z,UPI,orders_S001_20260603.json,ST011,S001,S001_O00234,FUTURE_TIMESTAMP,2026-06-03T17:42:56.835Z,,,,,,,,,,,,
20260603,C0211,2026-06-03T17:38:59.027416,O00236,Completed,2026-06-03T20:01:23.176Z,UPI,orders_S001_20260603.json,ST006,S001,S001_O00236,FUTURE_TIMESTAMP,2026-06-03T17:42:56.835Z,,,,,,,,,,,,
20260603,C0470,2026-06-03T17:38:59.027416,O00237,Completed,2026-06-03T21:08:39.176Z,UPI,orders_S001_20260603.json,ST002,S001,S001_O00237,FUTURE_TIMESTAMP,2026-06-03T17:42:56.835Z,,,,,,,,,,,,
20260603,C0189,2026-06-03T17:38:59.027416,O00238,Completed,2026-06-03T21:46:30.176Z,UPI,orders_S001_20260603.json,ST013,S001,S001_O00238,FUTURE_TIMESTAMP,2026-06-03T17:42:56.835Z,,,,,,,,,,,,
20260603,C0280,2026-06-03T17:38:59.027416,O00239,Completed,2026-06-03T19:08:20.176Z,UPI,orders_S001_20260603.json,ST008,S001,S001_O00239,FUTURE_TIMESTAMP,2026-06-03T17:42:56.835Z,,,,,,,,,,,,
20260603,C0426,2026-06-03T17:38:59.027416,O00240,Completed,2026-06-03T19:08:56.176Z,Cash,orders_S001_20260603.json,ST009,S001,S001_O00240,FUTURE_TIMESTAMP,2026-06-03T17:42:56.835Z,,,,,,,,,,,,
20260603,C0033,2026-06-03T17:38:59.027416,O00244,Completed,2026-06-03T19:35:17.176Z,Cash,orders_S001_20260603.json,ST005,S001,S001_O00244,FUTURE_TIMESTAMP,2026-06-03T17:42:56.835Z,,,,,,,,,,,,
20260603,C0251,2026-06-03T17:38:59.027416,O00246,Completed,2026-06-03T19:46:57.176Z,Card,orders_S001_20260603.json,ST014,S001,S001_O00246,FUTURE_TIMESTAMP,2026-06-03T17:42:56.835Z,,,,,,,,,,,,
20260603,C0076,2026-06-03T17:38:59.027416,O00249,Completed,2026-06-03T18:40:34.176Z,UPI,orders_S001_20260603.json,ST005,S001,S001_O00249,FUTURE_TIMESTAMP,2026-06-03T17:42:56.835Z,,,,,,,,,,,,
20260603,C0078,2026-06-03T17:38:59.027416,O00250,Completed,2026-06-03T20:43:25.176Z,Cash,orders_S001_20260603.json,ST002,S001,S001_O00250,FUTURE_TIMESTAMP,2026-06-03T17:42:56.835Z,,,,,,,,,,,,
20260603,C0352,2026-06-03T17:38:59.027416,O00252,Completed,2026-06-03T17:45:20.176Z,UPI,orders_S001_20260603.json,ST014,S001,S001_O00252,FUTURE_TIMESTAMP,2026-06-03T17:42:56.835Z,,,,,,,,,,,,
20260603,C0180,2026-06-03T17:38:59.027416,O00253,Completed,2026-06-03T18:48:23.176Z,UPI,orders_S001_20260603.json,ST002,S001,S001_O00253,FUTURE_TIMESTAMP,2026-06-03T17:42:56.835Z,,,,,,,,,,,,
20260603,C0065,2026-06-03T17:38:59.027416,O00254,Completed,2026-06-03T18:17:28.176Z,UPI,orders_S001_20260603.json,ST002,S001,S001_O00254,FUTURE_TIMESTAMP,2026-06-03T17:42:56.835Z,,,,,,,,,,,,
20260603,C0110,2026-06-03T17:38:59.027416,O00255,Completed,2026-06-03T21:55:39.176Z,Card,orders_S001_20260603.json,ST014,S001,S001_O00255,FUTURE_TIMESTAMP,2026-06-03T17:42:56.835Z,,,,,,,,,,,,
20260603,C0342,2026-06-03T17:38:59.027416,O00256,Completed,2026-06-03T20:59:36.176Z,Cash,orders_S001_20260603.json,ST004,S001,S001_O00256,FUTURE_TIMESTAMP,2026-06-03T17:42:56.835Z,,,,,,,,,,,,
20260603,C0168,2026-06-03T17:38:59.027416,O00257,Completed,2026-06-03T18:32:29.176Z,UPI,orders_S001_20260603.json,ST005,S001,S001_O00257,FUTURE_TIMESTAMP,2026-06-03T17:42:56.835Z,,,,,,,,,,,,
20260603,C0003,2026-06-03T17:38:59.027416,O00260,Completed,2026-06-03T19:18:34.176Z,UPI,orders_S001_20260603.json,ST002,S001,S001_O00260,FUTURE_TIMESTAMP,2026-06-03T17:42:56.835Z,,,,,,,,,,,,
20260603,,2026-06-03T17:38:59.027416,O00261,Completed,2026-06-03T20:46:23.176Z,UPI,orders_S001_20260603.json,ST006,S001,S001_O00261,MISSING_CUSTOMER_ID,2026-06-03T17:42:56.835Z,,,,,,,,,,,,
20260603,C0074,2026-06-03T17:38:59.027416,O00263,Completed,2026-06-03T18:48:35.176Z,Cash,orders_S001_20260603.json,ST010,S001,S001_O00263,FUTURE_TIMESTAMP,2026-06-03T17:42:56.835Z,,,,,,,,,,,,
20260603,C0332,2026-06-03T17:38:59.027416,O00269,Completed,2026-06-03T20:34:31.176Z,UPI,orders_S001_20260603.json,ST005,S001,S001_O00269,FUTURE_TIMESTAMP,2026-06-03T17:42:56.835Z,,,,,,,,,,,,
20260603,C0316,2026-06-03T17:38:59.027416,O00271,Completed,2026-06-03T20:46:55.176Z,Cash,orders_S001_20260603.json,ST001,S001,S001_O00271,FUTURE_TIMESTAMP,2026-06-03T17:42:56.835Z,,,,,,,,,,,,
20260603,C0045,2026-06-03T17:38:59.027416,O00273,Completed,2026-06-03T20:37:30.176Z,Cash,orders_S001_20260603.json,ST011,S001,S001_O00273,FUTURE_TIMESTAMP,2026-06-03T17:42:56.835Z,,,,,,,,,,,,
20260603,C0421,2026-06-03T17:38:59.027416,O00274,Completed,2026-06-03T20:24:09.176Z,UPI,orders_S001_20260603.json,ST004,S001,S001_O00274,FUTURE_TIMESTAMP,2026-06-03T17:42:56.835Z,,,,,,,,,,,,
20260603,C0005,2026-06-03T17:38:59.027416,O00275,Completed,2026-06-03T21:07:12.176Z,UPI,orders_S001_20260603.json,ST006,S001,S001_O00275,FUTURE_TIMESTAMP,2026-06-03T17:42:56.835Z,,,,,,,,,,,,
20260603,C0170,2026-06-03T17:38:59.027416,O00276,Completed,2026-06-03T18:13:26.176Z,Card,orders_S001_20260603.json,ST010,S001,S001_O00276,FUTURE_TIMESTAMP,2026-06-03T17:42:56.835Z,,,,,,,,,,,,
20260603,C0017,2026-06-03T17:38:59.027416,O00277,Completed,2026-06-03T20:47:46.176Z,Cash,orders_S001_20260603.json,ST003,S001,S001_O00277,FUTURE_TIMESTAMP,2026-06-03T17:42:56.835Z,,,,,,,,,,,,
20260603,C0188,2026-06-03T17:38:59.027416,O00278,Completed,2026-06-03T19:42:30.176Z,Card,orders_S001_20260603.json,ST006,S001,S001_O00278,FUTURE_TIMESTAMP,2026-06-03T17:42:56.835Z,,,,,,,,,,,,
20260603,C0205,2026-06-03T17:38:59.027416,O00279,Completed,2026-06-03T18:34:21.176Z,Cash,orders_S001_20260603.json,ST011,S001,S001_O00279,FUTURE_TIMESTAMP,2026-06-03T17:42:56.835Z,,,,,,,,,,,,
20260603,C0320,2026-06-03T17:38:59.027416,O00280,Completed,2026-06-03T20:41:51.176Z,UPI,orders_S001_20260603.json,ST010,S001,S001_O00280,FUTURE_TIMESTAMP,2026-06-03T17:42:56.835Z,,,,,,,,,,,,
20260603,C0079,2026-06-03T17:38:59.027416,O00281,Completed,2026-06-03T21:17:35.176Z,Cash,orders_S001_20260603.json,ST005,S001,S001_O00281,FUTURE_TIMESTAMP,2026-06-03T17:42:56.835Z,,,,,,,,,,,,
20260603,C0160,2026-06-03T17:38:59.027416,O00282,Completed,2026-06-03T19:44:45.176Z,UPI,orders_S001_20260603.json,ST008,S001,S001_O00282,FUTURE_TIMESTAMP,2026-06-03T17:42:56.835Z,,,,,,,,,,,,
20260603,C0072,2026-06-03T17:38:59.027416,O00283,Completed,2026-06-03T21:50:46.176Z,Cash,orders_S001_20260603.json,ST002,S001,S001_O00283,FUTURE_TIMESTAMP,2026-06-03T17:42:56.835Z,,,,,,,,,,,,
20260603,C0418,2026-06-03T17:38:59.027416,O00284,Completed,2026-06-03T19:57:25.176Z,Card,orders_S001_20260603.json,ST013,S001,S001_O00284,FUTURE_TIMESTAMP,2026-06-03T17:42:56.835Z,,,,,,,,,,,,
20260603,C0029,2026-06-03T17:38:59.027416,O00287,Completed,2026-06-03T19:17:08.176Z,Cash,orders_S001_20260603.json,ST012,S001,S001_O00287,FUTURE_TIMESTAMP,2026-06-03T17:42:56.835Z,,,,,,,,,,,,
20260603,C0053,2026-06-03T17:38:59.027416,O00291,Completed,2026-06-03T20:30:41.176Z,UPI,orders_S001_20260603.json,ST005,S001,S001_O00291,FUTURE_TIMESTAMP,2026-06-03T17:42:56.835Z,,,,,,,,,,,,
20260603,C0024,2026-06-03T17:38:59.027416,O00292,Completed,2026-06-03T19:58:49.176Z,UPI,orders_S001_20260603.json,ST010,S001,S001_O00292,FUTURE_TIMESTAMP,2026-06-03T17:42:56.835Z,,,,,,,,,,,,
20260603,C0010,2026-06-03T17:38:59.027416,O00293,Completed,2026-06-03T20:54:59.176Z,UPI,orders_S001_20260603.json,ST015,S001,S001_O00293,FUTURE_TIMESTAMP,2026-06-03T17:42:56.835Z,,,,,,,,,,,,
20260603,C0497,2026-06-03T17:38:59.027416,O00294,Completed,2026-06-03T20:11:59.176Z,UPI,orders_S001_20260603.json,ST014,S001,S001_O00294,FUTURE_TIMESTAMP,2026-06-03T17:42:56.835Z,,,,,,,,,,,,
20260603,C0531,2026-06-03T17:38:59.027416,O00295,Completed,2026-06-03T18:59:47.176Z,UPI,orders_S001_20260603.json,ST015,S001,S001_O00295,FUTURE_TIMESTAMP,2026-06-03T17:42:56.835Z,,,,,,,,,,,,
20260603,C0051,2026-06-03T17:38:59.027416,O00298,Completed,2026-06-03T20:29:17.176Z,UPI,orders_S001_20260603.json,ST002,S001,S001_O00298,FUTURE_TIMESTAMP,2026-06-03T17:42:56.835Z,,,,,,,,,,,,
20260603,C0340,2026-06-03T17:38:59.027416,O00299,Completed,2026-06-03T20:41:16.176Z,Cash,orders_S001_20260603.json,ST001,S001,S001_O00299,FUTURE_TIMESTAMP,2026-06-03T17:42:56.835Z,,,,,,,,,,,,
20260603,C0370,2026-06-03T17:38:59.027416,O00300,Completed,2026-06-03T20:36:43.176Z,Cash,orders_S001_20260603.json,ST003,S001,S001_O00300,FUTURE_TIMESTAMP,2026-06-03T17:42:56.835Z,,,,,,,,,,,,
20260603,C0112,2026-06-03T17:38:59.027416,O00301,Completed,2026-06-03T19:25:52.176Z,UPI,orders_S001_20260603.json,ST006,S001,S001_O00301,FUTURE_TIMESTAMP,2026-06-03T17:42:56.835Z,,,,,,,,,,,,
20260603,C0151,2026-06-03T17:38:59.027416,O00302,Completed,2026-06-03T19:11:08.176Z,UPI,orders_S001_20260603.json,ST015,S001,S001_O00302,FUTURE_TIMESTAMP,2026-06-03T17:42:56.835Z,,,,,,,,,,,,
20260603,C0289,2026-06-03T17:38:59.027416,O00304,Completed,2026-06-03T20:00:16.176Z,UPI,orders_S001_20260603.json,ST012,S001,S001_O00304,FUTURE_TIMESTAMP,2026-06-03T17:42:56.835Z,,,,,,,,,,,,
20260603,C0042,2026-06-03T17:38:59.027416,O00305,Completed,2026-06-03T19:29:19.176Z,Cash,orders_S001_20260603.json,ST011,S001,S001_O00305,FUTURE_TIMESTAMP,2026-06-03T17:42:56.835Z,,,,,,,,,,,,
20260603,C0082,2026-06-03T17:38:59.027416,O00306,Completed,2026-06-03T20:45:49.176Z,Cash,orders_S001_20260603.json,ST002,S001,S001_O00306,FUTURE_TIMESTAMP,2026-06-03T17:42:56.835Z,,,,,,,,,,,,
20260603,C0058,2026-06-03T17:38:59.027416,O00307,Completed,2026-06-03T21:23:39.176Z,UPI,orders_S001_20260603.json,ST003,S001,S001_O00307,FUTURE_TIMESTAMP,2026-06-03T17:42:56.835Z,,,,,,,,,,,,
20260603,C0109,2026-06-03T17:38:59.027416,O00308,Completed,2026-06-03T18:38:23.176Z,Card,orders_S001_20260603.json,ST009,S001,S001_O00308,FUTURE_TIMESTAMP,2026-06-03T17:42:56.835Z,,,,,,,,,,,,
20260603,C0424,2026-06-03T17:38:59.027416,O00309,Completed,2026-06-03T20:51:42.176Z,UPI,orders_S001_20260603.json,ST013,S001,S001_O00309,FUTURE_TIMESTAMP,2026-06-03T17:42:56.835Z,,,,,,,,,,,,
20260603,C0022,2026-06-03T17:38:59.027416,O00310,Completed,2026-06-03T20:55:50.176Z,Cash,orders_S001_20260603.json,ST008,S001,S001_O00310,FUTURE_TIMESTAMP,2026-06-03T17:42:56.835Z,,,,,,,,,,,,
20260603,C0030,2026-06-03T17:38:59.027416,O00311,Completed,2026-06-03T17:58:36.176Z,Cash,orders_S001_20260603.json,ST014,S001,S001_O00311,FUTURE_TIMESTAMP,2026-06-03T17:42:56.835Z,,,,,,,,,,,,
20260603,C0040,2026-06-03T17:38:59.027416,O00312,Completed,2026-06-03T18:36:34.176Z,Card,orders_S001_20260603.json,ST006,S001,S001_O00312,FUTURE_TIMESTAMP,2026-06-03T17:42:56.835Z,,,,,,,,,,,,
20260603,C0339,2026-06-03T17:38:59.027416,O00313,Completed,2026-06-03T18:43:13.176Z,UPI,orders_S001_20260603.json,ST008,S001,S001_O00313,FUTURE_TIMESTAMP,2026-06-03T17:42:56.835Z,,,,,,,,,,,,
20260603,C0132,2026-06-03T17:38:59.027416,O00314,Completed,2026-06-03T18:51:03.176Z,UPI,orders_S001_20260603.json,ST009,S001,S001_O00314,FUTURE_TIMESTAMP,2026-06-03T17:42:56.835Z,,,,,,,,,,,,
20260603,C0304,2026-06-03T17:38:59.027416,O00315,Completed,2026-06-03T19:35:29.176Z,Cash,orders_S001_20260603.json,ST005,S001,S001_O00315,FUTURE_TIMESTAMP,2026-06-03T17:42:56.835Z,,,,,,,,,,,,
20260603,C0361,2026-06-03T17:38:59.027416,O00316,Completed,2026-06-03T18:52:00.176Z,UPI,orders_S001_20260603.json,ST010,S001,S001_O00316,FUTURE_TIMESTAMP,2026-06-03T17:42:56.835Z,,,,,,,,,,,,
20260603,C0201,2026-06-03T17:38:59.027416,O00317,Completed,2026-06-03T18:44:04.176Z,Card,orders_S001_20260603.json,ST001,S001,S001_O00317,FUTURE_TIMESTAMP,2026-06-03T17:42:56.835Z,,,,,,,,,,,,
20260603,,2026-06-03T17:38:59.027416,O00320,Completed,2026-06-03T20:28:55.176Z,UPI,orders_S001_20260603.json,ST007,S001,S001_O00320,MISSING_CUSTOMER_ID,2026-06-03T17:42:56.835Z,,,,,,,,,,,,
20260603,C0199,2026-06-03T17:38:59.027416,O00321,Completed,2026-06-03T19:42:55.176Z,Card,orders_S001_20260603.json,ST011,S001,S001_O00321,FUTURE_TIMESTAMP,2026-06-03T17:42:56.835Z,,,,,,,,,,,,
20260603,C0544,2026-06-03T17:38:59.027416,O00323,Completed,2026-06-03T20:48:01.176Z,Cash,orders_S001_20260603.json,ST008,S001,S001_O00323,FUTURE_TIMESTAMP,2026-06-03T17:42:56.835Z,,,,,,,,,,,,
20260603,C0422,2026-06-03T17:38:59.027416,O00324,Completed,2026-06-03T19:34:24.176Z,UPI,orders_S001_20260603.json,ST004,S001,S001_O00324,FUTURE_TIMESTAMP,2026-06-03T17:42:56.835Z,,,,,,,,,,,,
20260603,C0377,2026-06-03T17:38:59.027416,O00326,Completed,2026-06-03T20:26:39.176Z,Crypto,orders_S001_20260603.json,ST015,S001,S001_O00326,INVALID_PAYMENT_MODE: Crypto,2026-06-03T17:42:56.835Z,,,,,,,,,,,,
20260603,C0357,2026-06-03T17:38:59.027416,O00328,Completed,2026-06-03T19:03:15.176Z,UPI,orders_S001_20260603.json,ST007,S001,S001_O00328,FUTURE_TIMESTAMP,2026-06-03T17:42:56.835Z,,,,,,,,,,,,
20260603,C0385,2026-06-03T17:38:59.027416,O00329,Completed,2026-06-03T19:48:55.176Z,Cash,orders_S001_20260603.json,ST003,S001,S001_O00329,FUTURE_TIMESTAMP,2026-06-03T17:42:56.835Z,,,,,,,,,,,,
20260603,C0062,2026-06-03T17:38:59.027416,O00331,Completed,2026-06-03T20:52:20.176Z,UPI,orders_S001_20260603.json,ST015,S001,S001_O00331,FUTURE_TIMESTAMP,2026-06-03T17:42:56.835Z,,,,,,,,,,,,
20260603,C0079,2026-06-03T17:38:59.027416,O00332,Completed,2026-06-03T19:14:26.176Z,Cash,orders_S001_20260603.json,ST001,S001,S001_O00332,FUTURE_TIMESTAMP,2026-06-03T17:42:56.835Z,,,,,,,,,,,,
20260603,C0046,2026-06-03T17:38:59.027416,O00333,Completed,2026-06-03T19:47:58.176Z,UPI,orders_S001_20260603.json,ST011,S001,S001_O00333,FUTURE_TIMESTAMP,2026-06-03T17:42:56.835Z,,,,,,,,,,,,
20260603,C0303,2026-06-03T17:38:59.027416,O00334,Completed,2026-06-03T18:22:41.176Z,Cash,orders_S001_20260603.json,ST013,S001,S001_O00334,FUTURE_TIMESTAMP,2026-06-03T17:42:56.835Z,,,,,,,,,,,,
20260603,C0079,2026-06-03T17:38:59.027416,O00335,Completed,2026-06-03T19:26:09.176Z,Cash,orders_S001_20260603.json,ST003,S001,S001_O00335,FUTURE_TIMESTAMP,2026-06-03T17:42:56.835Z,,,,,,,,,,,,
20260603,C0079,2026-06-03T17:38:59.027416,O00336,Completed,2026-06-03T18:54:14.176Z,UPI,orders_S001_20260603.json,ST012,S001,S001_O00336,FUTURE_TIMESTAMP,2026-06-03T17:42:56.835Z,,,,,,,,,,,,
20260603,C0108,2026-06-03T17:38:59.027416,O00337,Completed,2026-06-03T18:03:35.176Z,Cash,orders_S001_20260603.json,ST007,S001,S001_O00337,FUTURE_TIMESTAMP,2026-06-03T17:42:56.835Z,,,,,,,,,,,,
20260603,C0196,2026-06-03T17:38:59.027416,O00339,Completed,2026-06-03T18:23:05.176Z,UPI,orders_S001_20260603.json,ST014,S001,S001_O00339,FUTURE_TIMESTAMP,2026-06-03T17:42:56.835Z,,,,,,,,,,,,
20260603,C0303,2026-06-03T17:38:59.027416,O00341,Completed,2026-06-03T20:37:46.176Z,UPI,orders_S001_20260603.json,ST004,S001,S001_O00341,FUTURE_TIMESTAMP,2026-06-03T17:42:56.835Z,,,,,,,,,,,,
20260603,C0527,2026-06-03T17:38:59.027416,O00342,Completed,2026-06-03T20:21:19.176Z,UPI,orders_S001_20260603.json,ST001,S001,S001_O00342,FUTURE_TIMESTAMP,2026-06-03T17:42:56.835Z,,,,,,,,,,,,
20260603,C0084,2026-06-03T17:38:59.027416,O00347,Completed,2026-06-03T20:48:53.176Z,UPI,orders_S001_20260603.json,ST004,S001,S001_O00347,FUTURE_TIMESTAMP,2026-06-03T17:42:56.835Z,,,,,,,,,,,,
20260603,C0058,2026-06-03T17:38:59.027416,O00348,Completed,2026-06-03T18:36:55.176Z,UPI,orders_S001_20260603.json,ST003,S001,S001_O00348,FUTURE_TIMESTAMP,2026-06-03T17:42:56.835Z,,,,,,,,,,,,
20260603,C0341,2026-06-03T17:38:59.027416,O00349,Completed,2026-06-03T19:37:37.176Z,UPI,orders_S001_20260603.json,ST005,S001,S001_O00349,FUTURE_TIMESTAMP,2026-06-03T17:42:56.835Z,,,,,,,,,,,,
20260603,C0375,2026-06-03T17:38:59.027416,O00351,Completed,2026-06-03T21:21:16.176Z,Card,orders_S001_20260603.json,ST008,S001,S001_O00351,FUTURE_TIMESTAMP,2026-06-03T17:42:56.835Z,,,,,,,,,,,,
20260603,C0044,2026-06-03T17:38:59.027416,O00352,Completed,2026-06-03T19:31:29.176Z,UPI,orders_S001_20260603.json,ST013,S001,S001_O00352,FUTURE_TIMESTAMP,2026-06-03T17:42:56.835Z,,,,,,,,,,,,
20260603,C0009,2026-06-03T17:38:59.027416,O00354,Completed,2026-06-03T19:03:33.176Z,UPI,orders_S001_20260603.json,ST014,S001,S001_O00354,FUTURE_TIMESTAMP,2026-06-03T17:42:56.835Z,,,,,,,,,,,,
20260603,C0002,2026-06-03T17:38:59.027416,O00355,Completed,2026-06-03T20:03:48.176Z,Card,orders_S001_20260603.json,ST003,S001,S001_O00355,FUTURE_TIMESTAMP,2026-06-03T17:42:56.835Z,,,,,,,,,,,,
20260603,C0003,2026-06-03T17:38:59.027416,O00356,Completed,2027-06-03T15:45:09.176Z,UPI,orders_S001_20260603.json,ST009,S001,S001_O00356,FUTURE_TIMESTAMP,2026-06-03T17:42:56.835Z,,,,,,,,,,,,
20260603,C0209,2026-06-03T17:38:59.027416,O00358,Completed,2026-06-03T18:00:34.176Z,UPI,orders_S001_20260603.json,ST001,S001,S001_O00358,FUTURE_TIMESTAMP,2026-06-03T17:42:56.835Z,,,,,,,,,,,,
20260603,C0005,2026-06-03T17:38:59.027416,O00359,Completed,2026-06-03T20:34:18.176Z,Cash,orders_S001_20260603.json,ST014,S001,S001_O00359,FUTURE_TIMESTAMP,2026-06-03T17:42:56.835Z,,,,,,,,,,,,
20260603,C0028,2026-06-03T17:38:59.027416,O00360,Completed,2026-06-03T18:58:11.176Z,Cash,orders_S001_20260603.json,ST002,S001,S001_O00360,FUTURE_TIMESTAMP,2026-06-03T17:42:56.835Z,,,,,,,,,,,,
20260603,C0136,2026-06-03T17:38:59.027416,O00362,Completed,2026-06-03T18:23:25.176Z,Card,orders_S001_20260603.json,ST004,S001,S001_O00362,FUTURE_TIMESTAMP,2026-06-03T17:42:56.835Z,,,,,,,,,,,,
20260603,C0106,2026-06-03T17:38:59.027416,O00364,Completed,2026-06-03T19:02:05.176Z,Cash,orders_S001_20260603.json,ST007,S001,S001_O00364,FUTURE_TIMESTAMP,2026-06-03T17:42:56.835Z,,,,,,,,,,,,
20260603,C0543,2026-06-03T17:38:59.027416,O00366,Completed,2026-06-03T19:21:36.176Z,Card,orders_S001_20260603.json,ST002,S001,S001_O00366,FUTURE_TIMESTAMP,2026-06-03T17:42:56.835Z,,,,,,,,,,,,
20260603,C0483,2026-06-03T17:38:59.027416,O00367,Completed,2026-06-03T21:14:13.176Z,Card,orders_S001_20260603.json,ST012,S001,S001_O00367,FUTURE_TIMESTAMP,2026-06-03T17:42:56.835Z,,,,,,,,,,,,
20260603,C0020,2026-06-03T17:38:59.027416,O00368,Completed,2026-06-03T18:02:59.176Z,UPI,orders_S001_20260603.json,ST015,S001,S001_O00368,FUTURE_TIMESTAMP,2026-06-03T17:42:56.835Z,,,,,,,,,,,,
20260603,C0047,2026-06-03T17:38:59.027416,O00369,Completed,2026-06-03T19:42:02.176Z,UPI,orders_S001_20260603.json,ST014,S001,S001_O00369,FUTURE_TIMESTAMP,2026-06-03T17:42:56.835Z,,,,,,,,,,,,
20260603,C0366,2026-06-03T17:38:59.027416,O00370,Completed,2026-06-03T21:37:09.176Z,Card,orders_S001_20260603.json,ST012,S001,S001_O00370,FUTURE_TIMESTAMP,2026-06-03T17:42:56.835Z,,,,,,,,,,,,
20260603,C0219,2026-06-03T17:38:59.027416,O00371,Completed,2026-06-03T21:19:10.176Z,Card,orders_S001_20260603.json,ST010,S001,S001_O00371,FUTURE_TIMESTAMP,2026-06-03T17:42:56.835Z,,,,,,,,,,,,
20260603,C0087,2026-06-03T17:38:59.027416,O00372,Completed,2026-06-03T18:57:34.176Z,Crypto,orders_S001_20260603.json,ST013,S001,S001_O00372,INVALID_PAYMENT_MODE: Crypto,2026-06-03T17:42:56.835Z,,,,,,,,,,,,
20260603,C0021,2026-06-03T17:38:59.027416,O00373,Completed,2026-06-03T20:44:46.176Z,Card,orders_S001_20260603.json,ST012,S001,S001_O00373,FUTURE_TIMESTAMP,2026-06-03T17:42:56.835Z,,,,,,,,,,,,
20260603,C0536,2026-06-03T17:38:59.027416,O00375,Completed,2026-06-03T19:38:25.176Z,UPI,orders_S001_20260603.json,ST006,S001,S001_O00375,FUTURE_TIMESTAMP,2026-06-03T17:42:56.835Z,,,,,,,,,,,,
20260603,C0294,2026-06-03T17:38:59.027416,O00377,Completed,2026-06-03T18:43:37.176Z,Cash,orders_S001_20260603.json,ST002,S001,S001_O00377,FUTURE_TIMESTAMP,2026-06-03T17:42:56.835Z,,,,,,,,,,,,
20260603,C0356,2026-06-03T17:38:59.027416,O00379,Completed,2026-06-03T19:40:09.176Z,UPI,orders_S001_20260603.json,ST006,S001,S001_O00379,FUTURE_TIMESTAMP,2026-06-03T17:42:56.835Z,,,,,,,,,,,,
20260603,C0109,2026-06-03T17:38:59.027416,O00383,Completed,2026-06-03T20:00:18.176Z,UPI,orders_S001_20260603.json,ST013,S001,S001_O00383,FUTURE_TIMESTAMP,2026-06-03T17:42:56.835Z,,,,,,,,,,,,
20260603,C0225,2026-06-03T17:38:59.027416,O00384,Completed,2026-06-03T21:57:15.176Z,Cash,orders_S001_20260603.json,ST003,S001,S001_O00384,FUTURE_TIMESTAMP,2026-06-03T17:42:56.835Z,,,,,,,,,,,,
20260603,C0156,2026-06-03T17:38:59.027416,O00386,Completed,2026-06-03T18:26:19.176Z,UPI,orders_S001_20260603.json,ST002,S001,S001_O00386,FUTURE_TIMESTAMP,2026-06-03T17:42:56.835Z,,,,,,,,,,,,
20260603,C0165,2026-06-03T17:38:59.027416,O00387,Completed,2026-06-03T21:46:40.176Z,UPI,orders_S001_20260603.json,ST010,S001,S001_O00387,FUTURE_TIMESTAMP,2026-06-03T17:42:56.835Z,,,,,,,,,,,,
20260603,C0122,2026-06-03T17:38:59.027416,O00389,Completed,2026-06-03T18:55:21.176Z,Card,orders_S001_20260603.json,ST007,S001,S001_O00389,FUTURE_TIMESTAMP,2026-06-03T17:42:56.835Z,,,,,,,,,,,,
20260603,C0079,2026-06-03T17:38:59.027416,O00390,Completed,2026-06-03T20:38:08.176Z,Card,orders_S001_20260603.json,ST010,S001,S001_O00390,FUTURE_TIMESTAMP,2026-06-03T17:42:56.835Z,,,,,,,,,,,,
20260603,C0390,2026-06-03T17:38:59.027416,O00392,Completed,2026-06-03T19:31:36.176Z,UPI,orders_S001_20260603.json,ST006,S001,S001_O00392,FUTURE_TIMESTAMP,2026-06-03T17:42:56.835Z,,,,,,,,,,,,
20260603,C0030,2026-06-03T17:38:59.027416,O00393,Completed,2026-06-03T20:25:23.176Z,UPI,orders_S001_20260603.json,ST010,S001,S001_O00393,FUTURE_TIMESTAMP,2026-06-03T17:42:56.835Z,,,,,,,,,,,,
20260603,C0378,2026-06-03T17:38:59.027416,O00394,Completed,2026-06-03T21:11:43.176Z,Card,orders_S001_20260603.json,ST001,S001,S001_O00394,FUTURE_TIMESTAMP,2026-06-03T17:42:56.835Z,,,,,,,,,,,,
20260603,C0120,2026-06-03T17:38:59.027416,O00395,Completed,2026-06-03T18:45:13.176Z,Card,orders_S001_20260603.json,ST005,S001,S001_O00395,FUTURE_TIMESTAMP,2026-06-03T17:42:56.835Z,,,,,,,,,,,,
20260603,C0293,2026-06-03T17:38:59.027416,O00397,Completed,2026-06-03T19:15:16.176Z,UPI,orders_S001_20260603.json,ST012,S001,S001_O00397,FUTURE_TIMESTAMP,2026-06-03T17:42:56.835Z,,,,,,,,,,,,
20260603,C0152,2026-06-03T17:38:59.027416,O00398,Completed,2026-06-03T18:28:38.176Z,Cash,orders_S001_20260603.json,ST007,S001,S001_O00398,FUTURE_TIMESTAMP,2026-06-03T17:42:56.835Z,,,,,,,,,,,,
20260603,C0110,2026-06-03T17:38:59.027416,O00399,Completed,2026-06-03T21:55:44.176Z,Cash,orders_S001_20260603.json,ST001,S001,S001_O00399,FUTURE_TIMESTAMP,2026-06-03T17:42:56.835Z,,,,,,,,,,,,
20260603,C0197,2026-06-03T17:38:59.027416,O00400,Completed,2026-06-03T17:57:51.176Z,Card,orders_S001_20260603.json,ST011,S001,S001_O00400,FUTURE_TIMESTAMP,2026-06-03T17:42:56.835Z,,,,,,,,,,,,
20260603,C0026,2026-06-03T17:38:59.027416,O00403,Completed,2026-06-03T20:06:00.176Z,Cash,orders_S001_20260603.json,ST004,S001,S001_O00403,FUTURE_TIMESTAMP,2026-06-03T17:42:56.835Z,,,,,,,,,,,,
20260603,C0227,2026-06-03T17:38:59.027416,O00404,Completed,2026-06-03T19:37:44.176Z,UPI,orders_S001_20260603.json,ST008,S001,S001_O00404,FUTURE_TIMESTAMP,2026-06-03T17:42:56.835Z,,,,,,,,,,,,
20260603,C0318,2026-06-03T17:38:59.027416,O00405,Completed,2026-06-03T18:43:37.176Z,UPI,orders_S001_20260603.json,ST003,S001,S001_O00405,FUTURE_TIMESTAMP,2026-06-03T17:42:56.835Z,,,,,,,,,,,,
20260603,C0082,2026-06-03T17:38:59.027416,O00407,Completed,2026-06-03T21:09:22.176Z,Cash,orders_S001_20260603.json,ST008,S001,S001_O00407,FUTURE_TIMESTAMP,2026-06-03T17:42:56.835Z,,,,,,,,,,,,
20260603,C0026,2026-06-03T17:38:59.027416,O00408,Completed,2026-06-03T19:22:30.176Z,Cash,orders_S001_20260603.json,ST012,S001,S001_O00408,FUTURE_TIMESTAMP,2026-06-03T17:42:56.835Z,,,,,,,,,,,,
20260603,C0270,2026-06-03T17:38:59.027416,O00412,Completed,2026-06-03T18:51:25.176Z,Cash,orders_S001_20260603.json,ST003,S001,S001_O00412,FUTURE_TIMESTAMP,2026-06-03T17:42:56.835Z,,,,,,,,,,,,
20260603,C0258,2026-06-03T17:38:59.027416,O00413,Completed,2026-06-03T18:01:47.176Z,UPI,orders_S001_20260603.json,ST004,S001,S001_O00413,FUTURE_TIMESTAMP,2026-06-03T17:42:56.835Z,,,,,,,,,,,,
20260603,C0057,2026-06-03T17:38:59.027416,O00414,Completed,2026-06-03T18:00:45.176Z,Cash,orders_S001_20260603.json,ST005,S001,S001_O00414,FUTURE_TIMESTAMP,2026-06-03T17:42:56.835Z,,,,,,,,,,,,
20260603,C0027,2026-06-03T17:38:59.027416,O00415,Completed,2026-06-03T20:04:36.176Z,Cash,orders_S001_20260603.json,ST014,S001,S001_O00415,FUTURE_TIMESTAMP,2026-06-03T17:42:56.835Z,,,,,,,,,,,,
20260603,C0245,2026-06-03T17:38:59.027416,O00417,Completed,2026-06-03T19:40:20.176Z,UPI,orders_S001_20260603.json,ST010,S001,S001_O00417,FUTURE_TIMESTAMP,2026-06-03T17:42:56.835Z,,,,,,,,,,,,
20260603,C0258,2026-06-03T17:38:59.027416,O00419,Completed,2026-06-03T19:19:58.176Z,Cash,orders_S001_20260603.json,ST002,S001,S001_O00419,FUTURE_TIMESTAMP,2026-06-03T17:42:56.835Z,,,,,,,,,,,,
20260603,C0037,2026-06-03T17:38:59.027416,O00421,Completed,2026-06-03T18:26:38.176Z,UPI,orders_S001_20260603.json,ST007,S001,S001_O00421,FUTURE_TIMESTAMP,2026-06-03T17:42:56.835Z,,,,,,,,,,,,
20260603,C0497,2026-06-03T17:38:59.027416,O00422,Completed,2026-06-03T18:34:44.176Z,Card,orders_S001_20260603.json,ST015,S001,S001_O00422,FUTURE_TIMESTAMP,2026-06-03T17:42:56.835Z,,,,,,,,,,,,
20260603,C0037,2026-06-03T17:38:59.027416,O00423,Completed,2026-06-03T19:31:18.176Z,Card,orders_S001_20260603.json,ST006,S001,S001_O00423,FUTURE_TIMESTAMP,2026-06-03T17:42:56.835Z,,,,,,,,,,,,
20260603,C0523,2026-06-03T17:38:59.027416,O00424,Completed,2026-06-03T19:55:22.176Z,UPI,orders_S001_20260603.json,ST008,S001,S001_O00424,FUTURE_TIMESTAMP,2026-06-03T17:42:56.835Z,,,,,,,,,,,,
20260603,C0289,2026-06-03T17:38:59.027416,O00425,Completed,2026-06-03T20:35:32.176Z,Cash,orders_S001_20260603.json,ST007,S001,S001_O00425,FUTURE_TIMESTAMP,2026-06-03T17:42:56.835Z,,,,,,,,,,,,
20260603,C0160,2026-06-03T17:38:59.027416,O00426,Completed,2026-06-03T18:53:28.176Z,Cash,orders_S001_20260603.json,ST002,S001,S001_O00426,FUTURE_TIMESTAMP,2026-06-03T17:42:56.835Z,,,,,,,,,,,,
20260603,C0009,2026-06-03T17:38:59.027416,O00427,Completed,2026-06-03T20:14:18.176Z,Cash,orders_S001_20260603.json,ST004,S001,S001_O00427,FUTURE_TIMESTAMP,2026-06-03T17:42:56.835Z,,,,,,,,,,,,
20260603,C0071,2026-06-03T17:38:59.027416,O00429,Completed,2026-06-03T18:36:07.176Z,Card,orders_S001_20260603.json,ST009,S001,S001_O00429,FUTURE_TIMESTAMP,2026-06-03T17:42:56.835Z,,,,,,,,,,,,
20260603,C0011,2026-06-03T17:38:59.027416,O00430,Completed,2026-06-03T17:52:48.176Z,UPI,orders_S001_20260603.json,ST012,S001,S001_O00430,FUTURE_TIMESTAMP,2026-06-03T17:42:56.835Z,,,,,,,,,,,,
20260603,C0413,2026-06-03T17:38:59.027416,O00433,Completed,2026-06-03T18:07:49.176Z,Card,orders_S001_20260603.json,ST004,S001,S001_O00433,FUTURE_TIMESTAMP,2026-06-03T17:42:56.835Z,,,,,,,,,,,,
20260603,C0334,2026-06-03T17:38:59.027416,O00434,Completed,2026-06-03T19:22:55.176Z,UPI,orders_S001_20260603.json,ST011,S001,S001_O00434,FUTURE_TIMESTAMP,2026-06-03T17:42:56.835Z,,,,,,,,,,,,
20260603,C0414,2026-06-03T17:38:59.027416,O00435,Completed,2026-06-03T19:50:13.176Z,UPI,orders_S001_20260603.json,ST013,S001,S001_O00435,FUTURE_TIMESTAMP,2026-06-03T17:42:56.835Z,,,,,,,,,,,,
20260603,C0531,2026-06-03T17:38:59.027416,O00438,Completed,2026-06-03T19:06:08.176Z,UPI,orders_S001_20260603.json,ST013,S001,S001_O00438,FUTURE_TIMESTAMP,2026-06-03T17:42:56.835Z,,,,,,,,,,,,
20260603,C0272,2026-06-03T17:38:59.027416,O00441,Completed,2026-06-03T18:09:36.176Z,UPI,orders_S001_20260603.json,ST011,S001,S001_O00441,FUTURE_TIMESTAMP,2026-06-03T17:42:56.835Z,,,,,,,,,,,,
20260603,C0467,2026-06-03T17:38:59.027416,O00442,Completed,2026-06-03T18:40:50.176Z,UPI,orders_S001_20260603.json,ST002,S001,S001_O00442,FUTURE_TIMESTAMP,2026-06-03T17:42:56.835Z,,,,,,,,,,,,
20260603,C0464,2026-06-03T17:38:59.027416,O00443,Completed,2026-06-03T20:44:59.176Z,Card,orders_S001_20260603.json,ST008,S001,S001_O00443,FUTURE_TIMESTAMP,2026-06-03T17:42:56.835Z,,,,,,,,,,,,
20260603,C0323,2026-06-03T17:38:59.027416,O00445,Completed,2026-06-03T21:40:42.176Z,UPI,orders_S001_20260603.json,ST014,S001,S001_O00445,FUTURE_TIMESTAMP,2026-06-03T17:42:56.835Z,,,,,,,,,,,,
20260603,C0423,2026-06-03T17:38:59.027416,O00446,Completed,2026-06-03T19:13:27.176Z,UPI,orders_S001_20260603.json,ST008,S001,S001_O00446,FUTURE_TIMESTAMP,2026-06-03T17:42:56.835Z,,,,,,,,,,,,
20260603,C0230,2026-06-03T17:38:59.027416,O00447,Completed,2026-06-03T20:21:35.176Z,Card,orders_S001_20260603.json,ST010,S001,S001_O00447,FUTURE_TIMESTAMP,2026-06-03T17:42:56.835Z,,,,,,,,,,,,
20260603,C0374,2026-06-03T17:38:59.027416,O00448,Completed,2026-06-03T20:57:43.176Z,UPI,orders_S001_20260603.json,ST001,S001,S001_O00448,FUTURE_TIMESTAMP,2026-06-03T17:42:56.835Z,,,,,,,,,,,,
20260603,C0033,2026-06-03T17:38:59.027416,O00449,Completed,2026-06-03T20:29:01.176Z,UPI,orders_S001_20260603.json,ST014,S001,S001_O00449,FUTURE_TIMESTAMP,2026-06-03T17:42:56.835Z,,,,,,,,,,,,
20260603,C0557,2026-06-03T17:38:59.027416,O00450,Completed,2026-06-03T18:27:12.176Z,UPI,orders_S001_20260603.json,ST015,S001,S001_O00450,FUTURE_TIMESTAMP,2026-06-03T17:42:56.835Z,,,,,,,,,,,,
20260603,C0508,2026-06-03T17:38:59.027416,O00451,Completed,2026-06-03T19:10:55.176Z,UPI,orders_S001_20260603.json,ST005,S001,S001_O00451,FUTURE_TIMESTAMP,2026-06-03T17:42:56.835Z,,,,,,,,,,,,
20260603,C0297,2026-06-03T17:38:59.027416,O00452,Completed,2026-06-03T17:05:23.176Z,Crypto,orders_S001_20260603.json,ST011,S001,S001_O00452,INVALID_PAYMENT_MODE: Crypto,2026-06-03T17:42:56.835Z,,,,,,,,,,,,
20260603,C0325,2026-06-03T17:38:59.027416,O00453,Completed,2026-06-03T18:19:46.176Z,UPI,orders_S001_20260603.json,ST004,S001,S001_O00453,FUTURE_TIMESTAMP,2026-06-03T17:42:56.835Z,,,,,,,,,,,,
20260603,C0027,2026-06-03T17:38:59.027416,O00457,Completed,2026-06-03T18:46:51.176Z,UPI,orders_S001_20260603.json,ST006,S001,S001_O00457,FUTURE_TIMESTAMP,2026-06-03T17:42:56.835Z,,,,,,,,,,,,
20260603,C0192,2026-06-03T17:38:59.027416,O00459,Completed,2026-06-03T21:09:04.176Z,Cash,orders_S001_20260603.json,ST001,S001,S001_O00459,FUTURE_TIMESTAMP,2026-06-03T17:42:56.835Z,,,,,,,,,,,,
20260603,C0451,2026-06-03T17:38:59.027416,O00461,Completed,2026-06-03T18:43:28.176Z,Card,orders_S001_20260603.json,ST002,S001,S001_O00461,FUTURE_TIMESTAMP,2026-06-03T17:42:56.835Z,,,,,,,,,,,,
20260603,C0075,2026-06-03T17:38:59.027416,O00464,Completed,2026-06-03T19:46:38.176Z,UPI,orders_S001_20260603.json,ST012,S001,S001_O00464,FUTURE_TIMESTAMP,2026-06-03T17:42:56.835Z,,,,,,,,,,,,
20260603,C0054,2026-06-03T17:38:59.027416,O00465,Completed,2026-06-03T20:56:19.176Z,Crypto,orders_S001_20260603.json,ST010,S001,S001_O00465,INVALID_PAYMENT_MODE: Crypto,2026-06-03T17:42:56.835Z,,,,,,,,,,,,
20260603,C0015,2026-06-03T17:38:59.027416,O00466,Completed,2026-06-03T20:18:41.176Z,Cash,orders_S001_20260603.json,ST015,S001,S001_O00466,FUTURE_TIMESTAMP,2026-06-03T17:42:56.835Z,,,,,,,,,,,,
20260603,C0509,2026-06-03T17:38:59.027416,O00468,Completed,2026-06-03T19:00:23.176Z,UPI,orders_S001_20260603.json,ST003,S001,S001_O00468,FUTURE_TIMESTAMP,2026-06-03T17:42:56.835Z,,,,,,,,,,,,
20260603,C0205,2026-06-03T17:38:59.027416,O00469,Completed,2026-06-03T20:26:23.176Z,Cash,orders_S001_20260603.json,ST003,S001,S001_O00469,FUTURE_TIMESTAMP,2026-06-03T17:42:56.835Z,,,,,,,,,,,,
20260603,C0005,2026-06-03T17:38:59.027416,O00470,Completed,2026-06-03T21:49:04.176Z,UPI,orders_S001_20260603.json,ST002,S001,S001_O00470,FUTURE_TIMESTAMP,2026-06-03T17:42:56.835Z,,,,,,,,,,,,
20260603,C0109,2026-06-03T17:38:59.027416,O00472,Completed,2026-06-03T19:32:49.176Z,UPI,orders_S001_20260603.json,ST012,S001,S001_O00472,FUTURE_TIMESTAMP,2026-06-03T17:42:56.835Z,,,,,,,,,,,,
20260603,C0040,2026-06-03T17:38:59.027416,O00473,Completed,2026-06-03T19:34:39.176Z,UPI,orders_S001_20260603.json,ST002,S001,S001_O00473,FUTURE_TIMESTAMP,2026-06-03T17:42:56.835Z,,,,,,,,,,,,
20260603,C0041,2026-06-03T17:38:59.027416,O00474,Completed,2026-06-03T18:13:51.176Z,UPI,orders_S001_20260603.json,ST006,S001,S001_O00474,FUTURE_TIMESTAMP,2026-06-03T17:42:56.835Z,,,,,,,,,,,,
20260603,C0310,2026-06-03T17:38:59.027416,O00475,Completed,2026-06-03T19:53:41.176Z,UPI,orders_S001_20260603.json,ST002,S001,S001_O00475,FUTURE_TIMESTAMP,2026-06-03T17:42:56.835Z,,,,,,,,,,,,
20260603,C0016,2026-06-03T17:38:59.027416,O00476,Completed,2026-06-03T18:54:15.176Z,Card,orders_S001_20260603.json,ST002,S001,S001_O00476,FUTURE_TIMESTAMP,2026-06-03T17:42:56.835Z,,,,,,,,,,,,
20260603,C0331,2026-06-03T17:38:59.027416,O00478,Completed,2026-06-03T20:07:00.176Z,UPI,orders_S001_20260603.json,ST012,S001,S001_O00478,FUTURE_TIMESTAMP,2026-06-03T17:42:56.835Z,,,,,,,,,,,,
20260603,C0182,2026-06-03T17:38:59.027416,O00479,Completed,2026-06-03T18:22:33.176Z,Cash,orders_S001_20260603.json,ST014,S001,S001_O00479,FUTURE_TIMESTAMP,2026-06-03T17:42:56.835Z,,,,,,,,,,,,
20260603,C0305,2026-06-03T17:38:59.027416,O00484,Completed,2026-06-03T20:57:36.176Z,UPI,orders_S001_20260603.json,ST002,S001,S001_O00484,FUTURE_TIMESTAMP,2026-06-03T17:42:56.835Z,,,,,,,,,,,,
20260603,C0453,2026-06-03T17:38:59.027416,O00485,Completed,2026-06-03T18:02:54.176Z,UPI,orders_S001_20260603.json,ST004,S001,S001_O00485,FUTURE_TIMESTAMP,2026-06-03T17:42:56.835Z,,,,,,,,,,,,
20260603,C0047,2026-06-03T17:38:59.027416,O00486,Completed,2026-06-03T17:58:09.176Z,UPI,orders_S001_20260603.json,ST014,S001,S001_O00486,FUTURE_TIMESTAMP,2026-06-03T17:42:56.835Z,,,,,,,,,,,,
20260603,C0291,2026-06-03T17:38:59.027416,O00487,Completed,2026-06-03T20:45:47.176Z,UPI,orders_S001_20260603.json,ST004,S001,S001_O00487,FUTURE_TIMESTAMP,2026-06-03T17:42:56.835Z,,,,,,,,,,,,
20260603,C0071,2026-06-03T17:38:59.027416,O00488,Completed,2026-06-03T18:46:20.176Z,Cash,orders_S001_20260603.json,ST002,S001,S001_O00488,FUTURE_TIMESTAMP,2026-06-03T17:42:56.835Z,,,,,,,,,,,,
20260603,C0464,2026-06-03T17:38:59.027416,O00490,Completed,2026-06-03T21:25:04.176Z,UPI,orders_S001_20260603.json,ST014,S001,S001_O00490,FUTURE_TIMESTAMP,2026-06-03T17:42:56.835Z,,,,,,,,,,,,
20260603,C0210,2026-06-03T17:38:59.027416,O00491,Completed,2026-06-03T20:20:05.176Z,UPI,orders_S001_20260603.json,ST001,S001,S001_O00491,FUTURE_TIMESTAMP,2026-06-03T17:42:56.835Z,,,,,,,,,,,,
20260603,C0385,2026-06-03T17:38:59.027416,O00493,Completed,2026-06-03T19:31:49.176Z,Card,orders_S001_20260603.json,ST012,S001,S001_O00493,FUTURE_TIMESTAMP,2026-06-03T17:42:56.835Z,,,,,,,,,,,,
20260603,C0002,2026-06-03T17:38:59.027416,O00494,Completed,2026-06-03T20:15:09.176Z,UPI,orders_S001_20260603.json,ST007,S001,S001_O00494,FUTURE_TIMESTAMP,2026-06-03T17:42:56.835Z,,,,,,,,,,,,
20260603,C0320,2026-06-03T17:38:59.027416,O00495,Completed,2026-06-03T19:40:53.176Z,Card,orders_S001_20260603.json,ST001,S001,S001_O00495,FUTURE_TIMESTAMP,2026-06-03T17:42:56.835Z,,,,,,,,,,,,
20260603,C0162,2026-06-03T17:38:59.027416,O00497,Completed,2027-06-03T14:15:26.176Z,Card,orders_S001_20260603.json,ST001,S001,S001_O00497,FUTURE_TIMESTAMP,2026-06-03T17:42:56.835Z,,,,,,,,,,,,
20260603,C0098,2026-06-03T17:38:59.027416,O00499,Completed,2026-06-03T19:44:57.176Z,UPI,orders_S001_20260603.json,ST012,S001,S001_O00499,FUTURE_TIMESTAMP,2026-06-03T17:42:56.835Z,,,,,,,,,,,,
20260603,C0429,2026-06-03T17:38:59.027416,O00502,Completed,2026-06-03T21:25:44.176Z,UPI,orders_S001_20260603.json,ST006,S001,S001_O00502,FUTURE_TIMESTAMP,2026-06-03T17:42:56.835Z,,,,,,,,,,,,
20260603,C0131,2026-06-03T17:38:59.027416,O00505,Completed,2026-06-03T17:49:13.176Z,UPI,orders_S001_20260603.json,ST008,S001,S001_O00505,FUTURE_TIMESTAMP,2026-06-03T17:42:56.835Z,,,,,,,,,,,,
20260603,C0448,2026-06-03T17:38:59.027416,O00507,Completed,2026-06-03T19:13:53.176Z,UPI,orders_S001_20260603.json,ST003,S001,S001_O00507,FUTURE_TIMESTAMP,2026-06-03T17:42:56.835Z,,,,,,,,,,,,
20260603,C0523,2026-06-03T17:38:59.027416,O00509,Completed,2026-06-03T20:11:01.176Z,UPI,orders_S001_20260603.json,ST014,S001,S001_O00509,FUTURE_TIMESTAMP,2026-06-03T17:42:56.835Z,,,,,,,,,,,,
20260603,C0139,2026-06-03T17:38:59.027416,O00510,Completed,2026-06-03T20:15:06.176Z,Cash,orders_S001_20260603.json,ST013,S001,S001_O00510,FUTURE_TIMESTAMP,2026-06-03T17:42:56.835Z,,,,,,,,,,,,
20260603,C0271,2026-06-03T17:38:59.027416,O00512,Completed,2026-06-03T20:23:43.176Z,UPI,orders_S001_20260603.json,ST011,S001,S001_O00512,FUTURE_TIMESTAMP,2026-06-03T17:42:56.835Z,,,,,,,,,,,,
20260603,C0020,2026-06-03T17:38:59.027416,O00513,Completed,2026-06-03T19:58:52.176Z,UPI,orders_S001_20260603.json,ST002,S001,S001_O00513,FUTURE_TIMESTAMP,2026-06-03T17:42:56.835Z,,,,,,,,,,,,
20260603,C0025,2026-06-03T17:38:59.027416,O00514,Completed,2026-06-03T19:51:08.176Z,Card,orders_S001_20260603.json,ST014,S001,S001_O00514,FUTURE_TIMESTAMP,2026-06-03T17:42:56.835Z,,,,,,,,,,,,
20260603,C0008,2026-06-03T17:38:59.027416,O00516,Completed,2026-06-03T20:25:31.176Z,UPI,orders_S001_20260603.json,ST011,S001,S001_O00516,FUTURE_TIMESTAMP,2026-06-03T17:42:56.835Z,,,,,,,,,,,,
20260603,C0072,2026-06-03T17:38:59.027416,O00517,Completed,2026-06-03T17:58:11.176Z,Card,orders_S001_20260603.json,ST008,S001,S001_O00517,FUTURE_TIMESTAMP,2026-06-03T17:42:56.835Z,,,,,,,,,,,,
20260603,C0023,2026-06-03T17:38:59.027416,O00519,Completed,2026-06-03T20:30:03.176Z,UPI,orders_S001_20260603.json,ST007,S001,S001_O00519,FUTURE_TIMESTAMP,2026-06-03T17:42:56.835Z,,,,,,,,,,,,
20260603,C0390,2026-06-03T17:38:59.027416,O00521,Completed,2026-06-03T19:01:24.176Z,UPI,orders_S001_20260603.json,ST006,S001,S001_O00521,FUTURE_TIMESTAMP,2026-06-03T17:42:56.835Z,,,,,,,,,,,,
20260603,C0220,2026-06-03T17:38:59.027416,O00522,Completed,2026-06-03T20:22:58.176Z,UPI,orders_S001_20260603.json,ST006,S001,S001_O00522,FUTURE_TIMESTAMP,2026-06-03T17:42:56.835Z,,,,,,,,,,,,
20260603,C0015,2026-06-03T17:38:59.027416,O00526,Completed,2026-06-03T20:58:47.176Z,Cash,orders_S001_20260603.json,ST004,S001,S001_O00526,FUTURE_TIMESTAMP,2026-06-03T17:42:56.835Z,,,,,,,,,,,,
20260603,C0510,2026-06-03T17:38:59.027416,O00527,Completed,2026-06-03T21:24:22.176Z,UPI,orders_S001_20260603.json,ST014,S001,S001_O00527,FUTURE_TIMESTAMP,2026-06-03T17:42:56.835Z,,,,,,,,,,,,
20260603,C0468,2026-06-03T17:38:59.027416,O00530,Completed,2026-06-03T21:53:51.176Z,Cash,orders_S001_20260603.json,ST008,S001,S001_O00530,FUTURE_TIMESTAMP,2026-06-03T17:42:56.835Z,,,,,,,,,,,,
20260603,C0496,2026-06-03T17:38:59.027416,O00532,Completed,2026-06-03T19:00:21.176Z,Card,orders_S001_20260603.json,ST004,S001,S001_O00532,FUTURE_TIMESTAMP,2026-06-03T17:42:56.835Z,,,,,,,,,,,,
20260603,C0098,2026-06-03T17:38:59.027416,O00535,Completed,2026-06-03T19:23:04.176Z,UPI,orders_S001_20260603.json,ST011,S001,S001_O00535,FUTURE_TIMESTAMP,2026-06-03T17:42:56.835Z,,,,,,,,,,,,
20260603,C0285,2026-06-03T17:38:59.027416,O00537,Completed,2026-06-03T18:40:31.176Z,Cash,orders_S001_20260603.json,ST003,S001,S001_O00537,FUTURE_TIMESTAMP,2026-06-03T17:42:56.835Z,,,,,,,,,,,,
20260603,C0258,2026-06-03T17:38:59.027416,O00538,Completed,2026-06-03T19:56:59.176Z,UPI,orders_S001_20260603.json,ST006,S001,S001_O00538,FUTURE_TIMESTAMP,2026-06-03T17:42:56.835Z,,,,,,,,,,,,
20260603,C0081,2026-06-03T17:38:59.027416,O00539,Completed,2026-06-03T19:11:24.176Z,UPI,orders_S001_20260603.json,ST012,S001,S001_O00539,FUTURE_TIMESTAMP,2026-06-03T17:42:56.835Z,,,,,,,,,,,,
20260603,C0520,2026-06-03T17:38:59.027416,O00540,Completed,2026-06-03T14:00:44.176Z,Crypto,orders_S001_20260603.json,ST007,S001,S001_O00540,INVALID_PAYMENT_MODE: Crypto,2026-06-03T17:42:56.835Z,,,,,,,,,,,,
20260603,C0048,2026-06-03T17:38:59.027416,O00541,Completed,2026-06-03T20:36:02.176Z,Card,orders_S001_20260603.json,ST006,S001,S001_O00541,FUTURE_TIMESTAMP,2026-06-03T17:42:56.835Z,,,,,,,,,,,,
20260603,C0220,2026-06-03T17:38:59.027416,O00542,Completed,2026-06-03T21:14:40.176Z,UPI,orders_S001_20260603.json,ST015,S001,S001_O00542,FUTURE_TIMESTAMP,2026-06-03T17:42:56.835Z,,,,,,,,,,,,
20260603,,2026-06-03T17:38:59.027416,O00543,Completed,2026-06-03T17:04:15.176Z,UPI,orders_S001_20260603.json,ST006,S001,S001_O00543,MISSING_CUSTOMER_ID,2026-06-03T17:42:56.835Z,,,,,,,,,,,,
20260603,C0332,2026-06-03T17:38:59.027416,O00544,Completed,2026-06-03T20:05:52.176Z,Cash,orders_S001_20260603.json,ST011,S001,S001_O00544,FUTURE_TIMESTAMP,2026-06-03T17:42:56.835Z,,,,,,,,,,,,
20260603,C0109,2026-06-03T17:38:59.027416,O00547,Completed,2026-06-03T18:10:56.176Z,UPI,orders_S001_20260603.json,ST015,S001,S001_O00547,FUTURE_TIMESTAMP,2026-06-03T17:42:56.835Z,,,,,,,,,,,,
20260603,C0152,2026-06-03T17:38:59.027416,O00548,Completed,2026-06-03T19:06:53.176Z,Cash,orders_S001_20260603.json,ST014,S001,S001_O00548,FUTURE_TIMESTAMP,2026-06-03T17:42:56.835Z,,,,,,,,,,,,
20260603,C0130,2026-06-03T17:38:59.027416,O00549,Completed,2026-06-03T20:14:10.176Z,Card,orders_S001_20260603.json,ST013,S001,S001_O00549,FUTURE_TIMESTAMP,2026-06-03T17:42:56.835Z,,,,,,,,,,,,
20260603,C0020,2026-06-03T17:38:59.027416,O00551,Completed,2026-06-03T20:10:46.176Z,Card,orders_S001_20260603.json,ST015,S001,S001_O00551,FUTURE_TIMESTAMP,2026-06-03T17:42:56.835Z,,,,,,,,,,,,
20260603,C0117,2026-06-03T17:38:59.027416,O00553,Completed,2026-06-03T19:38:56.176Z,UPI,orders_S001_20260603.json,ST001,S001,S001_O00553,FUTURE_TIMESTAMP,2026-06-03T17:42:56.835Z,,,,,,,,,,,,
20260603,C0078,2026-06-03T17:38:59.027416,O00555,Completed,2026-06-03T19:42:18.176Z,UPI,orders_S001_20260603.json,ST002,S001,S001_O00555,FUTURE_TIMESTAMP,2026-06-03T17:42:56.835Z,,,,,,,,,,,,
20260603,C0041,2026-06-03T17:38:59.027416,O00556,Completed,2026-06-03T19:53:31.176Z,UPI,orders_S001_20260603.json,ST006,S001,S001_O00556,FUTURE_TIMESTAMP,2026-06-03T17:42:56.835Z,,,,,,,,,,,,
20260603,C0109,2026-06-03T17:38:59.027416,O00563,Completed,2026-06-03T19:51:34.176Z,Cash,orders_S001_20260603.json,ST013,S001,S001_O00563,FUTURE_TIMESTAMP,2026-06-03T17:42:56.835Z,,,,,,,,,,,,
20260603,C0418,2026-06-03T17:38:59.027416,O00564,Completed,2026-06-03T19:53:24.176Z,Card,orders_S001_20260603.json,ST007,S001,S001_O00564,FUTURE_TIMESTAMP,2026-06-03T17:42:56.835Z,,,,,,,,,,,,
20260603,C0226,2026-06-03T17:38:59.027416,O00565,Completed,2026-06-03T19:59:30.176Z,UPI,orders_S001_20260603.json,ST004,S001,S001_O00565,FUTURE_TIMESTAMP,2026-06-03T17:42:56.835Z,,,,,,,,,,,,
20260603,C0547,2026-06-03T17:38:59.027416,O00567,Completed,2026-06-03T19:36:43.176Z,UPI,orders_S001_20260603.json,ST003,S001,S001_O00567,FUTURE_TIMESTAMP,2026-06-03T17:42:56.835Z,,,,,,,,,,,,
20260603,C0539,2026-06-03T17:38:59.027416,O00568,Completed,2026-06-03T20:11:10.176Z,UPI,orders_S001_20260603.json,ST013,S001,S001_O00568,FUTURE_TIMESTAMP,2026-06-03T17:42:56.835Z,,,,,,,,,,,,
20260603,C0491,2026-06-03T17:38:59.027416,O00570,Completed,2026-06-03T20:16:20.176Z,Card,orders_S001_20260603.json,ST015,S001,S001_O00570,FUTURE_TIMESTAMP,2026-06-03T17:42:56.835Z,,,,,,,,,,,,
20260603,C0393,2026-06-03T17:38:59.027416,O00572,Completed,2026-06-03T18:55:00.176Z,Cash,orders_S001_20260603.json,ST010,S001,S001_O00572,FUTURE_TIMESTAMP,2026-06-03T17:42:56.835Z,,,,,,,,,,,,
20260603,C0040,2026-06-03T17:38:59.027416,O00573,Completed,2026-06-03T20:07:26.176Z,Cash,orders_S001_20260603.json,ST010,S001,S001_O00573,FUTURE_TIMESTAMP,2026-06-03T17:42:56.835Z,,,,,,,,,,,,
20260603,C0028,2026-06-03T17:38:59.027416,O00574,Completed,2026-06-03T20:06:59.176Z,UPI,orders_S001_20260603.json,ST013,S001,S001_O00574,FUTURE_TIMESTAMP,2026-06-03T17:42:56.835Z,,,,,,,,,,,,
20260603,C0147,2026-06-03T17:38:59.027416,O00576,Completed,2026-06-03T19:36:38.176Z,UPI,orders_S001_20260603.json,ST003,S001,S001_O00576,FUTURE_TIMESTAMP,2026-06-03T17:42:56.835Z,,,,,,,,,,,,
20260603,C0013,2026-06-03T17:38:59.027416,O00578,Completed,2026-06-03T20:44:15.176Z,Card,orders_S001_20260603.json,ST008,S001,S001_O00578,FUTURE_TIMESTAMP,2026-06-03T17:42:56.835Z,,,,,,,,,,,,
20260603,C0417,2026-06-03T17:38:59.027416,O00579,Completed,2026-06-03T20:01:21.176Z,UPI,orders_S001_20260603.json,ST005,S001,S001_O00579,FUTURE_TIMESTAMP,2026-06-03T17:42:56.835Z,,,,,,,,,,,,
20260603,C0313,2026-06-03T17:38:59.027416,O00580,Completed,2026-06-03T20:54:44.176Z,UPI,orders_S001_20260603.json,ST014,S001,S001_O00580,FUTURE_TIMESTAMP,2026-06-03T17:42:56.835Z,,,,,,,,,,,,
20260603,C0383,2026-06-03T17:38:59.027416,O00581,Completed,2026-06-03T17:47:28.176Z,UPI,orders_S001_20260603.json,ST006,S001,S001_O00581,FUTURE_TIMESTAMP,2026-06-03T17:42:56.835Z,,,,,,,,,,,,
20260603,C0050,2026-06-03T17:38:59.027416,O00582,Completed,2026-06-03T18:41:05.176Z,Card,orders_S001_20260603.json,ST004,S001,S001_O00582,FUTURE_TIMESTAMP,2026-06-03T17:42:56.835Z,,,,,,,,,,,,
20260603,C0181,2026-06-03T17:38:59.027416,O00583,Completed,2026-06-03T18:31:48.176Z,Card,orders_S001_20260603.json,ST006,S001,S001_O00583,FUTURE_TIMESTAMP,2026-06-03T17:42:56.835Z,,,,,,,,,,,,
20260603,C0082,2026-06-03T17:38:59.027416,O00584,Completed,2026-06-03T19:10:04.176Z,UPI,orders_S001_20260603.json,ST009,S001,S001_O00584,FUTURE_TIMESTAMP,2026-06-03T17:42:56.835Z,,,,,,,,,,,,
20260603,C0222,2026-06-03T17:38:59.027416,O00585,Completed,2026-06-03T20:33:56.176Z,UPI,orders_S001_20260603.json,ST003,S001,S001_O00585,FUTURE_TIMESTAMP,2026-06-03T17:42:56.835Z,,,,,,,,,,,,
20260603,C0066,2026-06-03T17:38:59.027416,O00586,Completed,2026-06-03T20:53:03.176Z,UPI,orders_S001_20260603.json,ST008,S001,S001_O00586,FUTURE_TIMESTAMP,2026-06-03T17:42:56.835Z,,,,,,,,,,,,
20260603,C0008,2026-06-03T17:38:59.027416,O00588,Completed,2026-06-03T19:07:43.176Z,UPI,orders_S001_20260603.json,ST006,S001,S001_O00588,FUTURE_TIMESTAMP,2026-06-03T17:42:56.835Z,,,,,,,,,,,,
20260603,C0237,2026-06-03T17:38:59.027416,O00589,Completed,2026-06-03T18:55:30.176Z,UPI,orders_S001_20260603.json,ST006,S001,S001_O00589,FUTURE_TIMESTAMP,2026-06-03T17:42:56.835Z,,,,,,,,,,,,
20260603,C0428,2026-06-03T17:38:59.027416,O00590,Completed,2026-06-03T20:16:47.176Z,UPI,orders_S001_20260603.json,ST002,S001,S001_O00590,FUTURE_TIMESTAMP,2026-06-03T17:42:56.835Z,,,,,,,,,,,,
20260603,C0225,2026-06-03T17:38:59.027416,O00591,Completed,2026-06-03T18:10:54.176Z,Card,orders_S001_20260603.json,ST004,S001,S001_O00591,FUTURE_TIMESTAMP,2026-06-03T17:42:56.835Z,,,,,,,,,,,,
20260603,C0071,2026-06-03T17:38:59.027416,O00592,Completed,2026-06-03T19:43:13.176Z,Cash,orders_S001_20260603.json,ST007,S001,S001_O00592,FUTURE_TIMESTAMP,2026-06-03T17:42:56.835Z,,,,,,,,,,,,
20260603,C0003,2026-06-03T17:38:59.027416,O00593,Completed,2026-06-03T20:49:43.176Z,UPI,orders_S001_20260603.json,ST015,S001,S001_O00593,FUTURE_TIMESTAMP,2026-06-03T17:42:56.835Z,,,,,,,,,,,,
20260603,C0072,2026-06-03T17:38:59.027416,O00595,Completed,2026-06-03T17:45:41.176Z,UPI,orders_S001_20260603.json,ST015,S001,S001_O00595,FUTURE_TIMESTAMP,2026-06-03T17:42:56.835Z,,,,,,,,,,,,
20260603,C0002,2026-06-03T17:38:59.027416,O00597,Completed,2026-06-03T19:37:06.176Z,Card,orders_S001_20260603.json,ST011,S001,S001_O00597,FUTURE_TIMESTAMP,2026-06-03T17:42:56.835Z,,,,,,,,,,,,
20260603,C0242,2026-06-03T17:38:59.027416,O00598,Completed,2026-06-03T20:35:41.176Z,UPI,orders_S001_20260603.json,ST005,S001,S001_O00598,FUTURE_TIMESTAMP,2026-06-03T17:42:56.835Z,,,,,,,,,,,,
20260603,C0084,2026-06-03T17:38:59.027416,O00602,Completed,2026-06-03T20:25:42.176Z,Cash,orders_S001_20260603.json,ST003,S001,S001_O00602,FUTURE_TIMESTAMP,2026-06-03T17:42:56.835Z,,,,,,,,,,,,
20260603,C0488,2026-06-03T17:38:59.027416,O00603,Completed,2026-06-03T19:18:16.176Z,UPI,orders_S001_20260603.json,ST007,S001,S001_O00603,FUTURE_TIMESTAMP,2026-06-03T17:42:56.835Z,,,,,,,,,,,,
20260603,,2026-06-03T17:38:59.027416,O00608,Completed,2026-06-03T19:58:11.176Z,UPI,orders_S001_20260603.json,ST015,S001,S001_O00608,MISSING_CUSTOMER_ID,2026-06-03T17:42:56.835Z,,,,,,,,,,,,
20260603,C0236,2026-06-03T17:38:59.027416,O00610,Completed,2026-06-03T20:23:16.176Z,Card,orders_S001_20260603.json,ST008,S001,S001_O00610,FUTURE_TIMESTAMP,2026-06-03T17:42:56.835Z,,,,,,,,,,,,
20260603,C0234,2026-06-03T17:38:59.027416,O00611,Completed,2026-06-03T18:55:40.176Z,UPI,orders_S001_20260603.json,ST010,S001,S001_O00611,FUTURE_TIMESTAMP,2026-06-03T17:42:56.835Z,,,,,,,,,,,,
20260603,C0457,2026-06-03T17:38:59.027416,O00612,Completed,2026-06-03T20:32:07.176Z,Cash,orders_S001_20260603.json,ST007,S001,S001_O00612,FUTURE_TIMESTAMP,2026-06-03T17:42:56.835Z,,,,,,,,,,,,
20260603,C0040,2026-06-03T17:38:59.027416,O00613,Completed,2026-06-03T18:55:54.176Z,UPI,orders_S001_20260603.json,ST004,S001,S001_O00613,FUTURE_TIMESTAMP,2026-06-03T17:42:56.835Z,,,,,,,,,,,,
20260603,C0550,2026-06-03T17:38:59.027416,O00614,Completed,2026-06-03T21:57:58.176Z,UPI,orders_S001_20260603.json,ST003,S001,S001_O00614,FUTURE_TIMESTAMP,2026-06-03T17:42:56.835Z,,,,,,,,,,,,
20260603,C0159,2026-06-03T17:38:59.027416,O00615,Completed,2026-06-03T19:49:05.176Z,Card,orders_S001_20260603.json,ST011,S001,S001_O00615,FUTURE_TIMESTAMP,2026-06-03T17:42:56.835Z,,,,,,,,,,,,
20260603,C0053,2026-06-03T17:38:59.027416,O00619,Completed,2026-06-03T18:02:34.176Z,Card,orders_S001_20260603.json,ST006,S001,S001_O00619,FUTURE_TIMESTAMP,2026-06-03T17:42:56.835Z,,,,,,,,,,,,
20260603,C0193,2026-06-03T17:38:59.027416,O00620,Completed,2026-06-03T20:48:53.176Z,Cash,orders_S001_20260603.json,ST001,S001,S001_O00620,FUTURE_TIMESTAMP,2026-06-03T17:42:56.835Z,,,,,,,,,,,,
20260603,C0320,2026-06-03T17:38:59.027416,O00621,Completed,2026-06-03T19:15:14.176Z,UPI,orders_S001_20260603.json,ST006,S001,S001_O00621,FUTURE_TIMESTAMP,2026-06-03T17:42:56.835Z,,,,,,,,,,,,
20260603,C0090,2026-06-03T17:38:59.027416,O00624,Completed,2026-06-03T18:43:08.176Z,UPI,orders_S001_20260603.json,ST015,S001,S001_O00624,FUTURE_TIMESTAMP,2026-06-03T17:42:56.835Z,,,,,,,,,,,,
20260603,C0496,2026-06-03T17:38:59.027416,O00625,Completed,2026-06-03T20:10:58.176Z,UPI,orders_S001_20260603.json,ST007,S001,S001_O00625,FUTURE_TIMESTAMP,2026-06-03T17:42:56.835Z,,,,,,,,,,,,
20260603,C0317,2026-06-03T17:38:59.027416,O00629,Completed,2026-06-03T19:01:03.176Z,UPI,orders_S001_20260603.json,ST007,S001,S001_O00629,FUTURE_TIMESTAMP,2026-06-03T17:42:56.835Z,,,,,,,,,,,,
20260603,C0295,2026-06-03T17:38:59.027416,O00631,Completed,2026-06-03T19:19:26.176Z,Cash,orders_S001_20260603.json,ST011,S001,S001_O00631,FUTURE_TIMESTAMP,2026-06-03T17:42:56.835Z,,,,,,,,,,,,
20260603,C0110,2026-06-03T17:38:59.027416,O00632,Completed,2026-06-03T19:44:08.176Z,UPI,orders_S001_20260603.json,ST015,S001,S001_O00632,FUTURE_TIMESTAMP,2026-06-03T17:42:56.835Z,,,,,,,,,,,,
20260603,C0030,2026-06-03T17:38:59.027416,O00633,Completed,2026-06-03T20:07:18.176Z,UPI,orders_S001_20260603.json,ST002,S001,S001_O00633,FUTURE_TIMESTAMP,2026-06-03T17:42:56.835Z,,,,,,,,,,,,
20260603,C0428,2026-06-03T17:38:59.027416,O00634,Completed,2026-06-03T19:49:16.176Z,UPI,orders_S001_20260603.json,ST004,S001,S001_O00634,FUTURE_TIMESTAMP,2026-06-03T17:42:56.835Z,,,,,,,,,,,,
20260603,C0206,2026-06-03T17:38:59.027416,O00635,Completed,2026-06-03T18:10:02.176Z,UPI,orders_S001_20260603.json,ST015,S001,S001_O00635,FUTURE_TIMESTAMP,2026-06-03T17:42:56.835Z,,,,,,,,,,,,
20260603,C0001,2026-06-03T17:38:59.027416,O00636,Completed,2026-06-03T21:21:15.176Z,UPI,orders_S001_20260603.json,ST011,S001,S001_O00636,FUTURE_TIMESTAMP,2026-06-03T17:42:56.835Z,,,,,,,,,,,,
20260603,C0140,2026-06-03T17:38:59.027416,O00639,Completed,2026-06-03T21:18:16.176Z,Card,orders_S001_20260603.json,ST002,S001,S001_O00639,FUTURE_TIMESTAMP,2026-06-03T17:42:56.835Z,,,,,,,,,,,,
20260603,C0095,2026-06-03T17:38:59.027416,O00640,Completed,2026-06-03T20:54:18.176Z,UPI,orders_S001_20260603.json,ST011,S001,S001_O00640,FUTURE_TIMESTAMP,2026-06-03T17:42:56.835Z,,,,,,,,,,,,
20260603,C0371,2026-06-03T17:38:59.027416,O00641,Completed,2026-06-03T20:06:54.176Z,UPI,orders_S001_20260603.json,ST001,S001,S001_O00641,FUTURE_TIMESTAMP,2026-06-03T17:42:56.835Z,,,,,,,,,,,,
20260603,C0025,2026-06-03T17:38:59.027416,O00643,Completed,2026-06-03T19:56:46.176Z,UPI,orders_S001_20260603.json,ST014,S001,S001_O00643,FUTURE_TIMESTAMP,2026-06-03T17:42:56.835Z,,,,,,,,,,,,
20260603,C0471,2026-06-03T17:38:59.027416,O00645,Completed,2026-06-03T18:26:41.176Z,UPI,orders_S001_20260603.json,ST003,S001,S001_O00645,FUTURE_TIMESTAMP,2026-06-03T17:42:56.835Z,,,,,,,,,,,,
20260603,C0042,2026-06-03T17:38:59.027416,O00646,Completed,2026-06-03T19:03:54.176Z,Card,orders_S001_20260603.json,ST007,S001,S001_O00646,FUTURE_TIMESTAMP,2026-06-03T17:42:56.835Z,,,,,,,,,,,,
20260603,C0120,2026-06-03T17:38:59.027416,O00647,Completed,2026-06-03T18:36:43.176Z,UPI,orders_S001_20260603.json,ST010,S001,S001_O00647,FUTURE_TIMESTAMP,2026-06-03T17:42:56.835Z,,,,,,,,,,,,
20260603,,2026-06-03T17:38:59.027416,O00648,Completed,2026-06-03T17:01:55.176Z,Cash,orders_S001_20260603.json,ST014,S001,S001_O00648,MISSING_CUSTOMER_ID,2026-06-03T17:42:56.835Z,,,,,,,,,,,,
20260603,C0159,2026-06-03T17:38:59.027416,O00649,Completed,2026-06-03T20:30:58.176Z,UPI,orders_S001_20260603.json,ST015,S001,S001_O00649,FUTURE_TIMESTAMP,2026-06-03T17:42:56.835Z,,,,,,,,,,,,
20260603,C0344,2026-06-03T17:38:59.027416,O00651,Completed,2026-06-03T19:47:36.176Z,Card,orders_S001_20260603.json,ST004,S001,S001_O00651,FUTURE_TIMESTAMP,2026-06-03T17:42:56.835Z,,,,,,,,,,,,
20260603,C0187,2026-06-03T17:38:59.027416,O00652,Completed,2026-06-03T19:21:33.176Z,Cash,orders_S001_20260603.json,ST012,S001,S001_O00652,FUTURE_TIMESTAMP,2026-06-03T17:42:56.835Z,,,,,,,,,,,,
20260603,C0154,2026-06-03T17:38:59.027416,O00653,Completed,2026-06-03T18:46:15.176Z,Cash,orders_S001_20260603.json,ST011,S001,S001_O00653,FUTURE_TIMESTAMP,2026-06-03T17:42:56.835Z,,,,,,,,,,,,
20260603,C0214,2026-06-03T17:38:59.027416,O00654,Completed,2026-06-03T18:53:52.176Z,UPI,orders_S001_20260603.json,ST010,S001,S001_O00654,FUTURE_TIMESTAMP,2026-06-03T17:42:56.835Z,,,,,,,,,,,,
20260603,C0442,2026-06-03T17:38:59.027416,O00655,Completed,2026-06-03T19:10:32.176Z,UPI,orders_S001_20260603.json,ST014,S001,S001_O00655,FUTURE_TIMESTAMP,2026-06-03T17:42:56.835Z,,,,,,,,,,,,
20260603,C0361,2026-06-03T17:38:59.027416,O00659,Completed,2026-06-03T18:07:31.176Z,UPI,orders_S001_20260603.json,ST001,S001,S001_O00659,FUTURE_TIMESTAMP,2026-06-03T17:42:56.835Z,,,,,,,,,,,,
20260603,C0001,2026-06-03T17:38:59.027416,O00660,Completed,2026-06-03T18:35:35.176Z,Cash,orders_S001_20260603.json,ST002,S001,S001_O00660,FUTURE_TIMESTAMP,2026-06-03T17:42:56.835Z,,,,,,,,,,,,
20260603,C0474,2026-06-03T17:38:59.027416,O00661,Completed,2026-06-03T21:40:19.176Z,UPI,orders_S001_20260603.json,ST009,S001,S001_O00661,FUTURE_TIMESTAMP,2026-06-03T17:42:56.835Z,,,,,,,,,,,,
20260603,C0424,2026-06-03T17:38:59.027416,O00662,Completed,2026-06-03T19:21:23.176Z,UPI,orders_S001_20260603.json,ST014,S001,S001_O00662,FUTURE_TIMESTAMP,2026-06-03T17:42:56.835Z,,,,,,,,,,,,
20260603,C0262,2026-06-03T17:38:59.027416,O00663,Completed,2026-06-03T18:35:49.176Z,Cash,orders_S001_20260603.json,ST008,S001,S001_O00663,FUTURE_TIMESTAMP,2026-06-03T17:42:56.835Z,,,,,,,,,,,,
20260603,C0533,2026-06-03T17:38:59.027416,O00665,Completed,2026-06-03T17:53:40.176Z,Cash,orders_S001_20260603.json,ST005,S001,S001_O00665,FUTURE_TIMESTAMP,2026-06-03T17:42:56.835Z,,,,,,,,,,,,
20260603,C0028,2026-06-03T17:38:59.027416,O00667,Completed,2026-06-03T20:46:26.176Z,UPI,orders_S001_20260603.json,ST010,S001,S001_O00667,FUTURE_TIMESTAMP,2026-06-03T17:42:56.835Z,,,,,,,,,,,,
20260603,C0109,2026-06-03T17:38:59.027416,O00669,Completed,2026-06-03T20:06:48.176Z,Cash,orders_S001_20260603.json,ST015,S001,S001_O00669,FUTURE_TIMESTAMP,2026-06-03T17:42:56.835Z,,,,,,,,,,,,
20260603,C0476,2026-06-03T17:38:59.027416,O00670,Completed,2026-06-03T19:07:49.176Z,Cash,orders_S001_20260603.json,ST008,S001,S001_O00670,FUTURE_TIMESTAMP,2026-06-03T17:42:56.835Z,,,,,,,,,,,,
20260603,C0002,2026-06-03T17:38:59.027416,O00671,Completed,2026-06-03T21:08:31.176Z,UPI,orders_S001_20260603.json,ST012,S001,S001_O00671,FUTURE_TIMESTAMP,2026-06-03T17:42:56.835Z,,,,,,,,,,,,
20260603,C0155,2026-06-03T17:38:59.027416,O00672,Completed,2026-06-03T21:53:37.176Z,Cash,orders_S001_20260603.json,ST009,S001,S001_O00672,FUTURE_TIMESTAMP,2026-06-03T17:42:56.835Z,,,,,,,,,,,,
20260603,C0046,2026-06-03T17:38:59.027416,O00673,Completed,2026-06-03T21:44:37.176Z,UPI,orders_S001_20260603.json,ST014,S001,S001_O00673,FUTURE_TIMESTAMP,2026-06-03T17:42:56.835Z,,,,,,,,,,,,
20260603,C0469,2026-06-03T17:38:59.027416,O00674,Completed,2026-06-03T18:38:38.176Z,Card,orders_S001_20260603.json,ST009,S001,S001_O00674,FUTURE_TIMESTAMP,2026-06-03T17:42:56.835Z,,,,,,,,,,,,
20260603,C0319,2026-06-03T17:38:59.027416,O00675,Completed,2026-06-03T18:38:58.176Z,UPI,orders_S001_20260603.json,ST004,S001,S001_O00675,FUTURE_TIMESTAMP,2026-06-03T17:42:56.835Z,,,,,,,,,,,,
20260603,C0407,2026-06-03T17:38:59.027416,O00676,Completed,2026-06-03T21:18:28.176Z,UPI,orders_S001_20260603.json,ST003,S001,S001_O00676,FUTURE_TIMESTAMP,2026-06-03T17:42:56.835Z,,,,,,,,,,,,
20260603,C0079,2026-06-03T17:38:59.027416,O00677,Completed,2026-06-03T19:47:32.176Z,Cash,orders_S001_20260603.json,ST012,S001,S001_O00677,FUTURE_TIMESTAMP,2026-06-03T17:42:56.835Z,,,,,,,,,,,,
20260603,C0211,2026-06-03T17:38:59.027416,O00678,Completed,2026-06-03T17:47:59.176Z,UPI,orders_S001_20260603.json,ST004,S001,S001_O00678,FUTURE_TIMESTAMP,2026-06-03T17:42:56.835Z,,,,,,,,,,,,
20260603,C0091,2026-06-03T17:38:59.027416,O00679,Completed,2026-06-03T19:18:43.176Z,UPI,orders_S001_20260603.json,ST011,S001,S001_O00679,FUTURE_TIMESTAMP,2026-06-03T17:42:56.835Z,,,,,,,,,,,,
20260603,C0202,2026-06-03T17:38:59.027416,O00680,Completed,2026-06-03T19:11:32.176Z,UPI,orders_S001_20260603.json,ST011,S001,S001_O00680,FUTURE_TIMESTAMP,2026-06-03T17:42:56.835Z,,,,,,,,,,,,
20260603,,2026-06-03T17:38:59.027416,O00648,Completed,2026-06-03T17:01:55.176Z,Cash,orders_S001_20260603.json,ST014,S001,S001_O00648,MISSING_CUSTOMER_ID,2026-06-03T17:42:56.835Z,,,,,,,,,,,,
20260603,,2026-06-03T17:38:59.027416,O00608,Completed,2026-06-03T19:58:11.176Z,UPI,orders_S001_20260603.json,ST015,S001,S001_O00608,MISSING_CUSTOMER_ID,2026-06-03T17:42:56.835Z,,,,,,,,,,,,
20260603,,2026-06-03T17:38:59.027416,O00064,Completed,2026-06-03T18:28:48.176Z,Cash,orders_S001_20260603.json,ST005,S001,S001_O00064,MISSING_CUSTOMER_ID,2026-06-03T17:42:56.835Z,,,,,,,,,,,,
20260603,C0349,2026-06-03T17:38:59.027416,O00462,Completed,2026-06-03T13:07:37.176Z,Card,orders_S001_20260603.json,ST006,S001,S001_O00462,ORPHAN_CUSTOMER_ID,2026-06-03T17:42:56.835Z,2026-06-03T00:00:00.000Z,13,6,3,Wednesday,23,2,2026-2027,Off-Peak,Weekday,Lunch,2026-06-03T17:42:56.835Z
