batch_id,ingestion_timestamp,line_amount,order_id,product_id,quantity,source_file,store_id,unit_price,order_item_sk,reject_reason,quarantine_at,silver_processed_at
20260603,2026-06-03T17:38:59.027416,1497.0,O00019,P003,3,order_items_S001_20260603.json,S001,499.0,S001_O00019_P003,ORPHAN_ORDER_ID,2026-06-03T17:43:09.474Z,2026-06-03T17:43:09.474Z
20260603,2026-06-03T17:38:59.027416,1347.0,O00019,P004,3,order_items_S001_20260603.json,S001,449.0,S001_O00019_P004,ORPHAN_ORDER_ID,2026-06-03T17:43:09.474Z,2026-06-03T17:43:09.474Z
20260603,2026-06-03T17:38:59.027416,180.0,O00019,P008,3,order_items_S001_20260603.json,S001,60.0,S001_O00019_P008,ORPHAN_ORDER_ID,2026-06-03T17:43:09.474Z,2026-06-03T17:43:09.474Z
20260603,2026-06-03T17:38:59.027416,598.0,O00019,P016,2,order_items_S001_20260603.json,S001,299.0,S001_O00019_P016,ORPHAN_ORDER_ID,2026-06-03T17:43:09.474Z,2026-06-03T17:43:09.474Z
20260603,2026-06-03T17:38:59.027416,89.0,O00019,P018,1,order_items_S001_20260603.json,S001,89.0,S001_O00019_P018,ORPHAN_ORDER_ID,2026-06-03T17:43:09.474Z,2026-06-03T17:43:09.474Z
20260603,2026-06-03T17:38:59.027416,798.0,O00023,P002,2,order_items_S001_20260603.json,S001,399.0,S001_O00023_P002,ORPHAN_ORDER_ID,2026-06-03T17:43:09.474Z,2026-06-03T17:43:09.474Z
20260603,2026-06-03T17:38:59.027416,387.0,O00023,P010,3,order_items_S001_20260603.json,S001,129.0,S001_O00023_P010,ORPHAN_ORDER_ID,2026-06-03T17:43:09.474Z,2026-06-03T17:43:09.474Z
20260603,2026-06-03T17:38:59.027416,747.0,O00023,P013,3,order_items_S001_20260603.json,S001,249.0,S001_O00023_P013,ORPHAN_ORDER_ID,2026-06-03T17:43:09.474Z,2026-06-03T17:43:09.474Z
20260603,2026-06-03T17:38:59.027416,179.0,O00023,P014,1,order_items_S001_20260603.json,S001,179.0,S001_O00023_P014,ORPHAN_ORDER_ID,2026-06-03T17:43:09.474Z,2026-06-03T17:43:09.474Z
20260603,2026-06-03T17:38:59.027416,598.0,O00039,P001,2,order_items_S001_20260603.json,S001,299.0,S001_O00039_P001,ORPHAN_ORDER_ID,2026-06-03T17:43:09.474Z,2026-06-03T17:43:09.474Z
20260603,2026-06-03T17:38:59.027416,998.0,O00039,P003,2,order_items_S001_20260603.json,S001,499.0,S001_O00039_P003,ORPHAN_ORDER_ID,2026-06-03T17:43:09.474Z,2026-06-03T17:43:09.474Z
20260603,2026-06-03T17:38:59.027416,449.0,O00039,P004,1,order_items_S001_20260603.json,S001,449.0,S001_O00039_P004,ORPHAN_ORDER_ID,2026-06-03T17:43:09.474Z,2026-06-03T17:43:09.474Z
20260603,2026-06-03T17:38:59.027416,120.0,O00039,P008,2,order_items_S001_20260603.json,S001,60.0,S001_O00039_P008,ORPHAN_ORDER_ID,2026-06-03T17:43:09.474Z,2026-06-03T17:43:09.474Z
20260603,2026-06-03T17:38:59.027416,598.0,O00046,P001,2,order_items_S001_20260603.json,S001,299.0,S001_O00046_P001,ORPHAN_ORDER_ID,2026-06-03T17:43:09.474Z,2026-06-03T17:43:09.474Z
20260603,2026-06-03T17:38:59.027416,1197.0,O00046,P002,3,order_items_S001_20260603.json,S001,399.0,S001_O00046_P002,ORPHAN_ORDER_ID,2026-06-03T17:43:09.474Z,2026-06-03T17:43:09.474Z
20260603,2026-06-03T17:38:59.027416,120.0,O00046,P007,2,order_items_S001_20260603.json,S001,60.0,S001_O00046_P007,ORPHAN_ORDER_ID,2026-06-03T17:43:09.474Z,2026-06-03T17:43:09.474Z
20260603,2026-06-03T17:38:59.027416,507.0,O00046,P011,3,order_items_S001_20260603.json,S001,169.0,S001_O00046_P011,ORPHAN_ORDER_ID,2026-06-03T17:43:09.474Z,2026-06-03T17:43:09.474Z
20260603,2026-06-03T17:38:59.027416,597.0,O00049,P006,3,order_items_S001_20260603.json,S001,199.0,S001_O00049_P006,ORPHAN_ORDER_ID,2026-06-03T17:43:09.474Z,2026-06-03T17:43:09.474Z
20260603,2026-06-03T17:38:59.027416,180.0,O00049,P008,3,order_items_S001_20260603.json,S001,60.0,S001_O00049_P008,ORPHAN_ORDER_ID,2026-06-03T17:43:09.474Z,2026-06-03T17:43:09.474Z
20260603,2026-06-03T17:38:59.027416,447.0,O00050,P005,3,order_items_S001_20260603.json,S001,149.0,S001_O00050_P005,ORPHAN_ORDER_ID,2026-06-03T17:43:09.474Z,2026-06-03T17:43:09.474Z
20260603,2026-06-03T17:38:59.027416,1197.0,O00052,P002,3,order_items_S001_20260603.json,S001,399.0,S001_O00052_P002,ORPHAN_ORDER_ID,2026-06-03T17:43:09.474Z,2026-06-03T17:43:09.474Z
20260603,2026-06-03T17:38:59.027416,299.0,O00060,P001,1,order_items_S001_20260603.json,S001,299.0,S001_O00060_P001,ORPHAN_ORDER_ID,2026-06-03T17:43:09.474Z,2026-06-03T17:43:09.474Z
20260603,2026-06-03T17:38:59.027416,180.0,O00060,P007,3,order_items_S001_20260603.json,S001,60.0,S001_O00060_P007,ORPHAN_ORDER_ID,2026-06-03T17:43:09.474Z,2026-06-03T17:43:09.474Z
20260603,2026-06-03T17:38:59.027416,598.0,O00108,P001,2,order_items_S001_20260603.json,S001,299.0,S001_O00108_P001,ORPHAN_ORDER_ID,2026-06-03T17:43:09.474Z,2026-06-03T17:43:09.474Z
20260603,2026-06-03T17:38:59.027416,499.0,O00108,P003,1,order_items_S001_20260603.json,S001,499.0,S001_O00108_P003,ORPHAN_ORDER_ID,2026-06-03T17:43:09.474Z,2026-06-03T17:43:09.474Z
20260603,2026-06-03T17:38:59.027416,507.0,O00108,P011,3,order_items_S001_20260603.json,S001,169.0,S001_O00108_P011,ORPHAN_ORDER_ID,2026-06-03T17:43:09.474Z,2026-06-03T17:43:09.474Z
20260603,2026-06-03T17:38:59.027416,747.0,O00108,P013,3,order_items_S001_20260603.json,S001,249.0,S001_O00108_P013,ORPHAN_ORDER_ID,2026-06-03T17:43:09.474Z,2026-06-03T17:43:09.474Z
20260603,2026-06-03T17:38:59.027416,898.0,O00112,P004,2,order_items_S001_20260603.json,S001,449.0,S001_O00112_P004,ORPHAN_ORDER_ID,2026-06-03T17:43:09.474Z,2026-06-03T17:43:09.474Z
20260603,2026-06-03T17:38:59.027416,258.0,O00112,P010,2,order_items_S001_20260603.json,S001,129.0,S001_O00112_P010,ORPHAN_ORDER_ID,2026-06-03T17:43:09.474Z,2026-06-03T17:43:09.474Z
20260603,2026-06-03T17:38:59.027416,499.0,O00117,P003,1,order_items_S001_20260603.json,S001,499.0,S001_O00117_P003,ORPHAN_ORDER_ID,2026-06-03T17:43:09.474Z,2026-06-03T17:43:09.474Z
20260603,2026-06-03T17:38:59.027416,297.0,O00117,P009,3,order_items_S001_20260603.json,S001,99.0,S001_O00117_P009,ORPHAN_ORDER_ID,2026-06-03T17:43:09.474Z,2026-06-03T17:43:09.474Z
20260603,2026-06-03T17:38:59.027416,507.0,O00117,P011,3,order_items_S001_20260603.json,S001,169.0,S001_O00117_P011,ORPHAN_ORDER_ID,2026-06-03T17:43:09.474Z,2026-06-03T17:43:09.474Z
20260603,2026-06-03T17:38:59.027416,507.0,O00130,P011,3,order_items_S001_20260603.json,S001,169.0,S001_O00130_P011,ORPHAN_ORDER_ID,2026-06-03T17:43:09.474Z,2026-06-03T17:43:09.474Z
20260603,2026-06-03T17:38:59.027416,897.0,O00137,P001,3,order_items_S001_20260603.json,S001,299.0,S001_O00137_P001,ORPHAN_ORDER_ID,2026-06-03T17:43:09.474Z,2026-06-03T17:43:09.474Z
20260603,2026-06-03T17:38:59.027416,180.0,O00205,P007,3,order_items_S001_20260603.json,S001,60.0,S001_O00205_P007,ORPHAN_ORDER_ID,2026-06-03T17:43:09.474Z,2026-06-03T17:43:09.474Z
20260603,2026-06-03T17:38:59.027416,258.0,O00205,P010,2,order_items_S001_20260603.json,S001,129.0,S001_O00205_P010,ORPHAN_ORDER_ID,2026-06-03T17:43:09.474Z,2026-06-03T17:43:09.474Z
20260603,2026-06-03T17:38:59.027416,299.0,O00210,P001,1,order_items_S001_20260603.json,S001,299.0,S001_O00210_P001,ORPHAN_ORDER_ID,2026-06-03T17:43:09.474Z,2026-06-03T17:43:09.474Z
20260603,2026-06-03T17:38:59.027416,180.0,O00210,P008,3,order_items_S001_20260603.json,S001,60.0,S001_O00210_P008,ORPHAN_ORDER_ID,2026-06-03T17:43:09.474Z,2026-06-03T17:43:09.474Z
20260603,2026-06-03T17:38:59.027416,358.0,O00210,P014,2,order_items_S001_20260603.json,S001,179.0,S001_O00210_P014,ORPHAN_ORDER_ID,2026-06-03T17:43:09.474Z,2026-06-03T17:43:09.474Z
20260603,2026-06-03T17:38:59.027416,897.0,O00227,P001,3,order_items_S001_20260603.json,S001,299.0,S001_O00227_P001,ORPHAN_ORDER_ID,2026-06-03T17:43:09.474Z,2026-06-03T17:43:09.474Z
20260603,2026-06-03T17:38:59.027416,149.0,O00227,P005,1,order_items_S001_20260603.json,S001,149.0,S001_O00227_P005,ORPHAN_ORDER_ID,2026-06-03T17:43:09.474Z,2026-06-03T17:43:09.474Z
20260603,2026-06-03T17:38:59.027416,498.0,O00227,P013,2,order_items_S001_20260603.json,S001,249.0,S001_O00227_P013,ORPHAN_ORDER_ID,2026-06-03T17:43:09.474Z,2026-06-03T17:43:09.474Z
20260603,2026-06-03T17:38:59.027416,598.0,O00229,P001,2,order_items_S001_20260603.json,S001,299.0,S001_O00229_P001,ORPHAN_ORDER_ID,2026-06-03T17:43:09.474Z,2026-06-03T17:43:09.474Z
20260603,2026-06-03T17:38:59.027416,387.0,O00229,P010,3,order_items_S001_20260603.json,S001,129.0,S001_O00229_P010,ORPHAN_ORDER_ID,2026-06-03T17:43:09.474Z,2026-06-03T17:43:09.474Z
20260603,2026-06-03T17:38:59.027416,398.0,O00229,P020,2,order_items_S001_20260603.json,S001,199.0,S001_O00229_P020,ORPHAN_ORDER_ID,2026-06-03T17:43:09.474Z,2026-06-03T17:43:09.474Z
20260603,2026-06-03T17:38:59.027416,447.0,O00238,P005,3,order_items_S001_20260603.json,S001,149.0,S001_O00238_P005,ORPHAN_ORDER_ID,2026-06-03T17:43:09.474Z,2026-06-03T17:43:09.474Z
20260603,2026-06-03T17:38:59.027416,598.0,O00256,P001,2,order_items_S001_20260603.json,S001,299.0,S001_O00256_P001,ORPHAN_ORDER_ID,2026-06-03T17:43:09.474Z,2026-06-03T17:43:09.474Z
20260603,2026-06-03T17:38:59.027416,597.0,O00256,P006,3,order_items_S001_20260603.json,S001,199.0,S001_O00256_P006,ORPHAN_ORDER_ID,2026-06-03T17:43:09.474Z,2026-06-03T17:43:09.474Z
20260603,2026-06-03T17:38:59.027416,180.0,O00256,P007,3,order_items_S001_20260603.json,S001,60.0,S001_O00256_P007,ORPHAN_ORDER_ID,2026-06-03T17:43:09.474Z,2026-06-03T17:43:09.474Z
20260603,2026-06-03T17:38:59.027416,258.0,O00256,P010,2,order_items_S001_20260603.json,S001,129.0,S001_O00256_P010,ORPHAN_ORDER_ID,2026-06-03T17:43:09.474Z,2026-06-03T17:43:09.474Z
20260603,2026-06-03T17:38:59.027416,338.0,O00256,P011,2,order_items_S001_20260603.json,S001,169.0,S001_O00256_P011,ORPHAN_ORDER_ID,2026-06-03T17:43:09.474Z,2026-06-03T17:43:09.474Z
20260603,2026-06-03T17:38:59.027416,149.0,O00275,P005,1,order_items_S001_20260603.json,S001,149.0,S001_O00275_P005,ORPHAN_ORDER_ID,2026-06-03T17:43:09.474Z,2026-06-03T17:43:09.474Z
20260603,2026-06-03T17:38:59.027416,199.0,O00275,P006,1,order_items_S001_20260603.json,S001,199.0,S001_O00275_P006,ORPHAN_ORDER_ID,2026-06-03T17:43:09.474Z,2026-06-03T17:43:09.474Z
20260603,2026-06-03T17:38:59.027416,198.0,O00275,P009,2,order_items_S001_20260603.json,S001,99.0,S001_O00275_P009,ORPHAN_ORDER_ID,2026-06-03T17:43:09.474Z,2026-06-03T17:43:09.474Z
20260603,2026-06-03T17:38:59.027416,299.0,O00277,P001,1,order_items_S001_20260603.json,S001,299.0,S001_O00277_P001,ORPHAN_ORDER_ID,2026-06-03T17:43:09.474Z,2026-06-03T17:43:09.474Z
20260603,2026-06-03T17:38:59.027416,387.0,O00277,P010,3,order_items_S001_20260603.json,S001,129.0,S001_O00277_P010,ORPHAN_ORDER_ID,2026-06-03T17:43:09.474Z,2026-06-03T17:43:09.474Z
20260603,2026-06-03T17:38:59.027416,447.0,O00283,P005,3,order_items_S001_20260603.json,S001,149.0,S001_O00283_P005,ORPHAN_ORDER_ID,2026-06-03T17:43:09.474Z,2026-06-03T17:43:09.474Z
20260603,2026-06-03T17:38:59.027416,897.0,O00292,P001,3,order_items_S001_20260603.json,S001,299.0,S001_O00292_P001,ORPHAN_ORDER_ID,2026-06-03T17:43:09.474Z,2026-06-03T17:43:09.474Z
20260603,2026-06-03T17:38:59.027416,449.0,O00299,P004,1,order_items_S001_20260603.json,S001,449.0,S001_O00299_P004,ORPHAN_ORDER_ID,2026-06-03T17:43:09.474Z,2026-06-03T17:43:09.474Z
20260603,2026-06-03T17:38:59.027416,199.0,O00299,P006,1,order_items_S001_20260603.json,S001,199.0,S001_O00299_P006,ORPHAN_ORDER_ID,2026-06-03T17:43:09.474Z,2026-06-03T17:43:09.474Z
20260603,2026-06-03T17:38:59.027416,180.0,O00299,P008,3,order_items_S001_20260603.json,S001,60.0,S001_O00299_P008,ORPHAN_ORDER_ID,2026-06-03T17:43:09.474Z,2026-06-03T17:43:09.474Z
20260603,2026-06-03T17:38:59.027416,169.0,O00299,P011,1,order_items_S001_20260603.json,S001,169.0,S001_O00299_P011,ORPHAN_ORDER_ID,2026-06-03T17:43:09.474Z,2026-06-03T17:43:09.474Z
20260603,2026-06-03T17:38:59.027416,798.0,O00321,P002,2,order_items_S001_20260603.json,S001,399.0,S001_O00321_P002,ORPHAN_ORDER_ID,2026-06-03T17:43:09.474Z,2026-06-03T17:43:09.474Z
20260603,2026-06-03T17:38:59.027416,507.0,O00321,P011,3,order_items_S001_20260603.json,S001,169.0,S001_O00321_P011,ORPHAN_ORDER_ID,2026-06-03T17:43:09.474Z,2026-06-03T17:43:09.474Z
20260603,2026-06-03T17:38:59.027416,447.0,O00331,P005,3,order_items_S001_20260603.json,S001,149.0,S001_O00331_P005,ORPHAN_ORDER_ID,2026-06-03T17:43:09.474Z,2026-06-03T17:43:09.474Z
20260603,2026-06-03T17:38:59.027416,99.0,O00331,P009,1,order_items_S001_20260603.json,S001,99.0,S001_O00331_P009,ORPHAN_ORDER_ID,2026-06-03T17:43:09.474Z,2026-06-03T17:43:09.474Z
20260603,2026-06-03T17:38:59.027416,399.0,O00334,P002,1,order_items_S001_20260603.json,S001,399.0,S001_O00334_P002,ORPHAN_ORDER_ID,2026-06-03T17:43:09.474Z,2026-06-03T17:43:09.474Z
20260603,2026-06-03T17:38:59.027416,447.0,O00334,P005,3,order_items_S001_20260603.json,S001,149.0,S001_O00334_P005,ORPHAN_ORDER_ID,2026-06-03T17:43:09.474Z,2026-06-03T17:43:09.474Z
20260603,2026-06-03T17:38:59.027416,180.0,O00334,P007,3,order_items_S001_20260603.json,S001,60.0,S001_O00334_P007,ORPHAN_ORDER_ID,2026-06-03T17:43:09.474Z,2026-06-03T17:43:09.474Z
20260603,2026-06-03T17:38:59.027416,180.0,O00334,P008,3,order_items_S001_20260603.json,S001,60.0,S001_O00334_P008,ORPHAN_ORDER_ID,2026-06-03T17:43:09.474Z,2026-06-03T17:43:09.474Z
20260603,2026-06-03T17:38:59.027416,89.0,O00339,P018,1,order_items_S001_20260603.json,S001,89.0,S001_O00339_P018,ORPHAN_ORDER_ID,2026-06-03T17:43:09.474Z,2026-06-03T17:43:09.474Z
20260603,2026-06-03T17:38:59.027416,1497.0,O00351,P003,3,order_items_S001_20260603.json,S001,499.0,S001_O00351_P003,ORPHAN_ORDER_ID,2026-06-03T17:43:09.474Z,2026-06-03T17:43:09.474Z
20260603,2026-06-03T17:38:59.027416,199.0,O00351,P020,1,order_items_S001_20260603.json,S001,199.0,S001_O00351_P020,ORPHAN_ORDER_ID,2026-06-03T17:43:09.474Z,2026-06-03T17:43:09.474Z
20260603,2026-06-03T17:38:59.027416,299.0,O00366,P001,1,order_items_S001_20260603.json,S001,299.0,S001_O00366_P001,ORPHAN_ORDER_ID,2026-06-03T17:43:09.474Z,2026-06-03T17:43:09.474Z
20260603,2026-06-03T17:38:59.027416,60.0,O00366,P007,1,order_items_S001_20260603.json,S001,60.0,S001_O00366_P007,ORPHAN_ORDER_ID,2026-06-03T17:43:09.474Z,2026-06-03T17:43:09.474Z
20260603,2026-06-03T17:38:59.027416,498.0,O00366,P013,2,order_items_S001_20260603.json,S001,249.0,S001_O00366_P013,ORPHAN_ORDER_ID,2026-06-03T17:43:09.474Z,2026-06-03T17:43:09.474Z
20260603,2026-06-03T17:38:59.027416,299.0,O00386,P001,1,order_items_S001_20260603.json,S001,299.0,S001_O00386_P001,ORPHAN_ORDER_ID,2026-06-03T17:43:09.474Z,2026-06-03T17:43:09.474Z
20260603,2026-06-03T17:38:59.027416,149.0,O00386,P005,1,order_items_S001_20260603.json,S001,149.0,S001_O00386_P005,ORPHAN_ORDER_ID,2026-06-03T17:43:09.474Z,2026-06-03T17:43:09.474Z
20260603,2026-06-03T17:38:59.027416,180.0,O00386,P007,3,order_items_S001_20260603.json,S001,60.0,S001_O00386_P007,ORPHAN_ORDER_ID,2026-06-03T17:43:09.474Z,2026-06-03T17:43:09.474Z
20260603,2026-06-03T17:38:59.027416,598.0,O00395,P001,2,order_items_S001_20260603.json,S001,299.0,S001_O00395_P001,ORPHAN_ORDER_ID,2026-06-03T17:43:09.474Z,2026-06-03T17:43:09.474Z
20260603,2026-06-03T17:38:59.027416,1497.0,O00395,P003,3,order_items_S001_20260603.json,S001,499.0,S001_O00395_P003,ORPHAN_ORDER_ID,2026-06-03T17:43:09.474Z,2026-06-03T17:43:09.474Z
20260603,2026-06-03T17:38:59.027416,120.0,O00395,P008,2,order_items_S001_20260603.json,S001,60.0,S001_O00395_P008,ORPHAN_ORDER_ID,2026-06-03T17:43:09.474Z,2026-06-03T17:43:09.474Z
20260603,2026-06-03T17:38:59.027416,598.0,O00443,P001,2,order_items_S001_20260603.json,S001,299.0,S001_O00443_P001,ORPHAN_ORDER_ID,2026-06-03T17:43:09.474Z,2026-06-03T17:43:09.474Z
20260603,2026-06-03T17:38:59.027416,498.0,O00443,P013,2,order_items_S001_20260603.json,S001,249.0,S001_O00443_P013,ORPHAN_ORDER_ID,2026-06-03T17:43:09.474Z,2026-06-03T17:43:09.474Z
20260603,2026-06-03T17:38:59.027416,1197.0,O00451,P002,3,order_items_S001_20260603.json,S001,399.0,S001_O00451_P002,ORPHAN_ORDER_ID,2026-06-03T17:43:09.474Z,2026-06-03T17:43:09.474Z
20260603,2026-06-03T17:38:59.027416,687.0,O00451,P015,3,order_items_S001_20260603.json,S001,229.0,S001_O00451_P015,ORPHAN_ORDER_ID,2026-06-03T17:43:09.474Z,2026-06-03T17:43:09.474Z
20260603,2026-06-03T17:38:59.027416,1197.0,O00465,P002,3,order_items_S001_20260603.json,S001,399.0,S001_O00465_P002,ORPHAN_ORDER_ID,2026-06-03T17:43:09.474Z,2026-06-03T17:43:09.474Z
20260603,2026-06-03T17:38:59.027416,297.0,O00465,P009,3,order_items_S001_20260603.json,S001,99.0,S001_O00465_P009,ORPHAN_ORDER_ID,2026-06-03T17:43:09.474Z,2026-06-03T17:43:09.474Z
20260603,2026-06-03T17:38:59.027416,20.0,O00465,P019,1,order_items_S001_20260603.json,S001,20.0,S001_O00465_P019,ORPHAN_ORDER_ID,2026-06-03T17:43:09.474Z,2026-06-03T17:43:09.474Z
20260603,2026-06-03T17:38:59.027416,1197.0,O00466,P002,3,order_items_S001_20260603.json,S001,399.0,S001_O00466_P002,ORPHAN_ORDER_ID,2026-06-03T17:43:09.474Z,2026-06-03T17:43:09.474Z
20260603,2026-06-03T17:38:59.027416,299.0,O00470,P001,1,order_items_S001_20260603.json,S001,299.0,S001_O00470_P001,ORPHAN_ORDER_ID,2026-06-03T17:43:09.474Z,2026-06-03T17:43:09.474Z
20260603,2026-06-03T17:38:59.027416,198.0,O00470,P009,2,order_items_S001_20260603.json,S001,99.0,S001_O00470_P009,ORPHAN_ORDER_ID,2026-06-03T17:43:09.474Z,2026-06-03T17:43:09.474Z
20260603,2026-06-03T17:38:59.027416,447.0,O00474,P005,3,order_items_S001_20260603.json,S001,149.0,S001_O00474_P005,ORPHAN_ORDER_ID,2026-06-03T17:43:09.474Z,2026-06-03T17:43:09.474Z
20260603,2026-06-03T17:38:59.027416,299.0,O00475,P001,1,order_items_S001_20260603.json,S001,299.0,S001_O00475_P001,ORPHAN_ORDER_ID,2026-06-03T17:43:09.474Z,2026-06-03T17:43:09.474Z
20260603,2026-06-03T17:38:59.027416,1347.0,O00475,P004,3,order_items_S001_20260603.json,S001,449.0,S001_O00475_P004,ORPHAN_ORDER_ID,2026-06-03T17:43:09.474Z,2026-06-03T17:43:09.474Z
20260603,2026-06-03T17:38:59.027416,60.0,O00475,P008,1,order_items_S001_20260603.json,S001,60.0,S001_O00475_P008,ORPHAN_ORDER_ID,2026-06-03T17:43:09.474Z,2026-06-03T17:43:09.474Z
20260603,2026-06-03T17:38:59.027416,120.0,O00479,P008,2,order_items_S001_20260603.json,S001,60.0,S001_O00479_P008,ORPHAN_ORDER_ID,2026-06-03T17:43:09.474Z,2026-06-03T17:43:09.474Z
20260603,2026-06-03T17:38:59.027416,267.0,O00479,P018,3,order_items_S001_20260603.json,S001,89.0,S001_O00479_P018,ORPHAN_ORDER_ID,2026-06-03T17:43:09.474Z,2026-06-03T17:43:09.474Z
20260603,2026-06-03T17:38:59.027416,299.0,O00486,P001,1,order_items_S001_20260603.json,S001,299.0,S001_O00486_P001,ORPHAN_ORDER_ID,2026-06-03T17:43:09.474Z,2026-06-03T17:43:09.474Z
20260603,2026-06-03T17:38:59.027416,120.0,O00486,P007,2,order_items_S001_20260603.json,S001,60.0,S001_O00486_P007,ORPHAN_ORDER_ID,2026-06-03T17:43:09.474Z,2026-06-03T17:43:09.474Z
20260603,2026-06-03T17:38:59.027416,49.0,O00486,P012,1,order_items_S001_20260603.json,S001,49.0,S001_O00486_P012,ORPHAN_ORDER_ID,2026-06-03T17:43:09.474Z,2026-06-03T17:43:09.474Z
20260603,2026-06-03T17:38:59.027416,798.0,O00495,P002,2,order_items_S001_20260603.json,S001,399.0,S001_O00495_P002,ORPHAN_ORDER_ID,2026-06-03T17:43:09.474Z,2026-06-03T17:43:09.474Z
20260603,2026-06-03T17:38:59.027416,180.0,O00495,P008,3,order_items_S001_20260603.json,S001,60.0,S001_O00495_P008,ORPHAN_ORDER_ID,2026-06-03T17:43:09.474Z,2026-06-03T17:43:09.474Z
20260603,2026-06-03T17:38:59.027416,449.0,O00516,P004,1,order_items_S001_20260603.json,S001,449.0,S001_O00516_P004,ORPHAN_ORDER_ID,2026-06-03T17:43:09.474Z,2026-06-03T17:43:09.474Z
20260603,2026-06-03T17:38:59.027416,249.0,O00516,P013,1,order_items_S001_20260603.json,S001,249.0,S001_O00516_P013,ORPHAN_ORDER_ID,2026-06-03T17:43:09.474Z,2026-06-03T17:43:09.474Z
20260603,2026-06-03T17:38:59.027416,179.0,O00516,P014,1,order_items_S001_20260603.json,S001,179.0,S001_O00516_P014,ORPHAN_ORDER_ID,2026-06-03T17:43:09.474Z,2026-06-03T17:43:09.474Z
20260603,2026-06-03T17:38:59.027416,120.0,O00530,P008,2,order_items_S001_20260603.json,S001,60.0,S001_O00530_P008,ORPHAN_ORDER_ID,2026-06-03T17:43:09.474Z,2026-06-03T17:43:09.474Z
20260603,2026-06-03T17:38:59.027416,49.0,O00530,P012,1,order_items_S001_20260603.json,S001,49.0,S001_O00530_P012,ORPHAN_ORDER_ID,2026-06-03T17:43:09.474Z,2026-06-03T17:43:09.474Z
20260603,2026-06-03T17:38:59.027416,898.0,O00538,P004,2,order_items_S001_20260603.json,S001,449.0,S001_O00538_P004,ORPHAN_ORDER_ID,2026-06-03T17:43:09.474Z,2026-06-03T17:43:09.474Z
20260603,2026-06-03T17:38:59.027416,1197.0,O00539,P002,3,order_items_S001_20260603.json,S001,399.0,S001_O00539_P002,ORPHAN_ORDER_ID,2026-06-03T17:43:09.474Z,2026-06-03T17:43:09.474Z
20260603,2026-06-03T17:38:59.027416,537.0,O00539,P014,3,order_items_S001_20260603.json,S001,179.0,S001_O00539_P014,ORPHAN_ORDER_ID,2026-06-03T17:43:09.474Z,2026-06-03T17:43:09.474Z
20260603,2026-06-03T17:38:59.027416,267.0,O00539,P018,3,order_items_S001_20260603.json,S001,89.0,S001_O00539_P018,ORPHAN_ORDER_ID,2026-06-03T17:43:09.474Z,2026-06-03T17:43:09.474Z
20260603,2026-06-03T17:38:59.027416,598.0,O00540,P001,2,order_items_S001_20260603.json,S001,299.0,S001_O00540_P001,ORPHAN_ORDER_ID,2026-06-03T17:43:09.474Z,2026-06-03T17:43:09.474Z
20260603,2026-06-03T17:38:59.027416,447.0,O00540,P005,3,order_items_S001_20260603.json,S001,149.0,S001_O00540_P005,ORPHAN_ORDER_ID,2026-06-03T17:43:09.474Z,2026-06-03T17:43:09.474Z
20260603,2026-06-03T17:38:59.027416,398.0,O00542,P006,2,order_items_S001_20260603.json,S001,199.0,S001_O00542_P006,ORPHAN_ORDER_ID,2026-06-03T17:43:09.474Z,2026-06-03T17:43:09.474Z
20260603,2026-06-03T17:38:59.027416,449.0,O00572,P004,1,order_items_S001_20260603.json,S001,449.0,S001_O00572_P004,ORPHAN_ORDER_ID,2026-06-03T17:43:09.474Z,2026-06-03T17:43:09.474Z
20260603,2026-06-03T17:38:59.027416,298.0,O00572,P005,2,order_items_S001_20260603.json,S001,149.0,S001_O00572_P005,ORPHAN_ORDER_ID,2026-06-03T17:43:09.474Z,2026-06-03T17:43:09.474Z
20260603,2026-06-03T17:38:59.027416,180.0,O00572,P007,3,order_items_S001_20260603.json,S001,60.0,S001_O00572_P007,ORPHAN_ORDER_ID,2026-06-03T17:43:09.474Z,2026-06-03T17:43:09.474Z
20260603,2026-06-03T17:38:59.027416,258.0,O00572,P010,2,order_items_S001_20260603.json,S001,129.0,S001_O00572_P010,ORPHAN_ORDER_ID,2026-06-03T17:43:09.474Z,2026-06-03T17:43:09.474Z
20260603,2026-06-03T17:38:59.027416,598.0,O00589,P001,2,order_items_S001_20260603.json,S001,299.0,S001_O00589_P001,ORPHAN_ORDER_ID,2026-06-03T17:43:09.474Z,2026-06-03T17:43:09.474Z
20260603,2026-06-03T17:38:59.027416,60.0,O00591,P007,1,order_items_S001_20260603.json,S001,60.0,S001_O00591_P007,ORPHAN_ORDER_ID,2026-06-03T17:43:09.474Z,2026-06-03T17:43:09.474Z
20260603,2026-06-03T17:38:59.027416,498.0,O00591,P013,2,order_items_S001_20260603.json,S001,249.0,S001_O00591_P013,ORPHAN_ORDER_ID,2026-06-03T17:43:09.474Z,2026-06-03T17:43:09.474Z
20260603,2026-06-03T17:38:59.027416,598.0,O00598,P001,2,order_items_S001_20260603.json,S001,299.0,S001_O00598_P001,ORPHAN_ORDER_ID,2026-06-03T17:43:09.474Z,2026-06-03T17:43:09.474Z
20260603,2026-06-03T17:38:59.027416,298.0,O00598,P005,2,order_items_S001_20260603.json,S001,149.0,S001_O00598_P005,ORPHAN_ORDER_ID,2026-06-03T17:43:09.474Z,2026-06-03T17:43:09.474Z
20260603,2026-06-03T17:38:59.027416,60.0,O00598,P008,1,order_items_S001_20260603.json,S001,60.0,S001_O00598_P008,ORPHAN_ORDER_ID,2026-06-03T17:43:09.474Z,2026-06-03T17:43:09.474Z
20260603,2026-06-03T17:38:59.027416,898.0,O00603,P004,2,order_items_S001_20260603.json,S001,449.0,S001_O00603_P004,ORPHAN_ORDER_ID,2026-06-03T17:43:09.474Z,2026-06-03T17:43:09.474Z
20260603,2026-06-03T17:38:59.027416,598.0,O00619,P001,2,order_items_S001_20260603.json,S001,299.0,S001_O00619_P001,ORPHAN_ORDER_ID,2026-06-03T17:43:09.474Z,2026-06-03T17:43:09.474Z
20260603,2026-06-03T17:38:59.027416,499.0,O00619,P003,1,order_items_S001_20260603.json,S001,499.0,S001_O00619_P003,ORPHAN_ORDER_ID,2026-06-03T17:43:09.474Z,2026-06-03T17:43:09.474Z
20260603,2026-06-03T17:38:59.027416,89.0,O00619,P018,1,order_items_S001_20260603.json,S001,89.0,S001_O00619_P018,ORPHAN_ORDER_ID,2026-06-03T17:43:09.474Z,2026-06-03T17:43:09.474Z
20260603,2026-06-03T17:38:59.027416,398.0,O00619,P020,2,order_items_S001_20260603.json,S001,199.0,S001_O00619_P020,ORPHAN_ORDER_ID,2026-06-03T17:43:09.474Z,2026-06-03T17:43:09.474Z
20260603,2026-06-03T17:38:59.027416,598.0,O00646,P001,2,order_items_S001_20260603.json,S001,299.0,S001_O00646_P001,ORPHAN_ORDER_ID,2026-06-03T17:43:09.474Z,2026-06-03T17:43:09.474Z
20260603,2026-06-03T17:38:59.027416,387.0,O00646,P010,3,order_items_S001_20260603.json,S001,129.0,S001_O00646_P010,ORPHAN_ORDER_ID,2026-06-03T17:43:09.474Z,2026-06-03T17:43:09.474Z
20260603,2026-06-03T17:38:59.027416,1197.0,O00652,P002,3,order_items_S001_20260603.json,S001,399.0,S001_O00652_P002,ORPHAN_ORDER_ID,2026-06-03T17:43:09.474Z,2026-06-03T17:43:09.474Z
20260603,2026-06-03T17:38:59.027416,449.0,O00652,P004,1,order_items_S001_20260603.json,S001,449.0,S001_O00652_P004,ORPHAN_ORDER_ID,2026-06-03T17:43:09.474Z,2026-06-03T17:43:09.474Z
20260603,2026-06-03T17:39:04.695883,299.0,O00019,P001,1,order_items_S002_20260603.json,S002,299.0,S002_O00019_P001,ORPHAN_ORDER_ID,2026-06-03T17:43:09.474Z,2026-06-03T17:43:09.474Z
20260603,2026-06-03T17:39:04.695883,1347.0,O00019,P004,3,order_items_S002_20260603.json,S002,449.0,S002_O00019_P004,ORPHAN_ORDER_ID,2026-06-03T17:43:09.474Z,2026-06-03T17:43:09.474Z
20260603,2026-06-03T17:39:04.695883,798.0,O00023,P002,2,order_items_S002_20260603.json,S002,399.0,S002_O00023_P002,ORPHAN_ORDER_ID,2026-06-03T17:43:09.474Z,2026-06-03T17:43:09.474Z
20260603,2026-06-03T17:39:04.695883,149.0,O00023,P005,1,order_items_S002_20260603.json,S002,149.0,S002_O00023_P005,ORPHAN_ORDER_ID,2026-06-03T17:43:09.474Z,2026-06-03T17:43:09.474Z
20260603,2026-06-03T17:39:04.695883,60.0,O00023,P007,1,order_items_S002_20260603.json,S002,60.0,S002_O00023_P007,ORPHAN_ORDER_ID,2026-06-03T17:43:09.474Z,2026-06-03T17:43:09.474Z
20260603,2026-06-03T17:39:04.695883,798.0,O00039,P002,2,order_items_S002_20260603.json,S002,399.0,S002_O00039_P002,ORPHAN_ORDER_ID,2026-06-03T17:43:09.474Z,2026-06-03T17:43:09.474Z
20260603,2026-06-03T17:39:04.695883,60.0,O00039,P008,1,order_items_S002_20260603.json,S002,60.0,S002_O00039_P008,ORPHAN_ORDER_ID,2026-06-03T17:43:09.474Z,2026-06-03T17:43:09.474Z
20260603,2026-06-03T17:39:04.695883,598.0,O00046,P001,2,order_items_S002_20260603.json,S002,299.0,S002_O00046_P001,ORPHAN_ORDER_ID,2026-06-03T17:43:09.474Z,2026-06-03T17:43:09.474Z
20260603,2026-06-03T17:39:04.695883,60.0,O00046,P007,1,order_items_S002_20260603.json,S002,60.0,S002_O00046_P007,ORPHAN_ORDER_ID,2026-06-03T17:43:09.474Z,2026-06-03T17:43:09.474Z
20260603,2026-06-03T17:39:04.695883,120.0,O00049,P008,2,order_items_S002_20260603.json,S002,60.0,S002_O00049_P008,ORPHAN_ORDER_ID,2026-06-03T17:43:09.474Z,2026-06-03T17:43:09.474Z
20260603,2026-06-03T17:39:04.695883,20.0,O00049,P019,1,order_items_S002_20260603.json,S002,20.0,S002_O00049_P019,ORPHAN_ORDER_ID,2026-06-03T17:43:09.474Z,2026-06-03T17:43:09.474Z
20260603,2026-06-03T17:39:04.695883,258.0,O00050,P010,2,order_items_S002_20260603.json,S002,129.0,S002_O00050_P010,ORPHAN_ORDER_ID,2026-06-03T17:43:09.474Z,2026-06-03T17:43:09.474Z
20260603,2026-06-03T17:39:04.695883,537.0,O00050,P014,3,order_items_S002_20260603.json,S002,179.0,S002_O00050_P014,ORPHAN_ORDER_ID,2026-06-03T17:43:09.474Z,2026-06-03T17:43:09.474Z
20260603,2026-06-03T17:39:04.695883,299.0,O00050,P016,1,order_items_S002_20260603.json,S002,299.0,S002_O00050_P016,ORPHAN_ORDER_ID,2026-06-03T17:43:09.474Z,2026-06-03T17:43:09.474Z
20260603,2026-06-03T17:39:04.695883,897.0,O00052,P001,3,order_items_S002_20260603.json,S002,299.0,S002_O00052_P001,ORPHAN_ORDER_ID,2026-06-03T17:43:09.474Z,2026-06-03T17:43:09.474Z
20260603,2026-06-03T17:39:04.695883,180.0,O00052,P008,3,order_items_S002_20260603.json,S002,60.0,S002_O00052_P008,ORPHAN_ORDER_ID,2026-06-03T17:43:09.474Z,2026-06-03T17:43:09.474Z
20260603,2026-06-03T17:39:04.695883,1497.0,O00060,P003,3,order_items_S002_20260603.json,S002,499.0,S002_O00060_P003,ORPHAN_ORDER_ID,2026-06-03T17:43:09.474Z,2026-06-03T17:43:09.474Z
20260603,2026-06-03T17:39:04.695883,498.0,O00060,P013,2,order_items_S002_20260603.json,S002,249.0,S002_O00060_P013,ORPHAN_ORDER_ID,2026-06-03T17:43:09.474Z,2026-06-03T17:43:09.474Z
20260603,2026-06-03T17:39:04.695883,299.0,O00108,P001,1,order_items_S002_20260603.json,S002,299.0,S002_O00108_P001,ORPHAN_ORDER_ID,2026-06-03T17:43:09.474Z,2026-06-03T17:43:09.474Z
20260603,2026-06-03T17:39:04.695883,398.0,O00108,P006,2,order_items_S002_20260603.json,S002,199.0,S002_O00108_P006,ORPHAN_ORDER_ID,2026-06-03T17:43:09.474Z,2026-06-03T17:43:09.474Z
20260603,2026-06-03T17:39:04.695883,99.0,O00108,P009,1,order_items_S002_20260603.json,S002,99.0,S002_O00108_P009,ORPHAN_ORDER_ID,2026-06-03T17:43:09.474Z,2026-06-03T17:43:09.474Z
20260603,2026-06-03T17:39:04.695883,897.0,O00112,P001,3,order_items_S002_20260603.json,S002,299.0,S002_O00112_P001,ORPHAN_ORDER_ID,2026-06-03T17:43:09.474Z,2026-06-03T17:43:09.474Z
20260603,2026-06-03T17:39:04.695883,267.0,O00112,P018,3,order_items_S002_20260603.json,S002,89.0,S002_O00112_P018,ORPHAN_ORDER_ID,2026-06-03T17:43:09.474Z,2026-06-03T17:43:09.474Z
20260603,2026-06-03T17:39:04.695883,299.0,O00117,P016,1,order_items_S002_20260603.json,S002,299.0,S002_O00117_P016,ORPHAN_ORDER_ID,2026-06-03T17:43:09.474Z,2026-06-03T17:43:09.474Z
20260603,2026-06-03T17:39:04.695883,897.0,O00130,P001,3,order_items_S002_20260603.json,S002,299.0,S002_O00130_P001,ORPHAN_ORDER_ID,2026-06-03T17:43:09.474Z,2026-06-03T17:43:09.474Z
20260603,2026-06-03T17:39:04.695883,229.0,O00130,P015,1,order_items_S002_20260603.json,S002,229.0,S002_O00130_P015,ORPHAN_ORDER_ID,2026-06-03T17:43:09.474Z,2026-06-03T17:43:09.474Z
20260603,2026-06-03T17:39:04.695883,598.0,O00137,P001,2,order_items_S002_20260603.json,S002,299.0,S002_O00137_P001,ORPHAN_ORDER_ID,2026-06-03T17:43:09.474Z,2026-06-03T17:43:09.474Z
20260603,2026-06-03T17:39:04.695883,998.0,O00205,P003,2,order_items_S002_20260603.json,S002,499.0,S002_O00205_P003,ORPHAN_ORDER_ID,2026-06-03T17:43:09.474Z,2026-06-03T17:43:09.474Z
20260603,2026-06-03T17:39:04.695883,387.0,O00205,P010,3,order_items_S002_20260603.json,S002,129.0,S002_O00205_P010,ORPHAN_ORDER_ID,2026-06-03T17:43:09.474Z,2026-06-03T17:43:09.474Z
20260603,2026-06-03T17:39:04.695883,40.0,O00205,P019,2,order_items_S002_20260603.json,S002,20.0,S002_O00205_P019,ORPHAN_ORDER_ID,2026-06-03T17:43:09.474Z,2026-06-03T17:43:09.474Z
20260603,2026-06-03T17:39:04.695883,897.0,O00210,P001,3,order_items_S002_20260603.json,S002,299.0,S002_O00210_P001,ORPHAN_ORDER_ID,2026-06-03T17:43:09.474Z,2026-06-03T17:43:09.474Z
20260603,2026-06-03T17:39:04.695883,399.0,O00210,P002,1,order_items_S002_20260603.json,S002,399.0,S002_O00210_P002,ORPHAN_ORDER_ID,2026-06-03T17:43:09.474Z,2026-06-03T17:43:09.474Z
20260603,2026-06-03T17:39:04.695883,249.0,O00210,P013,1,order_items_S002_20260603.json,S002,249.0,S002_O00210_P013,ORPHAN_ORDER_ID,2026-06-03T17:43:09.474Z,2026-06-03T17:43:09.474Z
20260603,2026-06-03T17:39:04.695883,1497.0,O00227,P003,3,order_items_S002_20260603.json,S002,499.0,S002_O00227_P003,ORPHAN_ORDER_ID,2026-06-03T17:43:09.474Z,2026-06-03T17:43:09.474Z
20260603,2026-06-03T17:39:04.695883,298.0,O00227,P005,2,order_items_S002_20260603.json,S002,149.0,S002_O00227_P005,ORPHAN_ORDER_ID,2026-06-03T17:43:09.474Z,2026-06-03T17:43:09.474Z
20260603,2026-06-03T17:39:04.695883,297.0,O00227,P009,3,order_items_S002_20260603.json,S002,99.0,S002_O00227_P009,ORPHAN_ORDER_ID,2026-06-03T17:43:09.474Z,2026-06-03T17:43:09.474Z
20260603,2026-06-03T17:39:04.695883,338.0,O00227,P011,2,order_items_S002_20260603.json,S002,169.0,S002_O00227_P011,ORPHAN_ORDER_ID,2026-06-03T17:43:09.474Z,2026-06-03T17:43:09.474Z
20260603,2026-06-03T17:39:04.695883,798.0,O00229,P002,2,order_items_S002_20260603.json,S002,399.0,S002_O00229_P002,ORPHAN_ORDER_ID,2026-06-03T17:43:09.474Z,2026-06-03T17:43:09.474Z
20260603,2026-06-03T17:39:04.695883,1497.0,O00229,P003,3,order_items_S002_20260603.json,S002,499.0,S002_O00229_P003,ORPHAN_ORDER_ID,2026-06-03T17:43:09.474Z,2026-06-03T17:43:09.474Z
20260603,2026-06-03T17:39:04.695883,180.0,O00229,P007,3,order_items_S002_20260603.json,S002,60.0,S002_O00229_P007,ORPHAN_ORDER_ID,2026-06-03T17:43:09.474Z,2026-06-03T17:43:09.474Z
20260603,2026-06-03T17:39:04.695883,387.0,O00229,P010,3,order_items_S002_20260603.json,S002,129.0,S002_O00229_P010,ORPHAN_ORDER_ID,2026-06-03T17:43:09.474Z,2026-06-03T17:43:09.474Z
20260603,2026-06-03T17:39:04.695883,507.0,O00229,P011,3,order_items_S002_20260603.json,S002,169.0,S002_O00229_P011,ORPHAN_ORDER_ID,2026-06-03T17:43:09.474Z,2026-06-03T17:43:09.474Z
20260603,2026-06-03T17:39:04.695883,897.0,O00238,P001,3,order_items_S002_20260603.json,S002,299.0,S002_O00238_P001,ORPHAN_ORDER_ID,2026-06-03T17:43:09.474Z,2026-06-03T17:43:09.474Z
20260603,2026-06-03T17:39:04.695883,1347.0,O00238,P004,3,order_items_S002_20260603.json,S002,449.0,S002_O00238_P004,ORPHAN_ORDER_ID,2026-06-03T17:43:09.474Z,2026-06-03T17:43:09.474Z
20260603,2026-06-03T17:39:04.695883,60.0,O00238,P007,1,order_items_S002_20260603.json,S002,60.0,S002_O00238_P007,ORPHAN_ORDER_ID,2026-06-03T17:43:09.474Z,2026-06-03T17:43:09.474Z
20260603,2026-06-03T17:39:04.695883,598.0,O00256,P001,2,order_items_S002_20260603.json,S002,299.0,S002_O00256_P001,ORPHAN_ORDER_ID,2026-06-03T17:43:09.474Z,2026-06-03T17:43:09.474Z
20260603,2026-06-03T17:39:04.695883,897.0,O00256,P016,3,order_items_S002_20260603.json,S002,299.0,S002_O00256_P016,ORPHAN_ORDER_ID,2026-06-03T17:43:09.474Z,2026-06-03T17:43:09.474Z
20260603,2026-06-03T17:39:04.695883,399.0,O00275,P002,1,order_items_S002_20260603.json,S002,399.0,S002_O00275_P002,ORPHAN_ORDER_ID,2026-06-03T17:43:09.474Z,2026-06-03T17:43:09.474Z
20260603,2026-06-03T17:39:04.695883,298.0,O00275,P005,2,order_items_S002_20260603.json,S002,149.0,S002_O00275_P005,ORPHAN_ORDER_ID,2026-06-03T17:43:09.474Z,2026-06-03T17:43:09.474Z
20260603,2026-06-03T17:39:04.695883,179.0,O00275,P014,1,order_items_S002_20260603.json,S002,179.0,S002_O00275_P014,ORPHAN_ORDER_ID,2026-06-03T17:43:09.474Z,2026-06-03T17:43:09.474Z
20260603,2026-06-03T17:39:04.695883,598.0,O00277,P001,2,order_items_S002_20260603.json,S002,299.0,S002_O00277_P001,ORPHAN_ORDER_ID,2026-06-03T17:43:09.474Z,2026-06-03T17:43:09.474Z
20260603,2026-06-03T17:39:04.695883,169.0,O00277,P011,1,order_items_S002_20260603.json,S002,169.0,S002_O00277_P011,ORPHAN_ORDER_ID,2026-06-03T17:43:09.474Z,2026-06-03T17:43:09.474Z
20260603,2026-06-03T17:39:04.695883,498.0,O00277,P013,2,order_items_S002_20260603.json,S002,249.0,S002_O00277_P013,ORPHAN_ORDER_ID,2026-06-03T17:43:09.474Z,2026-06-03T17:43:09.474Z
20260603,2026-06-03T17:39:04.695883,598.0,O00283,P001,2,order_items_S002_20260603.json,S002,299.0,S002_O00283_P001,ORPHAN_ORDER_ID,2026-06-03T17:43:09.474Z,2026-06-03T17:43:09.474Z
20260603,2026-06-03T17:39:04.695883,180.0,O00283,P007,3,order_items_S002_20260603.json,S002,60.0,S002_O00283_P007,ORPHAN_ORDER_ID,2026-06-03T17:43:09.474Z,2026-06-03T17:43:09.474Z
20260603,2026-06-03T17:39:04.695883,498.0,O00283,P013,2,order_items_S002_20260603.json,S002,249.0,S002_O00283_P013,ORPHAN_ORDER_ID,2026-06-03T17:43:09.474Z,2026-06-03T17:43:09.474Z
20260603,2026-06-03T17:39:04.695883,897.0,O00292,P001,3,order_items_S002_20260603.json,S002,299.0,S002_O00292_P001,ORPHAN_ORDER_ID,2026-06-03T17:43:09.474Z,2026-06-03T17:43:09.474Z
20260603,2026-06-03T17:39:04.695883,1197.0,O00292,P002,3,order_items_S002_20260603.json,S002,399.0,S002_O00292_P002,ORPHAN_ORDER_ID,2026-06-03T17:43:09.474Z,2026-06-03T17:43:09.474Z
20260603,2026-06-03T17:39:04.695883,449.0,O00292,P004,1,order_items_S002_20260603.json,S002,449.0,S002_O00292_P004,ORPHAN_ORDER_ID,2026-06-03T17:43:09.474Z,2026-06-03T17:43:09.474Z
20260603,2026-06-03T17:39:04.695883,537.0,O00292,P014,3,order_items_S002_20260603.json,S002,179.0,S002_O00292_P014,ORPHAN_ORDER_ID,2026-06-03T17:43:09.474Z,2026-06-03T17:43:09.474Z
20260603,2026-06-03T17:39:04.695883,798.0,O00299,P002,2,order_items_S002_20260603.json,S002,399.0,S002_O00299_P002,ORPHAN_ORDER_ID,2026-06-03T17:43:09.474Z,2026-06-03T17:43:09.474Z
20260603,2026-06-03T17:39:04.695883,120.0,O00299,P008,2,order_items_S002_20260603.json,S002,60.0,S002_O00299_P008,ORPHAN_ORDER_ID,2026-06-03T17:43:09.474Z,2026-06-03T17:43:09.474Z
20260603,2026-06-03T17:39:04.695883,387.0,O00299,P010,3,order_items_S002_20260603.json,S002,129.0,S002_O00299_P010,ORPHAN_ORDER_ID,2026-06-03T17:43:09.474Z,2026-06-03T17:43:09.474Z
20260603,2026-06-03T17:39:04.695883,267.0,O00299,P018,3,order_items_S002_20260603.json,S002,89.0,S002_O00299_P018,ORPHAN_ORDER_ID,2026-06-03T17:43:09.474Z,2026-06-03T17:43:09.474Z
20260603,2026-06-03T17:39:04.695883,1197.0,O00321,P002,3,order_items_S002_20260603.json,S002,399.0,S002_O00321_P002,ORPHAN_ORDER_ID,2026-06-03T17:43:09.474Z,2026-06-03T17:43:09.474Z
20260603,2026-06-03T17:39:04.695883,398.0,O00321,P006,2,order_items_S002_20260603.json,S002,199.0,S002_O00321_P006,ORPHAN_ORDER_ID,2026-06-03T17:43:09.474Z,2026-06-03T17:43:09.474Z
20260603,2026-06-03T17:39:04.695883,498.0,O00321,P013,2,order_items_S002_20260603.json,S002,249.0,S002_O00321_P013,ORPHAN_ORDER_ID,2026-06-03T17:43:09.474Z,2026-06-03T17:43:09.474Z
20260603,2026-06-03T17:39:04.695883,798.0,O00331,P002,2,order_items_S002_20260603.json,S002,399.0,S002_O00331_P002,ORPHAN_ORDER_ID,2026-06-03T17:43:09.474Z,2026-06-03T17:43:09.474Z
20260603,2026-06-03T17:39:04.695883,198.0,O00331,P009,2,order_items_S002_20260603.json,S002,99.0,S002_O00331_P009,ORPHAN_ORDER_ID,2026-06-03T17:43:09.474Z,2026-06-03T17:43:09.474Z
20260603,2026-06-03T17:39:04.695883,499.0,O00334,P003,1,order_items_S002_20260603.json,S002,499.0,S002_O00334_P003,ORPHAN_ORDER_ID,2026-06-03T17:43:09.474Z,2026-06-03T17:43:09.474Z
20260603,2026-06-03T17:39:04.695883,99.0,O00334,P009,1,order_items_S002_20260603.json,S002,99.0,S002_O00334_P009,ORPHAN_ORDER_ID,2026-06-03T17:43:09.474Z,2026-06-03T17:43:09.474Z
20260603,2026-06-03T17:39:04.695883,498.0,O00334,P013,2,order_items_S002_20260603.json,S002,249.0,S002_O00334_P013,ORPHAN_ORDER_ID,2026-06-03T17:43:09.474Z,2026-06-03T17:43:09.474Z
20260603,2026-06-03T17:39:04.695883,897.0,O00339,P001,3,order_items_S002_20260603.json,S002,299.0,S002_O00339_P001,ORPHAN_ORDER_ID,2026-06-03T17:43:09.474Z,2026-06-03T17:43:09.474Z
20260603,2026-06-03T17:39:04.695883,399.0,O00339,P002,1,order_items_S002_20260603.json,S002,399.0,S002_O00339_P002,ORPHAN_ORDER_ID,2026-06-03T17:43:09.474Z,2026-06-03T17:43:09.474Z
20260603,2026-06-03T17:39:04.695883,399.0,O00351,P002,1,order_items_S002_20260603.json,S002,399.0,S002_O00351_P002,ORPHAN_ORDER_ID,2026-06-03T17:43:09.474Z,2026-06-03T17:43:09.474Z
20260603,2026-06-03T17:39:04.695883,998.0,O00351,P003,2,order_items_S002_20260603.json,S002,499.0,S002_O00351_P003,ORPHAN_ORDER_ID,2026-06-03T17:43:09.474Z,2026-06-03T17:43:09.474Z
20260603,2026-06-03T17:39:04.695883,60.0,O00351,P007,1,order_items_S002_20260603.json,S002,60.0,S002_O00351_P007,ORPHAN_ORDER_ID,2026-06-03T17:43:09.474Z,2026-06-03T17:43:09.474Z
20260603,2026-06-03T17:39:04.695883,129.0,O00351,P010,1,order_items_S002_20260603.json,S002,129.0,S002_O00351_P010,ORPHAN_ORDER_ID,2026-06-03T17:43:09.474Z,2026-06-03T17:43:09.474Z
20260603,2026-06-03T17:39:04.695883,299.0,O00366,P001,1,order_items_S002_20260603.json,S002,299.0,S002_O00366_P001,ORPHAN_ORDER_ID,2026-06-03T17:43:09.474Z,2026-06-03T17:43:09.474Z
20260603,2026-06-03T17:39:04.695883,1347.0,O00366,P004,3,order_items_S002_20260603.json,S002,449.0,S002_O00366_P004,ORPHAN_ORDER_ID,2026-06-03T17:43:09.474Z,2026-06-03T17:43:09.474Z
20260603,2026-06-03T17:39:04.695883,358.0,O00366,P014,2,order_items_S002_20260603.json,S002,179.0,S002_O00366_P014,ORPHAN_ORDER_ID,2026-06-03T17:43:09.474Z,2026-06-03T17:43:09.474Z
20260603,2026-06-03T17:39:04.695883,597.0,O00386,P006,3,order_items_S002_20260603.json,S002,199.0,S002_O00386_P006,ORPHAN_ORDER_ID,2026-06-03T17:43:09.474Z,2026-06-03T17:43:09.474Z
20260603,2026-06-03T17:39:04.695883,998.0,O00395,P003,2,order_items_S002_20260603.json,S002,499.0,S002_O00395_P003,ORPHAN_ORDER_ID,2026-06-03T17:43:09.474Z,2026-06-03T17:43:09.474Z
20260603,2026-06-03T17:39:04.695883,597.0,O00395,P006,3,order_items_S002_20260603.json,S002,199.0,S002_O00395_P006,ORPHAN_ORDER_ID,2026-06-03T17:43:09.474Z,2026-06-03T17:43:09.474Z
20260603,2026-06-03T17:39:04.695883,299.0,O00443,P001,1,order_items_S002_20260603.json,S002,299.0,S002_O00443_P001,ORPHAN_ORDER_ID,2026-06-03T17:43:09.474Z,2026-06-03T17:43:09.474Z
20260603,2026-06-03T17:39:04.695883,898.0,O00443,P004,2,order_items_S002_20260603.json,S002,449.0,S002_O00443_P004,ORPHAN_ORDER_ID,2026-06-03T17:43:09.474Z,2026-06-03T17:43:09.474Z
20260603,2026-06-03T17:39:04.695883,747.0,O00443,P013,3,order_items_S002_20260603.json,S002,249.0,S002_O00443_P013,ORPHAN_ORDER_ID,2026-06-03T17:43:09.474Z,2026-06-03T17:43:09.474Z
20260603,2026-06-03T17:39:04.695883,897.0,O00443,P016,3,order_items_S002_20260603.json,S002,299.0,S002_O00443_P016,ORPHAN_ORDER_ID,2026-06-03T17:43:09.474Z,2026-06-03T17:43:09.474Z
20260603,2026-06-03T17:39:04.695883,898.0,O00451,P004,2,order_items_S002_20260603.json,S002,449.0,S002_O00451_P004,ORPHAN_ORDER_ID,2026-06-03T17:43:09.474Z,2026-06-03T17:43:09.474Z
20260603,2026-06-03T17:39:04.695883,499.0,O00465,P003,1,order_items_S002_20260603.json,S002,499.0,S002_O00465_P003,ORPHAN_ORDER_ID,2026-06-03T17:43:09.474Z,2026-06-03T17:43:09.474Z
20260603,2026-06-03T17:39:04.695883,449.0,O00465,P004,1,order_items_S002_20260603.json,S002,449.0,S002_O00465_P004,ORPHAN_ORDER_ID,2026-06-03T17:43:09.474Z,2026-06-03T17:43:09.474Z
20260603,2026-06-03T17:39:04.695883,147.0,O00465,P012,3,order_items_S002_20260603.json,S002,49.0,S002_O00465_P012,ORPHAN_ORDER_ID,2026-06-03T17:43:09.474Z,2026-06-03T17:43:09.474Z
20260603,2026-06-03T17:39:04.695883,1347.0,O00466,P004,3,order_items_S002_20260603.json,S002,449.0,S002_O00466_P004,ORPHAN_ORDER_ID,2026-06-03T17:43:09.474Z,2026-06-03T17:43:09.474Z
20260603,2026-06-03T17:39:04.695883,120.0,O00466,P007,2,order_items_S002_20260603.json,S002,60.0,S002_O00466_P007,ORPHAN_ORDER_ID,2026-06-03T17:43:09.474Z,2026-06-03T17:43:09.474Z
20260603,2026-06-03T17:39:04.695883,20.0,O00466,P019,1,order_items_S002_20260603.json,S002,20.0,S002_O00466_P019,ORPHAN_ORDER_ID,2026-06-03T17:43:09.474Z,2026-06-03T17:43:09.474Z
20260603,2026-06-03T17:39:04.695883,1197.0,O00470,P002,3,order_items_S002_20260603.json,S002,399.0,S002_O00470_P002,ORPHAN_ORDER_ID,2026-06-03T17:43:09.474Z,2026-06-03T17:43:09.474Z
20260603,2026-06-03T17:39:04.695883,180.0,O00470,P007,3,order_items_S002_20260603.json,S002,60.0,S002_O00470_P007,ORPHAN_ORDER_ID,2026-06-03T17:43:09.474Z,2026-06-03T17:43:09.474Z
20260603,2026-06-03T17:39:04.695883,449.0,O00474,P004,1,order_items_S002_20260603.json,S002,449.0,S002_O00474_P004,ORPHAN_ORDER_ID,2026-06-03T17:43:09.474Z,2026-06-03T17:43:09.474Z
20260603,2026-06-03T17:39:04.695883,398.0,O00474,P006,2,order_items_S002_20260603.json,S002,199.0,S002_O00474_P006,ORPHAN_ORDER_ID,2026-06-03T17:43:09.474Z,2026-06-03T17:43:09.474Z
20260603,2026-06-03T17:39:04.695883,798.0,O00475,P002,2,order_items_S002_20260603.json,S002,399.0,S002_O00475_P002,ORPHAN_ORDER_ID,2026-06-03T17:43:09.474Z,2026-06-03T17:43:09.474Z
20260603,2026-06-03T17:39:04.695883,129.0,O00475,P010,1,order_items_S002_20260603.json,S002,129.0,S002_O00475_P010,ORPHAN_ORDER_ID,2026-06-03T17:43:09.474Z,2026-06-03T17:43:09.474Z
20260603,2026-06-03T17:39:04.695883,149.0,O00475,P017,1,order_items_S002_20260603.json,S002,149.0,S002_O00475_P017,ORPHAN_ORDER_ID,2026-06-03T17:43:09.474Z,2026-06-03T17:43:09.474Z
20260603,2026-06-03T17:39:04.695883,798.0,O00479,P002,2,order_items_S002_20260603.json,S002,399.0,S002_O00479_P002,ORPHAN_ORDER_ID,2026-06-03T17:43:09.474Z,2026-06-03T17:43:09.474Z
20260603,2026-06-03T17:39:04.695883,297.0,O00479,P009,3,order_items_S002_20260603.json,S002,99.0,S002_O00479_P009,ORPHAN_ORDER_ID,2026-06-03T17:43:09.474Z,2026-06-03T17:43:09.474Z
20260603,2026-06-03T17:39:04.695883,180.0,O00486,P007,3,order_items_S002_20260603.json,S002,60.0,S002_O00486_P007,ORPHAN_ORDER_ID,2026-06-03T17:43:09.474Z,2026-06-03T17:43:09.474Z
20260603,2026-06-03T17:39:04.695883,99.0,O00495,P009,1,order_items_S002_20260603.json,S002,99.0,S002_O00495_P009,ORPHAN_ORDER_ID,2026-06-03T17:43:09.474Z,2026-06-03T17:43:09.474Z
20260603,2026-06-03T17:39:04.695883,199.0,O00495,P020,1,order_items_S002_20260603.json,S002,199.0,S002_O00495_P020,ORPHAN_ORDER_ID,2026-06-03T17:43:09.474Z,2026-06-03T17:43:09.474Z
20260603,2026-06-03T17:39:04.695883,1197.0,O00516,P002,3,order_items_S002_20260603.json,S002,399.0,S002_O00516_P002,ORPHAN_ORDER_ID,2026-06-03T17:43:09.474Z,2026-06-03T17:43:09.474Z
20260603,2026-06-03T17:39:04.695883,178.0,O00516,P018,2,order_items_S002_20260603.json,S002,89.0,S002_O00516_P018,ORPHAN_ORDER_ID,2026-06-03T17:43:09.474Z,2026-06-03T17:43:09.474Z
20260603,2026-06-03T17:39:04.695883,199.0,O00530,P006,1,order_items_S002_20260603.json,S002,199.0,S002_O00530_P006,ORPHAN_ORDER_ID,2026-06-03T17:43:09.474Z,2026-06-03T17:43:09.474Z
20260603,2026-06-03T17:39:04.695883,537.0,O00530,P014,3,order_items_S002_20260603.json,S002,179.0,S002_O00530_P014,ORPHAN_ORDER_ID,2026-06-03T17:43:09.474Z,2026-06-03T17:43:09.474Z
20260603,2026-06-03T17:39:04.695883,299.0,O00538,P001,1,order_items_S002_20260603.json,S002,299.0,S002_O00538_P001,ORPHAN_ORDER_ID,2026-06-03T17:43:09.474Z,2026-06-03T17:43:09.474Z
20260603,2026-06-03T17:39:04.695883,1197.0,O00538,P002,3,order_items_S002_20260603.json,S002,399.0,S002_O00538_P002,ORPHAN_ORDER_ID,2026-06-03T17:43:09.474Z,2026-06-03T17:43:09.474Z
20260603,2026-06-03T17:39:04.695883,1347.0,O00538,P004,3,order_items_S002_20260603.json,S002,449.0,S002_O00538_P004,ORPHAN_ORDER_ID,2026-06-03T17:43:09.474Z,2026-06-03T17:43:09.474Z
20260603,2026-06-03T17:39:04.695883,99.0,O00538,P009,1,order_items_S002_20260603.json,S002,99.0,S002_O00538_P009,ORPHAN_ORDER_ID,2026-06-03T17:43:09.474Z,2026-06-03T17:43:09.474Z
20260603,2026-06-03T17:39:04.695883,89.0,O00538,P018,1,order_items_S002_20260603.json,S002,89.0,S002_O00538_P018,ORPHAN_ORDER_ID,2026-06-03T17:43:09.474Z,2026-06-03T17:43:09.474Z
20260603,2026-06-03T17:39:04.695883,598.0,O00539,P001,2,order_items_S002_20260603.json,S002,299.0,S002_O00539_P001,ORPHAN_ORDER_ID,2026-06-03T17:43:09.474Z,2026-06-03T17:43:09.474Z
20260603,2026-06-03T17:39:04.695883,798.0,O00539,P002,2,order_items_S002_20260603.json,S002,399.0,S002_O00539_P002,ORPHAN_ORDER_ID,2026-06-03T17:43:09.474Z,2026-06-03T17:43:09.474Z
20260603,2026-06-03T17:39:04.695883,60.0,O00539,P007,1,order_items_S002_20260603.json,S002,60.0,S002_O00539_P007,ORPHAN_ORDER_ID,2026-06-03T17:43:09.474Z,2026-06-03T17:43:09.474Z
20260603,2026-06-03T17:39:04.695883,898.0,O00540,P004,2,order_items_S002_20260603.json,S002,449.0,S002_O00540_P004,ORPHAN_ORDER_ID,2026-06-03T17:43:09.474Z,2026-06-03T17:43:09.474Z
20260603,2026-06-03T17:39:04.695883,60.0,O00540,P007,1,order_items_S002_20260603.json,S002,60.0,S002_O00540_P007,ORPHAN_ORDER_ID,2026-06-03T17:43:09.474Z,2026-06-03T17:43:09.474Z
20260603,2026-06-03T17:39:04.695883,147.0,O00540,P012,3,order_items_S002_20260603.json,S002,49.0,S002_O00540_P012,ORPHAN_ORDER_ID,2026-06-03T17:43:09.474Z,2026-06-03T17:43:09.474Z
20260603,2026-06-03T17:39:04.695883,399.0,O00542,P002,1,order_items_S002_20260603.json,S002,399.0,S002_O00542_P002,ORPHAN_ORDER_ID,2026-06-03T17:43:09.474Z,2026-06-03T17:43:09.474Z
20260603,2026-06-03T17:39:04.695883,1497.0,O00542,P003,3,order_items_S002_20260603.json,S002,499.0,S002_O00542_P003,ORPHAN_ORDER_ID,2026-06-03T17:43:09.474Z,2026-06-03T17:43:09.474Z
20260603,2026-06-03T17:39:04.695883,180.0,O00572,P007,3,order_items_S002_20260603.json,S002,60.0,S002_O00572_P007,ORPHAN_ORDER_ID,2026-06-03T17:43:09.474Z,2026-06-03T17:43:09.474Z
20260603,2026-06-03T17:39:04.695883,198.0,O00572,P009,2,order_items_S002_20260603.json,S002,99.0,S002_O00572_P009,ORPHAN_ORDER_ID,2026-06-03T17:43:09.474Z,2026-06-03T17:43:09.474Z
20260603,2026-06-03T17:39:04.695883,598.0,O00589,P001,2,order_items_S002_20260603.json,S002,299.0,S002_O00589_P001,ORPHAN_ORDER_ID,2026-06-03T17:43:09.474Z,2026-06-03T17:43:09.474Z
20260603,2026-06-03T17:39:04.695883,798.0,O00589,P002,2,order_items_S002_20260603.json,S002,399.0,S002_O00589_P002,ORPHAN_ORDER_ID,2026-06-03T17:43:09.474Z,2026-06-03T17:43:09.474Z
20260603,2026-06-03T17:39:04.695883,1197.0,O00591,P002,3,order_items_S002_20260603.json,S002,399.0,S002_O00591_P002,ORPHAN_ORDER_ID,2026-06-03T17:43:09.474Z,2026-06-03T17:43:09.474Z
20260603,2026-06-03T17:39:04.695883,180.0,O00591,P007,3,order_items_S002_20260603.json,S002,60.0,S002_O00591_P007,ORPHAN_ORDER_ID,2026-06-03T17:43:09.474Z,2026-06-03T17:43:09.474Z
20260603,2026-06-03T17:39:04.695883,60.0,O00591,P008,1,order_items_S002_20260603.json,S002,60.0,S002_O00591_P008,ORPHAN_ORDER_ID,2026-06-03T17:43:09.474Z,2026-06-03T17:43:09.474Z
20260603,2026-06-03T17:39:04.695883,897.0,O00598,P001,3,order_items_S002_20260603.json,S002,299.0,S002_O00598_P001,ORPHAN_ORDER_ID,2026-06-03T17:43:09.474Z,2026-06-03T17:43:09.474Z
20260603,2026-06-03T17:39:04.695883,1197.0,O00598,P002,3,order_items_S002_20260603.json,S002,399.0,S002_O00598_P002,ORPHAN_ORDER_ID,2026-06-03T17:43:09.474Z,2026-06-03T17:43:09.474Z
20260603,2026-06-03T17:39:04.695883,598.0,O00603,P001,2,order_items_S002_20260603.json,S002,299.0,S002_O00603_P001,ORPHAN_ORDER_ID,2026-06-03T17:43:09.474Z,2026-06-03T17:43:09.474Z
20260603,2026-06-03T17:39:04.695883,1347.0,O00603,P004,3,order_items_S002_20260603.json,S002,449.0,S002_O00603_P004,ORPHAN_ORDER_ID,2026-06-03T17:43:09.474Z,2026-06-03T17:43:09.474Z
20260603,2026-06-03T17:39:04.695883,180.0,O00603,P007,3,order_items_S002_20260603.json,S002,60.0,S002_O00603_P007,ORPHAN_ORDER_ID,2026-06-03T17:43:09.474Z,2026-06-03T17:43:09.474Z
20260603,2026-06-03T17:39:04.695883,149.0,O00603,P017,1,order_items_S002_20260603.json,S002,149.0,S002_O00603_P017,ORPHAN_ORDER_ID,2026-06-03T17:43:09.474Z,2026-06-03T17:43:09.474Z
20260603,2026-06-03T17:39:04.695883,399.0,O00619,P002,1,order_items_S002_20260603.json,S002,399.0,S002_O00619_P002,ORPHAN_ORDER_ID,2026-06-03T17:43:09.474Z,2026-06-03T17:43:09.474Z
20260603,2026-06-03T17:39:04.695883,180.0,O00619,P007,3,order_items_S002_20260603.json,S002,60.0,S002_O00619_P007,ORPHAN_ORDER_ID,2026-06-03T17:43:09.474Z,2026-06-03T17:43:09.474Z
20260603,2026-06-03T17:39:04.695883,449.0,O00646,P004,1,order_items_S002_20260603.json,S002,449.0,S002_O00646_P004,ORPHAN_ORDER_ID,2026-06-03T17:43:09.474Z,2026-06-03T17:43:09.474Z
20260603,2026-06-03T17:39:04.695883,120.0,O00646,P007,2,order_items_S002_20260603.json,S002,60.0,S002_O00646_P007,ORPHAN_ORDER_ID,2026-06-03T17:43:09.474Z,2026-06-03T17:43:09.474Z
20260603,2026-06-03T17:39:04.695883,598.0,O00652,P001,2,order_items_S002_20260603.json,S002,299.0,S002_O00652_P001,ORPHAN_ORDER_ID,2026-06-03T17:43:09.474Z,2026-06-03T17:43:09.474Z
20260603,2026-06-03T17:39:04.695883,180.0,O00652,P007,3,order_items_S002_20260603.json,S002,60.0,S002_O00652_P007,ORPHAN_ORDER_ID,2026-06-03T17:43:09.474Z,2026-06-03T17:43:09.474Z
20260603,2026-06-03T17:39:04.695883,458.0,O00652,P015,2,order_items_S002_20260603.json,S002,229.0,S002_O00652_P015,ORPHAN_ORDER_ID,2026-06-03T17:43:09.474Z,2026-06-03T17:43:09.474Z
20260603,2026-06-03T17:39:04.695883,897.0,O00711,P001,3,order_items_S002_20260603.json,S002,299.0,S002_O00711_P001,ORPHAN_ORDER_ID,2026-06-03T17:43:09.474Z,2026-06-03T17:43:09.474Z
20260603,2026-06-03T17:39:04.695883,597.0,O00711,P006,3,order_items_S002_20260603.json,S002,199.0,S002_O00711_P006,ORPHAN_ORDER_ID,2026-06-03T17:43:09.474Z,2026-06-03T17:43:09.474Z
20260603,2026-06-03T17:39:04.695883,60.0,O00712,P007,1,order_items_S002_20260603.json,S002,60.0,S002_O00712_P007,ORPHAN_ORDER_ID,2026-06-03T17:43:09.474Z,2026-06-03T17:43:09.474Z
20260603,2026-06-03T17:39:04.695883,897.0,O00714,P001,3,order_items_S002_20260603.json,S002,299.0,S002_O00714_P001,ORPHAN_ORDER_ID,2026-06-03T17:43:09.474Z,2026-06-03T17:43:09.474Z
20260603,2026-06-03T17:39:04.695883,1197.0,O00714,P002,3,order_items_S002_20260603.json,S002,399.0,S002_O00714_P002,ORPHAN_ORDER_ID,2026-06-03T17:43:09.474Z,2026-06-03T17:43:09.474Z
20260603,2026-06-03T17:39:04.695883,60.0,O00714,P007,1,order_items_S002_20260603.json,S002,60.0,S002_O00714_P007,ORPHAN_ORDER_ID,2026-06-03T17:43:09.474Z,2026-06-03T17:43:09.474Z
20260603,2026-06-03T17:39:04.695883,498.0,O00714,P013,2,order_items_S002_20260603.json,S002,249.0,S002_O00714_P013,ORPHAN_ORDER_ID,2026-06-03T17:43:09.474Z,2026-06-03T17:43:09.474Z
20260603,2026-06-03T17:39:04.695883,199.0,O00722,P006,1,order_items_S002_20260603.json,S002,199.0,S002_O00722_P006,ORPHAN_ORDER_ID,2026-06-03T17:43:09.474Z,2026-06-03T17:43:09.474Z
20260603,2026-06-03T17:39:04.695883,169.0,O00722,P011,1,order_items_S002_20260603.json,S002,169.0,S002_O00722_P011,ORPHAN_ORDER_ID,2026-06-03T17:43:09.474Z,2026-06-03T17:43:09.474Z
20260603,2026-06-03T17:39:04.695883,178.0,O00722,P018,2,order_items_S002_20260603.json,S002,89.0,S002_O00722_P018,ORPHAN_ORDER_ID,2026-06-03T17:43:09.474Z,2026-06-03T17:43:09.474Z
20260603,2026-06-03T17:39:04.695883,299.0,O00729,P001,1,order_items_S002_20260603.json,S002,299.0,S002_O00729_P001,ORPHAN_ORDER_ID,2026-06-03T17:43:09.474Z,2026-06-03T17:43:09.474Z
20260603,2026-06-03T17:39:04.695883,180.0,O00729,P007,3,order_items_S002_20260603.json,S002,60.0,S002_O00729_P007,ORPHAN_ORDER_ID,2026-06-03T17:43:09.474Z,2026-06-03T17:43:09.474Z
20260603,2026-06-03T17:39:04.695883,249.0,O00729,P013,1,order_items_S002_20260603.json,S002,249.0,S002_O00729_P013,ORPHAN_ORDER_ID,2026-06-03T17:43:09.474Z,2026-06-03T17:43:09.474Z
20260603,2026-06-03T17:39:04.695883,149.0,O00743,P005,1,order_items_S002_20260603.json,S002,149.0,S002_O00743_P005,ORPHAN_ORDER_ID,2026-06-03T17:43:09.474Z,2026-06-03T17:43:09.474Z
20260603,2026-06-03T17:39:04.695883,1197.0,O00757,P002,3,order_items_S002_20260603.json,S002,399.0,S002_O00757_P002,ORPHAN_ORDER_ID,2026-06-03T17:43:09.474Z,2026-06-03T17:43:09.474Z
20260603,2026-06-03T17:39:04.695883,998.0,O00757,P003,2,order_items_S002_20260603.json,S002,499.0,S002_O00757_P003,ORPHAN_ORDER_ID,2026-06-03T17:43:09.474Z,2026-06-03T17:43:09.474Z
20260603,2026-06-03T17:39:04.695883,149.0,O00757,P005,1,order_items_S002_20260603.json,S002,149.0,S002_O00757_P005,ORPHAN_ORDER_ID,2026-06-03T17:43:09.474Z,2026-06-03T17:43:09.474Z
20260603,2026-06-03T17:39:04.695883,60.0,O00757,P007,1,order_items_S002_20260603.json,S002,60.0,S002_O00757_P007,ORPHAN_ORDER_ID,2026-06-03T17:43:09.474Z,2026-06-03T17:43:09.474Z
20260603,2026-06-03T17:39:04.695883,798.0,O00768,P002,2,order_items_S002_20260603.json,S002,399.0,S002_O00768_P002,ORPHAN_ORDER_ID,2026-06-03T17:43:09.474Z,2026-06-03T17:43:09.474Z
20260603,2026-06-03T17:39:04.695883,998.0,O00768,P003,2,order_items_S002_20260603.json,S002,499.0,S002_O00768_P003,ORPHAN_ORDER_ID,2026-06-03T17:43:09.474Z,2026-06-03T17:43:09.474Z
20260603,2026-06-03T17:39:04.695883,537.0,O00768,P014,3,order_items_S002_20260603.json,S002,179.0,S002_O00768_P014,ORPHAN_ORDER_ID,2026-06-03T17:43:09.474Z,2026-06-03T17:43:09.474Z
20260603,2026-06-03T17:39:04.695883,798.0,O00770,P002,2,order_items_S002_20260603.json,S002,399.0,S002_O00770_P002,ORPHAN_ORDER_ID,2026-06-03T17:43:09.474Z,2026-06-03T17:43:09.474Z
20260603,2026-06-03T17:39:04.695883,199.0,O00770,P006,1,order_items_S002_20260603.json,S002,199.0,S002_O00770_P006,ORPHAN_ORDER_ID,2026-06-03T17:43:09.474Z,2026-06-03T17:43:09.474Z
20260603,2026-06-03T17:39:04.695883,229.0,O00770,P015,1,order_items_S002_20260603.json,S002,229.0,S002_O00770_P015,ORPHAN_ORDER_ID,2026-06-03T17:43:09.474Z,2026-06-03T17:43:09.474Z
20260603,2026-06-03T17:39:04.695883,597.0,O00771,P006,3,order_items_S002_20260603.json,S002,199.0,S002_O00771_P006,ORPHAN_ORDER_ID,2026-06-03T17:43:09.474Z,2026-06-03T17:43:09.474Z
20260603,2026-06-03T17:39:04.695883,120.0,O00771,P007,2,order_items_S002_20260603.json,S002,60.0,S002_O00771_P007,ORPHAN_ORDER_ID,2026-06-03T17:43:09.474Z,2026-06-03T17:43:09.474Z
20260603,2026-06-03T17:39:04.695883,598.0,O00772,P001,2,order_items_S002_20260603.json,S002,299.0,S002_O00772_P001,ORPHAN_ORDER_ID,2026-06-03T17:43:09.474Z,2026-06-03T17:43:09.474Z
20260603,2026-06-03T17:39:04.695883,129.0,O00773,P010,1,order_items_S002_20260603.json,S002,129.0,S002_O00773_P010,ORPHAN_ORDER_ID,2026-06-03T17:43:09.474Z,2026-06-03T17:43:09.474Z
20260603,2026-06-03T17:39:04.695883,49.0,O00773,P012,1,order_items_S002_20260603.json,S002,49.0,S002_O00773_P012,ORPHAN_ORDER_ID,2026-06-03T17:43:09.474Z,2026-06-03T17:43:09.474Z
20260603,2026-06-03T17:39:04.695883,498.0,O00773,P013,2,order_items_S002_20260603.json,S002,249.0,S002_O00773_P013,ORPHAN_ORDER_ID,2026-06-03T17:43:09.474Z,2026-06-03T17:43:09.474Z
20260603,2026-06-03T17:39:04.695883,149.0,O00776,P005,1,order_items_S002_20260603.json,S002,149.0,S002_O00776_P005,ORPHAN_ORDER_ID,2026-06-03T17:43:09.474Z,2026-06-03T17:43:09.474Z
20260603,2026-06-03T17:39:04.695883,897.0,O00788,P001,3,order_items_S002_20260603.json,S002,299.0,S002_O00788_P001,ORPHAN_ORDER_ID,2026-06-03T17:43:09.474Z,2026-06-03T17:43:09.474Z
20260603,2026-06-03T17:39:04.695883,258.0,O00788,P010,2,order_items_S002_20260603.json,S002,129.0,S002_O00788_P010,ORPHAN_ORDER_ID,2026-06-03T17:43:09.474Z,2026-06-03T17:43:09.474Z
20260603,2026-06-03T17:39:04.695883,60.0,O00793,P007,1,order_items_S002_20260603.json,S002,60.0,S002_O00793_P007,ORPHAN_ORDER_ID,2026-06-03T17:43:09.474Z,2026-06-03T17:43:09.474Z
20260603,2026-06-03T17:39:04.695883,180.0,O00793,P008,3,order_items_S002_20260603.json,S002,60.0,S002_O00793_P008,ORPHAN_ORDER_ID,2026-06-03T17:43:09.474Z,2026-06-03T17:43:09.474Z
20260603,2026-06-03T17:39:04.695883,169.0,O00793,P011,1,order_items_S002_20260603.json,S002,169.0,S002_O00793_P011,ORPHAN_ORDER_ID,2026-06-03T17:43:09.474Z,2026-06-03T17:43:09.474Z
20260603,2026-06-03T17:39:04.695883,358.0,O00793,P014,2,order_items_S002_20260603.json,S002,179.0,S002_O00793_P014,ORPHAN_ORDER_ID,2026-06-03T17:43:09.474Z,2026-06-03T17:43:09.474Z
20260603,2026-06-03T17:39:04.695883,178.0,O00793,P018,2,order_items_S002_20260603.json,S002,89.0,S002_O00793_P018,ORPHAN_ORDER_ID,2026-06-03T17:43:09.474Z,2026-06-03T17:43:09.474Z
20260603,2026-06-03T17:39:04.695883,180.0,O00797,P007,3,order_items_S002_20260603.json,S002,60.0,S002_O00797_P007,ORPHAN_ORDER_ID,2026-06-03T17:43:09.474Z,2026-06-03T17:43:09.474Z
20260603,2026-06-03T17:39:04.695883,98.0,O00797,P012,2,order_items_S002_20260603.json,S002,49.0,S002_O00797_P012,ORPHAN_ORDER_ID,2026-06-03T17:43:09.474Z,2026-06-03T17:43:09.474Z
20260603,2026-06-03T17:39:04.695883,299.0,O00797,P016,1,order_items_S002_20260603.json,S002,299.0,S002_O00797_P016,ORPHAN_ORDER_ID,2026-06-03T17:43:09.474Z,2026-06-03T17:43:09.474Z
20260603,2026-06-03T17:39:04.695883,798.0,O00800,P002,2,order_items_S002_20260603.json,S002,399.0,S002_O00800_P002,ORPHAN_ORDER_ID,2026-06-03T17:43:09.474Z,2026-06-03T17:43:09.474Z
20260603,2026-06-03T17:39:04.695883,149.0,O00800,P005,1,order_items_S002_20260603.json,S002,149.0,S002_O00800_P005,ORPHAN_ORDER_ID,2026-06-03T17:43:09.474Z,2026-06-03T17:43:09.474Z
20260603,2026-06-03T17:39:04.695883,180.0,O00800,P007,3,order_items_S002_20260603.json,S002,60.0,S002_O00800_P007,ORPHAN_ORDER_ID,2026-06-03T17:43:09.474Z,2026-06-03T17:43:09.474Z
20260603,2026-06-03T17:39:04.695883,299.0,O00802,P001,1,order_items_S002_20260603.json,S002,299.0,S002_O00802_P001,ORPHAN_ORDER_ID,2026-06-03T17:43:09.474Z,2026-06-03T17:43:09.474Z
20260603,2026-06-03T17:39:04.695883,299.0,O00806,P001,1,order_items_S002_20260603.json,S002,299.0,S002_O00806_P001,ORPHAN_ORDER_ID,2026-06-03T17:43:09.474Z,2026-06-03T17:43:09.474Z
20260603,2026-06-03T17:39:04.695883,358.0,O00806,P014,2,order_items_S002_20260603.json,S002,179.0,S002_O00806_P014,ORPHAN_ORDER_ID,2026-06-03T17:43:09.474Z,2026-06-03T17:43:09.474Z
20260603,2026-06-03T17:39:04.695883,399.0,O00809,P002,1,order_items_S002_20260603.json,S002,399.0,S002_O00809_P002,ORPHAN_ORDER_ID,2026-06-03T17:43:09.474Z,2026-06-03T17:43:09.474Z
20260603,2026-06-03T17:39:04.695883,180.0,O00809,P007,3,order_items_S002_20260603.json,S002,60.0,S002_O00809_P007,ORPHAN_ORDER_ID,2026-06-03T17:43:09.474Z,2026-06-03T17:43:09.474Z
20260603,2026-06-03T17:39:04.695883,180.0,O00809,P008,3,order_items_S002_20260603.json,S002,60.0,S002_O00809_P008,ORPHAN_ORDER_ID,2026-06-03T17:43:09.474Z,2026-06-03T17:43:09.474Z
20260603,2026-06-03T17:39:04.695883,398.0,O00809,P020,2,order_items_S002_20260603.json,S002,199.0,S002_O00809_P020,ORPHAN_ORDER_ID,2026-06-03T17:43:09.474Z,2026-06-03T17:43:09.474Z
20260603,2026-06-03T17:39:04.695883,299.0,O00812,P001,1,order_items_S002_20260603.json,S002,299.0,S002_O00812_P001,ORPHAN_ORDER_ID,2026-06-03T17:43:09.474Z,2026-06-03T17:43:09.474Z
20260603,2026-06-03T17:39:04.695883,798.0,O00812,P002,2,order_items_S002_20260603.json,S002,399.0,S002_O00812_P002,ORPHAN_ORDER_ID,2026-06-03T17:43:09.474Z,2026-06-03T17:43:09.474Z
20260603,2026-06-03T17:39:04.695883,267.0,O00812,P018,3,order_items_S002_20260603.json,S002,89.0,S002_O00812_P018,ORPHAN_ORDER_ID,2026-06-03T17:43:09.474Z,2026-06-03T17:43:09.474Z
20260603,2026-06-03T17:39:04.695883,120.0,O00813,P007,2,order_items_S002_20260603.json,S002,60.0,S002_O00813_P007,ORPHAN_ORDER_ID,2026-06-03T17:43:09.474Z,2026-06-03T17:43:09.474Z
20260603,2026-06-03T17:39:04.695883,98.0,O00813,P012,2,order_items_S002_20260603.json,S002,49.0,S002_O00813_P012,ORPHAN_ORDER_ID,2026-06-03T17:43:09.474Z,2026-06-03T17:43:09.474Z
20260603,2026-06-03T17:39:04.695883,180.0,O00816,P007,3,order_items_S002_20260603.json,S002,60.0,S002_O00816_P007,ORPHAN_ORDER_ID,2026-06-03T17:43:09.474Z,2026-06-03T17:43:09.474Z
20260603,2026-06-03T17:39:04.695883,897.0,O00818,P001,3,order_items_S002_20260603.json,S002,299.0,S002_O00818_P001,ORPHAN_ORDER_ID,2026-06-03T17:43:09.474Z,2026-06-03T17:43:09.474Z
20260603,2026-06-03T17:39:04.695883,358.0,O00818,P014,2,order_items_S002_20260603.json,S002,179.0,S002_O00818_P014,ORPHAN_ORDER_ID,2026-06-03T17:43:09.474Z,2026-06-03T17:43:09.474Z
20260603,2026-06-03T17:39:04.695883,120.0,O00824,P008,2,order_items_S002_20260603.json,S002,60.0,S002_O00824_P008,ORPHAN_ORDER_ID,2026-06-03T17:43:09.474Z,2026-06-03T17:43:09.474Z
20260603,2026-06-03T17:39:04.695883,297.0,O00824,P009,3,order_items_S002_20260603.json,S002,99.0,S002_O00824_P009,ORPHAN_ORDER_ID,2026-06-03T17:43:09.474Z,2026-06-03T17:43:09.474Z
20260603,2026-06-03T17:39:04.695883,897.0,O00825,P001,3,order_items_S002_20260603.json,S002,299.0,S002_O00825_P001,ORPHAN_ORDER_ID,2026-06-03T17:43:09.474Z,2026-06-03T17:43:09.474Z
20260603,2026-06-03T17:39:04.695883,498.0,O00825,P013,2,order_items_S002_20260603.json,S002,249.0,S002_O00825_P013,ORPHAN_ORDER_ID,2026-06-03T17:43:09.474Z,2026-06-03T17:43:09.474Z
20260603,2026-06-03T17:39:04.695883,60.0,O00826,P008,1,order_items_S002_20260603.json,S002,60.0,S002_O00826_P008,ORPHAN_ORDER_ID,2026-06-03T17:43:09.474Z,2026-06-03T17:43:09.474Z
20260603,2026-06-03T17:39:04.695883,1197.0,O00829,P002,3,order_items_S002_20260603.json,S002,399.0,S002_O00829_P002,ORPHAN_ORDER_ID,2026-06-03T17:43:09.474Z,2026-06-03T17:43:09.474Z
20260603,2026-06-03T17:39:04.695883,1497.0,O00829,P003,3,order_items_S002_20260603.json,S002,499.0,S002_O00829_P003,ORPHAN_ORDER_ID,2026-06-03T17:43:09.474Z,2026-06-03T17:43:09.474Z
20260603,2026-06-03T17:39:04.695883,898.0,O00829,P004,2,order_items_S002_20260603.json,S002,449.0,S002_O00829_P004,ORPHAN_ORDER_ID,2026-06-03T17:43:09.474Z,2026-06-03T17:43:09.474Z
20260603,2026-06-03T17:39:04.695883,399.0,O00836,P002,1,order_items_S002_20260603.json,S002,399.0,S002_O00836_P002,ORPHAN_ORDER_ID,2026-06-03T17:43:09.474Z,2026-06-03T17:43:09.474Z
20260603,2026-06-03T17:39:04.695883,169.0,O00836,P011,1,order_items_S002_20260603.json,S002,169.0,S002_O00836_P011,ORPHAN_ORDER_ID,2026-06-03T17:43:09.474Z,2026-06-03T17:43:09.474Z
20260603,2026-06-03T17:39:04.695883,299.0,O00837,P001,1,order_items_S002_20260603.json,S002,299.0,S002_O00837_P001,ORPHAN_ORDER_ID,2026-06-03T17:43:09.474Z,2026-06-03T17:43:09.474Z
20260603,2026-06-03T17:39:04.695883,898.0,O00837,P004,2,order_items_S002_20260603.json,S002,449.0,S002_O00837_P004,ORPHAN_ORDER_ID,2026-06-03T17:43:09.474Z,2026-06-03T17:43:09.474Z
20260603,2026-06-03T17:39:04.695883,537.0,O00841,P014,3,order_items_S002_20260603.json,S002,179.0,S002_O00841_P014,ORPHAN_ORDER_ID,2026-06-03T17:43:09.474Z,2026-06-03T17:43:09.474Z
20260603,2026-06-03T17:39:04.695883,897.0,O00841,P016,3,order_items_S002_20260603.json,S002,299.0,S002_O00841_P016,ORPHAN_ORDER_ID,2026-06-03T17:43:09.474Z,2026-06-03T17:43:09.474Z
20260603,2026-06-03T17:39:04.695883,597.0,O00844,P006,3,order_items_S002_20260603.json,S002,199.0,S002_O00844_P006,ORPHAN_ORDER_ID,2026-06-03T17:43:09.474Z,2026-06-03T17:43:09.474Z
20260603,2026-06-03T17:39:04.695883,598.0,O00844,P016,2,order_items_S002_20260603.json,S002,299.0,S002_O00844_P016,ORPHAN_ORDER_ID,2026-06-03T17:43:09.474Z,2026-06-03T17:43:09.474Z
20260603,2026-06-03T17:39:04.695883,898.0,O00857,P004,2,order_items_S002_20260603.json,S002,449.0,S002_O00857_P004,ORPHAN_ORDER_ID,2026-06-03T17:43:09.474Z,2026-06-03T17:43:09.474Z
20260603,2026-06-03T17:39:04.695883,798.0,O00859,P002,2,order_items_S002_20260603.json,S002,399.0,S002_O00859_P002,ORPHAN_ORDER_ID,2026-06-03T17:43:09.474Z,2026-06-03T17:43:09.474Z
20260603,2026-06-03T17:39:04.695883,99.0,O00859,P009,1,order_items_S002_20260603.json,S002,99.0,S002_O00859_P009,ORPHAN_ORDER_ID,2026-06-03T17:43:09.474Z,2026-06-03T17:43:09.474Z
20260603,2026-06-03T17:39:04.695883,98.0,O00859,P012,2,order_items_S002_20260603.json,S002,49.0,S002_O00859_P012,ORPHAN_ORDER_ID,2026-06-03T17:43:09.474Z,2026-06-03T17:43:09.474Z
20260603,2026-06-03T17:39:04.695883,399.0,O00863,P002,1,order_items_S002_20260603.json,S002,399.0,S002_O00863_P002,ORPHAN_ORDER_ID,2026-06-03T17:43:09.474Z,2026-06-03T17:43:09.474Z
20260603,2026-06-03T17:39:04.695883,60.0,O00863,P008,1,order_items_S002_20260603.json,S002,60.0,S002_O00863_P008,ORPHAN_ORDER_ID,2026-06-03T17:43:09.474Z,2026-06-03T17:43:09.474Z
20260603,2026-06-03T17:39:04.695883,249.0,O00863,P013,1,order_items_S002_20260603.json,S002,249.0,S002_O00863_P013,ORPHAN_ORDER_ID,2026-06-03T17:43:09.474Z,2026-06-03T17:43:09.474Z
20260603,2026-06-03T17:39:04.695883,499.0,O00865,P003,1,order_items_S002_20260603.json,S002,499.0,S002_O00865_P003,ORPHAN_ORDER_ID,2026-06-03T17:43:09.474Z,2026-06-03T17:43:09.474Z
20260603,2026-06-03T17:39:04.695883,60.0,O00865,P019,3,order_items_S002_20260603.json,S002,20.0,S002_O00865_P019,ORPHAN_ORDER_ID,2026-06-03T17:43:09.474Z,2026-06-03T17:43:09.474Z
20260603,2026-06-03T17:39:04.695883,1197.0,O00868,P002,3,order_items_S002_20260603.json,S002,399.0,S002_O00868_P002,ORPHAN_ORDER_ID,2026-06-03T17:43:09.474Z,2026-06-03T17:43:09.474Z
20260603,2026-06-03T17:39:04.695883,1497.0,O00868,P003,3,order_items_S002_20260603.json,S002,499.0,S002_O00868_P003,ORPHAN_ORDER_ID,2026-06-03T17:43:09.474Z,2026-06-03T17:43:09.474Z
20260603,2026-06-03T17:39:04.695883,898.0,O00868,P004,2,order_items_S002_20260603.json,S002,449.0,S002_O00868_P004,ORPHAN_ORDER_ID,2026-06-03T17:43:09.474Z,2026-06-03T17:43:09.474Z
20260603,2026-06-03T17:39:04.695883,147.0,O00868,P012,3,order_items_S002_20260603.json,S002,49.0,S002_O00868_P012,ORPHAN_ORDER_ID,2026-06-03T17:43:09.474Z,2026-06-03T17:43:09.474Z
20260603,2026-06-03T17:39:04.695883,898.0,O00874,P004,2,order_items_S002_20260603.json,S002,449.0,S002_O00874_P004,ORPHAN_ORDER_ID,2026-06-03T17:43:09.474Z,2026-06-03T17:43:09.474Z
20260603,2026-06-03T17:39:04.695883,199.0,O00874,P006,1,order_items_S002_20260603.json,S002,199.0,S002_O00874_P006,ORPHAN_ORDER_ID,2026-06-03T17:43:09.474Z,2026-06-03T17:43:09.474Z
20260603,2026-06-03T17:39:04.695883,338.0,O00874,P011,2,order_items_S002_20260603.json,S002,169.0,S002_O00874_P011,ORPHAN_ORDER_ID,2026-06-03T17:43:09.474Z,2026-06-03T17:43:09.474Z
20260603,2026-06-03T17:39:04.695883,258.0,O00875,P010,2,order_items_S002_20260603.json,S002,129.0,S002_O00875_P010,ORPHAN_ORDER_ID,2026-06-03T17:43:09.474Z,2026-06-03T17:43:09.474Z
20260603,2026-06-03T17:39:04.695883,358.0,O00875,P014,2,order_items_S002_20260603.json,S002,179.0,S002_O00875_P014,ORPHAN_ORDER_ID,2026-06-03T17:43:09.474Z,2026-06-03T17:43:09.474Z
20260603,2026-06-03T17:39:04.695883,798.0,O00880,P002,2,order_items_S002_20260603.json,S002,399.0,S002_O00880_P002,ORPHAN_ORDER_ID,2026-06-03T17:43:09.474Z,2026-06-03T17:43:09.474Z
20260603,2026-06-03T17:39:04.695883,297.0,O00880,P009,3,order_items_S002_20260603.json,S002,99.0,S002_O00880_P009,ORPHAN_ORDER_ID,2026-06-03T17:43:09.474Z,2026-06-03T17:43:09.474Z
20260603,2026-06-03T17:39:04.695883,60.0,O00885,P008,1,order_items_S002_20260603.json,S002,60.0,S002_O00885_P008,ORPHAN_ORDER_ID,2026-06-03T17:43:09.474Z,2026-06-03T17:43:09.474Z
20260603,2026-06-03T17:39:04.695883,498.0,O00885,P013,2,order_items_S002_20260603.json,S002,249.0,S002_O00885_P013,ORPHAN_ORDER_ID,2026-06-03T17:43:09.474Z,2026-06-03T17:43:09.474Z
20260603,2026-06-03T17:39:04.695883,98.0,O00886,P012,2,order_items_S002_20260603.json,S002,49.0,S002_O00886_P012,ORPHAN_ORDER_ID,2026-06-03T17:43:09.474Z,2026-06-03T17:43:09.474Z
20260603,2026-06-03T17:39:04.695883,897.0,O00891,P001,3,order_items_S002_20260603.json,S002,299.0,S002_O00891_P001,ORPHAN_ORDER_ID,2026-06-03T17:43:09.474Z,2026-06-03T17:43:09.474Z
20260603,2026-06-03T17:39:04.695883,458.0,O00891,P015,2,order_items_S002_20260603.json,S002,229.0,S002_O00891_P015,ORPHAN_ORDER_ID,2026-06-03T17:43:09.474Z,2026-06-03T17:43:09.474Z
20260603,2026-06-03T17:39:04.695883,1197.0,O00893,P002,3,order_items_S002_20260603.json,S002,399.0,S002_O00893_P002,ORPHAN_ORDER_ID,2026-06-03T17:43:09.474Z,2026-06-03T17:43:09.474Z
20260603,2026-06-03T17:39:04.695883,299.0,O00896,P001,1,order_items_S002_20260603.json,S002,299.0,S002_O00896_P001,ORPHAN_ORDER_ID,2026-06-03T17:43:09.474Z,2026-06-03T17:43:09.474Z
20260603,2026-06-03T17:39:04.695883,897.0,O00901,P001,3,order_items_S002_20260603.json,S002,299.0,S002_O00901_P001,ORPHAN_ORDER_ID,2026-06-03T17:43:09.474Z,2026-06-03T17:43:09.474Z
20260603,2026-06-03T17:39:04.695883,499.0,O00901,P003,1,order_items_S002_20260603.json,S002,499.0,S002_O00901_P003,ORPHAN_ORDER_ID,2026-06-03T17:43:09.474Z,2026-06-03T17:43:09.474Z
20260603,2026-06-03T17:39:04.695883,249.0,O00901,P013,1,order_items_S002_20260603.json,S002,249.0,S002_O00901_P013,ORPHAN_ORDER_ID,2026-06-03T17:43:09.474Z,2026-06-03T17:43:09.474Z
20260603,2026-06-03T17:39:04.695883,338.0,O00905,P011,2,order_items_S002_20260603.json,S002,169.0,S002_O00905_P011,ORPHAN_ORDER_ID,2026-06-03T17:43:09.474Z,2026-06-03T17:43:09.474Z
20260603,2026-06-03T17:39:04.695883,598.0,O00906,P001,2,order_items_S002_20260603.json,S002,299.0,S002_O00906_P001,ORPHAN_ORDER_ID,2026-06-03T17:43:09.474Z,2026-06-03T17:43:09.474Z
20260603,2026-06-03T17:39:04.695883,898.0,O00906,P004,2,order_items_S002_20260603.json,S002,449.0,S002_O00906_P004,ORPHAN_ORDER_ID,2026-06-03T17:43:09.474Z,2026-06-03T17:43:09.474Z
20260603,2026-06-03T17:39:04.695883,1197.0,O00907,P002,3,order_items_S002_20260603.json,S002,399.0,S002_O00907_P002,ORPHAN_ORDER_ID,2026-06-03T17:43:09.474Z,2026-06-03T17:43:09.474Z
20260603,2026-06-03T17:39:04.695883,798.0,O00908,P002,2,order_items_S002_20260603.json,S002,399.0,S002_O00908_P002,ORPHAN_ORDER_ID,2026-06-03T17:43:09.474Z,2026-06-03T17:43:09.474Z
20260603,2026-06-03T17:39:04.695883,120.0,O00908,P007,2,order_items_S002_20260603.json,S002,60.0,S002_O00908_P007,ORPHAN_ORDER_ID,2026-06-03T17:43:09.474Z,2026-06-03T17:43:09.474Z
20260603,2026-06-03T17:39:04.695883,747.0,O00908,P013,3,order_items_S002_20260603.json,S002,249.0,S002_O00908_P013,ORPHAN_ORDER_ID,2026-06-03T17:43:09.474Z,2026-06-03T17:43:09.474Z
20260603,2026-06-03T17:39:04.695883,267.0,O00908,P018,3,order_items_S002_20260603.json,S002,89.0,S002_O00908_P018,ORPHAN_ORDER_ID,2026-06-03T17:43:09.474Z,2026-06-03T17:43:09.474Z
20260603,2026-06-03T17:39:04.695883,897.0,O00909,P001,3,order_items_S002_20260603.json,S002,299.0,S002_O00909_P001,ORPHAN_ORDER_ID,2026-06-03T17:43:09.474Z,2026-06-03T17:43:09.474Z
20260603,2026-06-03T17:39:04.695883,129.0,O00909,P010,1,order_items_S002_20260603.json,S002,129.0,S002_O00909_P010,ORPHAN_ORDER_ID,2026-06-03T17:43:09.474Z,2026-06-03T17:43:09.474Z
20260603,2026-06-03T17:39:04.695883,169.0,O00909,P011,1,order_items_S002_20260603.json,S002,169.0,S002_O00909_P011,ORPHAN_ORDER_ID,2026-06-03T17:43:09.474Z,2026-06-03T17:43:09.474Z
20260603,2026-06-03T17:39:04.695883,458.0,O00909,P015,2,order_items_S002_20260603.json,S002,229.0,S002_O00909_P015,ORPHAN_ORDER_ID,2026-06-03T17:43:09.474Z,2026-06-03T17:43:09.474Z
20260603,2026-06-03T17:39:04.695883,449.0,O00910,P004,1,order_items_S002_20260603.json,S002,449.0,S002_O00910_P004,ORPHAN_ORDER_ID,2026-06-03T17:43:09.474Z,2026-06-03T17:43:09.474Z
20260603,2026-06-03T17:39:04.695883,387.0,O00910,P010,3,order_items_S002_20260603.json,S002,129.0,S002_O00910_P010,ORPHAN_ORDER_ID,2026-06-03T17:43:09.474Z,2026-06-03T17:43:09.474Z
20260603,2026-06-03T17:39:04.695883,398.0,O00910,P020,2,order_items_S002_20260603.json,S002,199.0,S002_O00910_P020,ORPHAN_ORDER_ID,2026-06-03T17:43:09.474Z,2026-06-03T17:43:09.474Z
20260603,2026-06-03T17:39:04.695883,897.0,O00911,P001,3,order_items_S002_20260603.json,S002,299.0,S002_O00911_P001,ORPHAN_ORDER_ID,2026-06-03T17:43:09.474Z,2026-06-03T17:43:09.474Z
20260603,2026-06-03T17:39:04.695883,1497.0,O00911,P003,3,order_items_S002_20260603.json,S002,499.0,S002_O00911_P003,ORPHAN_ORDER_ID,2026-06-03T17:43:09.474Z,2026-06-03T17:43:09.474Z
20260603,2026-06-03T17:39:04.695883,149.0,O00911,P005,1,order_items_S002_20260603.json,S002,149.0,S002_O00911_P005,ORPHAN_ORDER_ID,2026-06-03T17:43:09.474Z,2026-06-03T17:43:09.474Z
20260603,2026-06-03T17:39:04.695883,398.0,O00912,P020,2,order_items_S002_20260603.json,S002,199.0,S002_O00912_P020,ORPHAN_ORDER_ID,2026-06-03T17:43:09.474Z,2026-06-03T17:43:09.474Z
20260603,2026-06-03T17:39:04.695883,449.0,O00914,P004,1,order_items_S002_20260603.json,S002,449.0,S002_O00914_P004,ORPHAN_ORDER_ID,2026-06-03T17:43:09.474Z,2026-06-03T17:43:09.474Z
20260603,2026-06-03T17:39:04.695883,149.0,O00914,P005,1,order_items_S002_20260603.json,S002,149.0,S002_O00914_P005,ORPHAN_ORDER_ID,2026-06-03T17:43:09.474Z,2026-06-03T17:43:09.474Z
20260603,2026-06-03T17:39:04.695883,299.0,O00916,P001,1,order_items_S002_20260603.json,S002,299.0,S002_O00916_P001,ORPHAN_ORDER_ID,2026-06-03T17:43:09.474Z,2026-06-03T17:43:09.474Z
20260603,2026-06-03T17:39:04.695883,180.0,O00916,P008,3,order_items_S002_20260603.json,S002,60.0,S002_O00916_P008,ORPHAN_ORDER_ID,2026-06-03T17:43:09.474Z,2026-06-03T17:43:09.474Z
20260603,2026-06-03T17:39:04.695883,249.0,O00916,P013,1,order_items_S002_20260603.json,S002,249.0,S002_O00916_P013,ORPHAN_ORDER_ID,2026-06-03T17:43:09.474Z,2026-06-03T17:43:09.474Z
20260603,2026-06-03T17:39:04.695883,299.0,O00921,P001,1,order_items_S002_20260603.json,S002,299.0,S002_O00921_P001,ORPHAN_ORDER_ID,2026-06-03T17:43:09.474Z,2026-06-03T17:43:09.474Z
20260603,2026-06-03T17:39:04.695883,60.0,O00921,P008,1,order_items_S002_20260603.json,S002,60.0,S002_O00921_P008,ORPHAN_ORDER_ID,2026-06-03T17:43:09.474Z,2026-06-03T17:43:09.474Z
20260603,2026-06-03T17:39:04.695883,499.0,O00923,P003,1,order_items_S002_20260603.json,S002,499.0,S002_O00923_P003,ORPHAN_ORDER_ID,2026-06-03T17:43:09.474Z,2026-06-03T17:43:09.474Z
20260603,2026-06-03T17:39:04.695883,120.0,O00923,P007,2,order_items_S002_20260603.json,S002,60.0,S002_O00923_P007,ORPHAN_ORDER_ID,2026-06-03T17:43:09.474Z,2026-06-03T17:43:09.474Z
20260603,2026-06-03T17:39:04.695883,398.0,O00923,P020,2,order_items_S002_20260603.json,S002,199.0,S002_O00923_P020,ORPHAN_ORDER_ID,2026-06-03T17:43:09.474Z,2026-06-03T17:43:09.474Z
20260603,2026-06-03T17:39:04.695883,798.0,O00924,P002,2,order_items_S002_20260603.json,S002,399.0,S002_O00924_P002,ORPHAN_ORDER_ID,2026-06-03T17:43:09.474Z,2026-06-03T17:43:09.474Z
20260603,2026-06-03T17:39:04.695883,798.0,O00926,P002,2,order_items_S002_20260603.json,S002,399.0,S002_O00926_P002,ORPHAN_ORDER_ID,2026-06-03T17:43:09.474Z,2026-06-03T17:43:09.474Z
20260603,2026-06-03T17:39:04.695883,747.0,O00926,P013,3,order_items_S002_20260603.json,S002,249.0,S002_O00926_P013,ORPHAN_ORDER_ID,2026-06-03T17:43:09.474Z,2026-06-03T17:43:09.474Z
20260603,2026-06-03T17:39:04.695883,598.0,O00927,P001,2,order_items_S002_20260603.json,S002,299.0,S002_O00927_P001,ORPHAN_ORDER_ID,2026-06-03T17:43:09.474Z,2026-06-03T17:43:09.474Z
20260603,2026-06-03T17:39:04.695883,1347.0,O00927,P004,3,order_items_S002_20260603.json,S002,449.0,S002_O00927_P004,ORPHAN_ORDER_ID,2026-06-03T17:43:09.474Z,2026-06-03T17:43:09.474Z
20260603,2026-06-03T17:39:04.695883,458.0,O00927,P015,2,order_items_S002_20260603.json,S002,229.0,S002_O00927_P015,ORPHAN_ORDER_ID,2026-06-03T17:43:09.474Z,2026-06-03T17:43:09.474Z
20260603,2026-06-03T17:39:04.695883,447.0,O00929,P005,3,order_items_S002_20260603.json,S002,149.0,S002_O00929_P005,ORPHAN_ORDER_ID,2026-06-03T17:43:09.474Z,2026-06-03T17:43:09.474Z
20260603,2026-06-03T17:39:04.695883,398.0,O00929,P006,2,order_items_S002_20260603.json,S002,199.0,S002_O00929_P006,ORPHAN_ORDER_ID,2026-06-03T17:43:09.474Z,2026-06-03T17:43:09.474Z
20260603,2026-06-03T17:39:04.695883,1197.0,O00930,P002,3,order_items_S002_20260603.json,S002,399.0,S002_O00930_P002,ORPHAN_ORDER_ID,2026-06-03T17:43:09.474Z,2026-06-03T17:43:09.474Z
20260603,2026-06-03T17:39:04.695883,120.0,O00930,P007,2,order_items_S002_20260603.json,S002,60.0,S002_O00930_P007,ORPHAN_ORDER_ID,2026-06-03T17:43:09.474Z,2026-06-03T17:43:09.474Z
20260603,2026-06-03T17:39:04.695883,60.0,O00930,P008,1,order_items_S002_20260603.json,S002,60.0,S002_O00930_P008,ORPHAN_ORDER_ID,2026-06-03T17:43:09.474Z,2026-06-03T17:43:09.474Z
20260603,2026-06-03T17:39:04.695883,299.0,O00931,P001,1,order_items_S002_20260603.json,S002,299.0,S002_O00931_P001,ORPHAN_ORDER_ID,2026-06-03T17:43:09.474Z,2026-06-03T17:43:09.474Z
20260603,2026-06-03T17:39:04.695883,40.0,O00931,P019,2,order_items_S002_20260603.json,S002,20.0,S002_O00931_P019,ORPHAN_ORDER_ID,2026-06-03T17:43:09.474Z,2026-06-03T17:43:09.474Z
20260603,2026-06-03T17:39:04.695883,299.0,O00932,P001,1,order_items_S002_20260603.json,S002,299.0,S002_O00932_P001,ORPHAN_ORDER_ID,2026-06-03T17:43:09.474Z,2026-06-03T17:43:09.474Z
20260603,2026-06-03T17:39:04.695883,498.0,O00932,P013,2,order_items_S002_20260603.json,S002,249.0,S002_O00932_P013,ORPHAN_ORDER_ID,2026-06-03T17:43:09.474Z,2026-06-03T17:43:09.474Z
20260603,2026-06-03T17:39:04.695883,399.0,O00933,P002,1,order_items_S002_20260603.json,S002,399.0,S002_O00933_P002,ORPHAN_ORDER_ID,2026-06-03T17:43:09.474Z,2026-06-03T17:43:09.474Z
20260603,2026-06-03T17:39:04.695883,149.0,O00933,P005,1,order_items_S002_20260603.json,S002,149.0,S002_O00933_P005,ORPHAN_ORDER_ID,2026-06-03T17:43:09.474Z,2026-06-03T17:43:09.474Z
20260603,2026-06-03T17:39:04.695883,1497.0,O00936,P003,3,order_items_S002_20260603.json,S002,499.0,S002_O00936_P003,ORPHAN_ORDER_ID,2026-06-03T17:43:09.474Z,2026-06-03T17:43:09.474Z
20260603,2026-06-03T17:39:04.695883,1347.0,O00936,P004,3,order_items_S002_20260603.json,S002,449.0,S002_O00936_P004,ORPHAN_ORDER_ID,2026-06-03T17:43:09.474Z,2026-06-03T17:43:09.474Z
20260603,2026-06-03T17:39:04.695883,249.0,O00936,P013,1,order_items_S002_20260603.json,S002,249.0,S002_O00936_P013,ORPHAN_ORDER_ID,2026-06-03T17:43:09.474Z,2026-06-03T17:43:09.474Z
20260603,2026-06-03T17:39:00.876080,1347.0,O00019,P004,3,order_items_S003_20260603.json,S003,449.0,S003_O00019_P004,ORPHAN_ORDER_ID,2026-06-03T17:43:09.474Z,2026-06-03T17:43:09.474Z
20260603,2026-06-03T17:39:00.876080,298.0,O00019,P005,2,order_items_S003_20260603.json,S003,149.0,S003_O00019_P005,ORPHAN_ORDER_ID,2026-06-03T17:43:09.474Z,2026-06-03T17:43:09.474Z
20260603,2026-06-03T17:39:00.876080,299.0,O00023,P001,1,order_items_S003_20260603.json,S003,299.0,S003_O00023_P001,ORPHAN_ORDER_ID,2026-06-03T17:43:09.474Z,2026-06-03T17:43:09.474Z
20260603,2026-06-03T17:39:00.876080,1497.0,O00023,P003,3,order_items_S003_20260603.json,S003,499.0,S003_O00023_P003,ORPHAN_ORDER_ID,2026-06-03T17:43:09.474Z,2026-06-03T17:43:09.474Z
20260603,2026-06-03T17:39:00.876080,1347.0,O00023,P004,3,order_items_S003_20260603.json,S003,449.0,S003_O00023_P004,ORPHAN_ORDER_ID,2026-06-03T17:43:09.474Z,2026-06-03T17:43:09.474Z
20260603,2026-06-03T17:39:00.876080,399.0,O00039,P002,1,order_items_S003_20260603.json,S003,399.0,S003_O00039_P002,ORPHAN_ORDER_ID,2026-06-03T17:43:09.474Z,2026-06-03T17:43:09.474Z
20260603,2026-06-03T17:39:00.876080,258.0,O00039,P010,2,order_items_S003_20260603.json,S003,129.0,S003_O00039_P010,ORPHAN_ORDER_ID,2026-06-03T17:43:09.474Z,2026-06-03T17:43:09.474Z
20260603,2026-06-03T17:39:00.876080,89.0,O00039,P018,1,order_items_S003_20260603.json,S003,89.0,S003_O00039_P018,ORPHAN_ORDER_ID,2026-06-03T17:43:09.474Z,2026-06-03T17:43:09.474Z
20260603,2026-06-03T17:39:00.876080,598.0,O00046,P001,2,order_items_S003_20260603.json,S003,299.0,S003_O00046_P001,ORPHAN_ORDER_ID,2026-06-03T17:43:09.474Z,2026-06-03T17:43:09.474Z
20260603,2026-06-03T17:39:00.876080,998.0,O00046,P003,2,order_items_S003_20260603.json,S003,499.0,S003_O00046_P003,ORPHAN_ORDER_ID,2026-06-03T17:43:09.474Z,2026-06-03T17:43:09.474Z
20260603,2026-06-03T17:39:00.876080,120.0,O00046,P007,2,order_items_S003_20260603.json,S003,60.0,S003_O00046_P007,ORPHAN_ORDER_ID,2026-06-03T17:43:09.474Z,2026-06-03T17:43:09.474Z
20260603,2026-06-03T17:39:00.876080,798.0,O00049,P002,2,order_items_S003_20260603.json,S003,399.0,S003_O00049_P002,ORPHAN_ORDER_ID,2026-06-03T17:43:09.474Z,2026-06-03T17:43:09.474Z
20260603,2026-06-03T17:39:00.876080,998.0,O00049,P003,2,order_items_S003_20260603.json,S003,499.0,S003_O00049_P003,ORPHAN_ORDER_ID,2026-06-03T17:43:09.474Z,2026-06-03T17:43:09.474Z
20260603,2026-06-03T17:39:00.876080,447.0,O00049,P005,3,order_items_S003_20260603.json,S003,149.0,S003_O00049_P005,ORPHAN_ORDER_ID,2026-06-03T17:43:09.474Z,2026-06-03T17:43:09.474Z
20260603,2026-06-03T17:39:00.876080,499.0,O00050,P003,1,order_items_S003_20260603.json,S003,499.0,S003_O00050_P003,ORPHAN_ORDER_ID,2026-06-03T17:43:09.474Z,2026-06-03T17:43:09.474Z
20260603,2026-06-03T17:39:00.876080,149.0,O00050,P005,1,order_items_S003_20260603.json,S003,149.0,S003_O00050_P005,ORPHAN_ORDER_ID,2026-06-03T17:43:09.474Z,2026-06-03T17:43:09.474Z
20260603,2026-06-03T17:39:00.876080,60.0,O00050,P008,1,order_items_S003_20260603.json,S003,60.0,S003_O00050_P008,ORPHAN_ORDER_ID,2026-06-03T17:43:09.474Z,2026-06-03T17:43:09.474Z
20260603,2026-06-03T17:39:00.876080,499.0,O00052,P003,1,order_items_S003_20260603.json,S003,499.0,S003_O00052_P003,ORPHAN_ORDER_ID,2026-06-03T17:43:09.474Z,2026-06-03T17:43:09.474Z
20260603,2026-06-03T17:39:00.876080,598.0,O00060,P001,2,order_items_S003_20260603.json,S003,299.0,S003_O00060_P001,ORPHAN_ORDER_ID,2026-06-03T17:43:09.474Z,2026-06-03T17:43:09.474Z
20260603,2026-06-03T17:39:00.876080,1347.0,O00108,P004,3,order_items_S003_20260603.json,S003,449.0,S003_O00108_P004,ORPHAN_ORDER_ID,2026-06-03T17:43:09.474Z,2026-06-03T17:43:09.474Z
20260603,2026-06-03T17:39:00.876080,298.0,O00108,P005,2,order_items_S003_20260603.json,S003,149.0,S003_O00108_P005,ORPHAN_ORDER_ID,2026-06-03T17:43:09.474Z,2026-06-03T17:43:09.474Z
20260603,2026-06-03T17:39:00.876080,398.0,O00108,P020,2,order_items_S003_20260603.json,S003,199.0,S003_O00108_P020,ORPHAN_ORDER_ID,2026-06-03T17:43:09.474Z,2026-06-03T17:43:09.474Z
20260603,2026-06-03T17:39:00.876080,897.0,O00112,P001,3,order_items_S003_20260603.json,S003,299.0,S003_O00112_P001,ORPHAN_ORDER_ID,2026-06-03T17:43:09.474Z,2026-06-03T17:43:09.474Z
20260603,2026-06-03T17:39:00.876080,398.0,O00112,P006,2,order_items_S003_20260603.json,S003,199.0,S003_O00112_P006,ORPHAN_ORDER_ID,2026-06-03T17:43:09.474Z,2026-06-03T17:43:09.474Z
20260603,2026-06-03T17:39:00.876080,399.0,O00117,P002,1,order_items_S003_20260603.json,S003,399.0,S003_O00117_P002,ORPHAN_ORDER_ID,2026-06-03T17:43:09.474Z,2026-06-03T17:43:09.474Z
20260603,2026-06-03T17:39:00.876080,298.0,O00117,P005,2,order_items_S003_20260603.json,S003,149.0,S003_O00117_P005,ORPHAN_ORDER_ID,2026-06-03T17:43:09.474Z,2026-06-03T17:43:09.474Z
20260603,2026-06-03T17:39:00.876080,89.0,O00117,P018,1,order_items_S003_20260603.json,S003,89.0,S003_O00117_P018,ORPHAN_ORDER_ID,2026-06-03T17:43:09.474Z,2026-06-03T17:43:09.474Z
20260603,2026-06-03T17:39:00.876080,398.0,O00130,P006,2,order_items_S003_20260603.json,S003,199.0,S003_O00130_P006,ORPHAN_ORDER_ID,2026-06-03T17:43:09.474Z,2026-06-03T17:43:09.474Z
20260603,2026-06-03T17:39:00.876080,129.0,O00130,P010,1,order_items_S003_20260603.json,S003,129.0,S003_O00130_P010,ORPHAN_ORDER_ID,2026-06-03T17:43:09.474Z,2026-06-03T17:43:09.474Z
20260603,2026-06-03T17:39:00.876080,537.0,O00130,P014,3,order_items_S003_20260603.json,S003,179.0,S003_O00130_P014,ORPHAN_ORDER_ID,2026-06-03T17:43:09.474Z,2026-06-03T17:43:09.474Z
20260603,2026-06-03T17:39:00.876080,299.0,O00130,P016,1,order_items_S003_20260603.json,S003,299.0,S003_O00130_P016,ORPHAN_ORDER_ID,2026-06-03T17:43:09.474Z,2026-06-03T17:43:09.474Z
20260603,2026-06-03T17:39:00.876080,798.0,O00137,P002,2,order_items_S003_20260603.json,S003,399.0,S003_O00137_P002,ORPHAN_ORDER_ID,2026-06-03T17:43:09.474Z,2026-06-03T17:43:09.474Z
20260603,2026-06-03T17:39:00.876080,120.0,O00205,P007,2,order_items_S003_20260603.json,S003,60.0,S003_O00205_P007,ORPHAN_ORDER_ID,2026-06-03T17:43:09.474Z,2026-06-03T17:43:09.474Z
20260603,2026-06-03T17:39:00.876080,98.0,O00205,P012,2,order_items_S003_20260603.json,S003,49.0,S003_O00205_P012,ORPHAN_ORDER_ID,2026-06-03T17:43:09.474Z,2026-06-03T17:43:09.474Z
20260603,2026-06-03T17:39:00.876080,598.0,O00210,P001,2,order_items_S003_20260603.json,S003,299.0,S003_O00210_P001,ORPHAN_ORDER_ID,2026-06-03T17:43:09.474Z,2026-06-03T17:43:09.474Z
20260603,2026-06-03T17:39:00.876080,1497.0,O00210,P003,3,order_items_S003_20260603.json,S003,499.0,S003_O00210_P003,ORPHAN_ORDER_ID,2026-06-03T17:43:09.474Z,2026-06-03T17:43:09.474Z
20260603,2026-06-03T17:39:00.876080,598.0,O00227,P001,2,order_items_S003_20260603.json,S003,299.0,S003_O00227_P001,ORPHAN_ORDER_ID,2026-06-03T17:43:09.474Z,2026-06-03T17:43:09.474Z
20260603,2026-06-03T17:39:00.876080,399.0,O00227,P002,1,order_items_S003_20260603.json,S003,399.0,S003_O00227_P002,ORPHAN_ORDER_ID,2026-06-03T17:43:09.474Z,2026-06-03T17:43:09.474Z
20260603,2026-06-03T17:39:00.876080,249.0,O00227,P013,1,order_items_S003_20260603.json,S003,249.0,S003_O00227_P013,ORPHAN_ORDER_ID,2026-06-03T17:43:09.474Z,2026-06-03T17:43:09.474Z
20260603,2026-06-03T17:39:00.876080,1497.0,O00229,P003,3,order_items_S003_20260603.json,S003,499.0,S003_O00229_P003,ORPHAN_ORDER_ID,2026-06-03T17:43:09.474Z,2026-06-03T17:43:09.474Z
20260603,2026-06-03T17:39:00.876080,1497.0,O00238,P003,3,order_items_S003_20260603.json,S003,499.0,S003_O00238_P003,ORPHAN_ORDER_ID,2026-06-03T17:43:09.474Z,2026-06-03T17:43:09.474Z
20260603,2026-06-03T17:39:00.876080,120.0,O00238,P007,2,order_items_S003_20260603.json,S003,60.0,S003_O00238_P007,ORPHAN_ORDER_ID,2026-06-03T17:43:09.474Z,2026-06-03T17:43:09.474Z
20260603,2026-06-03T17:39:00.876080,180.0,O00238,P008,3,order_items_S003_20260603.json,S003,60.0,S003_O00238_P008,ORPHAN_ORDER_ID,2026-06-03T17:43:09.474Z,2026-06-03T17:43:09.474Z
20260603,2026-06-03T17:39:00.876080,598.0,O00256,P001,2,order_items_S003_20260603.json,S003,299.0,S003_O00256_P001,ORPHAN_ORDER_ID,2026-06-03T17:43:09.474Z,2026-06-03T17:43:09.474Z
20260603,2026-06-03T17:39:00.876080,458.0,O00256,P015,2,order_items_S003_20260603.json,S003,229.0,S003_O00256_P015,ORPHAN_ORDER_ID,2026-06-03T17:43:09.474Z,2026-06-03T17:43:09.474Z
20260603,2026-06-03T17:39:00.876080,598.0,O00275,P001,2,order_items_S003_20260603.json,S003,299.0,S003_O00275_P001,ORPHAN_ORDER_ID,2026-06-03T17:43:09.474Z,2026-06-03T17:43:09.474Z
20260603,2026-06-03T17:39:00.876080,60.0,O00275,P008,1,order_items_S003_20260603.json,S003,60.0,S003_O00275_P008,ORPHAN_ORDER_ID,2026-06-03T17:43:09.474Z,2026-06-03T17:43:09.474Z
20260603,2026-06-03T17:39:00.876080,798.0,O00277,P002,2,order_items_S003_20260603.json,S003,399.0,S003_O00277_P002,ORPHAN_ORDER_ID,2026-06-03T17:43:09.474Z,2026-06-03T17:43:09.474Z
20260603,2026-06-03T17:39:00.876080,1497.0,O00277,P003,3,order_items_S003_20260603.json,S003,499.0,S003_O00277_P003,ORPHAN_ORDER_ID,2026-06-03T17:43:09.474Z,2026-06-03T17:43:09.474Z
20260603,2026-06-03T17:39:00.876080,498.0,O00277,P013,2,order_items_S003_20260603.json,S003,249.0,S003_O00277_P013,ORPHAN_ORDER_ID,2026-06-03T17:43:09.474Z,2026-06-03T17:43:09.474Z
20260603,2026-06-03T17:39:00.876080,199.0,O00283,P020,1,order_items_S003_20260603.json,S003,199.0,S003_O00283_P020,ORPHAN_ORDER_ID,2026-06-03T17:43:09.474Z,2026-06-03T17:43:09.474Z
20260603,2026-06-03T17:39:00.876080,897.0,O00292,P001,3,order_items_S003_20260603.json,S003,299.0,S003_O00292_P001,ORPHAN_ORDER_ID,2026-06-03T17:43:09.474Z,2026-06-03T17:43:09.474Z
20260603,2026-06-03T17:39:00.876080,499.0,O00292,P003,1,order_items_S003_20260603.json,S003,499.0,S003_O00292_P003,ORPHAN_ORDER_ID,2026-06-03T17:43:09.474Z,2026-06-03T17:43:09.474Z
20260603,2026-06-03T17:39:00.876080,60.0,O00292,P019,3,order_items_S003_20260603.json,S003,20.0,S003_O00292_P019,ORPHAN_ORDER_ID,2026-06-03T17:43:09.474Z,2026-06-03T17:43:09.474Z
20260603,2026-06-03T17:39:00.876080,180.0,O00299,P007,3,order_items_S003_20260603.json,S003,60.0,S003_O00299_P007,ORPHAN_ORDER_ID,2026-06-03T17:43:09.474Z,2026-06-03T17:43:09.474Z
20260603,2026-06-03T17:39:00.876080,198.0,O00299,P009,2,order_items_S003_20260603.json,S003,99.0,S003_O00299_P009,ORPHAN_ORDER_ID,2026-06-03T17:43:09.474Z,2026-06-03T17:43:09.474Z
20260603,2026-06-03T17:39:00.876080,507.0,O00299,P011,3,order_items_S003_20260603.json,S003,169.0,S003_O00299_P011,ORPHAN_ORDER_ID,2026-06-03T17:43:09.474Z,2026-06-03T17:43:09.474Z
20260603,2026-06-03T17:39:00.876080,299.0,O00321,P001,1,order_items_S003_20260603.json,S003,299.0,S003_O00321_P001,ORPHAN_ORDER_ID,2026-06-03T17:43:09.474Z,2026-06-03T17:43:09.474Z
20260603,2026-06-03T17:39:00.876080,180.0,O00321,P007,3,order_items_S003_20260603.json,S003,60.0,S003_O00321_P007,ORPHAN_ORDER_ID,2026-06-03T17:43:09.474Z,2026-06-03T17:43:09.474Z
20260603,2026-06-03T17:39:00.876080,398.0,O00321,P020,2,order_items_S003_20260603.json,S003,199.0,S003_O00321_P020,ORPHAN_ORDER_ID,2026-06-03T17:43:09.474Z,2026-06-03T17:43:09.474Z
20260603,2026-06-03T17:39:00.876080,298.0,O00331,P005,2,order_items_S003_20260603.json,S003,149.0,S003_O00331_P005,ORPHAN_ORDER_ID,2026-06-03T17:43:09.474Z,2026-06-03T17:43:09.474Z
20260603,2026-06-03T17:39:00.876080,180.0,O00331,P008,3,order_items_S003_20260603.json,S003,60.0,S003_O00331_P008,ORPHAN_ORDER_ID,2026-06-03T17:43:09.474Z,2026-06-03T17:43:09.474Z
20260603,2026-06-03T17:39:00.876080,338.0,O00331,P011,2,order_items_S003_20260603.json,S003,169.0,S003_O00331_P011,ORPHAN_ORDER_ID,2026-06-03T17:43:09.474Z,2026-06-03T17:43:09.474Z
20260603,2026-06-03T17:39:00.876080,299.0,O00334,P001,1,order_items_S003_20260603.json,S003,299.0,S003_O00334_P001,ORPHAN_ORDER_ID,2026-06-03T17:43:09.474Z,2026-06-03T17:43:09.474Z
20260603,2026-06-03T17:39:00.876080,687.0,O00334,P015,3,order_items_S003_20260603.json,S003,229.0,S003_O00334_P015,ORPHAN_ORDER_ID,2026-06-03T17:43:09.474Z,2026-06-03T17:43:09.474Z
20260603,2026-06-03T17:39:00.876080,60.0,O00339,P007,1,order_items_S003_20260603.json,S003,60.0,S003_O00339_P007,ORPHAN_ORDER_ID,2026-06-03T17:43:09.474Z,2026-06-03T17:43:09.474Z
20260603,2026-06-03T17:39:00.876080,178.0,O00339,P018,2,order_items_S003_20260603.json,S003,89.0,S003_O00339_P018,ORPHAN_ORDER_ID,2026-06-03T17:43:09.474Z,2026-06-03T17:43:09.474Z
20260603,2026-06-03T17:39:00.876080,299.0,O00351,P001,1,order_items_S003_20260603.json,S003,299.0,S003_O00351_P001,ORPHAN_ORDER_ID,2026-06-03T17:43:09.474Z,2026-06-03T17:43:09.474Z
20260603,2026-06-03T17:39:00.876080,499.0,O00351,P003,1,order_items_S003_20260603.json,S003,499.0,S003_O00351_P003,ORPHAN_ORDER_ID,2026-06-03T17:43:09.474Z,2026-06-03T17:43:09.474Z
20260603,2026-06-03T17:39:00.876080,1347.0,O00351,P004,3,order_items_S003_20260603.json,S003,449.0,S003_O00351_P004,ORPHAN_ORDER_ID,2026-06-03T17:43:09.474Z,2026-06-03T17:43:09.474Z
20260603,2026-06-03T17:39:00.876080,499.0,O00366,P003,1,order_items_S003_20260603.json,S003,499.0,S003_O00366_P003,ORPHAN_ORDER_ID,2026-06-03T17:43:09.474Z,2026-06-03T17:43:09.474Z
20260603,2026-06-03T17:39:00.876080,258.0,O00366,P010,2,order_items_S003_20260603.json,S003,129.0,S003_O00366_P010,ORPHAN_ORDER_ID,2026-06-03T17:43:09.474Z,2026-06-03T17:43:09.474Z
20260603,2026-06-03T17:39:00.876080,299.0,O00386,P001,1,order_items_S003_20260603.json,S003,299.0,S003_O00386_P001,ORPHAN_ORDER_ID,2026-06-03T17:43:09.474Z,2026-06-03T17:43:09.474Z
20260603,2026-06-03T17:39:00.876080,898.0,O00386,P004,2,order_items_S003_20260603.json,S003,449.0,S003_O00386_P004,ORPHAN_ORDER_ID,2026-06-03T17:43:09.474Z,2026-06-03T17:43:09.474Z
20260603,2026-06-03T17:39:00.876080,299.0,O00395,P001,1,order_items_S003_20260603.json,S003,299.0,S003_O00395_P001,ORPHAN_ORDER_ID,2026-06-03T17:43:09.474Z,2026-06-03T17:43:09.474Z
20260603,2026-06-03T17:39:00.876080,60.0,O00395,P007,1,order_items_S003_20260603.json,S003,60.0,S003_O00395_P007,ORPHAN_ORDER_ID,2026-06-03T17:43:09.474Z,2026-06-03T17:43:09.474Z
20260603,2026-06-03T17:39:00.876080,399.0,O00443,P002,1,order_items_S003_20260603.json,S003,399.0,S003_O00443_P002,ORPHAN_ORDER_ID,2026-06-03T17:43:09.474Z,2026-06-03T17:43:09.474Z
20260603,2026-06-03T17:39:00.876080,449.0,O00443,P004,1,order_items_S003_20260603.json,S003,449.0,S003_O00443_P004,ORPHAN_ORDER_ID,2026-06-03T17:43:09.474Z,2026-06-03T17:43:09.474Z
20260603,2026-06-03T17:39:00.876080,597.0,O00443,P006,3,order_items_S003_20260603.json,S003,199.0,S003_O00443_P006,ORPHAN_ORDER_ID,2026-06-03T17:43:09.474Z,2026-06-03T17:43:09.474Z
20260603,2026-06-03T17:39:00.876080,458.0,O00451,P015,2,order_items_S003_20260603.json,S003,229.0,S003_O00451_P015,ORPHAN_ORDER_ID,2026-06-03T17:43:09.474Z,2026-06-03T17:43:09.474Z
20260603,2026-06-03T17:39:00.876080,120.0,O00465,P008,2,order_items_S003_20260603.json,S003,60.0,S003_O00465_P008,ORPHAN_ORDER_ID,2026-06-03T17:43:09.474Z,2026-06-03T17:43:09.474Z
20260603,2026-06-03T17:39:00.876080,798.0,O00466,P002,2,order_items_S003_20260603.json,S003,399.0,S003_O00466_P002,ORPHAN_ORDER_ID,2026-06-03T17:43:09.474Z,2026-06-03T17:43:09.474Z
20260603,2026-06-03T17:39:00.876080,449.0,O00466,P004,1,order_items_S003_20260603.json,S003,449.0,S003_O00466_P004,ORPHAN_ORDER_ID,2026-06-03T17:43:09.474Z,2026-06-03T17:43:09.474Z
20260603,2026-06-03T17:39:00.876080,298.0,O00470,P005,2,order_items_S003_20260603.json,S003,149.0,S003_O00470_P005,ORPHAN_ORDER_ID,2026-06-03T17:43:09.474Z,2026-06-03T17:43:09.474Z
20260603,2026-06-03T17:39:00.876080,387.0,O00470,P010,3,order_items_S003_20260603.json,S003,129.0,S003_O00470_P010,ORPHAN_ORDER_ID,2026-06-03T17:43:09.474Z,2026-06-03T17:43:09.474Z
20260603,2026-06-03T17:39:00.876080,299.0,O00474,P001,1,order_items_S003_20260603.json,S003,299.0,S003_O00474_P001,ORPHAN_ORDER_ID,2026-06-03T17:43:09.474Z,2026-06-03T17:43:09.474Z
20260603,2026-06-03T17:39:00.876080,998.0,O00474,P003,2,order_items_S003_20260603.json,S003,499.0,S003_O00474_P003,ORPHAN_ORDER_ID,2026-06-03T17:43:09.474Z,2026-06-03T17:43:09.474Z
20260603,2026-06-03T17:39:00.876080,149.0,O00474,P005,1,order_items_S003_20260603.json,S003,149.0,S003_O00474_P005,ORPHAN_ORDER_ID,2026-06-03T17:43:09.474Z,2026-06-03T17:43:09.474Z
20260603,2026-06-03T17:39:00.876080,60.0,O00474,P007,1,order_items_S003_20260603.json,S003,60.0,S003_O00474_P007,ORPHAN_ORDER_ID,2026-06-03T17:43:09.474Z,2026-06-03T17:43:09.474Z
20260603,2026-06-03T17:39:00.876080,998.0,O00475,P003,2,order_items_S003_20260603.json,S003,499.0,S003_O00475_P003,ORPHAN_ORDER_ID,2026-06-03T17:43:09.474Z,2026-06-03T17:43:09.474Z
20260603,2026-06-03T17:39:00.876080,180.0,O00475,P007,3,order_items_S003_20260603.json,S003,60.0,S003_O00475_P007,ORPHAN_ORDER_ID,2026-06-03T17:43:09.474Z,2026-06-03T17:43:09.474Z
20260603,2026-06-03T17:39:00.876080,120.0,O00475,P008,2,order_items_S003_20260603.json,S003,60.0,S003_O00475_P008,ORPHAN_ORDER_ID,2026-06-03T17:43:09.474Z,2026-06-03T17:43:09.474Z
20260603,2026-06-03T17:39:00.876080,399.0,O00479,P002,1,order_items_S003_20260603.json,S003,399.0,S003_O00479_P002,ORPHAN_ORDER_ID,2026-06-03T17:43:09.474Z,2026-06-03T17:43:09.474Z
20260603,2026-06-03T17:39:00.876080,998.0,O00479,P003,2,order_items_S003_20260603.json,S003,499.0,S003_O00479_P003,ORPHAN_ORDER_ID,2026-06-03T17:43:09.474Z,2026-06-03T17:43:09.474Z
20260603,2026-06-03T17:39:00.876080,399.0,O00486,P002,1,order_items_S003_20260603.json,S003,399.0,S003_O00486_P002,ORPHAN_ORDER_ID,2026-06-03T17:43:09.474Z,2026-06-03T17:43:09.474Z
20260603,2026-06-03T17:39:00.876080,449.0,O00495,P004,1,order_items_S003_20260603.json,S003,449.0,S003_O00495_P004,ORPHAN_ORDER_ID,2026-06-03T17:43:09.474Z,2026-06-03T17:43:09.474Z
20260603,2026-06-03T17:39:00.876080,597.0,O00495,P006,3,order_items_S003_20260603.json,S003,199.0,S003_O00495_P006,ORPHAN_ORDER_ID,2026-06-03T17:43:09.474Z,2026-06-03T17:43:09.474Z
20260603,2026-06-03T17:39:00.876080,338.0,O00495,P011,2,order_items_S003_20260603.json,S003,169.0,S003_O00495_P011,ORPHAN_ORDER_ID,2026-06-03T17:43:09.474Z,2026-06-03T17:43:09.474Z
20260603,2026-06-03T17:39:00.876080,120.0,O00516,P008,2,order_items_S003_20260603.json,S003,60.0,S003_O00516_P008,ORPHAN_ORDER_ID,2026-06-03T17:43:09.474Z,2026-06-03T17:43:09.474Z
20260603,2026-06-03T17:39:00.876080,299.0,O00530,P001,1,order_items_S003_20260603.json,S003,299.0,S003_O00530_P001,ORPHAN_ORDER_ID,2026-06-03T17:43:09.474Z,2026-06-03T17:43:09.474Z
20260603,2026-06-03T17:39:00.876080,449.0,O00530,P004,1,order_items_S003_20260603.json,S003,449.0,S003_O00530_P004,ORPHAN_ORDER_ID,2026-06-03T17:43:09.474Z,2026-06-03T17:43:09.474Z
20260603,2026-06-03T17:39:00.876080,129.0,O00530,P010,1,order_items_S003_20260603.json,S003,129.0,S003_O00530_P010,ORPHAN_ORDER_ID,2026-06-03T17:43:09.474Z,2026-06-03T17:43:09.474Z
20260603,2026-06-03T17:39:00.876080,447.0,O00538,P005,3,order_items_S003_20260603.json,S003,149.0,S003_O00538_P005,ORPHAN_ORDER_ID,2026-06-03T17:43:09.474Z,2026-06-03T17:43:09.474Z
20260603,2026-06-03T17:39:00.876080,598.0,O00539,P001,2,order_items_S003_20260603.json,S003,299.0,S003_O00539_P001,ORPHAN_ORDER_ID,2026-06-03T17:43:09.474Z,2026-06-03T17:43:09.474Z
20260603,2026-06-03T17:39:00.876080,399.0,O00539,P002,1,order_items_S003_20260603.json,S003,399.0,S003_O00539_P002,ORPHAN_ORDER_ID,2026-06-03T17:43:09.474Z,2026-06-03T17:43:09.474Z
20260603,2026-06-03T17:39:00.876080,180.0,O00539,P008,3,order_items_S003_20260603.json,S003,60.0,S003_O00539_P008,ORPHAN_ORDER_ID,2026-06-03T17:43:09.474Z,2026-06-03T17:43:09.474Z
20260603,2026-06-03T17:39:00.876080,299.0,O00539,P016,1,order_items_S003_20260603.json,S003,299.0,S003_O00539_P016,ORPHAN_ORDER_ID,2026-06-03T17:43:09.474Z,2026-06-03T17:43:09.474Z
20260603,2026-06-03T17:39:00.876080,798.0,O00540,P002,2,order_items_S003_20260603.json,S003,399.0,S003_O00540_P002,ORPHAN_ORDER_ID,2026-06-03T17:43:09.474Z,2026-06-03T17:43:09.474Z
20260603,2026-06-03T17:39:00.876080,998.0,O00540,P003,2,order_items_S003_20260603.json,S003,499.0,S003_O00540_P003,ORPHAN_ORDER_ID,2026-06-03T17:43:09.474Z,2026-06-03T17:43:09.474Z
20260603,2026-06-03T17:39:00.876080,199.0,O00540,P006,1,order_items_S003_20260603.json,S003,199.0,S003_O00540_P006,ORPHAN_ORDER_ID,2026-06-03T17:43:09.474Z,2026-06-03T17:43:09.474Z
20260603,2026-06-03T17:39:00.876080,897.0,O00542,P001,3,order_items_S003_20260603.json,S003,299.0,S003_O00542_P001,ORPHAN_ORDER_ID,2026-06-03T17:43:09.474Z,2026-06-03T17:43:09.474Z
20260603,2026-06-03T17:39:00.876080,298.0,O00542,P005,2,order_items_S003_20260603.json,S003,149.0,S003_O00542_P005,ORPHAN_ORDER_ID,2026-06-03T17:43:09.474Z,2026-06-03T17:43:09.474Z
20260603,2026-06-03T17:39:00.876080,399.0,O00572,P002,1,order_items_S003_20260603.json,S003,399.0,S003_O00572_P002,ORPHAN_ORDER_ID,2026-06-03T17:43:09.474Z,2026-06-03T17:43:09.474Z
20260603,2026-06-03T17:39:00.876080,747.0,O00589,P013,3,order_items_S003_20260603.json,S003,249.0,S003_O00589_P013,ORPHAN_ORDER_ID,2026-06-03T17:43:09.474Z,2026-06-03T17:43:09.474Z
20260603,2026-06-03T17:39:00.876080,179.0,O00591,P014,1,order_items_S003_20260603.json,S003,179.0,S003_O00591_P014,ORPHAN_ORDER_ID,2026-06-03T17:43:09.474Z,2026-06-03T17:43:09.474Z
20260603,2026-06-03T17:39:00.876080,598.0,O00598,P001,2,order_items_S003_20260603.json,S003,299.0,S003_O00598_P001,ORPHAN_ORDER_ID,2026-06-03T17:43:09.474Z,2026-06-03T17:43:09.474Z
20260603,2026-06-03T17:39:00.876080,180.0,O00598,P007,3,order_items_S003_20260603.json,S003,60.0,S003_O00598_P007,ORPHAN_ORDER_ID,2026-06-03T17:43:09.474Z,2026-06-03T17:43:09.474Z
20260603,2026-06-03T17:39:00.876080,129.0,O00598,P010,1,order_items_S003_20260603.json,S003,129.0,S003_O00598_P010,ORPHAN_ORDER_ID,2026-06-03T17:43:09.474Z,2026-06-03T17:43:09.474Z
20260603,2026-06-03T17:39:00.876080,49.0,O00598,P012,1,order_items_S003_20260603.json,S003,49.0,S003_O00598_P012,ORPHAN_ORDER_ID,2026-06-03T17:43:09.474Z,2026-06-03T17:43:09.474Z
20260603,2026-06-03T17:39:00.876080,299.0,O00603,P016,1,order_items_S003_20260603.json,S003,299.0,S003_O00603_P016,ORPHAN_ORDER_ID,2026-06-03T17:43:09.474Z,2026-06-03T17:43:09.474Z
20260603,2026-06-03T17:39:00.876080,129.0,O00619,P010,1,order_items_S003_20260603.json,S003,129.0,S003_O00619_P010,ORPHAN_ORDER_ID,2026-06-03T17:43:09.474Z,2026-06-03T17:43:09.474Z
20260603,2026-06-03T17:39:00.876080,199.0,O00619,P020,1,order_items_S003_20260603.json,S003,199.0,S003_O00619_P020,ORPHAN_ORDER_ID,2026-06-03T17:43:09.474Z,2026-06-03T17:43:09.474Z
20260603,2026-06-03T17:39:00.876080,178.0,O00646,P018,2,order_items_S003_20260603.json,S003,89.0,S003_O00646_P018,ORPHAN_ORDER_ID,2026-06-03T17:43:09.474Z,2026-06-03T17:43:09.474Z
20260603,2026-06-03T17:39:00.876080,399.0,O00652,P002,1,order_items_S003_20260603.json,S003,399.0,S003_O00652_P002,ORPHAN_ORDER_ID,2026-06-03T17:43:09.474Z,2026-06-03T17:43:09.474Z
20260603,2026-06-03T17:39:00.876080,499.0,O00711,P003,1,order_items_S003_20260603.json,S003,499.0,S003_O00711_P003,ORPHAN_ORDER_ID,2026-06-03T17:43:09.474Z,2026-06-03T17:43:09.474Z
20260603,2026-06-03T17:39:00.876080,449.0,O00711,P004,1,order_items_S003_20260603.json,S003,449.0,S003_O00711_P004,ORPHAN_ORDER_ID,2026-06-03T17:43:09.474Z,2026-06-03T17:43:09.474Z
20260603,2026-06-03T17:39:00.876080,180.0,O00711,P007,3,order_items_S003_20260603.json,S003,60.0,S003_O00711_P007,ORPHAN_ORDER_ID,2026-06-03T17:43:09.474Z,2026-06-03T17:43:09.474Z
20260603,2026-06-03T17:39:00.876080,229.0,O00711,P015,1,order_items_S003_20260603.json,S003,229.0,S003_O00711_P015,ORPHAN_ORDER_ID,2026-06-03T17:43:09.474Z,2026-06-03T17:43:09.474Z
20260603,2026-06-03T17:39:00.876080,998.0,O00712,P003,2,order_items_S003_20260603.json,S003,499.0,S003_O00712_P003,ORPHAN_ORDER_ID,2026-06-03T17:43:09.474Z,2026-06-03T17:43:09.474Z
20260603,2026-06-03T17:39:00.876080,180.0,O00712,P007,3,order_items_S003_20260603.json,S003,60.0,S003_O00712_P007,ORPHAN_ORDER_ID,2026-06-03T17:43:09.474Z,2026-06-03T17:43:09.474Z
20260603,2026-06-03T17:39:00.876080,120.0,O00712,P008,2,order_items_S003_20260603.json,S003,60.0,S003_O00712_P008,ORPHAN_ORDER_ID,2026-06-03T17:43:09.474Z,2026-06-03T17:43:09.474Z
20260603,2026-06-03T17:39:00.876080,199.0,O00712,P020,1,order_items_S003_20260603.json,S003,199.0,S003_O00712_P020,ORPHAN_ORDER_ID,2026-06-03T17:43:09.474Z,2026-06-03T17:43:09.474Z
20260603,2026-06-03T17:39:00.876080,897.0,O00714,P001,3,order_items_S003_20260603.json,S003,299.0,S003_O00714_P001,ORPHAN_ORDER_ID,2026-06-03T17:43:09.474Z,2026-06-03T17:43:09.474Z
20260603,2026-06-03T17:39:00.876080,147.0,O00722,P012,3,order_items_S003_20260603.json,S003,49.0,S003_O00722_P012,ORPHAN_ORDER_ID,2026-06-03T17:43:09.474Z,2026-06-03T17:43:09.474Z
20260603,2026-06-03T17:39:00.876080,998.0,O00729,P003,2,order_items_S003_20260603.json,S003,499.0,S003_O00729_P003,ORPHAN_ORDER_ID,2026-06-03T17:43:09.474Z,2026-06-03T17:43:09.474Z
20260603,2026-06-03T17:39:00.876080,447.0,O00729,P005,3,order_items_S003_20260603.json,S003,149.0,S003_O00729_P005,ORPHAN_ORDER_ID,2026-06-03T17:43:09.474Z,2026-06-03T17:43:09.474Z
20260603,2026-06-03T17:39:00.876080,40.0,O00729,P019,2,order_items_S003_20260603.json,S003,20.0,S003_O00729_P019,ORPHAN_ORDER_ID,2026-06-03T17:43:09.474Z,2026-06-03T17:43:09.474Z
20260603,2026-06-03T17:39:00.876080,998.0,O00743,P003,2,order_items_S003_20260603.json,S003,499.0,S003_O00743_P003,ORPHAN_ORDER_ID,2026-06-03T17:43:09.474Z,2026-06-03T17:43:09.474Z
20260603,2026-06-03T17:39:00.876080,120.0,O00743,P007,2,order_items_S003_20260603.json,S003,60.0,S003_O00743_P007,ORPHAN_ORDER_ID,2026-06-03T17:43:09.474Z,2026-06-03T17:43:09.474Z
20260603,2026-06-03T17:39:00.876080,198.0,O00743,P009,2,order_items_S003_20260603.json,S003,99.0,S003_O00743_P009,ORPHAN_ORDER_ID,2026-06-03T17:43:09.474Z,2026-06-03T17:43:09.474Z
20260603,2026-06-03T17:39:00.876080,299.0,O00757,P001,1,order_items_S003_20260603.json,S003,299.0,S003_O00757_P001,ORPHAN_ORDER_ID,2026-06-03T17:43:09.474Z,2026-06-03T17:43:09.474Z
20260603,2026-06-03T17:39:02.237833,399.0,O00019,P002,1,order_items_S004_20260603.json,S004,399.0,S004_O00019_P002,ORPHAN_ORDER_ID,2026-06-03T17:43:09.474Z,2026-06-03T17:43:09.474Z
20260603,2026-06-03T17:39:02.237833,499.0,O00019,P003,1,order_items_S004_20260603.json,S004,499.0,S004_O00019_P003,ORPHAN_ORDER_ID,2026-06-03T17:43:09.474Z,2026-06-03T17:43:09.474Z
20260603,2026-06-03T17:39:02.237833,60.0,O00019,P007,1,order_items_S004_20260603.json,S004,60.0,S004_O00019_P007,ORPHAN_ORDER_ID,2026-06-03T17:43:09.474Z,2026-06-03T17:43:09.474Z
20260603,2026-06-03T17:39:02.237833,299.0,O00023,P001,1,order_items_S004_20260603.json,S004,299.0,S004_O00023_P001,ORPHAN_ORDER_ID,2026-06-03T17:43:09.474Z,2026-06-03T17:43:09.474Z
20260603,2026-06-03T17:39:02.237833,49.0,O00023,P012,1,order_items_S004_20260603.json,S004,49.0,S004_O00023_P012,ORPHAN_ORDER_ID,2026-06-03T17:43:09.474Z,2026-06-03T17:43:09.474Z
20260603,2026-06-03T17:39:02.237833,298.0,O00039,P005,2,order_items_S004_20260603.json,S004,149.0,S004_O00039_P005,ORPHAN_ORDER_ID,2026-06-03T17:43:09.474Z,2026-06-03T17:43:09.474Z
20260603,2026-06-03T17:39:02.237833,120.0,O00039,P007,2,order_items_S004_20260603.json,S004,60.0,S004_O00039_P007,ORPHAN_ORDER_ID,2026-06-03T17:43:09.474Z,2026-06-03T17:43:09.474Z
20260603,2026-06-03T17:39:02.237833,897.0,O00046,P001,3,order_items_S004_20260603.json,S004,299.0,S004_O00046_P001,ORPHAN_ORDER_ID,2026-06-03T17:43:09.474Z,2026-06-03T17:43:09.474Z
20260603,2026-06-03T17:39:02.237833,60.0,O00046,P007,1,order_items_S004_20260603.json,S004,60.0,S004_O00046_P007,ORPHAN_ORDER_ID,2026-06-03T17:43:09.474Z,2026-06-03T17:43:09.474Z
20260603,2026-06-03T17:39:02.237833,299.0,O00049,P001,1,order_items_S004_20260603.json,S004,299.0,S004_O00049_P001,ORPHAN_ORDER_ID,2026-06-03T17:43:09.474Z,2026-06-03T17:43:09.474Z
20260603,2026-06-03T17:39:02.237833,398.0,O00049,P020,2,order_items_S004_20260603.json,S004,199.0,S004_O00049_P020,ORPHAN_ORDER_ID,2026-06-03T17:43:09.474Z,2026-06-03T17:43:09.474Z
20260603,2026-06-03T17:39:02.237833,399.0,O00050,P002,1,order_items_S004_20260603.json,S004,399.0,S004_O00050_P002,ORPHAN_ORDER_ID,2026-06-03T17:43:09.474Z,2026-06-03T17:43:09.474Z
20260603,2026-06-03T17:39:02.237833,998.0,O00050,P003,2,order_items_S004_20260603.json,S004,499.0,S004_O00050_P003,ORPHAN_ORDER_ID,2026-06-03T17:43:09.474Z,2026-06-03T17:43:09.474Z
20260603,2026-06-03T17:39:02.237833,180.0,O00050,P007,3,order_items_S004_20260603.json,S004,60.0,S004_O00050_P007,ORPHAN_ORDER_ID,2026-06-03T17:43:09.474Z,2026-06-03T17:43:09.474Z
20260603,2026-06-03T17:39:02.237833,399.0,O00052,P002,1,order_items_S004_20260603.json,S004,399.0,S004_O00052_P002,ORPHAN_ORDER_ID,2026-06-03T17:43:09.474Z,2026-06-03T17:43:09.474Z
20260603,2026-06-03T17:39:02.237833,258.0,O00052,P010,2,order_items_S004_20260603.json,S004,129.0,S004_O00052_P010,ORPHAN_ORDER_ID,2026-06-03T17:43:09.474Z,2026-06-03T17:43:09.474Z
20260603,2026-06-03T17:39:02.237833,598.0,O00060,P001,2,order_items_S004_20260603.json,S004,299.0,S004_O00060_P001,ORPHAN_ORDER_ID,2026-06-03T17:43:09.474Z,2026-06-03T17:43:09.474Z
20260603,2026-06-03T17:39:02.237833,120.0,O00060,P007,2,order_items_S004_20260603.json,S004,60.0,S004_O00060_P007,ORPHAN_ORDER_ID,2026-06-03T17:43:09.474Z,2026-06-03T17:43:09.474Z
20260603,2026-06-03T17:39:02.237833,598.0,O00108,P001,2,order_items_S004_20260603.json,S004,299.0,S004_O00108_P001,ORPHAN_ORDER_ID,2026-06-03T17:43:09.474Z,2026-06-03T17:43:09.474Z
20260603,2026-06-03T17:39:02.237833,447.0,O00108,P005,3,order_items_S004_20260603.json,S004,149.0,S004_O00108_P005,ORPHAN_ORDER_ID,2026-06-03T17:43:09.474Z,2026-06-03T17:43:09.474Z
20260603,2026-06-03T17:39:02.237833,598.0,O00112,P001,2,order_items_S004_20260603.json,S004,299.0,S004_O00112_P001,ORPHAN_ORDER_ID,2026-06-03T17:43:09.474Z,2026-06-03T17:43:09.474Z
20260603,2026-06-03T17:39:02.237833,687.0,O00112,P015,3,order_items_S004_20260603.json,S004,229.0,S004_O00112_P015,ORPHAN_ORDER_ID,2026-06-03T17:43:09.474Z,2026-06-03T17:43:09.474Z
20260603,2026-06-03T17:39:02.237833,198.0,O00117,P009,2,order_items_S004_20260603.json,S004,99.0,S004_O00117_P009,ORPHAN_ORDER_ID,2026-06-03T17:43:09.474Z,2026-06-03T17:43:09.474Z
20260603,2026-06-03T17:39:02.237833,387.0,O00130,P010,3,order_items_S004_20260603.json,S004,129.0,S004_O00130_P010,ORPHAN_ORDER_ID,2026-06-03T17:43:09.474Z,2026-06-03T17:43:09.474Z
20260603,2026-06-03T17:39:02.237833,249.0,O00130,P013,1,order_items_S004_20260603.json,S004,249.0,S004_O00130_P013,ORPHAN_ORDER_ID,2026-06-03T17:43:09.474Z,2026-06-03T17:43:09.474Z
20260603,2026-06-03T17:39:02.237833,897.0,O00137,P001,3,order_items_S004_20260603.json,S004,299.0,S004_O00137_P001,ORPHAN_ORDER_ID,2026-06-03T17:43:09.474Z,2026-06-03T17:43:09.474Z
20260603,2026-06-03T17:39:02.237833,399.0,O00137,P002,1,order_items_S004_20260603.json,S004,399.0,S004_O00137_P002,ORPHAN_ORDER_ID,2026-06-03T17:43:09.474Z,2026-06-03T17:43:09.474Z
20260603,2026-06-03T17:39:02.237833,249.0,O00205,P013,1,order_items_S004_20260603.json,S004,249.0,S004_O00205_P013,ORPHAN_ORDER_ID,2026-06-03T17:43:09.474Z,2026-06-03T17:43:09.474Z
20260603,2026-06-03T17:39:02.237833,1197.0,O00210,P002,3,order_items_S004_20260603.json,S004,399.0,S004_O00210_P002,ORPHAN_ORDER_ID,2026-06-03T17:43:09.474Z,2026-06-03T17:43:09.474Z
20260603,2026-06-03T17:39:02.237833,499.0,O00210,P003,1,order_items_S004_20260603.json,S004,499.0,S004_O00210_P003,ORPHAN_ORDER_ID,2026-06-03T17:43:09.474Z,2026-06-03T17:43:09.474Z
20260603,2026-06-03T17:39:02.237833,998.0,O00227,P003,2,order_items_S004_20260603.json,S004,499.0,S004_O00227_P003,ORPHAN_ORDER_ID,2026-06-03T17:43:09.474Z,2026-06-03T17:43:09.474Z
20260603,2026-06-03T17:39:02.237833,180.0,O00227,P008,3,order_items_S004_20260603.json,S004,60.0,S004_O00227_P008,ORPHAN_ORDER_ID,2026-06-03T17:43:09.474Z,2026-06-03T17:43:09.474Z
20260603,2026-06-03T17:39:02.237833,149.0,O00229,P005,1,order_items_S004_20260603.json,S004,149.0,S004_O00229_P005,ORPHAN_ORDER_ID,2026-06-03T17:43:09.474Z,2026-06-03T17:43:09.474Z
20260603,2026-06-03T17:39:02.237833,169.0,O00229,P011,1,order_items_S004_20260603.json,S004,169.0,S004_O00229_P011,ORPHAN_ORDER_ID,2026-06-03T17:43:09.474Z,2026-06-03T17:43:09.474Z
20260603,2026-06-03T17:39:02.237833,687.0,O00229,P015,3,order_items_S004_20260603.json,S004,229.0,S004_O00229_P015,ORPHAN_ORDER_ID,2026-06-03T17:43:09.474Z,2026-06-03T17:43:09.474Z
20260603,2026-06-03T17:39:02.237833,398.0,O00238,P006,2,order_items_S004_20260603.json,S004,199.0,S004_O00238_P006,ORPHAN_ORDER_ID,2026-06-03T17:43:09.474Z,2026-06-03T17:43:09.474Z
20260603,2026-06-03T17:39:02.237833,60.0,O00238,P008,1,order_items_S004_20260603.json,S004,60.0,S004_O00238_P008,ORPHAN_ORDER_ID,2026-06-03T17:43:09.474Z,2026-06-03T17:43:09.474Z
20260603,2026-06-03T17:39:02.237833,687.0,O00238,P015,3,order_items_S004_20260603.json,S004,229.0,S004_O00238_P015,ORPHAN_ORDER_ID,2026-06-03T17:43:09.474Z,2026-06-03T17:43:09.474Z
20260603,2026-06-03T17:39:02.237833,1197.0,O00256,P002,3,order_items_S004_20260603.json,S004,399.0,S004_O00256_P002,ORPHAN_ORDER_ID,2026-06-03T17:43:09.474Z,2026-06-03T17:43:09.474Z
20260603,2026-06-03T17:39:02.237833,747.0,O00256,P013,3,order_items_S004_20260603.json,S004,249.0,S004_O00256_P013,ORPHAN_ORDER_ID,2026-06-03T17:43:09.474Z,2026-06-03T17:43:09.474Z
20260603,2026-06-03T17:39:02.237833,598.0,O00275,P001,2,order_items_S004_20260603.json,S004,299.0,S004_O00275_P001,ORPHAN_ORDER_ID,2026-06-03T17:43:09.474Z,2026-06-03T17:43:09.474Z
20260603,2026-06-03T17:39:02.237833,449.0,O00277,P004,1,order_items_S004_20260603.json,S004,449.0,S004_O00277_P004,ORPHAN_ORDER_ID,2026-06-03T17:43:09.474Z,2026-06-03T17:43:09.474Z
20260603,2026-06-03T17:39:02.237833,398.0,O00277,P006,2,order_items_S004_20260603.json,S004,199.0,S004_O00277_P006,ORPHAN_ORDER_ID,2026-06-03T17:43:09.474Z,2026-06-03T17:43:09.474Z
20260603,2026-06-03T17:39:02.237833,598.0,O00283,P001,2,order_items_S004_20260603.json,S004,299.0,S004_O00283_P001,ORPHAN_ORDER_ID,2026-06-03T17:43:09.474Z,2026-06-03T17:43:09.474Z
20260603,2026-06-03T17:39:02.237833,447.0,O00283,P005,3,order_items_S004_20260603.json,S004,149.0,S004_O00283_P005,ORPHAN_ORDER_ID,2026-06-03T17:43:09.474Z,2026-06-03T17:43:09.474Z
20260603,2026-06-03T17:39:02.237833,387.0,O00283,P010,3,order_items_S004_20260603.json,S004,129.0,S004_O00283_P010,ORPHAN_ORDER_ID,2026-06-03T17:43:09.474Z,2026-06-03T17:43:09.474Z
20260603,2026-06-03T17:39:02.237833,398.0,O00292,P006,2,order_items_S004_20260603.json,S004,199.0,S004_O00292_P006,ORPHAN_ORDER_ID,2026-06-03T17:43:09.474Z,2026-06-03T17:43:09.474Z
20260603,2026-06-03T17:39:02.237833,229.0,O00292,P015,1,order_items_S004_20260603.json,S004,229.0,S004_O00292_P015,ORPHAN_ORDER_ID,2026-06-03T17:43:09.474Z,2026-06-03T17:43:09.474Z
20260603,2026-06-03T17:39:02.237833,149.0,O00299,P005,1,order_items_S004_20260603.json,S004,149.0,S004_O00299_P005,ORPHAN_ORDER_ID,2026-06-03T17:43:09.474Z,2026-06-03T17:43:09.474Z
20260603,2026-06-03T17:39:02.237833,120.0,O00299,P007,2,order_items_S004_20260603.json,S004,60.0,S004_O00299_P007,ORPHAN_ORDER_ID,2026-06-03T17:43:09.474Z,2026-06-03T17:43:09.474Z
20260603,2026-06-03T17:39:02.237833,458.0,O00299,P015,2,order_items_S004_20260603.json,S004,229.0,S004_O00299_P015,ORPHAN_ORDER_ID,2026-06-03T17:43:09.474Z,2026-06-03T17:43:09.474Z
20260603,2026-06-03T17:39:02.237833,399.0,O00321,P002,1,order_items_S004_20260603.json,S004,399.0,S004_O00321_P002,ORPHAN_ORDER_ID,2026-06-03T17:43:09.474Z,2026-06-03T17:43:09.474Z
20260603,2026-06-03T17:39:02.237833,447.0,O00321,P005,3,order_items_S004_20260603.json,S004,149.0,S004_O00321_P005,ORPHAN_ORDER_ID,2026-06-03T17:43:09.474Z,2026-06-03T17:43:09.474Z
20260603,2026-06-03T17:39:02.237833,60.0,O00321,P007,1,order_items_S004_20260603.json,S004,60.0,S004_O00321_P007,ORPHAN_ORDER_ID,2026-06-03T17:43:09.474Z,2026-06-03T17:43:09.474Z
20260603,2026-06-03T17:39:02.237833,798.0,O00331,P002,2,order_items_S004_20260603.json,S004,399.0,S004_O00331_P002,ORPHAN_ORDER_ID,2026-06-03T17:43:09.474Z,2026-06-03T17:43:09.474Z
20260603,2026-06-03T17:39:02.237833,449.0,O00331,P004,1,order_items_S004_20260603.json,S004,449.0,S004_O00331_P004,ORPHAN_ORDER_ID,2026-06-03T17:43:09.474Z,2026-06-03T17:43:09.474Z
20260603,2026-06-03T17:39:02.237833,299.0,O00334,P001,1,order_items_S004_20260603.json,S004,299.0,S004_O00334_P001,ORPHAN_ORDER_ID,2026-06-03T17:43:09.474Z,2026-06-03T17:43:09.474Z
20260603,2026-06-03T17:39:02.237833,898.0,O00334,P004,2,order_items_S004_20260603.json,S004,449.0,S004_O00334_P004,ORPHAN_ORDER_ID,2026-06-03T17:43:09.474Z,2026-06-03T17:43:09.474Z
20260603,2026-06-03T17:39:02.237833,537.0,O00334,P014,3,order_items_S004_20260603.json,S004,179.0,S004_O00334_P014,ORPHAN_ORDER_ID,2026-06-03T17:43:09.474Z,2026-06-03T17:43:09.474Z
20260603,2026-06-03T17:39:02.237833,398.0,O00334,P020,2,order_items_S004_20260603.json,S004,199.0,S004_O00334_P020,ORPHAN_ORDER_ID,2026-06-03T17:43:09.474Z,2026-06-03T17:43:09.474Z
20260603,2026-06-03T17:39:02.237833,120.0,O00339,P007,2,order_items_S004_20260603.json,S004,60.0,S004_O00339_P007,ORPHAN_ORDER_ID,2026-06-03T17:43:09.474Z,2026-06-03T17:43:09.474Z
20260603,2026-06-03T17:39:02.237833,258.0,O00339,P010,2,order_items_S004_20260603.json,S004,129.0,S004_O00339_P010,ORPHAN_ORDER_ID,2026-06-03T17:43:09.474Z,2026-06-03T17:43:09.474Z
20260603,2026-06-03T17:39:02.237833,998.0,O00351,P003,2,order_items_S004_20260603.json,S004,499.0,S004_O00351_P003,ORPHAN_ORDER_ID,2026-06-03T17:43:09.474Z,2026-06-03T17:43:09.474Z
20260603,2026-06-03T17:39:02.237833,449.0,O00351,P004,1,order_items_S004_20260603.json,S004,449.0,S004_O00351_P004,ORPHAN_ORDER_ID,2026-06-03T17:43:09.474Z,2026-06-03T17:43:09.474Z
20260603,2026-06-03T17:39:02.237833,897.0,O00366,P001,3,order_items_S004_20260603.json,S004,299.0,S004_O00366_P001,ORPHAN_ORDER_ID,2026-06-03T17:43:09.474Z,2026-06-03T17:43:09.474Z
20260603,2026-06-03T17:39:02.237833,798.0,O00366,P002,2,order_items_S004_20260603.json,S004,399.0,S004_O00366_P002,ORPHAN_ORDER_ID,2026-06-03T17:43:09.474Z,2026-06-03T17:43:09.474Z
20260603,2026-06-03T17:39:02.237833,998.0,O00366,P003,2,order_items_S004_20260603.json,S004,499.0,S004_O00366_P003,ORPHAN_ORDER_ID,2026-06-03T17:43:09.474Z,2026-06-03T17:43:09.474Z
20260603,2026-06-03T17:39:02.237833,449.0,O00366,P004,1,order_items_S004_20260603.json,S004,449.0,S004_O00366_P004,ORPHAN_ORDER_ID,2026-06-03T17:43:09.474Z,2026-06-03T17:43:09.474Z
20260603,2026-06-03T17:39:02.237833,199.0,O00366,P006,1,order_items_S004_20260603.json,S004,199.0,S004_O00366_P006,ORPHAN_ORDER_ID,2026-06-03T17:43:09.474Z,2026-06-03T17:43:09.474Z
20260603,2026-06-03T17:39:02.237833,1347.0,O00386,P004,3,order_items_S004_20260603.json,S004,449.0,S004_O00386_P004,ORPHAN_ORDER_ID,2026-06-03T17:43:09.474Z,2026-06-03T17:43:09.474Z
20260603,2026-06-03T17:39:02.237833,179.0,O00386,P014,1,order_items_S004_20260603.json,S004,179.0,S004_O00386_P014,ORPHAN_ORDER_ID,2026-06-03T17:43:09.474Z,2026-06-03T17:43:09.474Z
20260603,2026-06-03T17:39:02.237833,598.0,O00395,P001,2,order_items_S004_20260603.json,S004,299.0,S004_O00395_P001,ORPHAN_ORDER_ID,2026-06-03T17:43:09.474Z,2026-06-03T17:43:09.474Z
20260603,2026-06-03T17:39:02.237833,798.0,O00395,P002,2,order_items_S004_20260603.json,S004,399.0,S004_O00395_P002,ORPHAN_ORDER_ID,2026-06-03T17:43:09.474Z,2026-06-03T17:43:09.474Z
20260603,2026-06-03T17:39:02.237833,1497.0,O00395,P003,3,order_items_S004_20260603.json,S004,499.0,S004_O00395_P003,ORPHAN_ORDER_ID,2026-06-03T17:43:09.474Z,2026-06-03T17:43:09.474Z
20260603,2026-06-03T17:39:02.237833,120.0,O00395,P008,2,order_items_S004_20260603.json,S004,60.0,S004_O00395_P008,ORPHAN_ORDER_ID,2026-06-03T17:43:09.474Z,2026-06-03T17:43:09.474Z
20260603,2026-06-03T17:39:02.237833,299.0,O00443,P001,1,order_items_S004_20260603.json,S004,299.0,S004_O00443_P001,ORPHAN_ORDER_ID,2026-06-03T17:43:09.474Z,2026-06-03T17:43:09.474Z
20260603,2026-06-03T17:39:02.237833,998.0,O00443,P003,2,order_items_S004_20260603.json,S004,499.0,S004_O00443_P003,ORPHAN_ORDER_ID,2026-06-03T17:43:09.474Z,2026-06-03T17:43:09.474Z
20260603,2026-06-03T17:39:02.237833,120.0,O00443,P007,2,order_items_S004_20260603.json,S004,60.0,S004_O00443_P007,ORPHAN_ORDER_ID,2026-06-03T17:43:09.474Z,2026-06-03T17:43:09.474Z
20260603,2026-06-03T17:39:02.237833,897.0,O00451,P001,3,order_items_S004_20260603.json,S004,299.0,S004_O00451_P001,ORPHAN_ORDER_ID,2026-06-03T17:43:09.474Z,2026-06-03T17:43:09.474Z
20260603,2026-06-03T17:39:02.237833,449.0,O00451,P004,1,order_items_S004_20260603.json,S004,449.0,S004_O00451_P004,ORPHAN_ORDER_ID,2026-06-03T17:43:09.474Z,2026-06-03T17:43:09.474Z
20260603,2026-06-03T17:39:02.237833,120.0,O00451,P008,2,order_items_S004_20260603.json,S004,60.0,S004_O00451_P008,ORPHAN_ORDER_ID,2026-06-03T17:43:09.474Z,2026-06-03T17:43:09.474Z
20260603,2026-06-03T17:39:02.237833,180.0,O00465,P007,3,order_items_S004_20260603.json,S004,60.0,S004_O00465_P007,ORPHAN_ORDER_ID,2026-06-03T17:43:09.474Z,2026-06-03T17:43:09.474Z
20260603,2026-06-03T17:39:02.237833,499.0,O00466,P003,1,order_items_S004_20260603.json,S004,499.0,S004_O00466_P003,ORPHAN_ORDER_ID,2026-06-03T17:43:09.474Z,2026-06-03T17:43:09.474Z
20260603,2026-06-03T17:39:02.237833,229.0,O00466,P015,1,order_items_S004_20260603.json,S004,229.0,S004_O00466_P015,ORPHAN_ORDER_ID,2026-06-03T17:43:09.474Z,2026-06-03T17:43:09.474Z
20260603,2026-06-03T17:39:02.237833,60.0,O00470,P008,1,order_items_S004_20260603.json,S004,60.0,S004_O00470_P008,ORPHAN_ORDER_ID,2026-06-03T17:43:09.474Z,2026-06-03T17:43:09.474Z
20260603,2026-06-03T17:39:02.237833,358.0,O00470,P014,2,order_items_S004_20260603.json,S004,179.0,S004_O00470_P014,ORPHAN_ORDER_ID,2026-06-03T17:43:09.474Z,2026-06-03T17:43:09.474Z
20260603,2026-06-03T17:39:02.237833,399.0,O00474,P002,1,order_items_S004_20260603.json,S004,399.0,S004_O00474_P002,ORPHAN_ORDER_ID,2026-06-03T17:43:09.474Z,2026-06-03T17:43:09.474Z
20260603,2026-06-03T17:39:02.237833,40.0,O00474,P019,2,order_items_S004_20260603.json,S004,20.0,S004_O00474_P019,ORPHAN_ORDER_ID,2026-06-03T17:43:09.474Z,2026-06-03T17:43:09.474Z
20260603,2026-06-03T17:39:02.237833,897.0,O00475,P001,3,order_items_S004_20260603.json,S004,299.0,S004_O00475_P001,ORPHAN_ORDER_ID,2026-06-03T17:43:09.474Z,2026-06-03T17:43:09.474Z
20260603,2026-06-03T17:39:02.237833,898.0,O00475,P004,2,order_items_S004_20260603.json,S004,449.0,S004_O00475_P004,ORPHAN_ORDER_ID,2026-06-03T17:43:09.474Z,2026-06-03T17:43:09.474Z
20260603,2026-06-03T17:39:02.237833,298.0,O00475,P005,2,order_items_S004_20260603.json,S004,149.0,S004_O00475_P005,ORPHAN_ORDER_ID,2026-06-03T17:43:09.474Z,2026-06-03T17:43:09.474Z
20260603,2026-06-03T17:39:02.237833,597.0,O00475,P020,3,order_items_S004_20260603.json,S004,199.0,S004_O00475_P020,ORPHAN_ORDER_ID,2026-06-03T17:43:09.474Z,2026-06-03T17:43:09.474Z
20260603,2026-06-03T17:39:02.237833,798.0,O00479,P002,2,order_items_S004_20260603.json,S004,399.0,S004_O00479_P002,ORPHAN_ORDER_ID,2026-06-03T17:43:09.474Z,2026-06-03T17:43:09.474Z
20260603,2026-06-03T17:39:02.237833,1347.0,O00479,P004,3,order_items_S004_20260603.json,S004,449.0,S004_O00479_P004,ORPHAN_ORDER_ID,2026-06-03T17:43:09.474Z,2026-06-03T17:43:09.474Z
20260603,2026-06-03T17:39:02.237833,180.0,O00479,P007,3,order_items_S004_20260603.json,S004,60.0,S004_O00479_P007,ORPHAN_ORDER_ID,2026-06-03T17:43:09.474Z,2026-06-03T17:43:09.474Z
20260603,2026-06-03T17:39:02.237833,99.0,O00479,P009,1,order_items_S004_20260603.json,S004,99.0,S004_O00479_P009,ORPHAN_ORDER_ID,2026-06-03T17:43:09.474Z,2026-06-03T17:43:09.474Z
20260603,2026-06-03T17:39:02.237833,897.0,O00495,P001,3,order_items_S004_20260603.json,S004,299.0,S004_O00495_P001,ORPHAN_ORDER_ID,2026-06-03T17:43:09.474Z,2026-06-03T17:43:09.474Z
20260603,2026-06-03T17:39:02.237833,998.0,O00495,P003,2,order_items_S004_20260603.json,S004,499.0,S004_O00495_P003,ORPHAN_ORDER_ID,2026-06-03T17:43:09.474Z,2026-06-03T17:43:09.474Z
20260603,2026-06-03T17:39:02.237833,60.0,O00495,P007,1,order_items_S004_20260603.json,S004,60.0,S004_O00495_P007,ORPHAN_ORDER_ID,2026-06-03T17:43:09.474Z,2026-06-03T17:43:09.474Z
20260603,2026-06-03T17:39:02.237833,129.0,O00495,P010,1,order_items_S004_20260603.json,S004,129.0,S004_O00495_P010,ORPHAN_ORDER_ID,2026-06-03T17:43:09.474Z,2026-06-03T17:43:09.474Z
20260603,2026-06-03T17:39:02.237833,598.0,O00516,P001,2,order_items_S004_20260603.json,S004,299.0,S004_O00516_P001,ORPHAN_ORDER_ID,2026-06-03T17:43:09.474Z,2026-06-03T17:43:09.474Z
20260603,2026-06-03T17:39:02.237833,449.0,O00516,P004,1,order_items_S004_20260603.json,S004,449.0,S004_O00516_P004,ORPHAN_ORDER_ID,2026-06-03T17:43:09.474Z,2026-06-03T17:43:09.474Z
20260603,2026-06-03T17:39:02.237833,398.0,O00516,P006,2,order_items_S004_20260603.json,S004,199.0,S004_O00516_P006,ORPHAN_ORDER_ID,2026-06-03T17:43:09.474Z,2026-06-03T17:43:09.474Z
20260603,2026-06-03T17:39:02.237833,60.0,O00516,P008,1,order_items_S004_20260603.json,S004,60.0,S004_O00516_P008,ORPHAN_ORDER_ID,2026-06-03T17:43:09.474Z,2026-06-03T17:43:09.474Z
20260603,2026-06-03T17:39:02.237833,598.0,O00530,P001,2,order_items_S004_20260603.json,S004,299.0,S004_O00530_P001,ORPHAN_ORDER_ID,2026-06-03T17:43:09.474Z,2026-06-03T17:43:09.474Z
20260603,2026-06-03T17:39:02.237833,298.0,O00530,P005,2,order_items_S004_20260603.json,S004,149.0,S004_O00530_P005,ORPHAN_ORDER_ID,2026-06-03T17:43:09.474Z,2026-06-03T17:43:09.474Z
20260603,2026-06-03T17:39:02.237833,120.0,O00530,P007,2,order_items_S004_20260603.json,S004,60.0,S004_O00530_P007,ORPHAN_ORDER_ID,2026-06-03T17:43:09.474Z,2026-06-03T17:43:09.474Z
20260603,2026-06-03T17:39:02.237833,537.0,O00530,P014,3,order_items_S004_20260603.json,S004,179.0,S004_O00530_P014,ORPHAN_ORDER_ID,2026-06-03T17:43:09.474Z,2026-06-03T17:43:09.474Z
20260603,2026-06-03T17:39:02.237833,299.0,O00538,P001,1,order_items_S004_20260603.json,S004,299.0,S004_O00538_P001,ORPHAN_ORDER_ID,2026-06-03T17:43:09.474Z,2026-06-03T17:43:09.474Z
20260603,2026-06-03T17:39:02.237833,998.0,O00538,P003,2,order_items_S004_20260603.json,S004,499.0,S004_O00538_P003,ORPHAN_ORDER_ID,2026-06-03T17:43:09.474Z,2026-06-03T17:43:09.474Z
20260603,2026-06-03T17:39:02.237833,1347.0,O00538,P004,3,order_items_S004_20260603.json,S004,449.0,S004_O00538_P004,ORPHAN_ORDER_ID,2026-06-03T17:43:09.474Z,2026-06-03T17:43:09.474Z
20260603,2026-06-03T17:39:02.237833,120.0,O00538,P007,2,order_items_S004_20260603.json,S004,60.0,S004_O00538_P007,ORPHAN_ORDER_ID,2026-06-03T17:43:09.474Z,2026-06-03T17:43:09.474Z
20260603,2026-06-03T17:39:02.237833,180.0,O00538,P008,3,order_items_S004_20260603.json,S004,60.0,S004_O00538_P008,ORPHAN_ORDER_ID,2026-06-03T17:43:09.474Z,2026-06-03T17:43:09.474Z
20260603,2026-06-03T17:39:02.237833,897.0,O00539,P001,3,order_items_S004_20260603.json,S004,299.0,S004_O00539_P001,ORPHAN_ORDER_ID,2026-06-03T17:43:09.474Z,2026-06-03T17:43:09.474Z
20260603,2026-06-03T17:39:02.237833,180.0,O00539,P007,3,order_items_S004_20260603.json,S004,60.0,S004_O00539_P007,ORPHAN_ORDER_ID,2026-06-03T17:43:09.474Z,2026-06-03T17:43:09.474Z
20260603,2026-06-03T17:39:02.237833,897.0,O00540,P001,3,order_items_S004_20260603.json,S004,299.0,S004_O00540_P001,ORPHAN_ORDER_ID,2026-06-03T17:43:09.474Z,2026-06-03T17:43:09.474Z
20260603,2026-06-03T17:39:02.237833,1197.0,O00540,P002,3,order_items_S004_20260603.json,S004,399.0,S004_O00540_P002,ORPHAN_ORDER_ID,2026-06-03T17:43:09.474Z,2026-06-03T17:43:09.474Z
20260603,2026-06-03T17:39:02.237833,60.0,O00540,P008,1,order_items_S004_20260603.json,S004,60.0,S004_O00540_P008,ORPHAN_ORDER_ID,2026-06-03T17:43:09.474Z,2026-06-03T17:43:09.474Z
20260603,2026-06-03T17:39:02.237833,20.0,O00540,P019,1,order_items_S004_20260603.json,S004,20.0,S004_O00540_P019,ORPHAN_ORDER_ID,2026-06-03T17:43:09.474Z,2026-06-03T17:43:09.474Z
20260603,2026-06-03T17:39:02.237833,897.0,O00542,P001,3,order_items_S004_20260603.json,S004,299.0,S004_O00542_P001,ORPHAN_ORDER_ID,2026-06-03T17:43:09.474Z,2026-06-03T17:43:09.474Z
20260603,2026-06-03T17:39:02.237833,60.0,O00542,P007,1,order_items_S004_20260603.json,S004,60.0,S004_O00542_P007,ORPHAN_ORDER_ID,2026-06-03T17:43:09.474Z,2026-06-03T17:43:09.474Z
20260603,2026-06-03T17:39:02.237833,507.0,O00542,P011,3,order_items_S004_20260603.json,S004,169.0,S004_O00542_P011,ORPHAN_ORDER_ID,2026-06-03T17:43:09.474Z,2026-06-03T17:43:09.474Z
20260603,2026-06-03T17:39:02.237833,798.0,O00572,P002,2,order_items_S004_20260603.json,S004,399.0,S004_O00572_P002,ORPHAN_ORDER_ID,2026-06-03T17:43:09.474Z,2026-06-03T17:43:09.474Z
20260603,2026-06-03T17:39:02.237833,998.0,O00572,P003,2,order_items_S004_20260603.json,S004,499.0,S004_O00572_P003,ORPHAN_ORDER_ID,2026-06-03T17:43:09.474Z,2026-06-03T17:43:09.474Z
20260603,2026-06-03T17:39:02.237833,229.0,O00572,P015,1,order_items_S004_20260603.json,S004,229.0,S004_O00572_P015,ORPHAN_ORDER_ID,2026-06-03T17:43:09.474Z,2026-06-03T17:43:09.474Z
20260603,2026-06-03T17:39:02.237833,199.0,O00572,P020,1,order_items_S004_20260603.json,S004,199.0,S004_O00572_P020,ORPHAN_ORDER_ID,2026-06-03T17:43:09.474Z,2026-06-03T17:43:09.474Z
20260603,2026-06-03T17:39:02.237833,299.0,O00589,P001,1,order_items_S004_20260603.json,S004,299.0,S004_O00589_P001,ORPHAN_ORDER_ID,2026-06-03T17:43:09.474Z,2026-06-03T17:43:09.474Z
20260603,2026-06-03T17:39:02.237833,537.0,O00589,P014,3,order_items_S004_20260603.json,S004,179.0,S004_O00589_P014,ORPHAN_ORDER_ID,2026-06-03T17:43:09.474Z,2026-06-03T17:43:09.474Z
20260603,2026-06-03T17:39:02.237833,180.0,O00591,P007,3,order_items_S004_20260603.json,S004,60.0,S004_O00591_P007,ORPHAN_ORDER_ID,2026-06-03T17:43:09.474Z,2026-06-03T17:43:09.474Z
20260603,2026-06-03T17:39:02.237833,258.0,O00591,P010,2,order_items_S004_20260603.json,S004,129.0,S004_O00591_P010,ORPHAN_ORDER_ID,2026-06-03T17:43:09.474Z,2026-06-03T17:43:09.474Z
20260603,2026-06-03T17:39:02.237833,798.0,O00598,P002,2,order_items_S004_20260603.json,S004,399.0,S004_O00598_P002,ORPHAN_ORDER_ID,2026-06-03T17:43:09.474Z,2026-06-03T17:43:09.474Z
20260603,2026-06-03T17:39:02.237833,60.0,O00598,P007,1,order_items_S004_20260603.json,S004,60.0,S004_O00598_P007,ORPHAN_ORDER_ID,2026-06-03T17:43:09.474Z,2026-06-03T17:43:09.474Z
20260603,2026-06-03T17:39:02.237833,299.0,O00603,P001,1,order_items_S004_20260603.json,S004,299.0,S004_O00603_P001,ORPHAN_ORDER_ID,2026-06-03T17:43:09.474Z,2026-06-03T17:43:09.474Z
20260603,2026-06-03T17:39:02.237833,1347.0,O00603,P004,3,order_items_S004_20260603.json,S004,449.0,S004_O00603_P004,ORPHAN_ORDER_ID,2026-06-03T17:43:09.474Z,2026-06-03T17:43:09.474Z
20260603,2026-06-03T17:39:02.237833,180.0,O00603,P008,3,order_items_S004_20260603.json,S004,60.0,S004_O00603_P008,ORPHAN_ORDER_ID,2026-06-03T17:43:09.474Z,2026-06-03T17:43:09.474Z
20260603,2026-06-03T17:39:02.237833,179.0,O00603,P014,1,order_items_S004_20260603.json,S004,179.0,S004_O00603_P014,ORPHAN_ORDER_ID,2026-06-03T17:43:09.474Z,2026-06-03T17:43:09.474Z
20260603,2026-06-03T17:39:02.237833,1347.0,O00619,P004,3,order_items_S004_20260603.json,S004,449.0,S004_O00619_P004,ORPHAN_ORDER_ID,2026-06-03T17:43:09.474Z,2026-06-03T17:43:09.474Z
20260603,2026-06-03T17:39:02.237833,60.0,O00619,P008,1,order_items_S004_20260603.json,S004,60.0,S004_O00619_P008,ORPHAN_ORDER_ID,2026-06-03T17:43:09.474Z,2026-06-03T17:43:09.474Z
20260603,2026-06-03T17:39:02.237833,498.0,O00646,P013,2,order_items_S004_20260603.json,S004,249.0,S004_O00646_P013,ORPHAN_ORDER_ID,2026-06-03T17:43:09.474Z,2026-06-03T17:43:09.474Z
20260603,2026-06-03T17:39:02.237833,597.0,O00646,P020,3,order_items_S004_20260603.json,S004,199.0,S004_O00646_P020,ORPHAN_ORDER_ID,2026-06-03T17:43:09.474Z,2026-06-03T17:43:09.474Z
20260603,2026-06-03T17:39:02.237833,449.0,O00652,P004,1,order_items_S004_20260603.json,S004,449.0,S004_O00652_P004,ORPHAN_ORDER_ID,2026-06-03T17:43:09.474Z,2026-06-03T17:43:09.474Z
20260603,2026-06-03T17:39:02.237833,297.0,O00711,P009,3,order_items_S004_20260603.json,S004,99.0,S004_O00711_P009,ORPHAN_ORDER_ID,2026-06-03T17:43:09.474Z,2026-06-03T17:43:09.474Z
20260603,2026-06-03T17:39:02.237833,498.0,O00711,P013,2,order_items_S004_20260603.json,S004,249.0,S004_O00711_P013,ORPHAN_ORDER_ID,2026-06-03T17:43:09.474Z,2026-06-03T17:43:09.474Z
20260603,2026-06-03T17:39:02.237833,1197.0,O00712,P002,3,order_items_S004_20260603.json,S004,399.0,S004_O00712_P002,ORPHAN_ORDER_ID,2026-06-03T17:43:09.474Z,2026-06-03T17:43:09.474Z
20260603,2026-06-03T17:39:02.237833,129.0,O00714,P010,1,order_items_S004_20260603.json,S004,129.0,S004_O00714_P010,ORPHAN_ORDER_ID,2026-06-03T17:43:09.474Z,2026-06-03T17:43:09.474Z
20260603,2026-06-03T17:39:02.237833,399.0,O00722,P002,1,order_items_S004_20260603.json,S004,399.0,S004_O00722_P002,ORPHAN_ORDER_ID,2026-06-03T17:43:09.474Z,2026-06-03T17:43:09.474Z
20260603,2026-06-03T17:39:02.237833,1497.0,O00722,P003,3,order_items_S004_20260603.json,S004,499.0,S004_O00722_P003,ORPHAN_ORDER_ID,2026-06-03T17:43:09.474Z,2026-06-03T17:43:09.474Z
20260603,2026-06-03T17:39:02.237833,498.0,O00729,P013,2,order_items_S004_20260603.json,S004,249.0,S004_O00729_P013,ORPHAN_ORDER_ID,2026-06-03T17:43:09.474Z,2026-06-03T17:43:09.474Z
20260603,2026-06-03T17:39:02.237833,898.0,O00743,P004,2,order_items_S004_20260603.json,S004,449.0,S004_O00743_P004,ORPHAN_ORDER_ID,2026-06-03T17:43:09.474Z,2026-06-03T17:43:09.474Z
20260603,2026-06-03T17:39:02.237833,120.0,O00743,P008,2,order_items_S004_20260603.json,S004,60.0,S004_O00743_P008,ORPHAN_ORDER_ID,2026-06-03T17:43:09.474Z,2026-06-03T17:43:09.474Z
20260603,2026-06-03T17:39:02.237833,99.0,O00743,P009,1,order_items_S004_20260603.json,S004,99.0,S004_O00743_P009,ORPHAN_ORDER_ID,2026-06-03T17:43:09.474Z,2026-06-03T17:43:09.474Z
20260603,2026-06-03T17:39:02.237833,998.0,O00757,P003,2,order_items_S004_20260603.json,S004,499.0,S004_O00757_P003,ORPHAN_ORDER_ID,2026-06-03T17:43:09.474Z,2026-06-03T17:43:09.474Z
20260603,2026-06-03T17:39:02.237833,898.0,O00757,P004,2,order_items_S004_20260603.json,S004,449.0,S004_O00757_P004,ORPHAN_ORDER_ID,2026-06-03T17:43:09.474Z,2026-06-03T17:43:09.474Z
20260603,2026-06-03T17:39:02.237833,120.0,O00757,P007,2,order_items_S004_20260603.json,S004,60.0,S004_O00757_P007,ORPHAN_ORDER_ID,2026-06-03T17:43:09.474Z,2026-06-03T17:43:09.474Z
20260603,2026-06-03T17:39:02.237833,499.0,O00768,P003,1,order_items_S004_20260603.json,S004,499.0,S004_O00768_P003,ORPHAN_ORDER_ID,2026-06-03T17:43:09.474Z,2026-06-03T17:43:09.474Z
20260603,2026-06-03T17:39:02.237833,1347.0,O00768,P004,3,order_items_S004_20260603.json,S004,449.0,S004_O00768_P004,ORPHAN_ORDER_ID,2026-06-03T17:43:09.474Z,2026-06-03T17:43:09.474Z
20260603,2026-06-03T17:39:02.237833,98.0,O00768,P012,2,order_items_S004_20260603.json,S004,49.0,S004_O00768_P012,ORPHAN_ORDER_ID,2026-06-03T17:43:09.474Z,2026-06-03T17:43:09.474Z
20260603,2026-06-03T17:39:02.237833,687.0,O00768,P015,3,order_items_S004_20260603.json,S004,229.0,S004_O00768_P015,ORPHAN_ORDER_ID,2026-06-03T17:43:09.474Z,2026-06-03T17:43:09.474Z
20260603,2026-06-03T17:39:02.237833,449.0,O00770,P004,1,order_items_S004_20260603.json,S004,449.0,S004_O00770_P004,ORPHAN_ORDER_ID,2026-06-03T17:43:09.474Z,2026-06-03T17:43:09.474Z
20260603,2026-06-03T17:39:02.237833,398.0,O00770,P006,2,order_items_S004_20260603.json,S004,199.0,S004_O00770_P006,ORPHAN_ORDER_ID,2026-06-03T17:43:09.474Z,2026-06-03T17:43:09.474Z
20260603,2026-06-03T17:39:02.237833,897.0,O00771,P001,3,order_items_S004_20260603.json,S004,299.0,S004_O00771_P001,ORPHAN_ORDER_ID,2026-06-03T17:43:09.474Z,2026-06-03T17:43:09.474Z
20260603,2026-06-03T17:39:02.237833,1497.0,O00771,P003,3,order_items_S004_20260603.json,S004,499.0,S004_O00771_P003,ORPHAN_ORDER_ID,2026-06-03T17:43:09.474Z,2026-06-03T17:43:09.474Z
20260603,2026-06-03T17:39:02.237833,507.0,O00771,P011,3,order_items_S004_20260603.json,S004,169.0,S004_O00771_P011,ORPHAN_ORDER_ID,2026-06-03T17:43:09.474Z,2026-06-03T17:43:09.474Z
20260603,2026-06-03T17:39:02.237833,147.0,O00771,P012,3,order_items_S004_20260603.json,S004,49.0,S004_O00771_P012,ORPHAN_ORDER_ID,2026-06-03T17:43:09.474Z,2026-06-03T17:43:09.474Z
20260603,2026-06-03T17:39:02.237833,1347.0,O00772,P004,3,order_items_S004_20260603.json,S004,449.0,S004_O00772_P004,ORPHAN_ORDER_ID,2026-06-03T17:43:09.474Z,2026-06-03T17:43:09.474Z
20260603,2026-06-03T17:39:02.237833,199.0,O00772,P006,1,order_items_S004_20260603.json,S004,199.0,S004_O00772_P006,ORPHAN_ORDER_ID,2026-06-03T17:43:09.474Z,2026-06-03T17:43:09.474Z
20260603,2026-06-03T17:39:02.237833,180.0,O00772,P007,3,order_items_S004_20260603.json,S004,60.0,S004_O00772_P007,ORPHAN_ORDER_ID,2026-06-03T17:43:09.474Z,2026-06-03T17:43:09.474Z
20260603,2026-06-03T17:39:02.237833,998.0,O00773,P003,2,order_items_S004_20260603.json,S004,499.0,S004_O00773_P003,ORPHAN_ORDER_ID,2026-06-03T17:43:09.474Z,2026-06-03T17:43:09.474Z
20260603,2026-06-03T17:39:02.237833,447.0,O00773,P005,3,order_items_S004_20260603.json,S004,149.0,S004_O00773_P005,ORPHAN_ORDER_ID,2026-06-03T17:43:09.474Z,2026-06-03T17:43:09.474Z
20260603,2026-06-03T17:39:02.237833,120.0,O00773,P007,2,order_items_S004_20260603.json,S004,60.0,S004_O00773_P007,ORPHAN_ORDER_ID,2026-06-03T17:43:09.474Z,2026-06-03T17:43:09.474Z
20260603,2026-06-03T17:39:02.237833,60.0,O00776,P008,1,order_items_S004_20260603.json,S004,60.0,S004_O00776_P008,ORPHAN_ORDER_ID,2026-06-03T17:43:09.474Z,2026-06-03T17:43:09.474Z
20260603,2026-06-03T17:39:02.237833,129.0,O00788,P010,1,order_items_S004_20260603.json,S004,129.0,S004_O00788_P010,ORPHAN_ORDER_ID,2026-06-03T17:43:09.474Z,2026-06-03T17:43:09.474Z
20260603,2026-06-03T17:39:02.237833,180.0,O00793,P007,3,order_items_S004_20260603.json,S004,60.0,S004_O00793_P007,ORPHAN_ORDER_ID,2026-06-03T17:43:09.474Z,2026-06-03T17:43:09.474Z
20260603,2026-06-03T17:39:02.237833,537.0,O00793,P014,3,order_items_S004_20260603.json,S004,179.0,S004_O00793_P014,ORPHAN_ORDER_ID,2026-06-03T17:43:09.474Z,2026-06-03T17:43:09.474Z
20260603,2026-06-03T17:39:02.237833,229.0,O00793,P015,1,order_items_S004_20260603.json,S004,229.0,S004_O00793_P015,ORPHAN_ORDER_ID,2026-06-03T17:43:09.474Z,2026-06-03T17:43:09.474Z
20260603,2026-06-03T17:39:02.237833,299.0,O00797,P001,1,order_items_S004_20260603.json,S004,299.0,S004_O00797_P001,ORPHAN_ORDER_ID,2026-06-03T17:43:09.474Z,2026-06-03T17:43:09.474Z
20260603,2026-06-03T17:39:02.237833,1197.0,O00797,P002,3,order_items_S004_20260603.json,S004,399.0,S004_O00797_P002,ORPHAN_ORDER_ID,2026-06-03T17:43:09.474Z,2026-06-03T17:43:09.474Z
20260603,2026-06-03T17:39:02.237833,598.0,O00797,P016,2,order_items_S004_20260603.json,S004,299.0,S004_O00797_P016,ORPHAN_ORDER_ID,2026-06-03T17:43:09.474Z,2026-06-03T17:43:09.474Z
20260603,2026-06-03T17:39:02.237833,120.0,O00800,P007,2,order_items_S004_20260603.json,S004,60.0,S004_O00800_P007,ORPHAN_ORDER_ID,2026-06-03T17:43:09.474Z,2026-06-03T17:43:09.474Z
20260603,2026-06-03T17:39:02.237833,338.0,O00800,P011,2,order_items_S004_20260603.json,S004,169.0,S004_O00800_P011,ORPHAN_ORDER_ID,2026-06-03T17:43:09.474Z,2026-06-03T17:43:09.474Z
20260603,2026-06-03T17:39:02.237833,179.0,O00800,P014,1,order_items_S004_20260603.json,S004,179.0,S004_O00800_P014,ORPHAN_ORDER_ID,2026-06-03T17:43:09.474Z,2026-06-03T17:43:09.474Z
20260603,2026-06-03T17:39:02.237833,198.0,O00802,P009,2,order_items_S004_20260603.json,S004,99.0,S004_O00802_P009,ORPHAN_ORDER_ID,2026-06-03T17:43:09.474Z,2026-06-03T17:43:09.474Z
20260603,2026-06-03T17:39:02.237833,507.0,O00802,P011,3,order_items_S004_20260603.json,S004,169.0,S004_O00802_P011,ORPHAN_ORDER_ID,2026-06-03T17:43:09.474Z,2026-06-03T17:43:09.474Z
20260603,2026-06-03T17:39:02.237833,998.0,O00806,P003,2,order_items_S004_20260603.json,S004,499.0,S004_O00806_P003,ORPHAN_ORDER_ID,2026-06-03T17:43:09.474Z,2026-06-03T17:43:09.474Z
20260603,2026-06-03T17:39:02.237833,798.0,O00809,P002,2,order_items_S004_20260603.json,S004,399.0,S004_O00809_P002,ORPHAN_ORDER_ID,2026-06-03T17:43:09.474Z,2026-06-03T17:43:09.474Z
20260603,2026-06-03T17:39:02.237833,898.0,O00809,P004,2,order_items_S004_20260603.json,S004,449.0,S004_O00809_P004,ORPHAN_ORDER_ID,2026-06-03T17:43:09.474Z,2026-06-03T17:43:09.474Z
20260603,2026-06-03T17:39:02.237833,199.0,O00809,P006,1,order_items_S004_20260603.json,S004,199.0,S004_O00809_P006,ORPHAN_ORDER_ID,2026-06-03T17:43:09.474Z,2026-06-03T17:43:09.474Z
20260603,2026-06-03T17:39:02.237833,60.0,O00809,P007,1,order_items_S004_20260603.json,S004,60.0,S004_O00809_P007,ORPHAN_ORDER_ID,2026-06-03T17:43:09.474Z,2026-06-03T17:43:09.474Z
20260603,2026-06-03T17:39:02.237833,229.0,O00812,P015,1,order_items_S004_20260603.json,S004,229.0,S004_O00812_P015,ORPHAN_ORDER_ID,2026-06-03T17:43:09.474Z,2026-06-03T17:43:09.474Z
20260603,2026-06-03T17:39:02.237833,598.0,O00813,P001,2,order_items_S004_20260603.json,S004,299.0,S004_O00813_P001,ORPHAN_ORDER_ID,2026-06-03T17:43:09.474Z,2026-06-03T17:43:09.474Z
20260603,2026-06-03T17:39:02.237833,120.0,O00813,P007,2,order_items_S004_20260603.json,S004,60.0,S004_O00813_P007,ORPHAN_ORDER_ID,2026-06-03T17:43:09.474Z,2026-06-03T17:43:09.474Z
20260603,2026-06-03T17:39:02.237833,498.0,O00813,P013,2,order_items_S004_20260603.json,S004,249.0,S004_O00813_P013,ORPHAN_ORDER_ID,2026-06-03T17:43:09.474Z,2026-06-03T17:43:09.474Z
20260603,2026-06-03T17:39:02.237833,199.0,O00813,P020,1,order_items_S004_20260603.json,S004,199.0,S004_O00813_P020,ORPHAN_ORDER_ID,2026-06-03T17:43:09.474Z,2026-06-03T17:43:09.474Z
20260603,2026-06-03T17:39:02.237833,60.0,O00816,P007,1,order_items_S004_20260603.json,S004,60.0,S004_O00816_P007,ORPHAN_ORDER_ID,2026-06-03T17:43:09.474Z,2026-06-03T17:43:09.474Z
20260603,2026-06-03T17:39:02.237833,358.0,O00816,P014,2,order_items_S004_20260603.json,S004,179.0,S004_O00816_P014,ORPHAN_ORDER_ID,2026-06-03T17:43:09.474Z,2026-06-03T17:43:09.474Z
20260603,2026-06-03T17:39:02.237833,597.0,O00816,P020,3,order_items_S004_20260603.json,S004,199.0,S004_O00816_P020,ORPHAN_ORDER_ID,2026-06-03T17:43:09.474Z,2026-06-03T17:43:09.474Z
20260603,2026-06-03T17:39:02.237833,1197.0,O00818,P002,3,order_items_S004_20260603.json,S004,399.0,S004_O00818_P002,ORPHAN_ORDER_ID,2026-06-03T17:43:09.474Z,2026-06-03T17:43:09.474Z
20260603,2026-06-03T17:39:02.237833,180.0,O00818,P008,3,order_items_S004_20260603.json,S004,60.0,S004_O00818_P008,ORPHAN_ORDER_ID,2026-06-03T17:43:09.474Z,2026-06-03T17:43:09.474Z
20260603,2026-06-03T17:39:02.237833,258.0,O00824,P010,2,order_items_S004_20260603.json,S004,129.0,S004_O00824_P010,ORPHAN_ORDER_ID,2026-06-03T17:43:09.474Z,2026-06-03T17:43:09.474Z
20260603,2026-06-03T17:39:02.237833,507.0,O00824,P011,3,order_items_S004_20260603.json,S004,169.0,S004_O00824_P011,ORPHAN_ORDER_ID,2026-06-03T17:43:09.474Z,2026-06-03T17:43:09.474Z
20260603,2026-06-03T17:39:02.237833,169.0,O00825,P011,1,order_items_S004_20260603.json,S004,169.0,S004_O00825_P011,ORPHAN_ORDER_ID,2026-06-03T17:43:09.474Z,2026-06-03T17:43:09.474Z
20260603,2026-06-03T17:39:02.237833,537.0,O00825,P014,3,order_items_S004_20260603.json,S004,179.0,S004_O00825_P014,ORPHAN_ORDER_ID,2026-06-03T17:43:09.474Z,2026-06-03T17:43:09.474Z
20260603,2026-06-03T17:39:02.237833,897.0,O00826,P001,3,order_items_S004_20260603.json,S004,299.0,S004_O00826_P001,ORPHAN_ORDER_ID,2026-06-03T17:43:09.474Z,2026-06-03T17:43:09.474Z
20260603,2026-06-03T17:39:02.237833,1197.0,O00826,P002,3,order_items_S004_20260603.json,S004,399.0,S004_O00826_P002,ORPHAN_ORDER_ID,2026-06-03T17:43:09.474Z,2026-06-03T17:43:09.474Z
20260603,2026-06-03T17:39:02.237833,120.0,O00826,P007,2,order_items_S004_20260603.json,S004,60.0,S004_O00826_P007,ORPHAN_ORDER_ID,2026-06-03T17:43:09.474Z,2026-06-03T17:43:09.474Z
20260603,2026-06-03T17:39:02.237833,897.0,O00829,P001,3,order_items_S004_20260603.json,S004,299.0,S004_O00829_P001,ORPHAN_ORDER_ID,2026-06-03T17:43:09.474Z,2026-06-03T17:43:09.474Z
20260603,2026-06-03T17:39:02.237833,537.0,O00829,P014,3,order_items_S004_20260603.json,S004,179.0,S004_O00829_P014,ORPHAN_ORDER_ID,2026-06-03T17:43:09.474Z,2026-06-03T17:43:09.474Z
20260603,2026-06-03T17:39:02.237833,897.0,O00836,P001,3,order_items_S004_20260603.json,S004,299.0,S004_O00836_P001,ORPHAN_ORDER_ID,2026-06-03T17:43:09.474Z,2026-06-03T17:43:09.474Z
20260603,2026-06-03T17:39:02.237833,120.0,O00836,P007,2,order_items_S004_20260603.json,S004,60.0,S004_O00836_P007,ORPHAN_ORDER_ID,2026-06-03T17:43:09.474Z,2026-06-03T17:43:09.474Z
20260603,2026-06-03T17:39:02.237833,747.0,O00836,P013,3,order_items_S004_20260603.json,S004,249.0,S004_O00836_P013,ORPHAN_ORDER_ID,2026-06-03T17:43:09.474Z,2026-06-03T17:43:09.474Z
20260603,2026-06-03T17:39:02.237833,449.0,O00837,P004,1,order_items_S004_20260603.json,S004,449.0,S004_O00837_P004,ORPHAN_ORDER_ID,2026-06-03T17:43:09.474Z,2026-06-03T17:43:09.474Z
20260603,2026-06-03T17:39:02.237833,149.0,O00837,P005,1,order_items_S004_20260603.json,S004,149.0,S004_O00837_P005,ORPHAN_ORDER_ID,2026-06-03T17:43:09.474Z,2026-06-03T17:43:09.474Z
20260603,2026-06-03T17:39:02.237833,229.0,O00837,P015,1,order_items_S004_20260603.json,S004,229.0,S004_O00837_P015,ORPHAN_ORDER_ID,2026-06-03T17:43:09.474Z,2026-06-03T17:43:09.474Z
20260603,2026-06-03T17:39:02.237833,149.0,O00837,P017,1,order_items_S004_20260603.json,S004,149.0,S004_O00837_P017,ORPHAN_ORDER_ID,2026-06-03T17:43:09.474Z,2026-06-03T17:43:09.474Z
20260603,2026-06-03T17:39:02.237833,398.0,O00844,P006,2,order_items_S004_20260603.json,S004,199.0,S004_O00844_P006,ORPHAN_ORDER_ID,2026-06-03T17:43:09.474Z,2026-06-03T17:43:09.474Z
20260603,2026-06-03T17:39:02.237833,180.0,O00844,P007,3,order_items_S004_20260603.json,S004,60.0,S004_O00844_P007,ORPHAN_ORDER_ID,2026-06-03T17:43:09.474Z,2026-06-03T17:43:09.474Z
20260603,2026-06-03T17:39:02.237833,60.0,O00844,P008,1,order_items_S004_20260603.json,S004,60.0,S004_O00844_P008,ORPHAN_ORDER_ID,2026-06-03T17:43:09.474Z,2026-06-03T17:43:09.474Z
20260603,2026-06-03T17:39:02.237833,998.0,O00857,P003,2,order_items_S004_20260603.json,S004,499.0,S004_O00857_P003,ORPHAN_ORDER_ID,2026-06-03T17:43:09.474Z,2026-06-03T17:43:09.474Z
20260603,2026-06-03T17:39:02.237833,180.0,O00857,P007,3,order_items_S004_20260603.json,S004,60.0,S004_O00857_P007,ORPHAN_ORDER_ID,2026-06-03T17:43:09.474Z,2026-06-03T17:43:09.474Z
20260603,2026-06-03T17:39:02.237833,458.0,O00857,P015,2,order_items_S004_20260603.json,S004,229.0,S004_O00857_P015,ORPHAN_ORDER_ID,2026-06-03T17:43:09.474Z,2026-06-03T17:43:09.474Z
20260603,2026-06-03T17:39:02.237833,897.0,O00859,P001,3,order_items_S004_20260603.json,S004,299.0,S004_O00859_P001,ORPHAN_ORDER_ID,2026-06-03T17:43:09.474Z,2026-06-03T17:43:09.474Z
20260603,2026-06-03T17:39:02.237833,1347.0,O00859,P004,3,order_items_S004_20260603.json,S004,449.0,S004_O00859_P004,ORPHAN_ORDER_ID,2026-06-03T17:43:09.474Z,2026-06-03T17:43:09.474Z
20260603,2026-06-03T17:39:02.237833,398.0,O00859,P006,2,order_items_S004_20260603.json,S004,199.0,S004_O00859_P006,ORPHAN_ORDER_ID,2026-06-03T17:43:09.474Z,2026-06-03T17:43:09.474Z
20260603,2026-06-03T17:39:02.237833,40.0,O00859,P019,2,order_items_S004_20260603.json,S004,20.0,S004_O00859_P019,ORPHAN_ORDER_ID,2026-06-03T17:43:09.474Z,2026-06-03T17:43:09.474Z
20260603,2026-06-03T17:39:02.237833,149.0,O00863,P005,1,order_items_S004_20260603.json,S004,149.0,S004_O00863_P005,ORPHAN_ORDER_ID,2026-06-03T17:43:09.474Z,2026-06-03T17:43:09.474Z
20260603,2026-06-03T17:39:02.237833,598.0,O00865,P001,2,order_items_S004_20260603.json,S004,299.0,S004_O00865_P001,ORPHAN_ORDER_ID,2026-06-03T17:43:09.474Z,2026-06-03T17:43:09.474Z
20260603,2026-06-03T17:39:02.237833,449.0,O00865,P004,1,order_items_S004_20260603.json,S004,449.0,S004_O00865_P004,ORPHAN_ORDER_ID,2026-06-03T17:43:09.474Z,2026-06-03T17:43:09.474Z
20260603,2026-06-03T17:39:02.237833,1497.0,O00867,P003,3,order_items_S004_20260603.json,S004,499.0,S004_O00867_P003,ORPHAN_ORDER_ID,2026-06-03T17:43:09.474Z,2026-06-03T17:43:09.474Z
20260603,2026-06-03T17:39:02.237833,458.0,O00867,P015,2,order_items_S004_20260603.json,S004,229.0,S004_O00867_P015,ORPHAN_ORDER_ID,2026-06-03T17:43:09.474Z,2026-06-03T17:43:09.474Z
20260603,2026-06-03T17:39:02.237833,499.0,O00868,P003,1,order_items_S004_20260603.json,S004,499.0,S004_O00868_P003,ORPHAN_ORDER_ID,2026-06-03T17:43:09.474Z,2026-06-03T17:43:09.474Z
20260603,2026-06-03T17:39:02.237833,898.0,O00868,P004,2,order_items_S004_20260603.json,S004,449.0,S004_O00868_P004,ORPHAN_ORDER_ID,2026-06-03T17:43:09.474Z,2026-06-03T17:43:09.474Z
20260603,2026-06-03T17:39:02.237833,399.0,O00874,P002,1,order_items_S004_20260603.json,S004,399.0,S004_O00874_P002,ORPHAN_ORDER_ID,2026-06-03T17:43:09.474Z,2026-06-03T17:43:09.474Z
20260603,2026-06-03T17:39:02.237833,1497.0,O00874,P003,3,order_items_S004_20260603.json,S004,499.0,S004_O00874_P003,ORPHAN_ORDER_ID,2026-06-03T17:43:09.474Z,2026-06-03T17:43:09.474Z
20260603,2026-06-03T17:39:02.237833,449.0,O00874,P004,1,order_items_S004_20260603.json,S004,449.0,S004_O00874_P004,ORPHAN_ORDER_ID,2026-06-03T17:43:09.474Z,2026-06-03T17:43:09.474Z
20260603,2026-06-03T17:39:02.237833,1347.0,O00875,P004,3,order_items_S004_20260603.json,S004,449.0,S004_O00875_P004,ORPHAN_ORDER_ID,2026-06-03T17:43:09.474Z,2026-06-03T17:43:09.474Z
20260603,2026-06-03T17:39:02.237833,597.0,O00875,P006,3,order_items_S004_20260603.json,S004,199.0,S004_O00875_P006,ORPHAN_ORDER_ID,2026-06-03T17:43:09.474Z,2026-06-03T17:43:09.474Z
20260603,2026-06-03T17:39:02.237833,399.0,O00880,P002,1,order_items_S004_20260603.json,S004,399.0,S004_O00880_P002,ORPHAN_ORDER_ID,2026-06-03T17:43:09.474Z,2026-06-03T17:43:09.474Z
20260603,2026-06-03T17:39:02.237833,1347.0,O00885,P004,3,order_items_S004_20260603.json,S004,449.0,S004_O00885_P004,ORPHAN_ORDER_ID,2026-06-03T17:43:09.474Z,2026-06-03T17:43:09.474Z
20260603,2026-06-03T17:39:02.237833,299.0,O00886,P001,1,order_items_S004_20260603.json,S004,299.0,S004_O00886_P001,ORPHAN_ORDER_ID,2026-06-03T17:43:09.474Z,2026-06-03T17:43:09.474Z
20260603,2026-06-03T17:39:02.237833,449.0,O00891,P004,1,order_items_S004_20260603.json,S004,449.0,S004_O00891_P004,ORPHAN_ORDER_ID,2026-06-03T17:43:09.474Z,2026-06-03T17:43:09.474Z
20260603,2026-06-03T17:39:02.237833,60.0,O00891,P007,1,order_items_S004_20260603.json,S004,60.0,S004_O00891_P007,ORPHAN_ORDER_ID,2026-06-03T17:43:09.474Z,2026-06-03T17:43:09.474Z
20260603,2026-06-03T17:39:02.237833,297.0,O00891,P009,3,order_items_S004_20260603.json,S004,99.0,S004_O00891_P009,ORPHAN_ORDER_ID,2026-06-03T17:43:09.474Z,2026-06-03T17:43:09.474Z
20260603,2026-06-03T17:39:02.237833,498.0,O00891,P013,2,order_items_S004_20260603.json,S004,249.0,S004_O00891_P013,ORPHAN_ORDER_ID,2026-06-03T17:43:09.474Z,2026-06-03T17:43:09.474Z
20260603,2026-06-03T17:39:02.237833,897.0,O00893,P001,3,order_items_S004_20260603.json,S004,299.0,S004_O00893_P001,ORPHAN_ORDER_ID,2026-06-03T17:43:09.474Z,2026-06-03T17:43:09.474Z
20260603,2026-06-03T17:39:02.237833,597.0,O00893,P006,3,order_items_S004_20260603.json,S004,199.0,S004_O00893_P006,ORPHAN_ORDER_ID,2026-06-03T17:43:09.474Z,2026-06-03T17:43:09.474Z
20260603,2026-06-03T17:39:02.237833,598.0,O00896,P001,2,order_items_S004_20260603.json,S004,299.0,S004_O00896_P001,ORPHAN_ORDER_ID,2026-06-03T17:43:09.474Z,2026-06-03T17:43:09.474Z
20260603,2026-06-03T17:39:02.237833,120.0,O00896,P007,2,order_items_S004_20260603.json,S004,60.0,S004_O00896_P007,ORPHAN_ORDER_ID,2026-06-03T17:43:09.474Z,2026-06-03T17:43:09.474Z
20260603,2026-06-03T17:39:02.237833,358.0,O00896,P014,2,order_items_S004_20260603.json,S004,179.0,S004_O00896_P014,ORPHAN_ORDER_ID,2026-06-03T17:43:09.474Z,2026-06-03T17:43:09.474Z
20260603,2026-06-03T17:39:20.186841,1347.0,O00019,P004,3,order_items_S005_20260603.json,S005,449.0,S005_O00019_P004,ORPHAN_ORDER_ID,2026-06-03T17:43:09.474Z,2026-06-03T17:43:09.474Z
20260603,2026-06-03T17:39:20.186841,507.0,O00019,P011,3,order_items_S005_20260603.json,S005,169.0,S005_O00019_P011,ORPHAN_ORDER_ID,2026-06-03T17:43:09.474Z,2026-06-03T17:43:09.474Z
20260603,2026-06-03T17:39:20.186841,598.0,O00023,P001,2,order_items_S005_20260603.json,S005,299.0,S005_O00023_P001,ORPHAN_ORDER_ID,2026-06-03T17:43:09.474Z,2026-06-03T17:43:09.474Z
20260603,2026-06-03T17:39:20.186841,499.0,O00023,P003,1,order_items_S005_20260603.json,S005,499.0,S005_O00023_P003,ORPHAN_ORDER_ID,2026-06-03T17:43:09.474Z,2026-06-03T17:43:09.474Z
20260603,2026-06-03T17:39:20.186841,387.0,O00023,P010,3,order_items_S005_20260603.json,S005,129.0,S005_O00023_P010,ORPHAN_ORDER_ID,2026-06-03T17:43:09.474Z,2026-06-03T17:43:09.474Z
20260603,2026-06-03T17:39:20.186841,1347.0,O00039,P004,3,order_items_S005_20260603.json,S005,449.0,S005_O00039_P004,ORPHAN_ORDER_ID,2026-06-03T17:43:09.474Z,2026-06-03T17:43:09.474Z
20260603,2026-06-03T17:39:20.186841,897.0,O00046,P001,3,order_items_S005_20260603.json,S005,299.0,S005_O00046_P001,ORPHAN_ORDER_ID,2026-06-03T17:43:09.474Z,2026-06-03T17:43:09.474Z
20260603,2026-06-03T17:39:20.186841,1347.0,O00046,P004,3,order_items_S005_20260603.json,S005,449.0,S005_O00046_P004,ORPHAN_ORDER_ID,2026-06-03T17:43:09.474Z,2026-06-03T17:43:09.474Z
20260603,2026-06-03T17:39:20.186841,120.0,O00046,P007,2,order_items_S005_20260603.json,S005,60.0,S005_O00046_P007,ORPHAN_ORDER_ID,2026-06-03T17:43:09.474Z,2026-06-03T17:43:09.474Z
20260603,2026-06-03T17:39:20.186841,998.0,O00049,P003,2,order_items_S005_20260603.json,S005,499.0,S005_O00049_P003,ORPHAN_ORDER_ID,2026-06-03T17:43:09.474Z,2026-06-03T17:43:09.474Z
20260603,2026-06-03T17:39:20.186841,120.0,O00049,P007,2,order_items_S005_20260603.json,S005,60.0,S005_O00049_P007,ORPHAN_ORDER_ID,2026-06-03T17:43:09.474Z,2026-06-03T17:43:09.474Z
20260603,2026-06-03T17:39:20.186841,507.0,O00049,P011,3,order_items_S005_20260603.json,S005,169.0,S005_O00049_P011,ORPHAN_ORDER_ID,2026-06-03T17:43:09.474Z,2026-06-03T17:43:09.474Z
20260603,2026-06-03T17:39:20.186841,20.0,O00049,P019,1,order_items_S005_20260603.json,S005,20.0,S005_O00049_P019,ORPHAN_ORDER_ID,2026-06-03T17:43:09.474Z,2026-06-03T17:43:09.474Z
20260603,2026-06-03T17:39:20.186841,120.0,O00050,P007,2,order_items_S005_20260603.json,S005,60.0,S005_O00050_P007,ORPHAN_ORDER_ID,2026-06-03T17:43:09.474Z,2026-06-03T17:43:09.474Z
20260603,2026-06-03T17:39:20.186841,897.0,O00052,P001,3,order_items_S005_20260603.json,S005,299.0,S005_O00052_P001,ORPHAN_ORDER_ID,2026-06-03T17:43:09.474Z,2026-06-03T17:43:09.474Z
20260603,2026-06-03T17:39:20.186841,1347.0,O00052,P004,3,order_items_S005_20260603.json,S005,449.0,S005_O00052_P004,ORPHAN_ORDER_ID,2026-06-03T17:43:09.474Z,2026-06-03T17:43:09.474Z
20260603,2026-06-03T17:39:20.186841,597.0,O00052,P006,3,order_items_S005_20260603.json,S005,199.0,S005_O00052_P006,ORPHAN_ORDER_ID,2026-06-03T17:43:09.474Z,2026-06-03T17:43:09.474Z
20260603,2026-06-03T17:39:20.186841,98.0,O00052,P012,2,order_items_S005_20260603.json,S005,49.0,S005_O00052_P012,ORPHAN_ORDER_ID,2026-06-03T17:43:09.474Z,2026-06-03T17:43:09.474Z
20260603,2026-06-03T17:39:20.186841,598.0,O00060,P001,2,order_items_S005_20260603.json,S005,299.0,S005_O00060_P001,ORPHAN_ORDER_ID,2026-06-03T17:43:09.474Z,2026-06-03T17:43:09.474Z
20260603,2026-06-03T17:39:20.186841,499.0,O00060,P003,1,order_items_S005_20260603.json,S005,499.0,S005_O00060_P003,ORPHAN_ORDER_ID,2026-06-03T17:43:09.474Z,2026-06-03T17:43:09.474Z
20260603,2026-06-03T17:39:20.186841,60.0,O00060,P008,1,order_items_S005_20260603.json,S005,60.0,S005_O00060_P008,ORPHAN_ORDER_ID,2026-06-03T17:43:09.474Z,2026-06-03T17:43:09.474Z
20260603,2026-06-03T17:39:20.186841,447.0,O00108,P005,3,order_items_S005_20260603.json,S005,149.0,S005_O00108_P005,ORPHAN_ORDER_ID,2026-06-03T17:43:09.474Z,2026-06-03T17:43:09.474Z
20260603,2026-06-03T17:39:20.186841,180.0,O00108,P008,3,order_items_S005_20260603.json,S005,60.0,S005_O00108_P008,ORPHAN_ORDER_ID,2026-06-03T17:43:09.474Z,2026-06-03T17:43:09.474Z
20260603,2026-06-03T17:39:20.186841,199.0,O00112,P006,1,order_items_S005_20260603.json,S005,199.0,S005_O00112_P006,ORPHAN_ORDER_ID,2026-06-03T17:43:09.474Z,2026-06-03T17:43:09.474Z
20260603,2026-06-03T17:39:20.186841,297.0,O00112,P009,3,order_items_S005_20260603.json,S005,99.0,S005_O00112_P009,ORPHAN_ORDER_ID,2026-06-03T17:43:09.474Z,2026-06-03T17:43:09.474Z
20260603,2026-06-03T17:39:20.186841,178.0,O00112,P018,2,order_items_S005_20260603.json,S005,89.0,S005_O00112_P018,ORPHAN_ORDER_ID,2026-06-03T17:43:09.474Z,2026-06-03T17:43:09.474Z
20260603,2026-06-03T17:39:20.186841,998.0,O00117,P003,2,order_items_S005_20260603.json,S005,499.0,S005_O00117_P003,ORPHAN_ORDER_ID,2026-06-03T17:43:09.474Z,2026-06-03T17:43:09.474Z
20260603,2026-06-03T17:39:20.186841,449.0,O00117,P004,1,order_items_S005_20260603.json,S005,449.0,S005_O00117_P004,ORPHAN_ORDER_ID,2026-06-03T17:43:09.474Z,2026-06-03T17:43:09.474Z
20260603,2026-06-03T17:39:20.186841,447.0,O00117,P005,3,order_items_S005_20260603.json,S005,149.0,S005_O00117_P005,ORPHAN_ORDER_ID,2026-06-03T17:43:09.474Z,2026-06-03T17:43:09.474Z
20260603,2026-06-03T17:39:20.186841,198.0,O00117,P009,2,order_items_S005_20260603.json,S005,99.0,S005_O00117_P009,ORPHAN_ORDER_ID,2026-06-03T17:43:09.474Z,2026-06-03T17:43:09.474Z
20260603,2026-06-03T17:39:20.186841,598.0,O00130,P001,2,order_items_S005_20260603.json,S005,299.0,S005_O00130_P001,ORPHAN_ORDER_ID,2026-06-03T17:43:09.474Z,2026-06-03T17:43:09.474Z
20260603,2026-06-03T17:39:20.186841,798.0,O00130,P002,2,order_items_S005_20260603.json,S005,399.0,S005_O00130_P002,ORPHAN_ORDER_ID,2026-06-03T17:43:09.474Z,2026-06-03T17:43:09.474Z
20260603,2026-06-03T17:39:20.186841,180.0,O00130,P008,3,order_items_S005_20260603.json,S005,60.0,S005_O00130_P008,ORPHAN_ORDER_ID,2026-06-03T17:43:09.474Z,2026-06-03T17:43:09.474Z
20260603,2026-06-03T17:39:20.186841,449.0,O00137,P004,1,order_items_S005_20260603.json,S005,449.0,S005_O00137_P004,ORPHAN_ORDER_ID,2026-06-03T17:43:09.474Z,2026-06-03T17:43:09.474Z
20260603,2026-06-03T17:39:20.186841,298.0,O00137,P005,2,order_items_S005_20260603.json,S005,149.0,S005_O00137_P005,ORPHAN_ORDER_ID,2026-06-03T17:43:09.474Z,2026-06-03T17:43:09.474Z
20260603,2026-06-03T17:39:20.186841,398.0,O00137,P020,2,order_items_S005_20260603.json,S005,199.0,S005_O00137_P020,ORPHAN_ORDER_ID,2026-06-03T17:43:09.474Z,2026-06-03T17:43:09.474Z
20260603,2026-06-03T17:39:20.186841,598.0,O00205,P001,2,order_items_S005_20260603.json,S005,299.0,S005_O00205_P001,ORPHAN_ORDER_ID,2026-06-03T17:43:09.474Z,2026-06-03T17:43:09.474Z
20260603,2026-06-03T17:39:20.186841,1347.0,O00205,P004,3,order_items_S005_20260603.json,S005,449.0,S005_O00205_P004,ORPHAN_ORDER_ID,2026-06-03T17:43:09.474Z,2026-06-03T17:43:09.474Z
20260603,2026-06-03T17:39:20.186841,180.0,O00205,P007,3,order_items_S005_20260603.json,S005,60.0,S005_O00205_P007,ORPHAN_ORDER_ID,2026-06-03T17:43:09.474Z,2026-06-03T17:43:09.474Z
20260603,2026-06-03T17:39:20.186841,180.0,O00205,P008,3,order_items_S005_20260603.json,S005,60.0,S005_O00205_P008,ORPHAN_ORDER_ID,2026-06-03T17:43:09.474Z,2026-06-03T17:43:09.474Z
20260603,2026-06-03T17:39:20.186841,120.0,O00210,P007,2,order_items_S005_20260603.json,S005,60.0,S005_O00210_P007,ORPHAN_ORDER_ID,2026-06-03T17:43:09.474Z,2026-06-03T17:43:09.474Z
20260603,2026-06-03T17:39:20.186841,358.0,O00210,P014,2,order_items_S005_20260603.json,S005,179.0,S005_O00210_P014,ORPHAN_ORDER_ID,2026-06-03T17:43:09.474Z,2026-06-03T17:43:09.474Z
20260603,2026-06-03T17:39:20.186841,267.0,O00210,P018,3,order_items_S005_20260603.json,S005,89.0,S005_O00210_P018,ORPHAN_ORDER_ID,2026-06-03T17:43:09.474Z,2026-06-03T17:43:09.474Z
20260603,2026-06-03T17:39:20.186841,597.0,O00227,P006,3,order_items_S005_20260603.json,S005,199.0,S005_O00227_P006,ORPHAN_ORDER_ID,2026-06-03T17:43:09.474Z,2026-06-03T17:43:09.474Z
20260603,2026-06-03T17:39:20.186841,60.0,O00227,P007,1,order_items_S005_20260603.json,S005,60.0,S005_O00227_P007,ORPHAN_ORDER_ID,2026-06-03T17:43:09.474Z,2026-06-03T17:43:09.474Z
20260603,2026-06-03T17:39:20.186841,258.0,O00229,P010,2,order_items_S005_20260603.json,S005,129.0,S005_O00229_P010,ORPHAN_ORDER_ID,2026-06-03T17:43:09.474Z,2026-06-03T17:43:09.474Z
20260603,2026-06-03T17:39:20.186841,169.0,O00229,P011,1,order_items_S005_20260603.json,S005,169.0,S005_O00229_P011,ORPHAN_ORDER_ID,2026-06-03T17:43:09.474Z,2026-06-03T17:43:09.474Z
20260603,2026-06-03T17:39:20.186841,299.0,O00238,P001,1,order_items_S005_20260603.json,S005,299.0,S005_O00238_P001,ORPHAN_ORDER_ID,2026-06-03T17:43:09.474Z,2026-06-03T17:43:09.474Z
20260603,2026-06-03T17:39:20.186841,199.0,O00238,P006,1,order_items_S005_20260603.json,S005,199.0,S005_O00238_P006,ORPHAN_ORDER_ID,2026-06-03T17:43:09.474Z,2026-06-03T17:43:09.474Z
20260603,2026-06-03T17:39:20.186841,897.0,O00238,P016,3,order_items_S005_20260603.json,S005,299.0,S005_O00238_P016,ORPHAN_ORDER_ID,2026-06-03T17:43:09.474Z,2026-06-03T17:43:09.474Z
20260603,2026-06-03T17:39:20.186841,499.0,O00256,P003,1,order_items_S005_20260603.json,S005,499.0,S005_O00256_P003,ORPHAN_ORDER_ID,2026-06-03T17:43:09.474Z,2026-06-03T17:43:09.474Z
20260603,2026-06-03T17:39:20.186841,897.0,O00275,P001,3,order_items_S005_20260603.json,S005,299.0,S005_O00275_P001,ORPHAN_ORDER_ID,2026-06-03T17:43:09.474Z,2026-06-03T17:43:09.474Z
20260603,2026-06-03T17:39:20.186841,120.0,O00275,P007,2,order_items_S005_20260603.json,S005,60.0,S005_O00275_P007,ORPHAN_ORDER_ID,2026-06-03T17:43:09.474Z,2026-06-03T17:43:09.474Z
20260603,2026-06-03T17:39:20.186841,537.0,O00275,P014,3,order_items_S005_20260603.json,S005,179.0,S005_O00275_P014,ORPHAN_ORDER_ID,2026-06-03T17:43:09.474Z,2026-06-03T17:43:09.474Z
20260603,2026-06-03T17:39:20.186841,798.0,O00277,P002,2,order_items_S005_20260603.json,S005,399.0,S005_O00277_P002,ORPHAN_ORDER_ID,2026-06-03T17:43:09.474Z,2026-06-03T17:43:09.474Z
20260603,2026-06-03T17:39:20.186841,120.0,O00277,P008,2,order_items_S005_20260603.json,S005,60.0,S005_O00277_P008,ORPHAN_ORDER_ID,2026-06-03T17:43:09.474Z,2026-06-03T17:43:09.474Z
20260603,2026-06-03T17:39:20.186841,798.0,O00283,P002,2,order_items_S005_20260603.json,S005,399.0,S005_O00283_P002,ORPHAN_ORDER_ID,2026-06-03T17:43:09.474Z,2026-06-03T17:43:09.474Z
20260603,2026-06-03T17:39:20.186841,597.0,O00283,P006,3,order_items_S005_20260603.json,S005,199.0,S005_O00283_P006,ORPHAN_ORDER_ID,2026-06-03T17:43:09.474Z,2026-06-03T17:43:09.474Z
20260603,2026-06-03T17:39:20.186841,499.0,O00292,P003,1,order_items_S005_20260603.json,S005,499.0,S005_O00292_P003,ORPHAN_ORDER_ID,2026-06-03T17:43:09.474Z,2026-06-03T17:43:09.474Z
20260603,2026-06-03T17:39:20.186841,249.0,O00292,P013,1,order_items_S005_20260603.json,S005,249.0,S005_O00292_P013,ORPHAN_ORDER_ID,2026-06-03T17:43:09.474Z,2026-06-03T17:43:09.474Z
20260603,2026-06-03T17:39:20.186841,598.0,O00299,P001,2,order_items_S005_20260603.json,S005,299.0,S005_O00299_P001,ORPHAN_ORDER_ID,2026-06-03T17:43:09.474Z,2026-06-03T17:43:09.474Z
20260603,2026-06-03T17:39:20.186841,60.0,O00299,P007,1,order_items_S005_20260603.json,S005,60.0,S005_O00299_P007,ORPHAN_ORDER_ID,2026-06-03T17:43:09.474Z,2026-06-03T17:43:09.474Z
20260603,2026-06-03T17:39:20.186841,798.0,O00321,P002,2,order_items_S005_20260603.json,S005,399.0,S005_O00321_P002,ORPHAN_ORDER_ID,2026-06-03T17:43:09.474Z,2026-06-03T17:43:09.474Z
20260603,2026-06-03T17:39:20.186841,298.0,O00321,P005,2,order_items_S005_20260603.json,S005,149.0,S005_O00321_P005,ORPHAN_ORDER_ID,2026-06-03T17:43:09.474Z,2026-06-03T17:43:09.474Z
20260603,2026-06-03T17:39:20.186841,180.0,O00331,P007,3,order_items_S005_20260603.json,S005,60.0,S005_O00331_P007,ORPHAN_ORDER_ID,2026-06-03T17:43:09.474Z,2026-06-03T17:43:09.474Z
20260603,2026-06-03T17:39:20.186841,1197.0,O00334,P002,3,order_items_S005_20260603.json,S005,399.0,S005_O00334_P002,ORPHAN_ORDER_ID,2026-06-03T17:43:09.474Z,2026-06-03T17:43:09.474Z
20260603,2026-06-03T17:39:20.186841,898.0,O00334,P004,2,order_items_S005_20260603.json,S005,449.0,S005_O00334_P004,ORPHAN_ORDER_ID,2026-06-03T17:43:09.474Z,2026-06-03T17:43:09.474Z
20260603,2026-06-03T17:39:20.186841,99.0,O00334,P009,1,order_items_S005_20260603.json,S005,99.0,S005_O00334_P009,ORPHAN_ORDER_ID,2026-06-03T17:43:09.474Z,2026-06-03T17:43:09.474Z
20260603,2026-06-03T17:39:20.186841,897.0,O00339,P001,3,order_items_S005_20260603.json,S005,299.0,S005_O00339_P001,ORPHAN_ORDER_ID,2026-06-03T17:43:09.474Z,2026-06-03T17:43:09.474Z
20260603,2026-06-03T17:39:20.186841,1197.0,O00339,P002,3,order_items_S005_20260603.json,S005,399.0,S005_O00339_P002,ORPHAN_ORDER_ID,2026-06-03T17:43:09.474Z,2026-06-03T17:43:09.474Z
20260603,2026-06-03T17:39:20.186841,49.0,O00339,P012,1,order_items_S005_20260603.json,S005,49.0,S005_O00339_P012,ORPHAN_ORDER_ID,2026-06-03T17:43:09.474Z,2026-06-03T17:43:09.474Z
20260603,2026-06-03T17:39:20.186841,598.0,O00351,P001,2,order_items_S005_20260603.json,S005,299.0,S005_O00351_P001,ORPHAN_ORDER_ID,2026-06-03T17:43:09.474Z,2026-06-03T17:43:09.474Z
20260603,2026-06-03T17:39:20.186841,747.0,O00366,P013,3,order_items_S005_20260603.json,S005,249.0,S005_O00366_P013,ORPHAN_ORDER_ID,2026-06-03T17:43:09.474Z,2026-06-03T17:43:09.474Z
20260603,2026-06-03T17:39:20.186841,449.0,O00386,P004,1,order_items_S005_20260603.json,S005,449.0,S005_O00386_P004,ORPHAN_ORDER_ID,2026-06-03T17:43:09.474Z,2026-06-03T17:43:09.474Z
20260603,2026-06-03T17:39:20.186841,60.0,O00386,P007,1,order_items_S005_20260603.json,S005,60.0,S005_O00386_P007,ORPHAN_ORDER_ID,2026-06-03T17:43:09.474Z,2026-06-03T17:43:09.474Z
20260603,2026-06-03T17:39:20.186841,149.0,O00395,P005,1,order_items_S005_20260603.json,S005,149.0,S005_O00395_P005,ORPHAN_ORDER_ID,2026-06-03T17:43:09.474Z,2026-06-03T17:43:09.474Z
20260603,2026-06-03T17:39:20.186841,180.0,O00395,P007,3,order_items_S005_20260603.json,S005,60.0,S005_O00395_P007,ORPHAN_ORDER_ID,2026-06-03T17:43:09.474Z,2026-06-03T17:43:09.474Z
20260603,2026-06-03T17:39:20.186841,129.0,O00395,P010,1,order_items_S005_20260603.json,S005,129.0,S005_O00395_P010,ORPHAN_ORDER_ID,2026-06-03T17:43:09.474Z,2026-06-03T17:43:09.474Z
20260603,2026-06-03T17:39:20.186841,120.0,O00443,P007,2,order_items_S005_20260603.json,S005,60.0,S005_O00443_P007,ORPHAN_ORDER_ID,2026-06-03T17:43:09.474Z,2026-06-03T17:43:09.474Z
20260603,2026-06-03T17:39:20.186841,180.0,O00443,P008,3,order_items_S005_20260603.json,S005,60.0,S005_O00443_P008,ORPHAN_ORDER_ID,2026-06-03T17:43:09.474Z,2026-06-03T17:43:09.474Z
20260603,2026-06-03T17:39:20.186841,747.0,O00443,P013,3,order_items_S005_20260603.json,S005,249.0,S005_O00443_P013,ORPHAN_ORDER_ID,2026-06-03T17:43:09.474Z,2026-06-03T17:43:09.474Z
20260603,2026-06-03T17:39:20.186841,1497.0,O00451,P003,3,order_items_S005_20260603.json,S005,499.0,S005_O00451_P003,ORPHAN_ORDER_ID,2026-06-03T17:43:09.474Z,2026-06-03T17:43:09.474Z
20260603,2026-06-03T17:39:20.186841,120.0,O00451,P008,2,order_items_S005_20260603.json,S005,60.0,S005_O00451_P008,ORPHAN_ORDER_ID,2026-06-03T17:43:09.474Z,2026-06-03T17:43:09.474Z
20260603,2026-06-03T17:39:20.186841,98.0,O00451,P012,2,order_items_S005_20260603.json,S005,49.0,S005_O00451_P012,ORPHAN_ORDER_ID,2026-06-03T17:43:09.474Z,2026-06-03T17:43:09.474Z
20260603,2026-06-03T17:39:20.186841,399.0,O00465,P002,1,order_items_S005_20260603.json,S005,399.0,S005_O00465_P002,ORPHAN_ORDER_ID,2026-06-03T17:43:09.474Z,2026-06-03T17:43:09.474Z
20260603,2026-06-03T17:39:20.186841,1497.0,O00465,P003,3,order_items_S005_20260603.json,S005,499.0,S005_O00465_P003,ORPHAN_ORDER_ID,2026-06-03T17:43:09.474Z,2026-06-03T17:43:09.474Z
20260603,2026-06-03T17:39:20.186841,258.0,O00466,P010,2,order_items_S005_20260603.json,S005,129.0,S005_O00466_P010,ORPHAN_ORDER_ID,2026-06-03T17:43:09.474Z,2026-06-03T17:43:09.474Z
20260603,2026-06-03T17:39:20.186841,449.0,O00470,P004,1,order_items_S005_20260603.json,S005,449.0,S005_O00470_P004,ORPHAN_ORDER_ID,2026-06-03T17:43:09.474Z,2026-06-03T17:43:09.474Z
20260603,2026-06-03T17:39:20.186841,120.0,O00470,P007,2,order_items_S005_20260603.json,S005,60.0,S005_O00470_P007,ORPHAN_ORDER_ID,2026-06-03T17:43:09.474Z,2026-06-03T17:43:09.474Z
20260603,2026-06-03T17:39:20.186841,447.0,O00474,P005,3,order_items_S005_20260603.json,S005,149.0,S005_O00474_P005,ORPHAN_ORDER_ID,2026-06-03T17:43:09.474Z,2026-06-03T17:43:09.474Z
20260603,2026-06-03T17:39:20.186841,398.0,O00474,P006,2,order_items_S005_20260603.json,S005,199.0,S005_O00474_P006,ORPHAN_ORDER_ID,2026-06-03T17:43:09.474Z,2026-06-03T17:43:09.474Z
20260603,2026-06-03T17:39:20.186841,120.0,O00474,P007,2,order_items_S005_20260603.json,S005,60.0,S005_O00474_P007,ORPHAN_ORDER_ID,2026-06-03T17:43:09.474Z,2026-06-03T17:43:09.474Z
20260603,2026-06-03T17:39:20.186841,387.0,O00474,P010,3,order_items_S005_20260603.json,S005,129.0,S005_O00474_P010,ORPHAN_ORDER_ID,2026-06-03T17:43:09.474Z,2026-06-03T17:43:09.474Z
20260603,2026-06-03T17:39:20.186841,178.0,O00474,P018,2,order_items_S005_20260603.json,S005,89.0,S005_O00474_P018,ORPHAN_ORDER_ID,2026-06-03T17:43:09.474Z,2026-06-03T17:43:09.474Z
20260603,2026-06-03T17:39:20.186841,120.0,O00475,P008,2,order_items_S005_20260603.json,S005,60.0,S005_O00475_P008,ORPHAN_ORDER_ID,2026-06-03T17:43:09.474Z,2026-06-03T17:43:09.474Z
20260603,2026-06-03T17:39:20.186841,387.0,O00475,P010,3,order_items_S005_20260603.json,S005,129.0,S005_O00475_P010,ORPHAN_ORDER_ID,2026-06-03T17:43:09.474Z,2026-06-03T17:43:09.474Z
20260603,2026-06-03T17:39:20.186841,98.0,O00475,P012,2,order_items_S005_20260603.json,S005,49.0,S005_O00475_P012,ORPHAN_ORDER_ID,2026-06-03T17:43:09.474Z,2026-06-03T17:43:09.474Z
20260603,2026-06-03T17:39:20.186841,20.0,O00475,P019,1,order_items_S005_20260603.json,S005,20.0,S005_O00475_P019,ORPHAN_ORDER_ID,2026-06-03T17:43:09.474Z,2026-06-03T17:43:09.474Z
20260603,2026-06-03T17:39:20.186841,149.0,O00479,P005,1,order_items_S005_20260603.json,S005,149.0,S005_O00479_P005,ORPHAN_ORDER_ID,2026-06-03T17:43:09.474Z,2026-06-03T17:43:09.474Z
20260603,2026-06-03T17:39:20.186841,120.0,O00479,P007,2,order_items_S005_20260603.json,S005,60.0,S005_O00479_P007,ORPHAN_ORDER_ID,2026-06-03T17:43:09.474Z,2026-06-03T17:43:09.474Z
20260603,2026-06-03T17:39:20.186841,499.0,O00486,P003,1,order_items_S005_20260603.json,S005,499.0,S005_O00486_P003,ORPHAN_ORDER_ID,2026-06-03T17:43:09.474Z,2026-06-03T17:43:09.474Z
20260603,2026-06-03T17:39:20.186841,60.0,O00486,P007,1,order_items_S005_20260603.json,S005,60.0,S005_O00486_P007,ORPHAN_ORDER_ID,2026-06-03T17:43:09.474Z,2026-06-03T17:43:09.474Z
20260603,2026-06-03T17:39:20.186841,537.0,O00486,P014,3,order_items_S005_20260603.json,S005,179.0,S005_O00486_P014,ORPHAN_ORDER_ID,2026-06-03T17:43:09.474Z,2026-06-03T17:43:09.474Z
20260603,2026-06-03T17:39:20.186841,299.0,O00495,P001,1,order_items_S005_20260603.json,S005,299.0,S005_O00495_P001,ORPHAN_ORDER_ID,2026-06-03T17:43:09.474Z,2026-06-03T17:43:09.474Z
20260603,2026-06-03T17:39:20.186841,449.0,O00495,P004,1,order_items_S005_20260603.json,S005,449.0,S005_O00495_P004,ORPHAN_ORDER_ID,2026-06-03T17:43:09.474Z,2026-06-03T17:43:09.474Z
20260603,2026-06-03T17:39:20.186841,447.0,O00495,P005,3,order_items_S005_20260603.json,S005,149.0,S005_O00495_P005,ORPHAN_ORDER_ID,2026-06-03T17:43:09.474Z,2026-06-03T17:43:09.474Z
20260603,2026-06-03T17:39:20.186841,897.0,O00516,P001,3,order_items_S005_20260603.json,S005,299.0,S005_O00516_P001,ORPHAN_ORDER_ID,2026-06-03T17:43:09.474Z,2026-06-03T17:43:09.474Z
20260603,2026-06-03T17:39:20.186841,399.0,O00530,P002,1,order_items_S005_20260603.json,S005,399.0,S005_O00530_P002,ORPHAN_ORDER_ID,2026-06-03T17:43:09.474Z,2026-06-03T17:43:09.474Z
20260603,2026-06-03T17:39:20.186841,60.0,O00530,P007,1,order_items_S005_20260603.json,S005,60.0,S005_O00530_P007,ORPHAN_ORDER_ID,2026-06-03T17:43:09.474Z,2026-06-03T17:43:09.474Z
20260603,2026-06-03T17:39:20.186841,180.0,O00538,P007,3,order_items_S005_20260603.json,S005,60.0,S005_O00538_P007,ORPHAN_ORDER_ID,2026-06-03T17:43:09.474Z,2026-06-03T17:43:09.474Z
20260603,2026-06-03T17:39:20.186841,180.0,O00538,P008,3,order_items_S005_20260603.json,S005,60.0,S005_O00538_P008,ORPHAN_ORDER_ID,2026-06-03T17:43:09.474Z,2026-06-03T17:43:09.474Z
20260603,2026-06-03T17:39:20.186841,897.0,O00539,P001,3,order_items_S005_20260603.json,S005,299.0,S005_O00539_P001,ORPHAN_ORDER_ID,2026-06-03T17:43:09.474Z,2026-06-03T17:43:09.474Z
20260603,2026-06-03T17:39:20.186841,149.0,O00539,P005,1,order_items_S005_20260603.json,S005,149.0,S005_O00539_P005,ORPHAN_ORDER_ID,2026-06-03T17:43:09.474Z,2026-06-03T17:43:09.474Z
20260603,2026-06-03T17:39:20.186841,1347.0,O00540,P004,3,order_items_S005_20260603.json,S005,449.0,S005_O00540_P004,ORPHAN_ORDER_ID,2026-06-03T17:43:09.474Z,2026-06-03T17:43:09.474Z
20260603,2026-06-03T17:39:20.186841,199.0,O00540,P020,1,order_items_S005_20260603.json,S005,199.0,S005_O00540_P020,ORPHAN_ORDER_ID,2026-06-03T17:43:09.474Z,2026-06-03T17:43:09.474Z
20260603,2026-06-03T17:39:20.186841,398.0,O00542,P006,2,order_items_S005_20260603.json,S005,199.0,S005_O00542_P006,ORPHAN_ORDER_ID,2026-06-03T17:43:09.474Z,2026-06-03T17:43:09.474Z
20260603,2026-06-03T17:39:20.186841,60.0,O00542,P007,1,order_items_S005_20260603.json,S005,60.0,S005_O00542_P007,ORPHAN_ORDER_ID,2026-06-03T17:43:09.474Z,2026-06-03T17:43:09.474Z
20260603,2026-06-03T17:39:20.186841,120.0,O00572,P007,2,order_items_S005_20260603.json,S005,60.0,S005_O00572_P007,ORPHAN_ORDER_ID,2026-06-03T17:43:09.474Z,2026-06-03T17:43:09.474Z
20260603,2026-06-03T17:39:20.186841,198.0,O00572,P009,2,order_items_S005_20260603.json,S005,99.0,S005_O00572_P009,ORPHAN_ORDER_ID,2026-06-03T17:43:09.474Z,2026-06-03T17:43:09.474Z
20260603,2026-06-03T17:39:20.186841,598.0,O00589,P001,2,order_items_S005_20260603.json,S005,299.0,S005_O00589_P001,ORPHAN_ORDER_ID,2026-06-03T17:43:09.474Z,2026-06-03T17:43:09.474Z
20260603,2026-06-03T17:39:20.186841,798.0,O00589,P002,2,order_items_S005_20260603.json,S005,399.0,S005_O00589_P002,ORPHAN_ORDER_ID,2026-06-03T17:43:09.474Z,2026-06-03T17:43:09.474Z
20260603,2026-06-03T17:39:20.186841,1497.0,O00589,P003,3,order_items_S005_20260603.json,S005,499.0,S005_O00589_P003,ORPHAN_ORDER_ID,2026-06-03T17:43:09.474Z,2026-06-03T17:43:09.474Z
20260603,2026-06-03T17:39:20.186841,99.0,O00589,P009,1,order_items_S005_20260603.json,S005,99.0,S005_O00589_P009,ORPHAN_ORDER_ID,2026-06-03T17:43:09.474Z,2026-06-03T17:43:09.474Z
20260603,2026-06-03T17:39:20.186841,798.0,O00591,P002,2,order_items_S005_20260603.json,S005,399.0,S005_O00591_P002,ORPHAN_ORDER_ID,2026-06-03T17:43:09.474Z,2026-06-03T17:43:09.474Z
20260603,2026-06-03T17:39:20.186841,299.0,O00591,P016,1,order_items_S005_20260603.json,S005,299.0,S005_O00591_P016,ORPHAN_ORDER_ID,2026-06-03T17:43:09.474Z,2026-06-03T17:43:09.474Z
20260603,2026-06-03T17:39:20.186841,129.0,O00598,P010,1,order_items_S005_20260603.json,S005,129.0,S005_O00598_P010,ORPHAN_ORDER_ID,2026-06-03T17:43:09.474Z,2026-06-03T17:43:09.474Z
20260603,2026-06-03T17:39:20.186841,299.0,O00603,P001,1,order_items_S005_20260603.json,S005,299.0,S005_O00603_P001,ORPHAN_ORDER_ID,2026-06-03T17:43:09.474Z,2026-06-03T17:43:09.474Z
20260603,2026-06-03T17:39:20.186841,180.0,O00603,P007,3,order_items_S005_20260603.json,S005,60.0,S005_O00603_P007,ORPHAN_ORDER_ID,2026-06-03T17:43:09.474Z,2026-06-03T17:43:09.474Z
20260603,2026-06-03T17:39:20.186841,537.0,O00603,P014,3,order_items_S005_20260603.json,S005,179.0,S005_O00603_P014,ORPHAN_ORDER_ID,2026-06-03T17:43:09.474Z,2026-06-03T17:43:09.474Z
20260603,2026-06-03T17:39:20.186841,258.0,O00619,P010,2,order_items_S005_20260603.json,S005,129.0,S005_O00619_P010,ORPHAN_ORDER_ID,2026-06-03T17:43:09.474Z,2026-06-03T17:43:09.474Z
20260603,2026-06-03T17:39:20.186841,1497.0,O00646,P003,3,order_items_S005_20260603.json,S005,499.0,S005_O00646_P003,ORPHAN_ORDER_ID,2026-06-03T17:43:09.474Z,2026-06-03T17:43:09.474Z
20260603,2026-06-03T17:39:20.186841,180.0,O00646,P007,3,order_items_S005_20260603.json,S005,60.0,S005_O00646_P007,ORPHAN_ORDER_ID,2026-06-03T17:43:09.474Z,2026-06-03T17:43:09.474Z
20260603,2026-06-03T17:39:20.186841,129.0,O00646,P010,1,order_items_S005_20260603.json,S005,129.0,S005_O00646_P010,ORPHAN_ORDER_ID,2026-06-03T17:43:09.474Z,2026-06-03T17:43:09.474Z
20260603,2026-06-03T17:39:20.186841,897.0,O00646,P016,3,order_items_S005_20260603.json,S005,299.0,S005_O00646_P016,ORPHAN_ORDER_ID,2026-06-03T17:43:09.474Z,2026-06-03T17:43:09.474Z
20260603,2026-06-03T17:39:20.186841,598.0,O00652,P001,2,order_items_S005_20260603.json,S005,299.0,S005_O00652_P001,ORPHAN_ORDER_ID,2026-06-03T17:43:09.474Z,2026-06-03T17:43:09.474Z
20260603,2026-06-03T17:39:20.186841,1497.0,O00652,P003,3,order_items_S005_20260603.json,S005,499.0,S005_O00652_P003,ORPHAN_ORDER_ID,2026-06-03T17:43:09.474Z,2026-06-03T17:43:09.474Z
20260603,2026-06-03T17:39:20.186841,120.0,O00652,P008,2,order_items_S005_20260603.json,S005,60.0,S005_O00652_P008,ORPHAN_ORDER_ID,2026-06-03T17:43:09.474Z,2026-06-03T17:43:09.474Z
20260603,2026-06-03T17:39:20.186841,169.0,O00652,P011,1,order_items_S005_20260603.json,S005,169.0,S005_O00652_P011,ORPHAN_ORDER_ID,2026-06-03T17:43:09.474Z,2026-06-03T17:43:09.474Z
20260603,2026-06-03T17:39:20.186841,338.0,O00711,P011,2,order_items_S005_20260603.json,S005,169.0,S005_O00711_P011,ORPHAN_ORDER_ID,2026-06-03T17:43:09.474Z,2026-06-03T17:43:09.474Z
20260603,2026-06-03T17:39:20.186841,897.0,O00712,P001,3,order_items_S005_20260603.json,S005,299.0,S005_O00712_P001,ORPHAN_ORDER_ID,2026-06-03T17:43:09.474Z,2026-06-03T17:43:09.474Z
20260603,2026-06-03T17:39:20.186841,1497.0,O00712,P003,3,order_items_S005_20260603.json,S005,499.0,S005_O00712_P003,ORPHAN_ORDER_ID,2026-06-03T17:43:09.474Z,2026-06-03T17:43:09.474Z
20260603,2026-06-03T17:39:20.186841,798.0,O00714,P002,2,order_items_S005_20260603.json,S005,399.0,S005_O00714_P002,ORPHAN_ORDER_ID,2026-06-03T17:43:09.474Z,2026-06-03T17:43:09.474Z
20260603,2026-06-03T17:39:20.186841,120.0,O00714,P007,2,order_items_S005_20260603.json,S005,60.0,S005_O00714_P007,ORPHAN_ORDER_ID,2026-06-03T17:43:09.474Z,2026-06-03T17:43:09.474Z
20260603,2026-06-03T17:39:20.186841,299.0,O00722,P001,1,order_items_S005_20260603.json,S005,299.0,S005_O00722_P001,ORPHAN_ORDER_ID,2026-06-03T17:43:09.474Z,2026-06-03T17:43:09.474Z
20260603,2026-06-03T17:39:20.186841,458.0,O00722,P015,2,order_items_S005_20260603.json,S005,229.0,S005_O00722_P015,ORPHAN_ORDER_ID,2026-06-03T17:43:09.474Z,2026-06-03T17:43:09.474Z
20260603,2026-06-03T17:39:20.186841,498.0,O00729,P013,2,order_items_S005_20260603.json,S005,249.0,S005_O00729_P013,ORPHAN_ORDER_ID,2026-06-03T17:43:09.474Z,2026-06-03T17:43:09.474Z
20260603,2026-06-03T17:39:20.186841,299.0,O00743,P001,1,order_items_S005_20260603.json,S005,299.0,S005_O00743_P001,ORPHAN_ORDER_ID,2026-06-03T17:43:09.474Z,2026-06-03T17:43:09.474Z
20260603,2026-06-03T17:39:20.186841,147.0,O00743,P012,3,order_items_S005_20260603.json,S005,49.0,S005_O00743_P012,ORPHAN_ORDER_ID,2026-06-03T17:43:09.474Z,2026-06-03T17:43:09.474Z
20260603,2026-06-03T17:39:20.186841,998.0,O00757,P003,2,order_items_S005_20260603.json,S005,499.0,S005_O00757_P003,ORPHAN_ORDER_ID,2026-06-03T17:43:09.474Z,2026-06-03T17:43:09.474Z
20260603,2026-06-03T17:39:20.186841,1347.0,O00757,P004,3,order_items_S005_20260603.json,S005,449.0,S005_O00757_P004,ORPHAN_ORDER_ID,2026-06-03T17:43:09.474Z,2026-06-03T17:43:09.474Z
20260603,2026-06-03T17:39:20.186841,180.0,O00757,P008,3,order_items_S005_20260603.json,S005,60.0,S005_O00757_P008,ORPHAN_ORDER_ID,2026-06-03T17:43:09.474Z,2026-06-03T17:43:09.474Z
20260603,2026-06-03T17:39:20.186841,60.0,O00768,P007,1,order_items_S005_20260603.json,S005,60.0,S005_O00768_P007,ORPHAN_ORDER_ID,2026-06-03T17:43:09.474Z,2026-06-03T17:43:09.474Z
20260603,2026-06-03T17:39:20.186841,798.0,O00770,P002,2,order_items_S005_20260603.json,S005,399.0,S005_O00770_P002,ORPHAN_ORDER_ID,2026-06-03T17:43:09.474Z,2026-06-03T17:43:09.474Z
20260603,2026-06-03T17:39:20.186841,449.0,O00770,P004,1,order_items_S005_20260603.json,S005,449.0,S005_O00770_P004,ORPHAN_ORDER_ID,2026-06-03T17:43:09.474Z,2026-06-03T17:43:09.474Z
20260603,2026-06-03T17:39:20.186841,199.0,O00770,P006,1,order_items_S005_20260603.json,S005,199.0,S005_O00770_P006,ORPHAN_ORDER_ID,2026-06-03T17:43:09.474Z,2026-06-03T17:43:09.474Z
20260603,2026-06-03T17:39:20.186841,299.0,O00771,P001,1,order_items_S005_20260603.json,S005,299.0,S005_O00771_P001,ORPHAN_ORDER_ID,2026-06-03T17:43:09.474Z,2026-06-03T17:43:09.474Z
20260603,2026-06-03T17:39:20.186841,120.0,O00771,P007,2,order_items_S005_20260603.json,S005,60.0,S005_O00771_P007,ORPHAN_ORDER_ID,2026-06-03T17:43:09.474Z,2026-06-03T17:43:09.474Z
20260603,2026-06-03T17:39:20.186841,120.0,O00771,P008,2,order_items_S005_20260603.json,S005,60.0,S005_O00771_P008,ORPHAN_ORDER_ID,2026-06-03T17:43:09.474Z,2026-06-03T17:43:09.474Z
20260603,2026-06-03T17:39:20.186841,399.0,O00772,P002,1,order_items_S005_20260603.json,S005,399.0,S005_O00772_P002,ORPHAN_ORDER_ID,2026-06-03T17:43:09.474Z,2026-06-03T17:43:09.474Z
20260603,2026-06-03T17:39:20.186841,180.0,O00772,P007,3,order_items_S005_20260603.json,S005,60.0,S005_O00772_P007,ORPHAN_ORDER_ID,2026-06-03T17:43:09.474Z,2026-06-03T17:43:09.474Z
20260603,2026-06-03T17:39:20.186841,597.0,O00772,P020,3,order_items_S005_20260603.json,S005,199.0,S005_O00772_P020,ORPHAN_ORDER_ID,2026-06-03T17:43:09.474Z,2026-06-03T17:43:09.474Z
20260603,2026-06-03T17:39:20.186841,798.0,O00773,P002,2,order_items_S005_20260603.json,S005,399.0,S005_O00773_P002,ORPHAN_ORDER_ID,2026-06-03T17:43:09.474Z,2026-06-03T17:43:09.474Z
20260603,2026-06-03T17:39:20.186841,60.0,O00773,P008,1,order_items_S005_20260603.json,S005,60.0,S005_O00773_P008,ORPHAN_ORDER_ID,2026-06-03T17:43:09.474Z,2026-06-03T17:43:09.474Z
20260603,2026-06-03T17:39:20.186841,898.0,O00776,P004,2,order_items_S005_20260603.json,S005,449.0,S005_O00776_P004,ORPHAN_ORDER_ID,2026-06-03T17:43:09.474Z,2026-06-03T17:43:09.474Z
20260603,2026-06-03T17:39:20.186841,180.0,O00776,P007,3,order_items_S005_20260603.json,S005,60.0,S005_O00776_P007,ORPHAN_ORDER_ID,2026-06-03T17:43:09.474Z,2026-06-03T17:43:09.474Z
20260603,2026-06-03T17:39:20.186841,447.0,O00788,P005,3,order_items_S005_20260603.json,S005,149.0,S005_O00788_P005,ORPHAN_ORDER_ID,2026-06-03T17:43:09.474Z,2026-06-03T17:43:09.474Z
20260603,2026-06-03T17:39:20.186841,597.0,O00788,P006,3,order_items_S005_20260603.json,S005,199.0,S005_O00788_P006,ORPHAN_ORDER_ID,2026-06-03T17:43:09.474Z,2026-06-03T17:43:09.474Z
20260603,2026-06-03T17:39:20.186841,229.0,O00788,P015,1,order_items_S005_20260603.json,S005,229.0,S005_O00788_P015,ORPHAN_ORDER_ID,2026-06-03T17:43:09.474Z,2026-06-03T17:43:09.474Z
20260603,2026-06-03T17:39:20.186841,1197.0,O00793,P002,3,order_items_S005_20260603.json,S005,399.0,S005_O00793_P002,ORPHAN_ORDER_ID,2026-06-03T17:43:09.474Z,2026-06-03T17:43:09.474Z
20260603,2026-06-03T17:39:20.186841,898.0,O00793,P004,2,order_items_S005_20260603.json,S005,449.0,S005_O00793_P004,ORPHAN_ORDER_ID,2026-06-03T17:43:09.474Z,2026-06-03T17:43:09.474Z
20260603,2026-06-03T17:39:20.186841,149.0,O00793,P005,1,order_items_S005_20260603.json,S005,149.0,S005_O00793_P005,ORPHAN_ORDER_ID,2026-06-03T17:43:09.474Z,2026-06-03T17:43:09.474Z
20260603,2026-06-03T17:39:20.186841,229.0,O00793,P015,1,order_items_S005_20260603.json,S005,229.0,S005_O00793_P015,ORPHAN_ORDER_ID,2026-06-03T17:43:09.474Z,2026-06-03T17:43:09.474Z
20260603,2026-06-03T17:39:20.186841,897.0,O00797,P001,3,order_items_S005_20260603.json,S005,299.0,S005_O00797_P001,ORPHAN_ORDER_ID,2026-06-03T17:43:09.474Z,2026-06-03T17:43:09.474Z
20260603,2026-06-03T17:39:20.186841,297.0,O00797,P009,3,order_items_S005_20260603.json,S005,99.0,S005_O00797_P009,ORPHAN_ORDER_ID,2026-06-03T17:43:09.474Z,2026-06-03T17:43:09.474Z
20260603,2026-06-03T17:39:20.186841,507.0,O00797,P011,3,order_items_S005_20260603.json,S005,169.0,S005_O00797_P011,ORPHAN_ORDER_ID,2026-06-03T17:43:09.474Z,2026-06-03T17:43:09.474Z
20260603,2026-06-03T17:39:20.186841,598.0,O00800,P001,2,order_items_S005_20260603.json,S005,299.0,S005_O00800_P001,ORPHAN_ORDER_ID,2026-06-03T17:43:09.474Z,2026-06-03T17:43:09.474Z
20260603,2026-06-03T17:39:20.186841,798.0,O00800,P002,2,order_items_S005_20260603.json,S005,399.0,S005_O00800_P002,ORPHAN_ORDER_ID,2026-06-03T17:43:09.474Z,2026-06-03T17:43:09.474Z
20260603,2026-06-03T17:39:20.186841,129.0,O00800,P010,1,order_items_S005_20260603.json,S005,129.0,S005_O00800_P010,ORPHAN_ORDER_ID,2026-06-03T17:43:09.474Z,2026-06-03T17:43:09.474Z
20260603,2026-06-03T17:39:20.186841,180.0,O00802,P008,3,order_items_S005_20260603.json,S005,60.0,S005_O00802_P008,ORPHAN_ORDER_ID,2026-06-03T17:43:09.474Z,2026-06-03T17:43:09.474Z
20260603,2026-06-03T17:39:20.186841,897.0,O00806,P001,3,order_items_S005_20260603.json,S005,299.0,S005_O00806_P001,ORPHAN_ORDER_ID,2026-06-03T17:43:09.474Z,2026-06-03T17:43:09.474Z
20260603,2026-06-03T17:39:20.186841,747.0,O00806,P013,3,order_items_S005_20260603.json,S005,249.0,S005_O00806_P013,ORPHAN_ORDER_ID,2026-06-03T17:43:09.474Z,2026-06-03T17:43:09.474Z
20260603,2026-06-03T17:39:20.186841,199.0,O00809,P006,1,order_items_S005_20260603.json,S005,199.0,S005_O00809_P006,ORPHAN_ORDER_ID,2026-06-03T17:43:09.474Z,2026-06-03T17:43:09.474Z
20260603,2026-06-03T17:39:20.186841,179.0,O00809,P014,1,order_items_S005_20260603.json,S005,179.0,S005_O00809_P014,ORPHAN_ORDER_ID,2026-06-03T17:43:09.474Z,2026-06-03T17:43:09.474Z
20260603,2026-06-03T17:39:20.186841,798.0,O00812,P002,2,order_items_S005_20260603.json,S005,399.0,S005_O00812_P002,ORPHAN_ORDER_ID,2026-06-03T17:43:09.474Z,2026-06-03T17:43:09.474Z
20260603,2026-06-03T17:39:20.186841,998.0,O00812,P003,2,order_items_S005_20260603.json,S005,499.0,S005_O00812_P003,ORPHAN_ORDER_ID,2026-06-03T17:43:09.474Z,2026-06-03T17:43:09.474Z
20260603,2026-06-03T17:39:20.186841,178.0,O00812,P018,2,order_items_S005_20260603.json,S005,89.0,S005_O00812_P018,ORPHAN_ORDER_ID,2026-06-03T17:43:09.474Z,2026-06-03T17:43:09.474Z
20260603,2026-06-03T17:39:20.186841,398.0,O00813,P006,2,order_items_S005_20260603.json,S005,199.0,S005_O00813_P006,ORPHAN_ORDER_ID,2026-06-03T17:43:09.474Z,2026-06-03T17:43:09.474Z
20260603,2026-06-03T17:39:20.186841,507.0,O00813,P011,3,order_items_S005_20260603.json,S005,169.0,S005_O00813_P011,ORPHAN_ORDER_ID,2026-06-03T17:43:09.474Z,2026-06-03T17:43:09.474Z
20260603,2026-06-03T17:39:20.186841,199.0,O00816,P006,1,order_items_S005_20260603.json,S005,199.0,S005_O00816_P006,ORPHAN_ORDER_ID,2026-06-03T17:43:09.474Z,2026-06-03T17:43:09.474Z
20260603,2026-06-03T17:39:20.186841,358.0,O00816,P014,2,order_items_S005_20260603.json,S005,179.0,S005_O00816_P014,ORPHAN_ORDER_ID,2026-06-03T17:43:09.474Z,2026-06-03T17:43:09.474Z
20260603,2026-06-03T17:39:20.186841,60.0,O00818,P007,1,order_items_S005_20260603.json,S005,60.0,S005_O00818_P007,ORPHAN_ORDER_ID,2026-06-03T17:43:09.474Z,2026-06-03T17:43:09.474Z
20260603,2026-06-03T17:39:20.186841,747.0,O00818,P013,3,order_items_S005_20260603.json,S005,249.0,S005_O00818_P013,ORPHAN_ORDER_ID,2026-06-03T17:43:09.474Z,2026-06-03T17:43:09.474Z
20260603,2026-06-03T17:39:20.186841,198.0,O00824,P009,2,order_items_S005_20260603.json,S005,99.0,S005_O00824_P009,ORPHAN_ORDER_ID,2026-06-03T17:43:09.474Z,2026-06-03T17:43:09.474Z
20260603,2026-06-03T17:39:20.186841,49.0,O00824,P012,1,order_items_S005_20260603.json,S005,49.0,S005_O00824_P012,ORPHAN_ORDER_ID,2026-06-03T17:43:09.474Z,2026-06-03T17:43:09.474Z
20260603,2026-06-03T17:39:20.186841,299.0,O00825,P001,1,order_items_S005_20260603.json,S005,299.0,S005_O00825_P001,ORPHAN_ORDER_ID,2026-06-03T17:43:09.474Z,2026-06-03T17:43:09.474Z
20260603,2026-06-03T17:39:20.186841,199.0,O00825,P006,1,order_items_S005_20260603.json,S005,199.0,S005_O00825_P006,ORPHAN_ORDER_ID,2026-06-03T17:43:09.474Z,2026-06-03T17:43:09.474Z
20260603,2026-06-03T17:39:20.186841,60.0,O00826,P007,1,order_items_S005_20260603.json,S005,60.0,S005_O00826_P007,ORPHAN_ORDER_ID,2026-06-03T17:43:09.474Z,2026-06-03T17:43:09.474Z
20260603,2026-06-03T17:39:20.186841,199.0,O00826,P020,1,order_items_S005_20260603.json,S005,199.0,S005_O00826_P020,ORPHAN_ORDER_ID,2026-06-03T17:43:09.474Z,2026-06-03T17:43:09.474Z
20260603,2026-06-03T17:39:20.186841,149.0,O00829,P005,1,order_items_S005_20260603.json,S005,149.0,S005_O00829_P005,ORPHAN_ORDER_ID,2026-06-03T17:43:09.474Z,2026-06-03T17:43:09.474Z
20260603,2026-06-03T17:39:20.186841,120.0,O00829,P007,2,order_items_S005_20260603.json,S005,60.0,S005_O00829_P007,ORPHAN_ORDER_ID,2026-06-03T17:43:09.474Z,2026-06-03T17:43:09.474Z
20260603,2026-06-03T17:39:20.186841,99.0,O00829,P009,1,order_items_S005_20260603.json,S005,99.0,S005_O00829_P009,ORPHAN_ORDER_ID,2026-06-03T17:43:09.474Z,2026-06-03T17:43:09.474Z
20260603,2026-06-03T17:39:20.186841,399.0,O00836,P002,1,order_items_S005_20260603.json,S005,399.0,S005_O00836_P002,ORPHAN_ORDER_ID,2026-06-03T17:43:09.474Z,2026-06-03T17:43:09.474Z
20260603,2026-06-03T17:39:20.186841,447.0,O00836,P005,3,order_items_S005_20260603.json,S005,149.0,S005_O00836_P005,ORPHAN_ORDER_ID,2026-06-03T17:43:09.474Z,2026-06-03T17:43:09.474Z
20260603,2026-06-03T17:39:20.186841,897.0,O00837,P001,3,order_items_S005_20260603.json,S005,299.0,S005_O00837_P001,ORPHAN_ORDER_ID,2026-06-03T17:43:09.474Z,2026-06-03T17:43:09.474Z
20260603,2026-06-03T17:39:20.186841,1497.0,O00837,P003,3,order_items_S005_20260603.json,S005,499.0,S005_O00837_P003,ORPHAN_ORDER_ID,2026-06-03T17:43:09.474Z,2026-06-03T17:43:09.474Z
20260603,2026-06-03T17:39:20.186841,449.0,O00837,P004,1,order_items_S005_20260603.json,S005,449.0,S005_O00837_P004,ORPHAN_ORDER_ID,2026-06-03T17:43:09.474Z,2026-06-03T17:43:09.474Z
20260603,2026-06-03T17:39:20.186841,798.0,O00841,P002,2,order_items_S005_20260603.json,S005,399.0,S005_O00841_P002,ORPHAN_ORDER_ID,2026-06-03T17:43:09.474Z,2026-06-03T17:43:09.474Z
20260603,2026-06-03T17:39:20.186841,898.0,O00841,P004,2,order_items_S005_20260603.json,S005,449.0,S005_O00841_P004,ORPHAN_ORDER_ID,2026-06-03T17:43:09.474Z,2026-06-03T17:43:09.474Z
20260603,2026-06-03T17:39:20.186841,299.0,O00844,P001,1,order_items_S005_20260603.json,S005,299.0,S005_O00844_P001,ORPHAN_ORDER_ID,2026-06-03T17:43:09.474Z,2026-06-03T17:43:09.474Z
20260603,2026-06-03T17:39:20.186841,129.0,O00844,P010,1,order_items_S005_20260603.json,S005,129.0,S005_O00844_P010,ORPHAN_ORDER_ID,2026-06-03T17:43:09.474Z,2026-06-03T17:43:09.474Z
20260603,2026-06-03T17:39:20.186841,20.0,O00844,P019,1,order_items_S005_20260603.json,S005,20.0,S005_O00844_P019,ORPHAN_ORDER_ID,2026-06-03T17:43:09.474Z,2026-06-03T17:43:09.474Z
20260603,2026-06-03T17:39:20.186841,897.0,O00857,P001,3,order_items_S005_20260603.json,S005,299.0,S005_O00857_P001,ORPHAN_ORDER_ID,2026-06-03T17:43:09.474Z,2026-06-03T17:43:09.474Z
20260603,2026-06-03T17:39:20.186841,180.0,O00857,P008,3,order_items_S005_20260603.json,S005,60.0,S005_O00857_P008,ORPHAN_ORDER_ID,2026-06-03T17:43:09.474Z,2026-06-03T17:43:09.474Z
20260603,2026-06-03T17:39:20.186841,338.0,O00857,P011,2,order_items_S005_20260603.json,S005,169.0,S005_O00857_P011,ORPHAN_ORDER_ID,2026-06-03T17:43:09.474Z,2026-06-03T17:43:09.474Z
20260603,2026-06-03T17:39:20.186841,199.0,O00859,P006,1,order_items_S005_20260603.json,S005,199.0,S005_O00859_P006,ORPHAN_ORDER_ID,2026-06-03T17:43:09.474Z,2026-06-03T17:43:09.474Z
20260603,2026-06-03T17:39:20.186841,60.0,O00859,P007,1,order_items_S005_20260603.json,S005,60.0,S005_O00859_P007,ORPHAN_ORDER_ID,2026-06-03T17:43:09.474Z,2026-06-03T17:43:09.474Z
20260603,2026-06-03T17:39:20.186841,120.0,O00859,P008,2,order_items_S005_20260603.json,S005,60.0,S005_O00859_P008,ORPHAN_ORDER_ID,2026-06-03T17:43:09.474Z,2026-06-03T17:43:09.474Z
20260603,2026-06-03T17:39:20.186841,1197.0,O00863,P002,3,order_items_S005_20260603.json,S005,399.0,S005_O00863_P002,ORPHAN_ORDER_ID,2026-06-03T17:43:09.474Z,2026-06-03T17:43:09.474Z
20260603,2026-06-03T17:39:20.186841,598.0,O00865,P001,2,order_items_S005_20260603.json,S005,299.0,S005_O00865_P001,ORPHAN_ORDER_ID,2026-06-03T17:43:09.474Z,2026-06-03T17:43:09.474Z
20260603,2026-06-03T17:39:20.186841,398.0,O00865,P006,2,order_items_S005_20260603.json,S005,199.0,S005_O00865_P006,ORPHAN_ORDER_ID,2026-06-03T17:43:09.474Z,2026-06-03T17:43:09.474Z
20260603,2026-06-03T17:39:20.186841,258.0,O00865,P010,2,order_items_S005_20260603.json,S005,129.0,S005_O00865_P010,ORPHAN_ORDER_ID,2026-06-03T17:43:09.474Z,2026-06-03T17:43:09.474Z
20260603,2026-06-03T17:39:20.186841,298.0,O00867,P005,2,order_items_S005_20260603.json,S005,149.0,S005_O00867_P005,ORPHAN_ORDER_ID,2026-06-03T17:43:09.474Z,2026-06-03T17:43:09.474Z
20260603,2026-06-03T17:39:20.186841,387.0,O00867,P010,3,order_items_S005_20260603.json,S005,129.0,S005_O00867_P010,ORPHAN_ORDER_ID,2026-06-03T17:43:09.474Z,2026-06-03T17:43:09.474Z
20260603,2026-06-03T17:39:20.186841,507.0,O00867,P011,3,order_items_S005_20260603.json,S005,169.0,S005_O00867_P011,ORPHAN_ORDER_ID,2026-06-03T17:43:09.474Z,2026-06-03T17:43:09.474Z
20260603,2026-06-03T17:39:20.186841,598.0,O00868,P001,2,order_items_S005_20260603.json,S005,299.0,S005_O00868_P001,ORPHAN_ORDER_ID,2026-06-03T17:43:09.474Z,2026-06-03T17:43:09.474Z
20260603,2026-06-03T17:39:20.186841,298.0,O00868,P005,2,order_items_S005_20260603.json,S005,149.0,S005_O00868_P005,ORPHAN_ORDER_ID,2026-06-03T17:43:09.474Z,2026-06-03T17:43:09.474Z
20260603,2026-06-03T17:39:20.186841,60.0,O00868,P007,1,order_items_S005_20260603.json,S005,60.0,S005_O00868_P007,ORPHAN_ORDER_ID,2026-06-03T17:43:09.474Z,2026-06-03T17:43:09.474Z
20260603,2026-06-03T17:39:20.186841,897.0,O00874,P001,3,order_items_S005_20260603.json,S005,299.0,S005_O00874_P001,ORPHAN_ORDER_ID,2026-06-03T17:43:09.474Z,2026-06-03T17:43:09.474Z
20260603,2026-06-03T17:39:20.186841,1197.0,O00874,P002,3,order_items_S005_20260603.json,S005,399.0,S005_O00874_P002,ORPHAN_ORDER_ID,2026-06-03T17:43:09.474Z,2026-06-03T17:43:09.474Z
20260603,2026-06-03T17:39:20.186841,747.0,O00874,P013,3,order_items_S005_20260603.json,S005,249.0,S005_O00874_P013,ORPHAN_ORDER_ID,2026-06-03T17:43:09.474Z,2026-06-03T17:43:09.474Z
20260603,2026-06-03T17:39:20.186841,399.0,O00875,P002,1,order_items_S005_20260603.json,S005,399.0,S005_O00875_P002,ORPHAN_ORDER_ID,2026-06-03T17:43:09.474Z,2026-06-03T17:43:09.474Z
20260603,2026-06-03T17:39:20.186841,60.0,O00875,P007,1,order_items_S005_20260603.json,S005,60.0,S005_O00875_P007,ORPHAN_ORDER_ID,2026-06-03T17:43:09.474Z,2026-06-03T17:43:09.474Z
20260603,2026-06-03T17:39:20.186841,598.0,O00880,P001,2,order_items_S005_20260603.json,S005,299.0,S005_O00880_P001,ORPHAN_ORDER_ID,2026-06-03T17:43:09.474Z,2026-06-03T17:43:09.474Z
20260603,2026-06-03T17:39:20.186841,449.0,O00880,P004,1,order_items_S005_20260603.json,S005,449.0,S005_O00880_P004,ORPHAN_ORDER_ID,2026-06-03T17:43:09.474Z,2026-06-03T17:43:09.474Z
20260603,2026-06-03T17:39:20.186841,129.0,O00885,P010,1,order_items_S005_20260603.json,S005,129.0,S005_O00885_P010,ORPHAN_ORDER_ID,2026-06-03T17:43:09.474Z,2026-06-03T17:43:09.474Z
20260603,2026-06-03T17:39:20.186841,798.0,O00886,P002,2,order_items_S005_20260603.json,S005,399.0,S005_O00886_P002,ORPHAN_ORDER_ID,2026-06-03T17:43:09.474Z,2026-06-03T17:43:09.474Z
20260603,2026-06-03T17:39:20.186841,458.0,O00886,P015,2,order_items_S005_20260603.json,S005,229.0,S005_O00886_P015,ORPHAN_ORDER_ID,2026-06-03T17:43:09.474Z,2026-06-03T17:43:09.474Z
20260603,2026-06-03T17:38:57.867061,299.0,O00019,P001,1,order_items_S006_20260603.json,S006,299.0,S006_O00019_P001,ORPHAN_ORDER_ID,2026-06-03T17:43:09.474Z,2026-06-03T17:43:09.474Z
20260603,2026-06-03T17:38:57.867061,398.0,O00023,P006,2,order_items_S006_20260603.json,S006,199.0,S006_O00023_P006,ORPHAN_ORDER_ID,2026-06-03T17:43:09.474Z,2026-06-03T17:43:09.474Z
20260603,2026-06-03T17:38:57.867061,747.0,O00039,P013,3,order_items_S006_20260603.json,S006,249.0,S006_O00039_P013,ORPHAN_ORDER_ID,2026-06-03T17:43:09.474Z,2026-06-03T17:43:09.474Z
20260603,2026-06-03T17:38:57.867061,60.0,O00046,P007,1,order_items_S006_20260603.json,S006,60.0,S006_O00046_P007,ORPHAN_ORDER_ID,2026-06-03T17:43:09.474Z,2026-06-03T17:43:09.474Z
20260603,2026-06-03T17:38:57.867061,129.0,O00046,P010,1,order_items_S006_20260603.json,S006,129.0,S006_O00046_P010,ORPHAN_ORDER_ID,2026-06-03T17:43:09.474Z,2026-06-03T17:43:09.474Z
20260603,2026-06-03T17:38:57.867061,498.0,O00046,P013,2,order_items_S006_20260603.json,S006,249.0,S006_O00046_P013,ORPHAN_ORDER_ID,2026-06-03T17:43:09.474Z,2026-06-03T17:43:09.474Z
20260603,2026-06-03T17:38:57.867061,598.0,O00049,P001,2,order_items_S006_20260603.json,S006,299.0,S006_O00049_P001,ORPHAN_ORDER_ID,2026-06-03T17:43:09.474Z,2026-06-03T17:43:09.474Z
20260603,2026-06-03T17:38:57.867061,298.0,O00049,P005,2,order_items_S006_20260603.json,S006,149.0,S006_O00049_P005,ORPHAN_ORDER_ID,2026-06-03T17:43:09.474Z,2026-06-03T17:43:09.474Z
20260603,2026-06-03T17:38:57.867061,129.0,O00049,P010,1,order_items_S006_20260603.json,S006,129.0,S006_O00049_P010,ORPHAN_ORDER_ID,2026-06-03T17:43:09.474Z,2026-06-03T17:43:09.474Z
20260603,2026-06-03T17:38:57.867061,598.0,O00050,P001,2,order_items_S006_20260603.json,S006,299.0,S006_O00050_P001,ORPHAN_ORDER_ID,2026-06-03T17:43:09.474Z,2026-06-03T17:43:09.474Z
20260603,2026-06-03T17:38:57.867061,798.0,O00050,P002,2,order_items_S006_20260603.json,S006,399.0,S006_O00050_P002,ORPHAN_ORDER_ID,2026-06-03T17:43:09.474Z,2026-06-03T17:43:09.474Z
20260603,2026-06-03T17:38:57.867061,180.0,O00050,P007,3,order_items_S006_20260603.json,S006,60.0,S006_O00050_P007,ORPHAN_ORDER_ID,2026-06-03T17:43:09.474Z,2026-06-03T17:43:09.474Z
20260603,2026-06-03T17:38:57.867061,398.0,O00050,P020,2,order_items_S006_20260603.json,S006,199.0,S006_O00050_P020,ORPHAN_ORDER_ID,2026-06-03T17:43:09.474Z,2026-06-03T17:43:09.474Z
20260603,2026-06-03T17:38:57.867061,1197.0,O00052,P002,3,order_items_S006_20260603.json,S006,399.0,S006_O00052_P002,ORPHAN_ORDER_ID,2026-06-03T17:43:09.474Z,2026-06-03T17:43:09.474Z
20260603,2026-06-03T17:38:57.867061,537.0,O00052,P014,3,order_items_S006_20260603.json,S006,179.0,S006_O00052_P014,ORPHAN_ORDER_ID,2026-06-03T17:43:09.474Z,2026-06-03T17:43:09.474Z
20260603,2026-06-03T17:38:57.867061,299.0,O00060,P001,1,order_items_S006_20260603.json,S006,299.0,S006_O00060_P001,ORPHAN_ORDER_ID,2026-06-03T17:43:09.474Z,2026-06-03T17:43:09.474Z
20260603,2026-06-03T17:38:57.867061,180.0,O00060,P007,3,order_items_S006_20260603.json,S006,60.0,S006_O00060_P007,ORPHAN_ORDER_ID,2026-06-03T17:43:09.474Z,2026-06-03T17:43:09.474Z
20260603,2026-06-03T17:38:57.867061,60.0,O00060,P019,3,order_items_S006_20260603.json,S006,20.0,S006_O00060_P019,ORPHAN_ORDER_ID,2026-06-03T17:43:09.474Z,2026-06-03T17:43:09.474Z
20260603,2026-06-03T17:38:57.867061,499.0,O00108,P003,1,order_items_S006_20260603.json,S006,499.0,S006_O00108_P003,ORPHAN_ORDER_ID,2026-06-03T17:43:09.474Z,2026-06-03T17:43:09.474Z
20260603,2026-06-03T17:38:57.867061,537.0,O00108,P014,3,order_items_S006_20260603.json,S006,179.0,S006_O00108_P014,ORPHAN_ORDER_ID,2026-06-03T17:43:09.474Z,2026-06-03T17:43:09.474Z
20260603,2026-06-03T17:38:57.867061,897.0,O00112,P001,3,order_items_S006_20260603.json,S006,299.0,S006_O00112_P001,ORPHAN_ORDER_ID,2026-06-03T17:43:09.474Z,2026-06-03T17:43:09.474Z
20260603,2026-06-03T17:38:57.867061,249.0,O00112,P013,1,order_items_S006_20260603.json,S006,249.0,S006_O00112_P013,ORPHAN_ORDER_ID,2026-06-03T17:43:09.474Z,2026-06-03T17:43:09.474Z
20260603,2026-06-03T17:38:57.867061,298.0,O00117,P017,2,order_items_S006_20260603.json,S006,149.0,S006_O00117_P017,ORPHAN_ORDER_ID,2026-06-03T17:43:09.474Z,2026-06-03T17:43:09.474Z
20260603,2026-06-03T17:38:57.867061,299.0,O00130,P001,1,order_items_S006_20260603.json,S006,299.0,S006_O00130_P001,ORPHAN_ORDER_ID,2026-06-03T17:43:09.474Z,2026-06-03T17:43:09.474Z
20260603,2026-06-03T17:38:57.867061,387.0,O00130,P010,3,order_items_S006_20260603.json,S006,129.0,S006_O00130_P010,ORPHAN_ORDER_ID,2026-06-03T17:43:09.474Z,2026-06-03T17:43:09.474Z
20260603,2026-06-03T17:38:57.867061,498.0,O00137,P013,2,order_items_S006_20260603.json,S006,249.0,S006_O00137_P013,ORPHAN_ORDER_ID,2026-06-03T17:43:09.474Z,2026-06-03T17:43:09.474Z
20260603,2026-06-03T17:38:57.867061,89.0,O00137,P018,1,order_items_S006_20260603.json,S006,89.0,S006_O00137_P018,ORPHAN_ORDER_ID,2026-06-03T17:43:09.474Z,2026-06-03T17:43:09.474Z
20260603,2026-06-03T17:38:57.867061,507.0,O00205,P011,3,order_items_S006_20260603.json,S006,169.0,S006_O00205_P011,ORPHAN_ORDER_ID,2026-06-03T17:43:09.474Z,2026-06-03T17:43:09.474Z
20260603,2026-06-03T17:38:57.867061,49.0,O00205,P012,1,order_items_S006_20260603.json,S006,49.0,S006_O00205_P012,ORPHAN_ORDER_ID,2026-06-03T17:43:09.474Z,2026-06-03T17:43:09.474Z
20260603,2026-06-03T17:38:57.867061,60.0,O00210,P007,1,order_items_S006_20260603.json,S006,60.0,S006_O00210_P007,ORPHAN_ORDER_ID,2026-06-03T17:43:09.474Z,2026-06-03T17:43:09.474Z
20260603,2026-06-03T17:38:57.867061,60.0,O00210,P008,1,order_items_S006_20260603.json,S006,60.0,S006_O00210_P008,ORPHAN_ORDER_ID,2026-06-03T17:43:09.474Z,2026-06-03T17:43:09.474Z
20260603,2026-06-03T17:38:57.867061,598.0,O00227,P001,2,order_items_S006_20260603.json,S006,299.0,S006_O00227_P001,ORPHAN_ORDER_ID,2026-06-03T17:43:09.474Z,2026-06-03T17:43:09.474Z
20260603,2026-06-03T17:38:57.867061,499.0,O00227,P003,1,order_items_S006_20260603.json,S006,499.0,S006_O00227_P003,ORPHAN_ORDER_ID,2026-06-03T17:43:09.474Z,2026-06-03T17:43:09.474Z
20260603,2026-06-03T17:38:57.867061,178.0,O00227,P018,2,order_items_S006_20260603.json,S006,89.0,S006_O00227_P018,ORPHAN_ORDER_ID,2026-06-03T17:43:09.474Z,2026-06-03T17:43:09.474Z
20260603,2026-06-03T17:38:57.867061,49.0,O00229,P012,1,order_items_S006_20260603.json,S006,49.0,S006_O00229_P012,ORPHAN_ORDER_ID,2026-06-03T17:43:09.474Z,2026-06-03T17:43:09.474Z
20260603,2026-06-03T17:38:57.867061,897.0,O00238,P001,3,order_items_S006_20260603.json,S006,299.0,S006_O00238_P001,ORPHAN_ORDER_ID,2026-06-03T17:43:09.474Z,2026-06-03T17:43:09.474Z
20260603,2026-06-03T17:38:57.867061,398.0,O00238,P006,2,order_items_S006_20260603.json,S006,199.0,S006_O00238_P006,ORPHAN_ORDER_ID,2026-06-03T17:43:09.474Z,2026-06-03T17:43:09.474Z
20260603,2026-06-03T17:38:57.867061,897.0,O00238,P016,3,order_items_S006_20260603.json,S006,299.0,S006_O00238_P016,ORPHAN_ORDER_ID,2026-06-03T17:43:09.474Z,2026-06-03T17:43:09.474Z
20260603,2026-06-03T17:38:57.867061,897.0,O00256,P001,3,order_items_S006_20260603.json,S006,299.0,S006_O00256_P001,ORPHAN_ORDER_ID,2026-06-03T17:43:09.474Z,2026-06-03T17:43:09.474Z
20260603,2026-06-03T17:38:57.867061,449.0,O00256,P004,1,order_items_S006_20260603.json,S006,449.0,S006_O00256_P004,ORPHAN_ORDER_ID,2026-06-03T17:43:09.474Z,2026-06-03T17:43:09.474Z
20260603,2026-06-03T17:38:57.867061,198.0,O00256,P009,2,order_items_S006_20260603.json,S006,99.0,S006_O00256_P009,ORPHAN_ORDER_ID,2026-06-03T17:43:09.474Z,2026-06-03T17:43:09.474Z
20260603,2026-06-03T17:38:57.867061,49.0,O00256,P012,1,order_items_S006_20260603.json,S006,49.0,S006_O00256_P012,ORPHAN_ORDER_ID,2026-06-03T17:43:09.474Z,2026-06-03T17:43:09.474Z
20260603,2026-06-03T17:38:57.867061,449.0,O00275,P004,1,order_items_S006_20260603.json,S006,449.0,S006_O00275_P004,ORPHAN_ORDER_ID,2026-06-03T17:43:09.474Z,2026-06-03T17:43:09.474Z
20260603,2026-06-03T17:38:57.867061,298.0,O00275,P005,2,order_items_S006_20260603.json,S006,149.0,S006_O00275_P005,ORPHAN_ORDER_ID,2026-06-03T17:43:09.474Z,2026-06-03T17:43:09.474Z
20260603,2026-06-03T17:38:57.867061,398.0,O00275,P020,2,order_items_S006_20260603.json,S006,199.0,S006_O00275_P020,ORPHAN_ORDER_ID,2026-06-03T17:43:09.474Z,2026-06-03T17:43:09.474Z
20260603,2026-06-03T17:38:57.867061,798.0,O00277,P002,2,order_items_S006_20260603.json,S006,399.0,S006_O00277_P002,ORPHAN_ORDER_ID,2026-06-03T17:43:09.474Z,2026-06-03T17:43:09.474Z
20260603,2026-06-03T17:38:57.867061,1347.0,O00277,P004,3,order_items_S006_20260603.json,S006,449.0,S006_O00277_P004,ORPHAN_ORDER_ID,2026-06-03T17:43:09.474Z,2026-06-03T17:43:09.474Z
20260603,2026-06-03T17:38:57.867061,120.0,O00283,P007,2,order_items_S006_20260603.json,S006,60.0,S006_O00283_P007,ORPHAN_ORDER_ID,2026-06-03T17:43:09.474Z,2026-06-03T17:43:09.474Z
20260603,2026-06-03T17:38:57.867061,99.0,O00283,P009,1,order_items_S006_20260603.json,S006,99.0,S006_O00283_P009,ORPHAN_ORDER_ID,2026-06-03T17:43:09.474Z,2026-06-03T17:43:09.474Z
20260603,2026-06-03T17:38:57.867061,60.0,O00292,P008,1,order_items_S006_20260603.json,S006,60.0,S006_O00292_P008,ORPHAN_ORDER_ID,2026-06-03T17:43:09.474Z,2026-06-03T17:43:09.474Z
20260603,2026-06-03T17:38:57.867061,120.0,O00299,P008,2,order_items_S006_20260603.json,S006,60.0,S006_O00299_P008,ORPHAN_ORDER_ID,2026-06-03T17:43:09.474Z,2026-06-03T17:43:09.474Z
20260603,2026-06-03T17:38:57.867061,338.0,O00299,P011,2,order_items_S006_20260603.json,S006,169.0,S006_O00299_P011,ORPHAN_ORDER_ID,2026-06-03T17:43:09.474Z,2026-06-03T17:43:09.474Z
20260603,2026-06-03T17:38:57.867061,1347.0,O00321,P004,3,order_items_S006_20260603.json,S006,449.0,S006_O00321_P004,ORPHAN_ORDER_ID,2026-06-03T17:43:09.474Z,2026-06-03T17:43:09.474Z
20260603,2026-06-03T17:38:57.867061,747.0,O00321,P013,3,order_items_S006_20260603.json,S006,249.0,S006_O00321_P013,ORPHAN_ORDER_ID,2026-06-03T17:43:09.474Z,2026-06-03T17:43:09.474Z
20260603,2026-06-03T17:38:57.867061,897.0,O00331,P001,3,order_items_S006_20260603.json,S006,299.0,S006_O00331_P001,ORPHAN_ORDER_ID,2026-06-03T17:43:09.474Z,2026-06-03T17:43:09.474Z
20260603,2026-06-03T17:38:57.867061,798.0,O00331,P002,2,order_items_S006_20260603.json,S006,399.0,S006_O00331_P002,ORPHAN_ORDER_ID,2026-06-03T17:43:09.474Z,2026-06-03T17:43:09.474Z
20260603,2026-06-03T17:38:57.867061,499.0,O00331,P003,1,order_items_S006_20260603.json,S006,499.0,S006_O00331_P003,ORPHAN_ORDER_ID,2026-06-03T17:43:09.474Z,2026-06-03T17:43:09.474Z
20260603,2026-06-03T17:38:57.867061,299.0,O00334,P001,1,order_items_S006_20260603.json,S006,299.0,S006_O00334_P001,ORPHAN_ORDER_ID,2026-06-03T17:43:09.474Z,2026-06-03T17:43:09.474Z
20260603,2026-06-03T17:38:57.867061,298.0,O00334,P005,2,order_items_S006_20260603.json,S006,149.0,S006_O00334_P005,ORPHAN_ORDER_ID,2026-06-03T17:43:09.474Z,2026-06-03T17:43:09.474Z
20260603,2026-06-03T17:38:57.867061,449.0,O00339,P004,1,order_items_S006_20260603.json,S006,449.0,S006_O00339_P004,ORPHAN_ORDER_ID,2026-06-03T17:43:09.474Z,2026-06-03T17:43:09.474Z
20260603,2026-06-03T17:38:57.867061,298.0,O00339,P005,2,order_items_S006_20260603.json,S006,149.0,S006_O00339_P005,ORPHAN_ORDER_ID,2026-06-03T17:43:09.474Z,2026-06-03T17:43:09.474Z
20260603,2026-06-03T17:38:57.867061,449.0,O00351,P004,1,order_items_S006_20260603.json,S006,449.0,S006_O00351_P004,ORPHAN_ORDER_ID,2026-06-03T17:43:09.474Z,2026-06-03T17:43:09.474Z
20260603,2026-06-03T17:38:57.867061,40.0,O00351,P019,2,order_items_S006_20260603.json,S006,20.0,S006_O00351_P019,ORPHAN_ORDER_ID,2026-06-03T17:43:09.474Z,2026-06-03T17:43:09.474Z
20260603,2026-06-03T17:38:57.867061,1497.0,O00366,P003,3,order_items_S006_20260603.json,S006,499.0,S006_O00366_P003,ORPHAN_ORDER_ID,2026-06-03T17:43:09.474Z,2026-06-03T17:43:09.474Z
20260603,2026-06-03T17:38:57.867061,60.0,O00366,P007,1,order_items_S006_20260603.json,S006,60.0,S006_O00366_P007,ORPHAN_ORDER_ID,2026-06-03T17:43:09.474Z,2026-06-03T17:43:09.474Z
20260603,2026-06-03T17:38:57.867061,687.0,O00386,P015,3,order_items_S006_20260603.json,S006,229.0,S006_O00386_P015,ORPHAN_ORDER_ID,2026-06-03T17:43:09.474Z,2026-06-03T17:43:09.474Z
20260603,2026-06-03T17:38:57.867061,598.0,O00395,P001,2,order_items_S006_20260603.json,S006,299.0,S006_O00395_P001,ORPHAN_ORDER_ID,2026-06-03T17:43:09.474Z,2026-06-03T17:43:09.474Z
20260603,2026-06-03T17:38:57.867061,299.0,O00443,P001,1,order_items_S006_20260603.json,S006,299.0,S006_O00443_P001,ORPHAN_ORDER_ID,2026-06-03T17:43:09.474Z,2026-06-03T17:43:09.474Z
20260603,2026-06-03T17:38:57.867061,499.0,O00443,P003,1,order_items_S006_20260603.json,S006,499.0,S006_O00443_P003,ORPHAN_ORDER_ID,2026-06-03T17:43:09.474Z,2026-06-03T17:43:09.474Z
20260603,2026-06-03T17:38:57.867061,60.0,O00451,P007,1,order_items_S006_20260603.json,S006,60.0,S006_O00451_P007,ORPHAN_ORDER_ID,2026-06-03T17:43:09.474Z,2026-06-03T17:43:09.474Z
20260603,2026-06-03T17:38:57.867061,199.0,O00451,P020,1,order_items_S006_20260603.json,S006,199.0,S006_O00451_P020,ORPHAN_ORDER_ID,2026-06-03T17:43:09.474Z,2026-06-03T17:43:09.474Z
20260603,2026-06-03T17:38:57.867061,1347.0,O00465,P004,3,order_items_S006_20260603.json,S006,449.0,S006_O00465_P004,ORPHAN_ORDER_ID,2026-06-03T17:43:09.474Z,2026-06-03T17:43:09.474Z
20260603,2026-06-03T17:38:57.867061,120.0,O00465,P007,2,order_items_S006_20260603.json,S006,60.0,S006_O00465_P007,ORPHAN_ORDER_ID,2026-06-03T17:43:09.474Z,2026-06-03T17:43:09.474Z
20260603,2026-06-03T17:38:57.867061,267.0,O00465,P018,3,order_items_S006_20260603.json,S006,89.0,S006_O00465_P018,ORPHAN_ORDER_ID,2026-06-03T17:43:09.474Z,2026-06-03T17:43:09.474Z
20260603,2026-06-03T17:38:57.867061,399.0,O00466,P002,1,order_items_S006_20260603.json,S006,399.0,S006_O00466_P002,ORPHAN_ORDER_ID,2026-06-03T17:43:09.474Z,2026-06-03T17:43:09.474Z
20260603,2026-06-03T17:38:57.867061,178.0,O00466,P018,2,order_items_S006_20260603.json,S006,89.0,S006_O00466_P018,ORPHAN_ORDER_ID,2026-06-03T17:43:09.474Z,2026-06-03T17:43:09.474Z
20260603,2026-06-03T17:38:57.867061,897.0,O00470,P001,3,order_items_S006_20260603.json,S006,299.0,S006_O00470_P001,ORPHAN_ORDER_ID,2026-06-03T17:43:09.474Z,2026-06-03T17:43:09.474Z
20260603,2026-06-03T17:38:57.867061,499.0,O00470,P003,1,order_items_S006_20260603.json,S006,499.0,S006_O00470_P003,ORPHAN_ORDER_ID,2026-06-03T17:43:09.474Z,2026-06-03T17:43:09.474Z
20260603,2026-06-03T17:38:57.867061,898.0,O00470,P004,2,order_items_S006_20260603.json,S006,449.0,S006_O00470_P004,ORPHAN_ORDER_ID,2026-06-03T17:43:09.474Z,2026-06-03T17:43:09.474Z
20260603,2026-06-03T17:38:57.867061,598.0,O00474,P001,2,order_items_S006_20260603.json,S006,299.0,S006_O00474_P001,ORPHAN_ORDER_ID,2026-06-03T17:43:09.474Z,2026-06-03T17:43:09.474Z
20260603,2026-06-03T17:38:57.867061,258.0,O00474,P010,2,order_items_S006_20260603.json,S006,129.0,S006_O00474_P010,ORPHAN_ORDER_ID,2026-06-03T17:43:09.474Z,2026-06-03T17:43:09.474Z
20260603,2026-06-03T17:38:57.867061,120.0,O00475,P007,2,order_items_S006_20260603.json,S006,60.0,S006_O00475_P007,ORPHAN_ORDER_ID,2026-06-03T17:43:09.474Z,2026-06-03T17:43:09.474Z
20260603,2026-06-03T17:38:57.867061,598.0,O00479,P001,2,order_items_S006_20260603.json,S006,299.0,S006_O00479_P001,ORPHAN_ORDER_ID,2026-06-03T17:43:09.474Z,2026-06-03T17:43:09.474Z
20260603,2026-06-03T17:38:57.867061,120.0,O00479,P007,2,order_items_S006_20260603.json,S006,60.0,S006_O00479_P007,ORPHAN_ORDER_ID,2026-06-03T17:43:09.474Z,2026-06-03T17:43:09.474Z
20260603,2026-06-03T17:38:57.867061,897.0,O00486,P001,3,order_items_S006_20260603.json,S006,299.0,S006_O00486_P001,ORPHAN_ORDER_ID,2026-06-03T17:43:09.474Z,2026-06-03T17:43:09.474Z
20260603,2026-06-03T17:38:57.867061,1347.0,O00486,P004,3,order_items_S006_20260603.json,S006,449.0,S006_O00486_P004,ORPHAN_ORDER_ID,2026-06-03T17:43:09.474Z,2026-06-03T17:43:09.474Z
20260603,2026-06-03T17:38:57.867061,298.0,O00486,P005,2,order_items_S006_20260603.json,S006,149.0,S006_O00486_P005,ORPHAN_ORDER_ID,2026-06-03T17:43:09.474Z,2026-06-03T17:43:09.474Z
20260603,2026-06-03T17:38:57.867061,180.0,O00486,P007,3,order_items_S006_20260603.json,S006,60.0,S006_O00486_P007,ORPHAN_ORDER_ID,2026-06-03T17:43:09.474Z,2026-06-03T17:43:09.474Z
20260603,2026-06-03T17:38:57.867061,598.0,O00495,P001,2,order_items_S006_20260603.json,S006,299.0,S006_O00495_P001,ORPHAN_ORDER_ID,2026-06-03T17:43:09.474Z,2026-06-03T17:43:09.474Z
20260603,2026-06-03T17:38:57.867061,1497.0,O00495,P003,3,order_items_S006_20260603.json,S006,499.0,S006_O00495_P003,ORPHAN_ORDER_ID,2026-06-03T17:43:09.474Z,2026-06-03T17:43:09.474Z
20260603,2026-06-03T17:38:57.867061,180.0,O00495,P007,3,order_items_S006_20260603.json,S006,60.0,S006_O00495_P007,ORPHAN_ORDER_ID,2026-06-03T17:43:09.474Z,2026-06-03T17:43:09.474Z
20260603,2026-06-03T17:38:57.867061,1497.0,O00516,P003,3,order_items_S006_20260603.json,S006,499.0,S006_O00516_P003,ORPHAN_ORDER_ID,2026-06-03T17:43:09.474Z,2026-06-03T17:43:09.474Z
20260603,2026-06-03T17:38:57.867061,1347.0,O00516,P004,3,order_items_S006_20260603.json,S006,449.0,S006_O00516_P004,ORPHAN_ORDER_ID,2026-06-03T17:43:09.474Z,2026-06-03T17:43:09.474Z
20260603,2026-06-03T17:38:57.867061,358.0,O00530,P014,2,order_items_S006_20260603.json,S006,179.0,S006_O00530_P014,ORPHAN_ORDER_ID,2026-06-03T17:43:09.474Z,2026-06-03T17:43:09.474Z
20260603,2026-06-03T17:38:57.867061,398.0,O00530,P020,2,order_items_S006_20260603.json,S006,199.0,S006_O00530_P020,ORPHAN_ORDER_ID,2026-06-03T17:43:09.474Z,2026-06-03T17:43:09.474Z
20260603,2026-06-03T17:38:57.867061,449.0,O00538,P004,1,order_items_S006_20260603.json,S006,449.0,S006_O00538_P004,ORPHAN_ORDER_ID,2026-06-03T17:43:09.474Z,2026-06-03T17:43:09.474Z
20260603,2026-06-03T17:38:57.867061,180.0,O00538,P007,3,order_items_S006_20260603.json,S006,60.0,S006_O00538_P007,ORPHAN_ORDER_ID,2026-06-03T17:43:09.474Z,2026-06-03T17:43:09.474Z
20260603,2026-06-03T17:38:57.867061,98.0,O00538,P012,2,order_items_S006_20260603.json,S006,49.0,S006_O00538_P012,ORPHAN_ORDER_ID,2026-06-03T17:43:09.474Z,2026-06-03T17:43:09.474Z
20260603,2026-06-03T17:38:57.867061,598.0,O00539,P001,2,order_items_S006_20260603.json,S006,299.0,S006_O00539_P001,ORPHAN_ORDER_ID,2026-06-03T17:43:09.474Z,2026-06-03T17:43:09.474Z
20260603,2026-06-03T17:38:57.867061,499.0,O00539,P003,1,order_items_S006_20260603.json,S006,499.0,S006_O00539_P003,ORPHAN_ORDER_ID,2026-06-03T17:43:09.474Z,2026-06-03T17:43:09.474Z
20260603,2026-06-03T17:38:57.867061,1347.0,O00539,P004,3,order_items_S006_20260603.json,S006,449.0,S006_O00539_P004,ORPHAN_ORDER_ID,2026-06-03T17:43:09.474Z,2026-06-03T17:43:09.474Z
20260603,2026-06-03T17:38:57.867061,249.0,O00539,P013,1,order_items_S006_20260603.json,S006,249.0,S006_O00539_P013,ORPHAN_ORDER_ID,2026-06-03T17:43:09.474Z,2026-06-03T17:43:09.474Z
20260603,2026-06-03T17:38:57.867061,298.0,O00540,P005,2,order_items_S006_20260603.json,S006,149.0,S006_O00540_P005,ORPHAN_ORDER_ID,2026-06-03T17:43:09.474Z,2026-06-03T17:43:09.474Z
20260603,2026-06-03T17:38:57.867061,747.0,O00540,P013,3,order_items_S006_20260603.json,S006,249.0,S006_O00540_P013,ORPHAN_ORDER_ID,2026-06-03T17:43:09.474Z,2026-06-03T17:43:09.474Z
20260603,2026-06-03T17:38:57.867061,299.0,O00542,P001,1,order_items_S006_20260603.json,S006,299.0,S006_O00542_P001,ORPHAN_ORDER_ID,2026-06-03T17:43:09.474Z,2026-06-03T17:43:09.474Z
20260603,2026-06-03T17:38:57.867061,507.0,O00572,P011,3,order_items_S006_20260603.json,S006,169.0,S006_O00572_P011,ORPHAN_ORDER_ID,2026-06-03T17:43:09.474Z,2026-06-03T17:43:09.474Z
20260603,2026-06-03T17:38:57.867061,98.0,O00572,P012,2,order_items_S006_20260603.json,S006,49.0,S006_O00572_P012,ORPHAN_ORDER_ID,2026-06-03T17:43:09.474Z,2026-06-03T17:43:09.474Z
20260603,2026-06-03T17:38:57.867061,1497.0,O00589,P003,3,order_items_S006_20260603.json,S006,499.0,S006_O00589_P003,ORPHAN_ORDER_ID,2026-06-03T17:43:09.474Z,2026-06-03T17:43:09.474Z
20260603,2026-06-03T17:38:57.867061,120.0,O00589,P008,2,order_items_S006_20260603.json,S006,60.0,S006_O00589_P008,ORPHAN_ORDER_ID,2026-06-03T17:43:09.474Z,2026-06-03T17:43:09.474Z
20260603,2026-06-03T17:38:57.867061,98.0,O00589,P012,2,order_items_S006_20260603.json,S006,49.0,S006_O00589_P012,ORPHAN_ORDER_ID,2026-06-03T17:43:09.474Z,2026-06-03T17:43:09.474Z
20260603,2026-06-03T17:38:57.867061,798.0,O00591,P002,2,order_items_S006_20260603.json,S006,399.0,S006_O00591_P002,ORPHAN_ORDER_ID,2026-06-03T17:43:09.474Z,2026-06-03T17:43:09.474Z
20260603,2026-06-03T17:38:57.867061,1497.0,O00591,P003,3,order_items_S006_20260603.json,S006,499.0,S006_O00591_P003,ORPHAN_ORDER_ID,2026-06-03T17:43:09.474Z,2026-06-03T17:43:09.474Z
20260603,2026-06-03T17:38:57.867061,60.0,O00591,P008,1,order_items_S006_20260603.json,S006,60.0,S006_O00591_P008,ORPHAN_ORDER_ID,2026-06-03T17:43:09.474Z,2026-06-03T17:43:09.474Z
20260603,2026-06-03T17:38:57.867061,598.0,O00598,P001,2,order_items_S006_20260603.json,S006,299.0,S006_O00598_P001,ORPHAN_ORDER_ID,2026-06-03T17:43:09.474Z,2026-06-03T17:43:09.474Z
20260603,2026-06-03T17:38:57.867061,1497.0,O00598,P003,3,order_items_S006_20260603.json,S006,499.0,S006_O00598_P003,ORPHAN_ORDER_ID,2026-06-03T17:43:09.474Z,2026-06-03T17:43:09.474Z
20260603,2026-06-03T17:38:57.867061,447.0,O00598,P017,3,order_items_S006_20260603.json,S006,149.0,S006_O00598_P017,ORPHAN_ORDER_ID,2026-06-03T17:43:09.474Z,2026-06-03T17:43:09.474Z
20260603,2026-06-03T17:38:57.867061,399.0,O00603,P002,1,order_items_S006_20260603.json,S006,399.0,S006_O00603_P002,ORPHAN_ORDER_ID,2026-06-03T17:43:09.474Z,2026-06-03T17:43:09.474Z
20260603,2026-06-03T17:38:57.867061,1497.0,O00603,P003,3,order_items_S006_20260603.json,S006,499.0,S006_O00603_P003,ORPHAN_ORDER_ID,2026-06-03T17:43:09.474Z,2026-06-03T17:43:09.474Z
20260603,2026-06-03T17:38:57.867061,60.0,O00619,P008,1,order_items_S006_20260603.json,S006,60.0,S006_O00619_P008,ORPHAN_ORDER_ID,2026-06-03T17:43:09.474Z,2026-06-03T17:43:09.474Z
20260603,2026-06-03T17:38:57.867061,198.0,O00619,P009,2,order_items_S006_20260603.json,S006,99.0,S006_O00619_P009,ORPHAN_ORDER_ID,2026-06-03T17:43:09.474Z,2026-06-03T17:43:09.474Z
20260603,2026-06-03T17:38:57.867061,998.0,O00646,P003,2,order_items_S006_20260603.json,S006,499.0,S006_O00646_P003,ORPHAN_ORDER_ID,2026-06-03T17:43:09.474Z,2026-06-03T17:43:09.474Z
20260603,2026-06-03T17:38:57.867061,1347.0,O00646,P004,3,order_items_S006_20260603.json,S006,449.0,S006_O00646_P004,ORPHAN_ORDER_ID,2026-06-03T17:43:09.474Z,2026-06-03T17:43:09.474Z
20260603,2026-06-03T17:38:57.867061,598.0,O00646,P016,2,order_items_S006_20260603.json,S006,299.0,S006_O00646_P016,ORPHAN_ORDER_ID,2026-06-03T17:43:09.474Z,2026-06-03T17:43:09.474Z
20260603,2026-06-03T17:38:57.867061,60.0,O00652,P007,1,order_items_S006_20260603.json,S006,60.0,S006_O00652_P007,ORPHAN_ORDER_ID,2026-06-03T17:43:09.474Z,2026-06-03T17:43:09.474Z
20260603,2026-06-03T17:38:57.867061,1497.0,O00711,P003,3,order_items_S006_20260603.json,S006,499.0,S006_O00711_P003,ORPHAN_ORDER_ID,2026-06-03T17:43:09.474Z,2026-06-03T17:43:09.474Z
20260603,2026-06-03T17:38:57.867061,458.0,O00711,P015,2,order_items_S006_20260603.json,S006,229.0,S006_O00711_P015,ORPHAN_ORDER_ID,2026-06-03T17:43:09.474Z,2026-06-03T17:43:09.474Z
20260603,2026-06-03T17:38:57.867061,447.0,O00712,P005,3,order_items_S006_20260603.json,S006,149.0,S006_O00712_P005,ORPHAN_ORDER_ID,2026-06-03T17:43:09.474Z,2026-06-03T17:43:09.474Z
20260603,2026-06-03T17:38:57.867061,198.0,O00712,P009,2,order_items_S006_20260603.json,S006,99.0,S006_O00712_P009,ORPHAN_ORDER_ID,2026-06-03T17:43:09.474Z,2026-06-03T17:43:09.474Z
20260603,2026-06-03T17:38:57.867061,897.0,O00714,P001,3,order_items_S006_20260603.json,S006,299.0,S006_O00714_P001,ORPHAN_ORDER_ID,2026-06-03T17:43:09.474Z,2026-06-03T17:43:09.474Z
20260603,2026-06-03T17:38:57.867061,120.0,O00714,P008,2,order_items_S006_20260603.json,S006,60.0,S006_O00714_P008,ORPHAN_ORDER_ID,2026-06-03T17:43:09.474Z,2026-06-03T17:43:09.474Z
20260603,2026-06-03T17:38:57.867061,387.0,O00714,P010,3,order_items_S006_20260603.json,S006,129.0,S006_O00714_P010,ORPHAN_ORDER_ID,2026-06-03T17:43:09.474Z,2026-06-03T17:43:09.474Z
20260603,2026-06-03T17:38:57.867061,299.0,O00714,P016,1,order_items_S006_20260603.json,S006,299.0,S006_O00714_P016,ORPHAN_ORDER_ID,2026-06-03T17:43:09.474Z,2026-06-03T17:43:09.474Z
20260603,2026-06-03T17:38:57.867061,598.0,O00722,P001,2,order_items_S006_20260603.json,S006,299.0,S006_O00722_P001,ORPHAN_ORDER_ID,2026-06-03T17:43:09.474Z,2026-06-03T17:43:09.474Z
20260603,2026-06-03T17:38:57.867061,120.0,O00722,P008,2,order_items_S006_20260603.json,S006,60.0,S006_O00722_P008,ORPHAN_ORDER_ID,2026-06-03T17:43:09.474Z,2026-06-03T17:43:09.474Z
20260603,2026-06-03T17:38:57.867061,798.0,O00729,P002,2,order_items_S006_20260603.json,S006,399.0,S006_O00729_P002,ORPHAN_ORDER_ID,2026-06-03T17:43:09.474Z,2026-06-03T17:43:09.474Z
20260603,2026-06-03T17:38:57.867061,299.0,O00729,P016,1,order_items_S006_20260603.json,S006,299.0,S006_O00729_P016,ORPHAN_ORDER_ID,2026-06-03T17:43:09.474Z,2026-06-03T17:43:09.474Z
20260603,2026-06-03T17:38:57.867061,499.0,O00743,P003,1,order_items_S006_20260603.json,S006,499.0,S006_O00743_P003,ORPHAN_ORDER_ID,2026-06-03T17:43:09.474Z,2026-06-03T17:43:09.474Z
20260603,2026-06-03T17:38:57.867061,258.0,O00743,P010,2,order_items_S006_20260603.json,S006,129.0,S006_O00743_P010,ORPHAN_ORDER_ID,2026-06-03T17:43:09.474Z,2026-06-03T17:43:09.474Z
20260603,2026-06-03T17:38:57.867061,258.0,O00757,P010,2,order_items_S006_20260603.json,S006,129.0,S006_O00757_P010,ORPHAN_ORDER_ID,2026-06-03T17:43:09.474Z,2026-06-03T17:43:09.474Z
20260603,2026-06-03T17:38:57.867061,998.0,O00768,P003,2,order_items_S006_20260603.json,S006,499.0,S006_O00768_P003,ORPHAN_ORDER_ID,2026-06-03T17:43:09.474Z,2026-06-03T17:43:09.474Z
20260603,2026-06-03T17:38:57.867061,1347.0,O00768,P004,3,order_items_S006_20260603.json,S006,449.0,S006_O00768_P004,ORPHAN_ORDER_ID,2026-06-03T17:43:09.474Z,2026-06-03T17:43:09.474Z
20260603,2026-06-03T17:38:57.867061,169.0,O00768,P011,1,order_items_S006_20260603.json,S006,169.0,S006_O00768_P011,ORPHAN_ORDER_ID,2026-06-03T17:43:09.474Z,2026-06-03T17:43:09.474Z
20260603,2026-06-03T17:38:57.867061,1197.0,O00770,P002,3,order_items_S006_20260603.json,S006,399.0,S006_O00770_P002,ORPHAN_ORDER_ID,2026-06-03T17:43:09.474Z,2026-06-03T17:43:09.474Z
20260603,2026-06-03T17:38:57.867061,898.0,O00770,P004,2,order_items_S006_20260603.json,S006,449.0,S006_O00770_P004,ORPHAN_ORDER_ID,2026-06-03T17:43:09.474Z,2026-06-03T17:43:09.474Z
20260603,2026-06-03T17:38:57.867061,149.0,O00770,P005,1,order_items_S006_20260603.json,S006,149.0,S006_O00770_P005,ORPHAN_ORDER_ID,2026-06-03T17:43:09.474Z,2026-06-03T17:43:09.474Z
20260603,2026-06-03T17:38:57.867061,1197.0,O00771,P002,3,order_items_S006_20260603.json,S006,399.0,S006_O00771_P002,ORPHAN_ORDER_ID,2026-06-03T17:43:09.474Z,2026-06-03T17:43:09.474Z
20260603,2026-06-03T17:38:57.867061,1497.0,O00771,P003,3,order_items_S006_20260603.json,S006,499.0,S006_O00771_P003,ORPHAN_ORDER_ID,2026-06-03T17:43:09.474Z,2026-06-03T17:43:09.474Z
20260603,2026-06-03T17:38:57.867061,49.0,O00771,P012,1,order_items_S006_20260603.json,S006,49.0,S006_O00771_P012,ORPHAN_ORDER_ID,2026-06-03T17:43:09.474Z,2026-06-03T17:43:09.474Z
20260603,2026-06-03T17:38:57.867061,897.0,O00772,P001,3,order_items_S006_20260603.json,S006,299.0,S006_O00772_P001,ORPHAN_ORDER_ID,2026-06-03T17:43:09.474Z,2026-06-03T17:43:09.474Z
20260603,2026-06-03T17:38:57.867061,399.0,O00772,P002,1,order_items_S006_20260603.json,S006,399.0,S006_O00772_P002,ORPHAN_ORDER_ID,2026-06-03T17:43:09.474Z,2026-06-03T17:43:09.474Z
20260603,2026-06-03T17:38:57.867061,687.0,O00772,P015,3,order_items_S006_20260603.json,S006,229.0,S006_O00772_P015,ORPHAN_ORDER_ID,2026-06-03T17:43:09.474Z,2026-06-03T17:43:09.474Z
20260603,2026-06-03T17:38:57.867061,897.0,O00773,P001,3,order_items_S006_20260603.json,S006,299.0,S006_O00773_P001,ORPHAN_ORDER_ID,2026-06-03T17:43:09.474Z,2026-06-03T17:43:09.474Z
20260603,2026-06-03T17:38:57.867061,147.0,O00773,P012,3,order_items_S006_20260603.json,S006,49.0,S006_O00773_P012,ORPHAN_ORDER_ID,2026-06-03T17:43:09.474Z,2026-06-03T17:43:09.474Z
20260603,2026-06-03T17:38:57.867061,399.0,O00776,P002,1,order_items_S006_20260603.json,S006,399.0,S006_O00776_P002,ORPHAN_ORDER_ID,2026-06-03T17:43:09.474Z,2026-06-03T17:43:09.474Z
20260603,2026-06-03T17:38:57.867061,537.0,O00776,P014,3,order_items_S006_20260603.json,S006,179.0,S006_O00776_P014,ORPHAN_ORDER_ID,2026-06-03T17:43:09.474Z,2026-06-03T17:43:09.474Z
20260603,2026-06-03T17:38:57.867061,249.0,O00788,P013,1,order_items_S006_20260603.json,S006,249.0,S006_O00788_P013,ORPHAN_ORDER_ID,2026-06-03T17:43:09.474Z,2026-06-03T17:43:09.474Z
20260603,2026-06-03T17:39:04.695883,120.0,O00022,P999,2,order_items_S002_20260603.json,S002,60.0,S002_O00022_P999,INVALID_PRODUCT_ID: P999,2026-06-03T17:43:09.474Z,
20260603,2026-06-03T17:39:04.695883,180.0,O00026,P008,-5,order_items_S002_20260603.json,S002,60.0,S002_O00026_P008,NEGATIVE_QUANTITY,2026-06-03T17:43:09.474Z,
20260603,2026-06-03T17:39:04.695883,458.0,O00026,P999,2,order_items_S002_20260603.json,S002,229.0,S002_O00026_P999,INVALID_PRODUCT_ID: P999,2026-06-03T17:43:09.474Z,
20260603,2026-06-03T17:39:04.695883,297.0,O00044,P009,-5,order_items_S002_20260603.json,S002,99.0,S002_O00044_P009,NEGATIVE_QUANTITY,2026-06-03T17:43:09.474Z,
20260603,2026-06-03T17:39:04.695883,60.0,O00048,P007,0,order_items_S002_20260603.json,S002,60.0,S002_O00048_P007,ZERO_QUANTITY,2026-06-03T17:43:09.474Z,
20260603,2026-06-03T17:39:04.695883,299.0,O00051,P001,-5,order_items_S002_20260603.json,S002,299.0,S002_O00051_P001,NEGATIVE_QUANTITY,2026-06-03T17:43:09.474Z,
20260603,2026-06-03T17:39:04.695883,180.0,O00081,P007,-5,order_items_S002_20260603.json,S002,60.0,S002_O00081_P007,NEGATIVE_QUANTITY,2026-06-03T17:43:09.474Z,
20260603,2026-06-03T17:39:04.695883,747.0,O00096,P013,0,order_items_S002_20260603.json,S002,249.0,S002_O00096_P013,ZERO_QUANTITY,2026-06-03T17:43:09.474Z,
20260603,2026-06-03T17:39:04.695883,897.0,O00117,P001,-5,order_items_S002_20260603.json,S002,299.0,S002_O00117_P001,NEGATIVE_QUANTITY,2026-06-03T17:43:09.474Z,
20260603,2026-06-03T17:39:04.695883,258.0,O00139,P010,-5,order_items_S002_20260603.json,S002,129.0,S002_O00139_P010,NEGATIVE_QUANTITY,2026-06-03T17:43:09.474Z,
20260603,2026-06-03T17:39:04.695883,60.0,O00150,P008,-5,order_items_S002_20260603.json,S002,60.0,S002_O00150_P008,NEGATIVE_QUANTITY,2026-06-03T17:43:09.474Z,
20260603,2026-06-03T17:39:04.695883,598.0,O00157,P001,0,order_items_S002_20260603.json,S002,299.0,S002_O00157_P001,ZERO_QUANTITY,2026-06-03T17:43:09.474Z,
20260603,2026-06-03T17:39:04.695883,180.0,O00206,P008,-5,order_items_S002_20260603.json,S002,60.0,S002_O00206_P008,NEGATIVE_QUANTITY,2026-06-03T17:43:09.474Z,
20260603,2026-06-03T17:39:04.695883,598.0,O00207,P999,2,order_items_S002_20260603.json,S002,299.0,S002_O00207_P999,INVALID_PRODUCT_ID: P999,2026-06-03T17:43:09.474Z,
20260603,2026-06-03T17:39:04.695883,598.0,O00208,P001,0,order_items_S002_20260603.json,S002,299.0,S002_O00208_P001,ZERO_QUANTITY,2026-06-03T17:43:09.474Z,
20260603,2026-06-03T17:39:04.695883,180.0,O00212,P007,0,order_items_S002_20260603.json,S002,60.0,S002_O00212_P007,ZERO_QUANTITY,2026-06-03T17:43:09.474Z,
20260603,2026-06-03T17:39:04.695883,298.0,O00222,P005,0,order_items_S002_20260603.json,S002,149.0,S002_O00222_P005,ZERO_QUANTITY,2026-06-03T17:43:09.474Z,
20260603,2026-06-03T17:39:04.695883,169.0,O00232,P011,-5,order_items_S002_20260603.json,S002,169.0,S002_O00232_P011,NEGATIVE_QUANTITY,2026-06-03T17:43:09.474Z,
20260603,2026-06-03T17:39:04.695883,447.0,O00248,P999,3,order_items_S002_20260603.json,S002,149.0,S002_O00248_P999,INVALID_PRODUCT_ID: P999,2026-06-03T17:43:09.474Z,
20260603,2026-06-03T17:39:04.695883,299.0,O00284,P001,0,order_items_S002_20260603.json,S002,299.0,S002_O00284_P001,ZERO_QUANTITY,2026-06-03T17:43:09.474Z,
20260603,2026-06-03T17:39:04.695883,597.0,O00308,P999,3,order_items_S002_20260603.json,S002,199.0,S002_O00308_P999,INVALID_PRODUCT_ID: P999,2026-06-03T17:43:09.474Z,
20260603,2026-06-03T17:39:04.695883,120.0,O00313,P999,2,order_items_S002_20260603.json,S002,60.0,S002_O00313_P999,INVALID_PRODUCT_ID: P999,2026-06-03T17:43:09.474Z,
20260603,2026-06-03T17:39:04.695883,298.0,O00320,P999,2,order_items_S002_20260603.json,S002,149.0,S002_O00320_P999,INVALID_PRODUCT_ID: P999,2026-06-03T17:43:09.474Z,
20260603,2026-06-03T17:39:04.695883,449.0,O00321,P004,-5,order_items_S002_20260603.json,S002,449.0,S002_O00321_P004,NEGATIVE_QUANTITY,2026-06-03T17:43:09.474Z,
20260603,2026-06-03T17:39:04.695883,60.0,O00336,P007,-5,order_items_S002_20260603.json,S002,60.0,S002_O00336_P007,NEGATIVE_QUANTITY,2026-06-03T17:43:09.474Z,
20260603,2026-06-03T17:39:04.695883,60.0,O00357,P999,1,order_items_S002_20260603.json,S002,60.0,S002_O00357_P999,INVALID_PRODUCT_ID: P999,2026-06-03T17:43:09.474Z,
20260603,2026-06-03T17:39:04.695883,120.0,O00365,P999,2,order_items_S002_20260603.json,S002,60.0,S002_O00365_P999,INVALID_PRODUCT_ID: P999,2026-06-03T17:43:09.474Z,
20260603,2026-06-03T17:39:04.695883,598.0,O00407,P999,2,order_items_S002_20260603.json,S002,299.0,S002_O00407_P999,INVALID_PRODUCT_ID: P999,2026-06-03T17:43:09.474Z,
20260603,2026-06-03T17:39:04.695883,298.0,O00410,P005,-5,order_items_S002_20260603.json,S002,149.0,S002_O00410_P005,NEGATIVE_QUANTITY,2026-06-03T17:43:09.474Z,
20260603,2026-06-03T17:39:04.695883,180.0,O00433,P007,-5,order_items_S002_20260603.json,S002,60.0,S002_O00433_P007,NEGATIVE_QUANTITY,2026-06-03T17:43:09.474Z,
20260603,2026-06-03T17:39:04.695883,299.0,O00436,P999,1,order_items_S002_20260603.json,S002,299.0,S002_O00436_P999,INVALID_PRODUCT_ID: P999,2026-06-03T17:43:09.474Z,
20260603,2026-06-03T17:39:04.695883,199.0,O00451,P006,-5,order_items_S002_20260603.json,S002,199.0,S002_O00451_P006,NEGATIVE_QUANTITY,2026-06-03T17:43:09.474Z,
20260603,2026-06-03T17:39:04.695883,299.0,O00452,P001,-5,order_items_S002_20260603.json,S002,299.0,S002_O00452_P001,NEGATIVE_QUANTITY,2026-06-03T17:43:09.474Z,
20260603,2026-06-03T17:39:04.695883,60.0,O00462,P999,1,order_items_S002_20260603.json,S002,60.0,S002_O00462_P999,INVALID_PRODUCT_ID: P999,2026-06-03T17:43:09.474Z,
20260603,2026-06-03T17:39:04.695883,249.0,O00507,P013,0,order_items_S002_20260603.json,S002,249.0,S002_O00507_P013,ZERO_QUANTITY,2026-06-03T17:43:09.474Z,
20260603,2026-06-03T17:39:04.695883,598.0,O00507,P999,2,order_items_S002_20260603.json,S002,299.0,S002_O00507_P999,INVALID_PRODUCT_ID: P999,2026-06-03T17:43:09.474Z,
20260603,2026-06-03T17:39:04.695883,99.0,O00516,P999,-5,order_items_S002_20260603.json,S002,99.0,S002_O00516_P999,NEGATIVE_QUANTITY,2026-06-03T17:43:09.474Z,
20260603,2026-06-03T17:39:04.695883,398.0,O00522,P006,-5,order_items_S002_20260603.json,S002,199.0,S002_O00522_P006,NEGATIVE_QUANTITY,2026-06-03T17:43:09.474Z,
20260603,2026-06-03T17:39:04.695883,120.0,O00548,P999,2,order_items_S002_20260603.json,S002,60.0,S002_O00548_P999,INVALID_PRODUCT_ID: P999,2026-06-03T17:43:09.474Z,
20260603,2026-06-03T17:39:04.695883,49.0,O00552,P012,0,order_items_S002_20260603.json,S002,49.0,S002_O00552_P012,ZERO_QUANTITY,2026-06-03T17:43:09.474Z,
20260603,2026-06-03T17:39:04.695883,1497.0,O00567,P003,0,order_items_S002_20260603.json,S002,499.0,S002_O00567_P003,ZERO_QUANTITY,2026-06-03T17:43:09.474Z,
20260603,2026-06-03T17:39:04.695883,597.0,O00581,P006,0,order_items_S002_20260603.json,S002,199.0,S002_O00581_P006,ZERO_QUANTITY,2026-06-03T17:43:09.474Z,
20260603,2026-06-03T17:39:04.695883,120.0,O00583,P007,-5,order_items_S002_20260603.json,S002,60.0,S002_O00583_P007,NEGATIVE_QUANTITY,2026-06-03T17:43:09.474Z,
20260603,2026-06-03T17:39:04.695883,998.0,O00595,P003,0,order_items_S002_20260603.json,S002,499.0,S002_O00595_P003,ZERO_QUANTITY,2026-06-03T17:43:09.474Z,
20260603,2026-06-03T17:39:04.695883,298.0,O00601,P999,2,order_items_S002_20260603.json,S002,149.0,S002_O00601_P999,INVALID_PRODUCT_ID: P999,2026-06-03T17:43:09.474Z,
20260603,2026-06-03T17:39:04.695883,89.0,O00605,P018,-5,order_items_S002_20260603.json,S002,89.0,S002_O00605_P018,NEGATIVE_QUANTITY,2026-06-03T17:43:09.474Z,
20260603,2026-06-03T17:39:04.695883,798.0,O00616,P002,0,order_items_S002_20260603.json,S002,399.0,S002_O00616_P002,ZERO_QUANTITY,2026-06-03T17:43:09.474Z,
20260603,2026-06-03T17:39:04.695883,1497.0,O00619,P003,0,order_items_S002_20260603.json,S002,499.0,S002_O00619_P003,ZERO_QUANTITY,2026-06-03T17:43:09.474Z,
20260603,2026-06-03T17:39:04.695883,120.0,O00631,P008,-5,order_items_S002_20260603.json,S002,60.0,S002_O00631_P008,NEGATIVE_QUANTITY,2026-06-03T17:43:09.474Z,
20260603,2026-06-03T17:39:04.695883,199.0,O00651,P020,-5,order_items_S002_20260603.json,S002,199.0,S002_O00651_P020,NEGATIVE_QUANTITY,2026-06-03T17:43:09.474Z,
20260603,2026-06-03T17:39:04.695883,597.0,O00660,P999,3,order_items_S002_20260603.json,S002,199.0,S002_O00660_P999,INVALID_PRODUCT_ID: P999,2026-06-03T17:43:09.474Z,
20260603,2026-06-03T17:39:04.695883,129.0,O00709,P999,1,order_items_S002_20260603.json,S002,129.0,S002_O00709_P999,INVALID_PRODUCT_ID: P999,2026-06-03T17:43:09.474Z,
20260603,2026-06-03T17:39:04.695883,537.0,O00741,P999,3,order_items_S002_20260603.json,S002,179.0,S002_O00741_P999,INVALID_PRODUCT_ID: P999,2026-06-03T17:43:09.474Z,
20260603,2026-06-03T17:39:04.695883,267.0,O00742,P018,-5,order_items_S002_20260603.json,S002,89.0,S002_O00742_P018,NEGATIVE_QUANTITY,2026-06-03T17:43:09.474Z,
20260603,2026-06-03T17:39:04.695883,898.0,O00750,P999,2,order_items_S002_20260603.json,S002,449.0,S002_O00750_P999,INVALID_PRODUCT_ID: P999,2026-06-03T17:43:09.474Z,
20260603,2026-06-03T17:39:04.695883,449.0,O00758,P004,0,order_items_S002_20260603.json,S002,449.0,S002_O00758_P004,ZERO_QUANTITY,2026-06-03T17:43:09.474Z,
20260603,2026-06-03T17:39:04.695883,1197.0,O00776,P002,0,order_items_S002_20260603.json,S002,399.0,S002_O00776_P002,ZERO_QUANTITY,2026-06-03T17:43:09.474Z,
20260603,2026-06-03T17:39:04.695883,898.0,O00777,P004,0,order_items_S002_20260603.json,S002,449.0,S002_O00777_P004,ZERO_QUANTITY,2026-06-03T17:43:09.474Z,
20260603,2026-06-03T17:39:04.695883,399.0,O00791,P002,0,order_items_S002_20260603.json,S002,399.0,S002_O00791_P002,ZERO_QUANTITY,2026-06-03T17:43:09.474Z,
20260603,2026-06-03T17:39:04.695883,338.0,O00811,P011,-5,order_items_S002_20260603.json,S002,169.0,S002_O00811_P011,NEGATIVE_QUANTITY,2026-06-03T17:43:09.474Z,
20260603,2026-06-03T17:39:04.695883,199.0,O00817,P006,-5,order_items_S002_20260603.json,S002,199.0,S002_O00817_P006,NEGATIVE_QUANTITY,2026-06-03T17:43:09.474Z,
20260603,2026-06-03T17:39:04.695883,458.0,O00828,P015,0,order_items_S002_20260603.json,S002,229.0,S002_O00828_P015,ZERO_QUANTITY,2026-06-03T17:43:09.474Z,
20260603,2026-06-03T17:39:04.695883,229.0,O00829,P015,0,order_items_S002_20260603.json,S002,229.0,S002_O00829_P015,ZERO_QUANTITY,2026-06-03T17:43:09.474Z,
20260603,2026-06-03T17:39:04.695883,447.0,O00835,P999,3,order_items_S002_20260603.json,S002,149.0,S002_O00835_P999,INVALID_PRODUCT_ID: P999,2026-06-03T17:43:09.474Z,
20260603,2026-06-03T17:39:04.695883,99.0,O00837,P009,0,order_items_S002_20260603.json,S002,99.0,S002_O00837_P009,ZERO_QUANTITY,2026-06-03T17:43:09.474Z,
20260603,2026-06-03T17:39:04.695883,399.0,O00844,P999,1,order_items_S002_20260603.json,S002,399.0,S002_O00844_P999,INVALID_PRODUCT_ID: P999,2026-06-03T17:43:09.474Z,
20260603,2026-06-03T17:39:04.695883,89.0,O00857,P018,0,order_items_S002_20260603.json,S002,89.0,S002_O00857_P018,ZERO_QUANTITY,2026-06-03T17:43:09.474Z,
20260603,2026-06-03T17:39:04.695883,499.0,O00867,P999,1,order_items_S002_20260603.json,S002,499.0,S002_O00867_P999,INVALID_PRODUCT_ID: P999,2026-06-03T17:43:09.474Z,
20260603,2026-06-03T17:39:04.695883,798.0,O00882,P002,0,order_items_S002_20260603.json,S002,399.0,S002_O00882_P002,ZERO_QUANTITY,2026-06-03T17:43:09.474Z,
20260603,2026-06-03T17:39:04.695883,299.0,O00892,P999,1,order_items_S002_20260603.json,S002,299.0,S002_O00892_P999,INVALID_PRODUCT_ID: P999,2026-06-03T17:43:09.474Z,
20260603,2026-06-03T17:39:04.695883,598.0,O00898,P001,-5,order_items_S002_20260603.json,S002,299.0,S002_O00898_P001,NEGATIVE_QUANTITY,2026-06-03T17:43:09.474Z,
20260603,2026-06-03T17:39:04.695883,299.0,O00910,P999,1,order_items_S002_20260603.json,S002,299.0,S002_O00910_P999,INVALID_PRODUCT_ID: P999,2026-06-03T17:43:09.474Z,
20260603,2026-06-03T17:39:04.695883,498.0,O00912,P013,0,order_items_S002_20260603.json,S002,249.0,S002_O00912_P013,ZERO_QUANTITY,2026-06-03T17:43:09.474Z,
20260603,2026-06-03T17:39:04.695883,499.0,O00918,P003,0,order_items_S002_20260603.json,S002,499.0,S002_O00918_P003,ZERO_QUANTITY,2026-06-03T17:43:09.474Z,
20260603,2026-06-03T17:39:02.237833,60.0,O00026,P999,1,order_items_S004_20260603.json,S004,60.0,S004_O00026_P999,INVALID_PRODUCT_ID: P999,2026-06-03T17:43:09.474Z,
20260603,2026-06-03T17:39:02.237833,299.0,O00031,P001,-5,order_items_S004_20260603.json,S004,299.0,S004_O00031_P001,NEGATIVE_QUANTITY,2026-06-03T17:43:09.474Z,
20260603,2026-06-03T17:39:02.237833,1347.0,O00034,P004,0,order_items_S004_20260603.json,S004,449.0,S004_O00034_P004,ZERO_QUANTITY,2026-06-03T17:43:09.474Z,
20260603,2026-06-03T17:39:02.237833,180.0,O00039,P007,-5,order_items_S004_20260603.json,S004,60.0,S004_O00039_P007,NEGATIVE_QUANTITY,2026-06-03T17:43:09.474Z,
20260603,2026-06-03T17:39:02.237833,60.0,O00044,P999,1,order_items_S004_20260603.json,S004,60.0,S004_O00044_P999,INVALID_PRODUCT_ID: P999,2026-06-03T17:43:09.474Z,
20260603,2026-06-03T17:39:02.237833,898.0,O00058,P004,0,order_items_S004_20260603.json,S004,449.0,S004_O00058_P004,ZERO_QUANTITY,2026-06-03T17:43:09.474Z,
20260603,2026-06-03T17:39:02.237833,687.0,O00067,P015,-5,order_items_S004_20260603.json,S004,229.0,S004_O00067_P015,NEGATIVE_QUANTITY,2026-06-03T17:43:09.474Z,
20260603,2026-06-03T17:39:02.237833,897.0,O00073,P001,-5,order_items_S004_20260603.json,S004,299.0,S004_O00073_P001,NEGATIVE_QUANTITY,2026-06-03T17:43:09.474Z,
20260603,2026-06-03T17:39:02.237833,597.0,O00090,P020,-5,order_items_S004_20260603.json,S004,199.0,S004_O00090_P020,NEGATIVE_QUANTITY,2026-06-03T17:43:09.474Z,
20260603,2026-06-03T17:39:02.237833,1347.0,O00116,P004,0,order_items_S004_20260603.json,S004,449.0,S004_O00116_P004,ZERO_QUANTITY,2026-06-03T17:43:09.474Z,
20260603,2026-06-03T17:39:02.237833,898.0,O00123,P004,-5,order_items_S004_20260603.json,S004,449.0,S004_O00123_P004,NEGATIVE_QUANTITY,2026-06-03T17:43:09.474Z,
20260603,2026-06-03T17:39:02.237833,60.0,O00137,P999,1,order_items_S004_20260603.json,S004,60.0,S004_O00137_P999,INVALID_PRODUCT_ID: P999,2026-06-03T17:43:09.474Z,
20260603,2026-06-03T17:39:02.237833,597.0,O00143,P006,-5,order_items_S004_20260603.json,S004,199.0,S004_O00143_P006,NEGATIVE_QUANTITY,2026-06-03T17:43:09.474Z,
20260603,2026-06-03T17:39:02.237833,447.0,O00143,P005,0,order_items_S004_20260603.json,S004,149.0,S004_O00143_P005,ZERO_QUANTITY,2026-06-03T17:43:09.474Z,
20260603,2026-06-03T17:39:02.237833,1497.0,O00151,P003,0,order_items_S004_20260603.json,S004,499.0,S004_O00151_P003,ZERO_QUANTITY,2026-06-03T17:43:09.474Z,
20260603,2026-06-03T17:39:02.237833,179.0,O00159,P999,1,order_items_S004_20260603.json,S004,179.0,S004_O00159_P999,INVALID_PRODUCT_ID: P999,2026-06-03T17:43:09.474Z,
20260603,2026-06-03T17:39:02.237833,398.0,O00161,P006,-5,order_items_S004_20260603.json,S004,199.0,S004_O00161_P006,NEGATIVE_QUANTITY,2026-06-03T17:43:09.474Z,
20260603,2026-06-03T17:39:02.237833,267.0,O00189,P018,0,order_items_S004_20260603.json,S004,89.0,S004_O00189_P018,ZERO_QUANTITY,2026-06-03T17:43:09.474Z,
20260603,2026-06-03T17:39:02.237833,338.0,O00195,P011,-5,order_items_S004_20260603.json,S004,169.0,S004_O00195_P011,NEGATIVE_QUANTITY,2026-06-03T17:43:09.474Z,
20260603,2026-06-03T17:39:02.237833,597.0,O00196,P006,-5,order_items_S004_20260603.json,S004,199.0,S004_O00196_P006,NEGATIVE_QUANTITY,2026-06-03T17:43:09.474Z,
20260603,2026-06-03T17:39:02.237833,399.0,O00205,P002,0,order_items_S004_20260603.json,S004,399.0,S004_O00205_P002,ZERO_QUANTITY,2026-06-03T17:43:09.474Z,
20260603,2026-06-03T17:39:02.237833,598.0,O00207,P001,0,order_items_S004_20260603.json,S004,299.0,S004_O00207_P001,ZERO_QUANTITY,2026-06-03T17:43:09.474Z,
20260603,2026-06-03T17:39:02.237833,449.0,O00214,P004,-5,order_items_S004_20260603.json,S004,449.0,S004_O00214_P004,NEGATIVE_QUANTITY,2026-06-03T17:43:09.474Z,
20260603,2026-06-03T17:39:02.237833,120.0,O00248,P008,0,order_items_S004_20260603.json,S004,60.0,S004_O00248_P008,ZERO_QUANTITY,2026-06-03T17:43:09.474Z,
20260603,2026-06-03T17:39:02.237833,898.0,O00271,P999,2,order_items_S004_20260603.json,S004,449.0,S004_O00271_P999,INVALID_PRODUCT_ID: P999,2026-06-03T17:43:09.474Z,
20260603,2026-06-03T17:39:02.237833,120.0,O00271,P007,0,order_items_S004_20260603.json,S004,60.0,S004_O00271_P007,ZERO_QUANTITY,2026-06-03T17:43:09.474Z,
20260603,2026-06-03T17:39:02.237833,60.0,O00276,P007,0,order_items_S004_20260603.json,S004,60.0,S004_O00276_P007,ZERO_QUANTITY,2026-06-03T17:43:09.474Z,
20260603,2026-06-03T17:39:02.237833,798.0,O00291,P002,-5,order_items_S004_20260603.json,S004,399.0,S004_O00291_P002,NEGATIVE_QUANTITY,2026-06-03T17:43:09.474Z,
20260603,2026-06-03T17:39:02.237833,299.0,O00301,P999,1,order_items_S004_20260603.json,S004,299.0,S004_O00301_P999,INVALID_PRODUCT_ID: P999,2026-06-03T17:43:09.474Z,
20260603,2026-06-03T17:39:02.237833,499.0,O00311,P999,1,order_items_S004_20260603.json,S004,499.0,S004_O00311_P999,INVALID_PRODUCT_ID: P999,2026-06-03T17:43:09.474Z,
20260603,2026-06-03T17:39:02.237833,898.0,O00341,P004,-5,order_items_S004_20260603.json,S004,449.0,S004_O00341_P004,NEGATIVE_QUANTITY,2026-06-03T17:43:09.474Z,
20260603,2026-06-03T17:39:02.237833,199.0,O00361,P999,1,order_items_S004_20260603.json,S004,199.0,S004_O00361_P999,INVALID_PRODUCT_ID: P999,2026-06-03T17:43:09.474Z,
20260603,2026-06-03T17:39:02.237833,338.0,O00383,P999,2,order_items_S004_20260603.json,S004,169.0,S004_O00383_P999,INVALID_PRODUCT_ID: P999,2026-06-03T17:43:09.474Z,
20260603,2026-06-03T17:39:02.237833,149.0,O00439,P999,1,order_items_S004_20260603.json,S004,149.0,S004_O00439_P999,INVALID_PRODUCT_ID: P999,2026-06-03T17:43:09.474Z,
20260603,2026-06-03T17:39:02.237833,597.0,O00449,P006,-5,order_items_S004_20260603.json,S004,199.0,S004_O00449_P006,NEGATIVE_QUANTITY,2026-06-03T17:43:09.474Z,
20260603,2026-06-03T17:39:02.237833,598.0,O00463,P999,2,order_items_S004_20260603.json,S004,299.0,S004_O00463_P999,INVALID_PRODUCT_ID: P999,2026-06-03T17:43:09.474Z,
20260603,2026-06-03T17:39:02.237833,229.0,O00463,P999,1,order_items_S004_20260603.json,S004,229.0,S004_O00463_P999,INVALID_PRODUCT_ID: P999,2026-06-03T17:43:09.474Z,
20260603,2026-06-03T17:39:02.237833,60.0,O00470,P008,-5,order_items_S004_20260603.json,S004,60.0,S004_O00470_P008,NEGATIVE_QUANTITY,2026-06-03T17:43:09.474Z,
20260603,2026-06-03T17:39:02.237833,747.0,O00486,P013,0,order_items_S004_20260603.json,S004,249.0,S004_O00486_P013,ZERO_QUANTITY,2026-06-03T17:43:09.474Z,
20260603,2026-06-03T17:39:02.237833,498.0,O00493,P013,-5,order_items_S004_20260603.json,S004,249.0,S004_O00493_P013,NEGATIVE_QUANTITY,2026-06-03T17:43:09.474Z,
20260603,2026-06-03T17:39:02.237833,180.0,O00501,P999,3,order_items_S004_20260603.json,S004,60.0,S004_O00501_P999,INVALID_PRODUCT_ID: P999,2026-06-03T17:43:09.474Z,
20260603,2026-06-03T17:39:02.237833,60.0,O00504,P007,-5,order_items_S004_20260603.json,S004,60.0,S004_O00504_P007,NEGATIVE_QUANTITY,2026-06-03T17:43:09.474Z,
20260603,2026-06-03T17:39:02.237833,747.0,O00512,P999,3,order_items_S004_20260603.json,S004,249.0,S004_O00512_P999,INVALID_PRODUCT_ID: P999,2026-06-03T17:43:09.474Z,
20260603,2026-06-03T17:39:02.237833,180.0,O00518,P999,3,order_items_S004_20260603.json,S004,60.0,S004_O00518_P999,INVALID_PRODUCT_ID: P999,2026-06-03T17:43:09.474Z,
20260603,2026-06-03T17:39:02.237833,399.0,O00543,P002,0,order_items_S004_20260603.json,S004,399.0,S004_O00543_P002,ZERO_QUANTITY,2026-06-03T17:43:09.474Z,
20260603,2026-06-03T17:39:02.237833,898.0,O00552,P004,-5,order_items_S004_20260603.json,S004,449.0,S004_O00552_P004,NEGATIVE_QUANTITY,2026-06-03T17:43:09.474Z,
20260603,2026-06-03T17:39:02.237833,798.0,O00567,P002,0,order_items_S004_20260603.json,S004,399.0,S004_O00567_P002,ZERO_QUANTITY,2026-06-03T17:43:09.474Z,
20260603,2026-06-03T17:39:02.237833,299.0,O00577,P001,0,order_items_S004_20260603.json,S004,299.0,S004_O00577_P001,ZERO_QUANTITY,2026-06-03T17:43:09.474Z,
20260603,2026-06-03T17:39:02.237833,398.0,O00583,P999,2,order_items_S004_20260603.json,S004,199.0,S004_O00583_P999,INVALID_PRODUCT_ID: P999,2026-06-03T17:43:09.474Z,
20260603,2026-06-03T17:39:02.237833,898.0,O00591,P004,0,order_items_S004_20260603.json,S004,449.0,S004_O00591_P004,ZERO_QUANTITY,2026-06-03T17:43:09.474Z,
20260603,2026-06-03T17:39:02.237833,998.0,O00630,P003,0,order_items_S004_20260603.json,S004,499.0,S004_O00630_P003,ZERO_QUANTITY,2026-06-03T17:43:09.474Z,
20260603,2026-06-03T17:39:02.237833,798.0,O00646,P999,2,order_items_S004_20260603.json,S004,399.0,S004_O00646_P999,INVALID_PRODUCT_ID: P999,2026-06-03T17:43:09.474Z,
20260603,2026-06-03T17:39:02.237833,298.0,O00650,P017,0,order_items_S004_20260603.json,S004,149.0,S004_O00650_P017,ZERO_QUANTITY,2026-06-03T17:43:09.474Z,
20260603,2026-06-03T17:39:02.237833,798.0,O00699,P002,0,order_items_S004_20260603.json,S004,399.0,S004_O00699_P002,ZERO_QUANTITY,2026-06-03T17:43:09.474Z,
20260603,2026-06-03T17:39:02.237833,258.0,O00702,P999,2,order_items_S004_20260603.json,S004,129.0,S004_O00702_P999,INVALID_PRODUCT_ID: P999,2026-06-03T17:43:09.474Z,
20260603,2026-06-03T17:39:02.237833,129.0,O00707,P999,1,order_items_S004_20260603.json,S004,129.0,S004_O00707_P999,INVALID_PRODUCT_ID: P999,2026-06-03T17:43:09.474Z,
20260603,2026-06-03T17:39:02.237833,447.0,O00721,P005,-5,order_items_S004_20260603.json,S004,149.0,S004_O00721_P005,NEGATIVE_QUANTITY,2026-06-03T17:43:09.474Z,
20260603,2026-06-03T17:39:02.237833,1347.0,O00753,P999,3,order_items_S004_20260603.json,S004,449.0,S004_O00753_P999,INVALID_PRODUCT_ID: P999,2026-06-03T17:43:09.474Z,
20260603,2026-06-03T17:39:02.237833,249.0,O00773,P013,-5,order_items_S004_20260603.json,S004,249.0,S004_O00773_P013,NEGATIVE_QUANTITY,2026-06-03T17:43:09.474Z,
20260603,2026-06-03T17:39:02.237833,447.0,O00781,P999,3,order_items_S004_20260603.json,S004,149.0,S004_O00781_P999,INVALID_PRODUCT_ID: P999,2026-06-03T17:43:09.474Z,
20260603,2026-06-03T17:39:02.237833,198.0,O00793,P009,0,order_items_S004_20260603.json,S004,99.0,S004_O00793_P009,ZERO_QUANTITY,2026-06-03T17:43:09.474Z,
20260603,2026-06-03T17:39:02.237833,399.0,O00803,P002,0,order_items_S004_20260603.json,S004,399.0,S004_O00803_P002,ZERO_QUANTITY,2026-06-03T17:43:09.474Z,
20260603,2026-06-03T17:39:02.237833,498.0,O00816,P013,0,order_items_S004_20260603.json,S004,249.0,S004_O00816_P013,ZERO_QUANTITY,2026-06-03T17:43:09.474Z,
20260603,2026-06-03T17:39:02.237833,447.0,O00830,P005,-5,order_items_S004_20260603.json,S004,149.0,S004_O00830_P005,NEGATIVE_QUANTITY,2026-06-03T17:43:09.474Z,
20260603,2026-06-03T17:39:02.237833,897.0,O00836,P999,3,order_items_S004_20260603.json,S004,299.0,S004_O00836_P999,INVALID_PRODUCT_ID: P999,2026-06-03T17:43:09.474Z,
20260603,2026-06-03T17:39:02.237833,299.0,O00841,P001,-5,order_items_S004_20260603.json,S004,299.0,S004_O00841_P001,NEGATIVE_QUANTITY,2026-06-03T17:43:09.474Z,
20260603,2026-06-03T17:39:02.237833,299.0,O00855,P016,-5,order_items_S004_20260603.json,S004,299.0,S004_O00855_P016,NEGATIVE_QUANTITY,2026-06-03T17:43:09.474Z,
20260603,2026-06-03T17:39:02.237833,299.0,O00875,P001,0,order_items_S004_20260603.json,S004,299.0,S004_O00875_P001,ZERO_QUANTITY,2026-06-03T17:43:09.474Z,
20260603,2026-06-03T17:39:02.237833,898.0,O00882,P999,2,order_items_S004_20260603.json,S004,449.0,S004_O00882_P999,INVALID_PRODUCT_ID: P999,2026-06-03T17:43:09.474Z,
20260603,2026-06-03T17:39:20.186841,399.0,O00011,P999,1,order_items_S005_20260603.json,S005,399.0,S005_O00011_P999,INVALID_PRODUCT_ID: P999,2026-06-03T17:43:09.474Z,
20260603,2026-06-03T17:39:20.186841,898.0,O00039,P999,2,order_items_S005_20260603.json,S005,449.0,S005_O00039_P999,INVALID_PRODUCT_ID: P999,2026-06-03T17:43:09.474Z,
20260603,2026-06-03T17:39:20.186841,60.0,O00059,P999,1,order_items_S005_20260603.json,S005,60.0,S005_O00059_P999,INVALID_PRODUCT_ID: P999,2026-06-03T17:43:09.474Z,
20260603,2026-06-03T17:39:20.186841,60.0,O00080,P008,0,order_items_S005_20260603.json,S005,60.0,S005_O00080_P008,ZERO_QUANTITY,2026-06-03T17:43:09.474Z,
20260603,2026-06-03T17:39:20.186841,597.0,O00080,P006,0,order_items_S005_20260603.json,S005,199.0,S005_O00080_P006,ZERO_QUANTITY,2026-06-03T17:43:09.474Z,
20260603,2026-06-03T17:39:20.186841,180.0,O00107,P999,3,order_items_S005_20260603.json,S005,60.0,S005_O00107_P999,INVALID_PRODUCT_ID: P999,2026-06-03T17:43:09.474Z,
20260603,2026-06-03T17:39:20.186841,60.0,O00111,P008,-5,order_items_S005_20260603.json,S005,60.0,S005_O00111_P008,NEGATIVE_QUANTITY,2026-06-03T17:43:09.474Z,
20260603,2026-06-03T17:39:20.186841,537.0,O00116,P014,0,order_items_S005_20260603.json,S005,179.0,S005_O00116_P014,ZERO_QUANTITY,2026-06-03T17:43:09.474Z,
20260603,2026-06-03T17:39:20.186841,897.0,O00117,P001,-5,order_items_S005_20260603.json,S005,299.0,S005_O00117_P001,NEGATIVE_QUANTITY,2026-06-03T17:43:09.474Z,
20260603,2026-06-03T17:39:20.186841,180.0,O00122,P008,-5,order_items_S005_20260603.json,S005,60.0,S005_O00122_P008,NEGATIVE_QUANTITY,2026-06-03T17:43:09.474Z,
20260603,2026-06-03T17:39:20.186841,98.0,O00156,P012,0,order_items_S005_20260603.json,S005,49.0,S005_O00156_P012,ZERO_QUANTITY,2026-06-03T17:43:09.474Z,
20260603,2026-06-03T17:39:20.186841,597.0,O00172,P020,0,order_items_S005_20260603.json,S005,199.0,S005_O00172_P020,ZERO_QUANTITY,2026-06-03T17:43:09.474Z,
20260603,2026-06-03T17:39:20.186841,178.0,O00185,P018,-5,order_items_S005_20260603.json,S005,89.0,S005_O00185_P018,NEGATIVE_QUANTITY,2026-06-03T17:43:09.474Z,
20260603,2026-06-03T17:39:20.186841,449.0,O00243,P004,-5,order_items_S005_20260603.json,S005,449.0,S005_O00243_P004,NEGATIVE_QUANTITY,2026-06-03T17:43:09.474Z,
20260603,2026-06-03T17:39:20.186841,447.0,O00246,P005,-5,order_items_S005_20260603.json,S005,149.0,S005_O00246_P005,NEGATIVE_QUANTITY,2026-06-03T17:43:09.474Z,
20260603,2026-06-03T17:39:20.186841,299.0,O00250,P001,0,order_items_S005_20260603.json,S005,299.0,S005_O00250_P001,ZERO_QUANTITY,2026-06-03T17:43:09.474Z,
20260603,2026-06-03T17:39:20.186841,499.0,O00261,P003,0,order_items_S005_20260603.json,S005,499.0,S005_O00261_P003,ZERO_QUANTITY,2026-06-03T17:43:09.474Z,
20260603,2026-06-03T17:39:20.186841,249.0,O00268,P013,-5,order_items_S005_20260603.json,S005,249.0,S005_O00268_P013,NEGATIVE_QUANTITY,2026-06-03T17:43:09.474Z,
20260603,2026-06-03T17:39:20.186841,449.0,O00273,P999,1,order_items_S005_20260603.json,S005,449.0,S005_O00273_P999,INVALID_PRODUCT_ID: P999,2026-06-03T17:43:09.474Z,
20260603,2026-06-03T17:39:20.186841,447.0,O00279,P999,3,order_items_S005_20260603.json,S005,149.0,S005_O00279_P999,INVALID_PRODUCT_ID: P999,2026-06-03T17:43:09.474Z,
20260603,2026-06-03T17:39:20.186841,249.0,O00323,P013,0,order_items_S005_20260603.json,S005,249.0,S005_O00323_P013,ZERO_QUANTITY,2026-06-03T17:43:09.474Z,
20260603,2026-06-03T17:39:20.186841,98.0,O00347,P012,-5,order_items_S005_20260603.json,S005,49.0,S005_O00347_P012,NEGATIVE_QUANTITY,2026-06-03T17:43:09.474Z,
20260603,2026-06-03T17:39:20.186841,897.0,O00348,P001,0,order_items_S005_20260603.json,S005,299.0,S005_O00348_P001,ZERO_QUANTITY,2026-06-03T17:43:09.474Z,
20260603,2026-06-03T17:39:20.186841,258.0,O00358,P010,0,order_items_S005_20260603.json,S005,129.0,S005_O00358_P010,ZERO_QUANTITY,2026-06-03T17:43:09.474Z,
20260603,2026-06-03T17:39:20.186841,598.0,O00362,P001,0,order_items_S005_20260603.json,S005,299.0,S005_O00362_P001,ZERO_QUANTITY,2026-06-03T17:43:09.474Z,
20260603,2026-06-03T17:39:20.186841,998.0,O00383,P999,2,order_items_S005_20260603.json,S005,499.0,S005_O00383_P999,INVALID_PRODUCT_ID: P999,2026-06-03T17:43:09.474Z,
20260603,2026-06-03T17:39:20.186841,180.0,O00390,P008,0,order_items_S005_20260603.json,S005,60.0,S005_O00390_P008,ZERO_QUANTITY,2026-06-03T17:43:09.474Z,
20260603,2026-06-03T17:39:20.186841,89.0,O00410,P018,0,order_items_S005_20260603.json,S005,89.0,S005_O00410_P018,ZERO_QUANTITY,2026-06-03T17:43:09.474Z,
20260603,2026-06-03T17:39:20.186841,149.0,O00411,P005,-5,order_items_S005_20260603.json,S005,149.0,S005_O00411_P005,NEGATIVE_QUANTITY,2026-06-03T17:43:09.474Z,
20260603,2026-06-03T17:39:20.186841,598.0,O00416,P001,-5,order_items_S005_20260603.json,S005,299.0,S005_O00416_P001,NEGATIVE_QUANTITY,2026-06-03T17:43:09.474Z,
20260603,2026-06-03T17:39:20.186841,180.0,O00436,P999,3,order_items_S005_20260603.json,S005,60.0,S005_O00436_P999,INVALID_PRODUCT_ID: P999,2026-06-03T17:43:09.474Z,
20260603,2026-06-03T17:39:20.186841,199.0,O00440,P999,1,order_items_S005_20260603.json,S005,199.0,S005_O00440_P999,INVALID_PRODUCT_ID: P999,2026-06-03T17:43:09.474Z,
20260603,2026-06-03T17:39:20.186841,180.0,O00449,P008,-5,order_items_S005_20260603.json,S005,60.0,S005_O00449_P008,NEGATIVE_QUANTITY,2026-06-03T17:43:09.474Z,
20260603,2026-06-03T17:39:20.186841,598.0,O00464,P001,-5,order_items_S005_20260603.json,S005,299.0,S005_O00464_P001,NEGATIVE_QUANTITY,2026-06-03T17:43:09.474Z,
20260603,2026-06-03T17:39:20.186841,229.0,O00471,P015,-5,order_items_S005_20260603.json,S005,229.0,S005_O00471_P015,NEGATIVE_QUANTITY,2026-06-03T17:43:09.474Z,
20260603,2026-06-03T17:39:20.186841,49.0,O00478,P999,1,order_items_S005_20260603.json,S005,49.0,S005_O00478_P999,INVALID_PRODUCT_ID: P999,2026-06-03T17:43:09.474Z,
20260603,2026-06-03T17:39:20.186841,798.0,O00486,P999,2,order_items_S005_20260603.json,S005,399.0,S005_O00486_P999,INVALID_PRODUCT_ID: P999,2026-06-03T17:43:09.474Z,
20260603,2026-06-03T17:39:20.186841,598.0,O00511,P001,0,order_items_S005_20260603.json,S005,299.0,S005_O00511_P001,ZERO_QUANTITY,2026-06-03T17:43:09.474Z,
20260603,2026-06-03T17:39:20.186841,179.0,O00517,P014,-5,order_items_S005_20260603.json,S005,179.0,S005_O00517_P014,NEGATIVE_QUANTITY,2026-06-03T17:43:09.474Z,
20260603,2026-06-03T17:39:20.186841,180.0,O00521,P007,0,order_items_S005_20260603.json,S005,60.0,S005_O00521_P007,ZERO_QUANTITY,2026-06-03T17:43:09.474Z,
20260603,2026-06-03T17:39:20.186841,399.0,O00521,P002,0,order_items_S005_20260603.json,S005,399.0,S005_O00521_P002,ZERO_QUANTITY,2026-06-03T17:43:09.474Z,
20260603,2026-06-03T17:39:20.186841,1347.0,O00532,P004,-5,order_items_S005_20260603.json,S005,449.0,S005_O00532_P004,NEGATIVE_QUANTITY,2026-06-03T17:43:09.474Z,
20260603,2026-06-03T17:39:20.186841,129.0,O00536,P010,0,order_items_S005_20260603.json,S005,129.0,S005_O00536_P010,ZERO_QUANTITY,2026-06-03T17:43:09.474Z,
20260603,2026-06-03T17:39:20.186841,60.0,O00549,P999,1,order_items_S005_20260603.json,S005,60.0,S005_O00549_P999,INVALID_PRODUCT_ID: P999,2026-06-03T17:43:09.474Z,
20260603,2026-06-03T17:39:20.186841,258.0,O00552,P010,-5,order_items_S005_20260603.json,S005,129.0,S005_O00552_P010,NEGATIVE_QUANTITY,2026-06-03T17:43:09.474Z,
20260603,2026-06-03T17:39:20.186841,998.0,O00553,P003,-5,order_items_S005_20260603.json,S005,499.0,S005_O00553_P003,NEGATIVE_QUANTITY,2026-06-03T17:43:09.474Z,
20260603,2026-06-03T17:39:20.186841,399.0,O00554,P999,1,order_items_S005_20260603.json,S005,399.0,S005_O00554_P999,INVALID_PRODUCT_ID: P999,2026-06-03T17:43:09.474Z,
20260603,2026-06-03T17:39:20.186841,180.0,O00569,P007,-5,order_items_S005_20260603.json,S005,60.0,S005_O00569_P007,NEGATIVE_QUANTITY,2026-06-03T17:43:09.474Z,
20260603,2026-06-03T17:39:20.186841,180.0,O00592,P999,3,order_items_S005_20260603.json,S005,60.0,S005_O00592_P999,INVALID_PRODUCT_ID: P999,2026-06-03T17:43:09.474Z,
20260603,2026-06-03T17:39:20.186841,267.0,O00618,P018,-5,order_items_S005_20260603.json,S005,89.0,S005_O00618_P018,NEGATIVE_QUANTITY,2026-06-03T17:43:09.474Z,
20260603,2026-06-03T17:39:20.186841,89.0,O00625,P999,1,order_items_S005_20260603.json,S005,89.0,S005_O00625_P999,INVALID_PRODUCT_ID: P999,2026-06-03T17:43:09.474Z,
20260603,2026-06-03T17:39:20.186841,398.0,O00627,P020,0,order_items_S005_20260603.json,S005,199.0,S005_O00627_P020,ZERO_QUANTITY,2026-06-03T17:43:09.474Z,
20260603,2026-06-03T17:39:20.186841,199.0,O00645,P999,1,order_items_S005_20260603.json,S005,199.0,S005_O00645_P999,INVALID_PRODUCT_ID: P999,2026-06-03T17:43:09.474Z,
20260603,2026-06-03T17:39:20.186841,198.0,O00674,P999,2,order_items_S005_20260603.json,S005,99.0,S005_O00674_P999,INVALID_PRODUCT_ID: P999,2026-06-03T17:43:09.474Z,
20260603,2026-06-03T17:39:20.186841,229.0,O00678,P015,-5,order_items_S005_20260603.json,S005,229.0,S005_O00678_P015,NEGATIVE_QUANTITY,2026-06-03T17:43:09.474Z,
20260603,2026-06-03T17:39:20.186841,998.0,O00684,P999,2,order_items_S005_20260603.json,S005,499.0,S005_O00684_P999,INVALID_PRODUCT_ID: P999,2026-06-03T17:43:09.474Z,
20260603,2026-06-03T17:39:20.186841,1197.0,O00684,P002,0,order_items_S005_20260603.json,S005,399.0,S005_O00684_P002,ZERO_QUANTITY,2026-06-03T17:43:09.474Z,
20260603,2026-06-03T17:39:20.186841,897.0,O00687,P001,0,order_items_S005_20260603.json,S005,299.0,S005_O00687_P001,ZERO_QUANTITY,2026-06-03T17:43:09.474Z,
20260603,2026-06-03T17:39:20.186841,449.0,O00689,P999,1,order_items_S005_20260603.json,S005,449.0,S005_O00689_P999,INVALID_PRODUCT_ID: P999,2026-06-03T17:43:09.474Z,
20260603,2026-06-03T17:39:20.186841,299.0,O00746,P001,0,order_items_S005_20260603.json,S005,299.0,S005_O00746_P001,ZERO_QUANTITY,2026-06-03T17:43:09.474Z,
20260603,2026-06-03T17:39:20.186841,299.0,O00754,P001,0,order_items_S005_20260603.json,S005,299.0,S005_O00754_P001,ZERO_QUANTITY,2026-06-03T17:43:09.474Z,
20260603,2026-06-03T17:39:20.186841,597.0,O00760,P006,-5,order_items_S005_20260603.json,S005,199.0,S005_O00760_P006,NEGATIVE_QUANTITY,2026-06-03T17:43:09.474Z,
20260603,2026-06-03T17:39:20.186841,180.0,O00783,P007,-5,order_items_S005_20260603.json,S005,60.0,S005_O00783_P007,NEGATIVE_QUANTITY,2026-06-03T17:43:09.474Z,
20260603,2026-06-03T17:39:20.186841,449.0,O00785,P999,1,order_items_S005_20260603.json,S005,449.0,S005_O00785_P999,INVALID_PRODUCT_ID: P999,2026-06-03T17:43:09.474Z,
20260603,2026-06-03T17:39:20.186841,398.0,O00825,P006,-5,order_items_S005_20260603.json,S005,199.0,S005_O00825_P006,NEGATIVE_QUANTITY,2026-06-03T17:43:09.474Z,
20260603,2026-06-03T17:39:20.186841,597.0,O00857,P999,3,order_items_S005_20260603.json,S005,199.0,S005_O00857_P999,INVALID_PRODUCT_ID: P999,2026-06-03T17:43:09.474Z,
20260603,2026-06-03T17:39:20.186841,120.0,O00862,P999,2,order_items_S005_20260603.json,S005,60.0,S005_O00862_P999,INVALID_PRODUCT_ID: P999,2026-06-03T17:43:09.474Z,
20260603,2026-06-03T17:39:20.186841,229.0,O00874,P015,0,order_items_S005_20260603.json,S005,229.0,S005_O00874_P015,ZERO_QUANTITY,2026-06-03T17:43:09.474Z,
20260603,2026-06-03T17:39:20.186841,49.0,O00883,P999,1,order_items_S005_20260603.json,S005,49.0,S005_O00883_P999,INVALID_PRODUCT_ID: P999,2026-06-03T17:43:09.474Z,
20260603,2026-06-03T17:38:57.867061,249.0,O00001,P013,0,order_items_S006_20260603.json,S006,249.0,S006_O00001_P013,ZERO_QUANTITY,2026-06-03T17:43:09.474Z,
20260603,2026-06-03T17:38:57.867061,298.0,O00023,P005,-5,order_items_S006_20260603.json,S006,149.0,S006_O00023_P005,NEGATIVE_QUANTITY,2026-06-03T17:43:09.474Z,
20260603,2026-06-03T17:38:57.867061,180.0,O00038,P007,0,order_items_S006_20260603.json,S006,60.0,S006_O00038_P007,ZERO_QUANTITY,2026-06-03T17:43:09.474Z,
20260603,2026-06-03T17:38:57.867061,399.0,O00043,P002,0,order_items_S006_20260603.json,S006,399.0,S006_O00043_P002,ZERO_QUANTITY,2026-06-03T17:43:09.474Z,
20260603,2026-06-03T17:38:57.867061,747.0,O00064,P013,0,order_items_S006_20260603.json,S006,249.0,S006_O00064_P013,ZERO_QUANTITY,2026-06-03T17:43:09.474Z,
20260603,2026-06-03T17:38:57.867061,180.0,O00091,P007,0,order_items_S006_20260603.json,S006,60.0,S006_O00091_P007,ZERO_QUANTITY,2026-06-03T17:43:09.474Z,
20260603,2026-06-03T17:38:57.867061,798.0,O00096,P999,2,order_items_S006_20260603.json,S006,399.0,S006_O00096_P999,INVALID_PRODUCT_ID: P999,2026-06-03T17:43:09.474Z,
20260603,2026-06-03T17:38:57.867061,120.0,O00097,P999,2,order_items_S006_20260603.json,S006,60.0,S006_O00097_P999,INVALID_PRODUCT_ID: P999,2026-06-03T17:43:09.474Z,
20260603,2026-06-03T17:38:57.867061,358.0,O00104,P999,2,order_items_S006_20260603.json,S006,179.0,S006_O00104_P999,INVALID_PRODUCT_ID: P999,2026-06-03T17:43:09.474Z,
20260603,2026-06-03T17:38:57.867061,198.0,O00107,P999,2,order_items_S006_20260603.json,S006,99.0,S006_O00107_P999,INVALID_PRODUCT_ID: P999,2026-06-03T17:43:09.474Z,
20260603,2026-06-03T17:38:57.867061,897.0,O00111,P016,0,order_items_S006_20260603.json,S006,299.0,S006_O00111_P016,ZERO_QUANTITY,2026-06-03T17:43:09.474Z,
20260603,2026-06-03T17:38:57.867061,998.0,O00111,P003,-5,order_items_S006_20260603.json,S006,499.0,S006_O00111_P003,NEGATIVE_QUANTITY,2026-06-03T17:43:09.474Z,
20260603,2026-06-03T17:38:57.867061,49.0,O00114,P012,-5,order_items_S006_20260603.json,S006,49.0,S006_O00114_P012,NEGATIVE_QUANTITY,2026-06-03T17:43:09.474Z,
20260603,2026-06-03T17:38:57.867061,1347.0,O00157,P004,-5,order_items_S006_20260603.json,S006,449.0,S006_O00157_P004,NEGATIVE_QUANTITY,2026-06-03T17:43:09.474Z,
20260603,2026-06-03T17:38:57.867061,298.0,O00163,P017,-5,order_items_S006_20260603.json,S006,149.0,S006_O00163_P017,NEGATIVE_QUANTITY,2026-06-03T17:43:09.474Z,
20260603,2026-06-03T17:38:57.867061,1497.0,O00164,P003,0,order_items_S006_20260603.json,S006,499.0,S006_O00164_P003,ZERO_QUANTITY,2026-06-03T17:43:09.474Z,
20260603,2026-06-03T17:38:57.867061,180.0,O00165,P999,3,order_items_S006_20260603.json,S006,60.0,S006_O00165_P999,INVALID_PRODUCT_ID: P999,2026-06-03T17:43:09.474Z,
20260603,2026-06-03T17:38:57.867061,298.0,O00167,P005,-5,order_items_S006_20260603.json,S006,149.0,S006_O00167_P005,NEGATIVE_QUANTITY,2026-06-03T17:43:09.474Z,
20260603,2026-06-03T17:38:57.867061,1197.0,O00168,P002,0,order_items_S006_20260603.json,S006,399.0,S006_O00168_P002,ZERO_QUANTITY,2026-06-03T17:43:09.474Z,
20260603,2026-06-03T17:38:57.867061,297.0,O00176,P999,3,order_items_S006_20260603.json,S006,99.0,S006_O00176_P999,INVALID_PRODUCT_ID: P999,2026-06-03T17:43:09.474Z,
20260603,2026-06-03T17:38:57.867061,507.0,O00209,P011,-5,order_items_S006_20260603.json,S006,169.0,S006_O00209_P011,NEGATIVE_QUANTITY,2026-06-03T17:43:09.474Z,
20260603,2026-06-03T17:38:57.867061,169.0,O00243,P011,-5,order_items_S006_20260603.json,S006,169.0,S006_O00243_P011,NEGATIVE_QUANTITY,2026-06-03T17:43:09.474Z,
20260603,2026-06-03T17:38:57.867061,180.0,O00245,P999,3,order_items_S006_20260603.json,S006,60.0,S006_O00245_P999,INVALID_PRODUCT_ID: P999,2026-06-03T17:43:09.474Z,
20260603,2026-06-03T17:38:57.867061,180.0,O00248,P007,-5,order_items_S006_20260603.json,S006,60.0,S006_O00248_P007,NEGATIVE_QUANTITY,2026-06-03T17:43:09.474Z,
20260603,2026-06-03T17:38:57.867061,399.0,O00252,P002,0,order_items_S006_20260603.json,S006,399.0,S006_O00252_P002,ZERO_QUANTITY,2026-06-03T17:43:09.474Z,
20260603,2026-06-03T17:38:57.867061,180.0,O00287,P007,-5,order_items_S006_20260603.json,S006,60.0,S006_O00287_P007,NEGATIVE_QUANTITY,2026-06-03T17:43:09.474Z,
20260603,2026-06-03T17:38:57.867061,98.0,O00294,P999,2,order_items_S006_20260603.json,S006,49.0,S006_O00294_P999,INVALID_PRODUCT_ID: P999,2026-06-03T17:43:09.474Z,
20260603,2026-06-03T17:38:57.867061,499.0,O00297,P003,0,order_items_S006_20260603.json,S006,499.0,S006_O00297_P003,ZERO_QUANTITY,2026-06-03T17:43:09.474Z,
20260603,2026-06-03T17:38:57.867061,299.0,O00304,P016,0,order_items_S006_20260603.json,S006,299.0,S006_O00304_P016,ZERO_QUANTITY,2026-06-03T17:43:09.474Z,
20260603,2026-06-03T17:38:57.867061,229.0,O00321,P015,0,order_items_S006_20260603.json,S006,229.0,S006_O00321_P015,ZERO_QUANTITY,2026-06-03T17:43:09.474Z,
20260603,2026-06-03T17:38:57.867061,180.0,O00337,P999,3,order_items_S006_20260603.json,S006,60.0,S006_O00337_P999,INVALID_PRODUCT_ID: P999,2026-06-03T17:43:09.474Z,
20260603,2026-06-03T17:38:57.867061,898.0,O00340,P004,-5,order_items_S006_20260603.json,S006,449.0,S006_O00340_P004,NEGATIVE_QUANTITY,2026-06-03T17:43:09.474Z,
20260603,2026-06-03T17:38:57.867061,89.0,O00351,P999,1,order_items_S006_20260603.json,S006,89.0,S006_O00351_P999,INVALID_PRODUCT_ID: P999,2026-06-03T17:43:09.474Z,
20260603,2026-06-03T17:38:57.867061,229.0,O00364,P015,-5,order_items_S006_20260603.json,S006,229.0,S006_O00364_P015,NEGATIVE_QUANTITY,2026-06-03T17:43:09.474Z,
20260603,2026-06-03T17:38:57.867061,537.0,O00370,P999,3,order_items_S006_20260603.json,S006,179.0,S006_O00370_P999,INVALID_PRODUCT_ID: P999,2026-06-03T17:43:09.474Z,
20260603,2026-06-03T17:38:57.867061,499.0,O00372,P999,1,order_items_S006_20260603.json,S006,499.0,S006_O00372_P999,INVALID_PRODUCT_ID: P999,2026-06-03T17:43:09.474Z,
20260603,2026-06-03T17:38:57.867061,299.0,O00376,P001,0,order_items_S006_20260603.json,S006,299.0,S006_O00376_P001,ZERO_QUANTITY,2026-06-03T17:43:09.474Z,
20260603,2026-06-03T17:38:57.867061,120.0,O00405,P999,2,order_items_S006_20260603.json,S006,60.0,S006_O00405_P999,INVALID_PRODUCT_ID: P999,2026-06-03T17:43:09.474Z,
20260603,2026-06-03T17:38:57.867061,98.0,O00408,P999,2,order_items_S006_20260603.json,S006,49.0,S006_O00408_P999,INVALID_PRODUCT_ID: P999,2026-06-03T17:43:09.474Z,
20260603,2026-06-03T17:38:57.867061,60.0,O00422,P007,-5,order_items_S006_20260603.json,S006,60.0,S006_O00422_P007,NEGATIVE_QUANTITY,2026-06-03T17:43:09.474Z,
20260603,2026-06-03T17:38:57.867061,897.0,O00433,P016,0,order_items_S006_20260603.json,S006,299.0,S006_O00433_P016,ZERO_QUANTITY,2026-06-03T17:43:09.474Z,
20260603,2026-06-03T17:38:57.867061,449.0,O00467,P004,0,order_items_S006_20260603.json,S006,449.0,S006_O00467_P004,ZERO_QUANTITY,2026-06-03T17:43:09.474Z,
20260603,2026-06-03T17:38:57.867061,299.0,O00475,P999,1,order_items_S006_20260603.json,S006,299.0,S006_O00475_P999,INVALID_PRODUCT_ID: P999,2026-06-03T17:43:09.474Z,
20260603,2026-06-03T17:38:57.867061,598.0,O00487,P001,0,order_items_S006_20260603.json,S006,299.0,S006_O00487_P001,ZERO_QUANTITY,2026-06-03T17:43:09.474Z,
20260603,2026-06-03T17:38:57.867061,598.0,O00554,P001,0,order_items_S006_20260603.json,S006,299.0,S006_O00554_P001,ZERO_QUANTITY,2026-06-03T17:43:09.474Z,
20260603,2026-06-03T17:38:57.867061,998.0,O00579,P003,-5,order_items_S006_20260603.json,S006,499.0,S006_O00579_P003,NEGATIVE_QUANTITY,2026-06-03T17:43:09.474Z,
20260603,2026-06-03T17:38:57.867061,1197.0,O00584,P002,-5,order_items_S006_20260603.json,S006,399.0,S006_O00584_P002,NEGATIVE_QUANTITY,2026-06-03T17:43:09.474Z,
20260603,2026-06-03T17:38:57.867061,180.0,O00611,P008,-5,order_items_S006_20260603.json,S006,60.0,S006_O00611_P008,NEGATIVE_QUANTITY,2026-06-03T17:43:09.474Z,
20260603,2026-06-03T17:38:57.867061,1197.0,O00626,P999,3,order_items_S006_20260603.json,S006,399.0,S006_O00626_P999,INVALID_PRODUCT_ID: P999,2026-06-03T17:43:09.474Z,
20260603,2026-06-03T17:38:57.867061,98.0,O00627,P012,-5,order_items_S006_20260603.json,S006,49.0,S006_O00627_P012,NEGATIVE_QUANTITY,2026-06-03T17:43:09.474Z,
20260603,2026-06-03T17:38:57.867061,449.0,O00667,P004,0,order_items_S006_20260603.json,S006,449.0,S006_O00667_P004,ZERO_QUANTITY,2026-06-03T17:43:09.474Z,
20260603,2026-06-03T17:38:57.867061,178.0,O00673,P018,0,order_items_S006_20260603.json,S006,89.0,S006_O00673_P018,ZERO_QUANTITY,2026-06-03T17:43:09.474Z,
20260603,2026-06-03T17:38:57.867061,89.0,O00675,P018,0,order_items_S006_20260603.json,S006,89.0,S006_O00675_P018,ZERO_QUANTITY,2026-06-03T17:43:09.474Z,
20260603,2026-06-03T17:38:57.867061,199.0,O00678,P020,-5,order_items_S006_20260603.json,S006,199.0,S006_O00678_P020,NEGATIVE_QUANTITY,2026-06-03T17:43:09.474Z,
20260603,2026-06-03T17:38:57.867061,199.0,O00696,P020,0,order_items_S006_20260603.json,S006,199.0,S006_O00696_P020,ZERO_QUANTITY,2026-06-03T17:43:09.474Z,
20260603,2026-06-03T17:38:57.867061,60.0,O00697,P999,1,order_items_S006_20260603.json,S006,60.0,S006_O00697_P999,INVALID_PRODUCT_ID: P999,2026-06-03T17:43:09.474Z,
20260603,2026-06-03T17:38:57.867061,258.0,O00699,P010,-5,order_items_S006_20260603.json,S006,129.0,S006_O00699_P010,NEGATIVE_QUANTITY,2026-06-03T17:43:09.474Z,
20260603,2026-06-03T17:38:57.867061,399.0,O00715,P999,1,order_items_S006_20260603.json,S006,399.0,S006_O00715_P999,INVALID_PRODUCT_ID: P999,2026-06-03T17:43:09.474Z,
20260603,2026-06-03T17:38:57.867061,60.0,O00717,P008,-5,order_items_S006_20260603.json,S006,60.0,S006_O00717_P008,NEGATIVE_QUANTITY,2026-06-03T17:43:09.474Z,
20260603,2026-06-03T17:38:57.867061,387.0,O00740,P999,3,order_items_S006_20260603.json,S006,129.0,S006_O00740_P999,INVALID_PRODUCT_ID: P999,2026-06-03T17:43:09.474Z,
20260603,2026-06-03T17:38:57.867061,98.0,O00760,P999,2,order_items_S006_20260603.json,S006,49.0,S006_O00760_P999,INVALID_PRODUCT_ID: P999,2026-06-03T17:43:09.474Z,
20260603,2026-06-03T17:38:57.867061,597.0,O00777,P999,3,order_items_S006_20260603.json,S006,199.0,S006_O00777_P999,INVALID_PRODUCT_ID: P999,2026-06-03T17:43:09.474Z,
20260603,2026-06-03T17:38:57.867061,298.0,O00785,P005,-5,order_items_S006_20260603.json,S006,149.0,S006_O00785_P005,NEGATIVE_QUANTITY,2026-06-03T17:43:09.474Z,
20260603,2026-06-03T17:39:00.876080,249.0,O00019,P013,0,order_items_S003_20260603.json,S003,249.0,S003_O00019_P013,ZERO_QUANTITY,2026-06-03T17:43:09.474Z,
20260603,2026-06-03T17:39:00.876080,1197.0,O00036,P002,0,order_items_S003_20260603.json,S003,399.0,S003_O00036_P002,ZERO_QUANTITY,2026-06-03T17:43:09.474Z,
20260603,2026-06-03T17:39:00.876080,598.0,O00039,P001,-5,order_items_S003_20260603.json,S003,299.0,S003_O00039_P001,NEGATIVE_QUANTITY,2026-06-03T17:43:09.474Z,
20260603,2026-06-03T17:39:00.876080,998.0,O00050,P999,2,order_items_S003_20260603.json,S003,499.0,S003_O00050_P999,INVALID_PRODUCT_ID: P999,2026-06-03T17:43:09.474Z,
20260603,2026-06-03T17:39:00.876080,180.0,O00057,P999,3,order_items_S003_20260603.json,S003,60.0,S003_O00057_P999,INVALID_PRODUCT_ID: P999,2026-06-03T17:43:09.474Z,
20260603,2026-06-03T17:39:00.876080,89.0,O00064,P999,1,order_items_S003_20260603.json,S003,89.0,S003_O00064_P999,INVALID_PRODUCT_ID: P999,2026-06-03T17:43:09.474Z,
20260603,2026-06-03T17:39:00.876080,249.0,O00067,P013,0,order_items_S003_20260603.json,S003,249.0,S003_O00067_P013,ZERO_QUANTITY,2026-06-03T17:43:09.474Z,
20260603,2026-06-03T17:39:00.876080,149.0,O00068,P999,1,order_items_S003_20260603.json,S003,149.0,S003_O00068_P999,INVALID_PRODUCT_ID: P999,2026-06-03T17:43:09.474Z,
20260603,2026-06-03T17:39:00.876080,597.0,O00110,P020,-5,order_items_S003_20260603.json,S003,199.0,S003_O00110_P020,NEGATIVE_QUANTITY,2026-06-03T17:43:09.474Z,
20260603,2026-06-03T17:39:00.876080,498.0,O00112,P013,0,order_items_S003_20260603.json,S003,249.0,S003_O00112_P013,ZERO_QUANTITY,2026-06-03T17:43:09.474Z,
20260603,2026-06-03T17:39:00.876080,499.0,O00147,P999,1,order_items_S003_20260603.json,S003,499.0,S003_O00147_P999,INVALID_PRODUCT_ID: P999,2026-06-03T17:43:09.474Z,
20260603,2026-06-03T17:39:00.876080,180.0,O00149,P008,0,order_items_S003_20260603.json,S003,60.0,S003_O00149_P008,ZERO_QUANTITY,2026-06-03T17:43:09.474Z,
20260603,2026-06-03T17:39:00.876080,249.0,O00214,P013,-5,order_items_S003_20260603.json,S003,249.0,S003_O00214_P013,NEGATIVE_QUANTITY,2026-06-03T17:43:09.474Z,
20260603,2026-06-03T17:39:00.876080,798.0,O00220,P999,2,order_items_S003_20260603.json,S003,399.0,S003_O00220_P999,INVALID_PRODUCT_ID: P999,2026-06-03T17:43:09.474Z,
20260603,2026-06-03T17:39:00.876080,687.0,O00220,P015,0,order_items_S003_20260603.json,S003,229.0,S003_O00220_P015,ZERO_QUANTITY,2026-06-03T17:43:09.474Z,
20260603,2026-06-03T17:39:00.876080,298.0,O00225,P999,2,order_items_S003_20260603.json,S003,149.0,S003_O00225_P999,INVALID_PRODUCT_ID: P999,2026-06-03T17:43:09.474Z,
20260603,2026-06-03T17:39:00.876080,447.0,O00228,P005,0,order_items_S003_20260603.json,S003,149.0,S003_O00228_P005,ZERO_QUANTITY,2026-06-03T17:43:09.474Z,
20260603,2026-06-03T17:39:00.876080,399.0,O00239,P002,0,order_items_S003_20260603.json,S003,399.0,S003_O00239_P002,ZERO_QUANTITY,2026-06-03T17:43:09.474Z,
20260603,2026-06-03T17:39:00.876080,129.0,O00245,P999,1,order_items_S003_20260603.json,S003,129.0,S003_O00245_P999,INVALID_PRODUCT_ID: P999,2026-06-03T17:43:09.474Z,
20260603,2026-06-03T17:39:00.876080,179.0,O00245,P999,1,order_items_S003_20260603.json,S003,179.0,S003_O00245_P999,INVALID_PRODUCT_ID: P999,2026-06-03T17:43:09.474Z,
20260603,2026-06-03T17:39:00.876080,449.0,O00247,P004,-5,order_items_S003_20260603.json,S003,449.0,S003_O00247_P004,NEGATIVE_QUANTITY,2026-06-03T17:43:09.474Z,
20260603,2026-06-03T17:39:00.876080,297.0,O00269,P009,-5,order_items_S003_20260603.json,S003,99.0,S003_O00269_P009,NEGATIVE_QUANTITY,2026-06-03T17:43:09.474Z,
20260603,2026-06-03T17:39:00.876080,449.0,O00278,P004,-5,order_items_S003_20260603.json,S003,449.0,S003_O00278_P004,NEGATIVE_QUANTITY,2026-06-03T17:43:09.474Z,
20260603,2026-06-03T17:39:00.876080,267.0,O00284,P999,3,order_items_S003_20260603.json,S003,89.0,S003_O00284_P999,INVALID_PRODUCT_ID: P999,2026-06-03T17:43:09.474Z,
20260603,2026-06-03T17:39:00.876080,499.0,O00285,P999,1,order_items_S003_20260603.json,S003,499.0,S003_O00285_P999,INVALID_PRODUCT_ID: P999,2026-06-03T17:43:09.474Z,
20260603,2026-06-03T17:39:00.876080,898.0,O00302,P999,2,order_items_S003_20260603.json,S003,449.0,S003_O00302_P999,INVALID_PRODUCT_ID: P999,2026-06-03T17:43:09.474Z,
20260603,2026-06-03T17:39:00.876080,747.0,O00315,P013,-5,order_items_S003_20260603.json,S003,249.0,S003_O00315_P013,NEGATIVE_QUANTITY,2026-06-03T17:43:09.474Z,
20260603,2026-06-03T17:39:00.876080,398.0,O00358,P020,-5,order_items_S003_20260603.json,S003,199.0,S003_O00358_P020,NEGATIVE_QUANTITY,2026-06-03T17:43:09.474Z,
20260603,2026-06-03T17:39:00.876080,60.0,O00359,P007,0,order_items_S003_20260603.json,S003,60.0,S003_O00359_P007,ZERO_QUANTITY,2026-06-03T17:43:09.474Z,
20260603,2026-06-03T17:39:00.876080,60.0,O00365,P999,1,order_items_S003_20260603.json,S003,60.0,S003_O00365_P999,INVALID_PRODUCT_ID: P999,2026-06-03T17:43:09.474Z,
20260603,2026-06-03T17:39:00.876080,498.0,O00372,P013,-5,order_items_S003_20260603.json,S003,249.0,S003_O00372_P013,NEGATIVE_QUANTITY,2026-06-03T17:43:09.474Z,
20260603,2026-06-03T17:39:00.876080,258.0,O00377,P010,-5,order_items_S003_20260603.json,S003,129.0,S003_O00377_P010,NEGATIVE_QUANTITY,2026-06-03T17:43:09.474Z,
20260603,2026-06-03T17:39:00.876080,398.0,O00399,P999,2,order_items_S003_20260603.json,S003,199.0,S003_O00399_P999,INVALID_PRODUCT_ID: P999,2026-06-03T17:43:09.474Z,
20260603,2026-06-03T17:39:00.876080,120.0,O00403,P008,-5,order_items_S003_20260603.json,S003,60.0,S003_O00403_P008,NEGATIVE_QUANTITY,2026-06-03T17:43:09.474Z,
20260603,2026-06-03T17:39:00.876080,399.0,O00404,P999,1,order_items_S003_20260603.json,S003,399.0,S003_O00404_P999,INVALID_PRODUCT_ID: P999,2026-06-03T17:43:09.474Z,
20260603,2026-06-03T17:39:00.876080,89.0,O00405,P018,0,order_items_S003_20260603.json,S003,89.0,S003_O00405_P018,ZERO_QUANTITY,2026-06-03T17:43:09.474Z,
20260603,2026-06-03T17:39:00.876080,597.0,O00424,P006,0,order_items_S003_20260603.json,S003,199.0,S003_O00424_P006,ZERO_QUANTITY,2026-06-03T17:43:09.474Z,
20260603,2026-06-03T17:39:00.876080,299.0,O00425,P001,-5,order_items_S003_20260603.json,S003,299.0,S003_O00425_P001,NEGATIVE_QUANTITY,2026-06-03T17:43:09.474Z,
20260603,2026-06-03T17:39:00.876080,398.0,O00454,P020,0,order_items_S003_20260603.json,S003,199.0,S003_O00454_P020,ZERO_QUANTITY,2026-06-03T17:43:09.474Z,
20260603,2026-06-03T17:39:00.876080,1197.0,O00457,P999,3,order_items_S003_20260603.json,S003,399.0,S003_O00457_P999,INVALID_PRODUCT_ID: P999,2026-06-03T17:43:09.474Z,
20260603,2026-06-03T17:39:00.876080,897.0,O00480,P001,-5,order_items_S003_20260603.json,S003,299.0,S003_O00480_P001,NEGATIVE_QUANTITY,2026-06-03T17:43:09.474Z,
20260603,2026-06-03T17:39:00.876080,598.0,O00500,P001,0,order_items_S003_20260603.json,S003,299.0,S003_O00500_P001,ZERO_QUANTITY,2026-06-03T17:43:09.474Z,
20260603,2026-06-03T17:39:00.876080,299.0,O00510,P001,0,order_items_S003_20260603.json,S003,299.0,S003_O00510_P001,ZERO_QUANTITY,2026-06-03T17:43:09.474Z,
20260603,2026-06-03T17:39:00.876080,149.0,O00517,P005,-5,order_items_S003_20260603.json,S003,149.0,S003_O00517_P005,NEGATIVE_QUANTITY,2026-06-03T17:43:09.474Z,
20260603,2026-06-03T17:39:00.876080,20.0,O00524,P019,0,order_items_S003_20260603.json,S003,20.0,S003_O00524_P019,ZERO_QUANTITY,2026-06-03T17:43:09.474Z,
20260603,2026-06-03T17:39:00.876080,897.0,O00525,P001,-5,order_items_S003_20260603.json,S003,299.0,S003_O00525_P001,NEGATIVE_QUANTITY,2026-06-03T17:43:09.474Z,
20260603,2026-06-03T17:39:00.876080,299.0,O00531,P001,0,order_items_S003_20260603.json,S003,299.0,S003_O00531_P001,ZERO_QUANTITY,2026-06-03T17:43:09.474Z,
20260603,2026-06-03T17:39:00.876080,299.0,O00570,P001,0,order_items_S003_20260603.json,S003,299.0,S003_O00570_P001,ZERO_QUANTITY,2026-06-03T17:43:09.474Z,
20260603,2026-06-03T17:39:00.876080,98.0,O00629,P012,0,order_items_S003_20260603.json,S003,49.0,S003_O00629_P012,ZERO_QUANTITY,2026-06-03T17:43:09.474Z,
20260603,2026-06-03T17:39:00.876080,898.0,O00648,P999,2,order_items_S003_20260603.json,S003,449.0,S003_O00648_P999,INVALID_PRODUCT_ID: P999,2026-06-03T17:43:09.474Z,
20260603,2026-06-03T17:39:00.876080,229.0,O00652,P015,-5,order_items_S003_20260603.json,S003,229.0,S003_O00652_P015,NEGATIVE_QUANTITY,2026-06-03T17:43:09.474Z,
20260603,2026-06-03T17:39:00.876080,387.0,O00656,P010,-5,order_items_S003_20260603.json,S003,129.0,S003_O00656_P010,NEGATIVE_QUANTITY,2026-06-03T17:43:09.474Z,
20260603,2026-06-03T17:39:00.876080,199.0,O00659,P999,1,order_items_S003_20260603.json,S003,199.0,S003_O00659_P999,INVALID_PRODUCT_ID: P999,2026-06-03T17:43:09.474Z,
20260603,2026-06-03T17:39:00.876080,178.0,O00665,P018,-5,order_items_S003_20260603.json,S003,89.0,S003_O00665_P018,NEGATIVE_QUANTITY,2026-06-03T17:43:09.474Z,
20260603,2026-06-03T17:39:00.876080,149.0,O00674,P005,-5,order_items_S003_20260603.json,S003,149.0,S003_O00674_P005,NEGATIVE_QUANTITY,2026-06-03T17:43:09.474Z,
20260603,2026-06-03T17:39:00.876080,399.0,O00687,P002,-5,order_items_S003_20260603.json,S003,399.0,S003_O00687_P002,NEGATIVE_QUANTITY,2026-06-03T17:43:09.474Z,
20260603,2026-06-03T17:39:00.876080,60.0,O00688,P999,1,order_items_S003_20260603.json,S003,60.0,S003_O00688_P999,INVALID_PRODUCT_ID: P999,2026-06-03T17:43:09.474Z,
20260603,2026-06-03T17:39:00.876080,387.0,O00706,P010,0,order_items_S003_20260603.json,S003,129.0,S003_O00706_P010,ZERO_QUANTITY,2026-06-03T17:43:09.474Z,
20260603,2026-06-03T17:39:00.876080,399.0,O00752,P999,1,order_items_S003_20260603.json,S003,399.0,S003_O00752_P999,INVALID_PRODUCT_ID: P999,2026-06-03T17:43:09.474Z,
20260603,2026-06-03T17:39:00.876080,358.0,O00761,P014,0,order_items_S003_20260603.json,S003,179.0,S003_O00761_P014,ZERO_QUANTITY,2026-06-03T17:43:09.474Z,
20260603,2026-06-03T17:38:59.027416,299.0,O00024,P001,0,order_items_S001_20260603.json,S001,299.0,S001_O00024_P001,ZERO_QUANTITY,2026-06-03T17:43:09.474Z,
20260603,2026-06-03T17:38:59.027416,120.0,O00025,P007,-5,order_items_S001_20260603.json,S001,60.0,S001_O00025_P007,NEGATIVE_QUANTITY,2026-06-03T17:43:09.474Z,
20260603,2026-06-03T17:38:59.027416,798.0,O00039,P002,0,order_items_S001_20260603.json,S001,399.0,S001_O00039_P002,ZERO_QUANTITY,2026-06-03T17:43:09.474Z,
20260603,2026-06-03T17:38:59.027416,199.0,O00050,P006,-5,order_items_S001_20260603.json,S001,199.0,S001_O00050_P006,NEGATIVE_QUANTITY,2026-06-03T17:43:09.474Z,
20260603,2026-06-03T17:38:59.027416,180.0,O00091,P007,-5,order_items_S001_20260603.json,S001,60.0,S001_O00091_P007,NEGATIVE_QUANTITY,2026-06-03T17:43:09.474Z,
20260603,2026-06-03T17:38:59.027416,60.0,O00124,P007,-5,order_items_S001_20260603.json,S001,60.0,S001_O00124_P007,NEGATIVE_QUANTITY,2026-06-03T17:43:09.474Z,
20260603,2026-06-03T17:38:59.027416,129.0,O00132,P010,-5,order_items_S001_20260603.json,S001,129.0,S001_O00132_P010,NEGATIVE_QUANTITY,2026-06-03T17:43:09.474Z,
20260603,2026-06-03T17:38:59.027416,60.0,O00134,P007,-5,order_items_S001_20260603.json,S001,60.0,S001_O00134_P007,NEGATIVE_QUANTITY,2026-06-03T17:43:09.474Z,
20260603,2026-06-03T17:38:59.027416,40.0,O00134,P999,2,order_items_S001_20260603.json,S001,20.0,S001_O00134_P999,INVALID_PRODUCT_ID: P999,2026-06-03T17:43:09.474Z,
20260603,2026-06-03T17:38:59.027416,387.0,O00139,P999,3,order_items_S001_20260603.json,S001,129.0,S001_O00139_P999,INVALID_PRODUCT_ID: P999,2026-06-03T17:43:09.474Z,
20260603,2026-06-03T17:38:59.027416,598.0,O00147,P001,0,order_items_S001_20260603.json,S001,299.0,S001_O00147_P001,ZERO_QUANTITY,2026-06-03T17:43:09.474Z,
20260603,2026-06-03T17:38:59.027416,499.0,O00149,P003,-5,order_items_S001_20260603.json,S001,499.0,S001_O00149_P003,NEGATIVE_QUANTITY,2026-06-03T17:43:09.474Z,
20260603,2026-06-03T17:38:59.027416,398.0,O00153,P999,2,order_items_S001_20260603.json,S001,199.0,S001_O00153_P999,INVALID_PRODUCT_ID: P999,2026-06-03T17:43:09.474Z,
20260603,2026-06-03T17:38:59.027416,180.0,O00156,P007,0,order_items_S001_20260603.json,S001,60.0,S001_O00156_P007,ZERO_QUANTITY,2026-06-03T17:43:09.474Z,
20260603,2026-06-03T17:38:59.027416,598.0,O00167,P001,-5,order_items_S001_20260603.json,S001,299.0,S001_O00167_P001,NEGATIVE_QUANTITY,2026-06-03T17:43:09.474Z,
20260603,2026-06-03T17:38:59.027416,598.0,O00178,P999,2,order_items_S001_20260603.json,S001,299.0,S001_O00178_P999,INVALID_PRODUCT_ID: P999,2026-06-03T17:43:09.474Z,
20260603,2026-06-03T17:38:59.027416,120.0,O00200,P999,2,order_items_S001_20260603.json,S001,60.0,S001_O00200_P999,INVALID_PRODUCT_ID: P999,2026-06-03T17:43:09.474Z,
20260603,2026-06-03T17:38:59.027416,60.0,O00203,P008,0,order_items_S001_20260603.json,S001,60.0,S001_O00203_P008,ZERO_QUANTITY,2026-06-03T17:43:09.474Z,
20260603,2026-06-03T17:38:59.027416,297.0,O00241,P009,0,order_items_S001_20260603.json,S001,99.0,S001_O00241_P009,ZERO_QUANTITY,2026-06-03T17:43:09.474Z,
20260603,2026-06-03T17:38:59.027416,120.0,O00252,P007,0,order_items_S001_20260603.json,S001,60.0,S001_O00252_P007,ZERO_QUANTITY,2026-06-03T17:43:09.474Z,
20260603,2026-06-03T17:38:59.027416,297.0,O00255,P009,-5,order_items_S001_20260603.json,S001,99.0,S001_O00255_P009,NEGATIVE_QUANTITY,2026-06-03T17:43:09.474Z,
20260603,2026-06-03T17:38:59.027416,298.0,O00265,P999,2,order_items_S001_20260603.json,S001,149.0,S001_O00265_P999,INVALID_PRODUCT_ID: P999,2026-06-03T17:43:09.474Z,
20260603,2026-06-03T17:38:59.027416,398.0,O00268,P999,2,order_items_S001_20260603.json,S001,199.0,S001_O00268_P999,INVALID_PRODUCT_ID: P999,2026-06-03T17:43:09.474Z,
20260603,2026-06-03T17:38:59.027416,60.0,O00276,P007,0,order_items_S001_20260603.json,S001,60.0,S001_O00276_P007,ZERO_QUANTITY,2026-06-03T17:43:09.474Z,
20260603,2026-06-03T17:38:59.027416,897.0,O00300,P001,0,order_items_S001_20260603.json,S001,299.0,S001_O00300_P001,ZERO_QUANTITY,2026-06-03T17:43:09.474Z,
20260603,2026-06-03T17:38:59.027416,897.0,O00336,P001,0,order_items_S001_20260603.json,S001,299.0,S001_O00336_P001,ZERO_QUANTITY,2026-06-03T17:43:09.474Z,
20260603,2026-06-03T17:38:59.027416,129.0,O00337,P010,0,order_items_S001_20260603.json,S001,129.0,S001_O00337_P010,ZERO_QUANTITY,2026-06-03T17:43:09.474Z,
20260603,2026-06-03T17:38:59.027416,198.0,O00373,P009,-5,order_items_S001_20260603.json,S001,99.0,S001_O00373_P009,NEGATIVE_QUANTITY,2026-06-03T17:43:09.474Z,
20260603,2026-06-03T17:38:59.027416,180.0,O00373,P999,3,order_items_S001_20260603.json,S001,60.0,S001_O00373_P999,INVALID_PRODUCT_ID: P999,2026-06-03T17:43:09.474Z,
20260603,2026-06-03T17:38:59.027416,299.0,O00377,P001,-5,order_items_S001_20260603.json,S001,299.0,S001_O00377_P001,NEGATIVE_QUANTITY,2026-06-03T17:43:09.474Z,
20260603,2026-06-03T17:38:59.027416,299.0,O00388,P999,1,order_items_S001_20260603.json,S001,299.0,S001_O00388_P999,INVALID_PRODUCT_ID: P999,2026-06-03T17:43:09.474Z,
20260603,2026-06-03T17:38:59.027416,897.0,O00391,P999,3,order_items_S001_20260603.json,S001,299.0,S001_O00391_P999,INVALID_PRODUCT_ID: P999,2026-06-03T17:43:09.474Z,
20260603,2026-06-03T17:38:59.027416,398.0,O00393,P006,-5,order_items_S001_20260603.json,S001,199.0,S001_O00393_P006,NEGATIVE_QUANTITY,2026-06-03T17:43:09.474Z,
20260603,2026-06-03T17:38:59.027416,258.0,O00396,P010,-5,order_items_S001_20260603.json,S001,129.0,S001_O00396_P010,NEGATIVE_QUANTITY,2026-06-03T17:43:09.474Z,
20260603,2026-06-03T17:38:59.027416,298.0,O00400,P999,2,order_items_S001_20260603.json,S001,149.0,S001_O00400_P999,INVALID_PRODUCT_ID: P999,2026-06-03T17:43:09.474Z,
20260603,2026-06-03T17:38:59.027416,597.0,O00432,P020,-5,order_items_S001_20260603.json,S001,199.0,S001_O00432_P020,NEGATIVE_QUANTITY,2026-06-03T17:43:09.474Z,
20260603,2026-06-03T17:38:59.027416,498.0,O00439,P013,0,order_items_S001_20260603.json,S001,249.0,S001_O00439_P013,ZERO_QUANTITY,2026-06-03T17:43:09.474Z,
20260603,2026-06-03T17:38:59.027416,597.0,O00491,P999,3,order_items_S001_20260603.json,S001,199.0,S001_O00491_P999,INVALID_PRODUCT_ID: P999,2026-06-03T17:43:09.474Z,
20260603,2026-06-03T17:38:59.027416,120.0,O00502,P999,2,order_items_S001_20260603.json,S001,60.0,S001_O00502_P999,INVALID_PRODUCT_ID: P999,2026-06-03T17:43:09.474Z,
20260603,2026-06-03T17:38:59.027416,447.0,O00546,P005,-5,order_items_S001_20260603.json,S001,149.0,S001_O00546_P005,NEGATIVE_QUANTITY,2026-06-03T17:43:09.474Z,
20260603,2026-06-03T17:38:59.027416,258.0,O00551,P010,0,order_items_S001_20260603.json,S001,129.0,S001_O00551_P010,ZERO_QUANTITY,2026-06-03T17:43:09.474Z,
20260603,2026-06-03T17:38:59.027416,598.0,O00558,P999,2,order_items_S001_20260603.json,S001,299.0,S001_O00558_P999,INVALID_PRODUCT_ID: P999,2026-06-03T17:43:09.474Z,
20260603,2026-06-03T17:38:59.027416,897.0,O00562,P001,-5,order_items_S001_20260603.json,S001,299.0,S001_O00562_P001,NEGATIVE_QUANTITY,2026-06-03T17:43:09.474Z,
20260603,2026-06-03T17:38:59.027416,60.0,O00576,P007,-5,order_items_S001_20260603.json,S001,60.0,S001_O00576_P007,NEGATIVE_QUANTITY,2026-06-03T17:43:09.474Z,
20260603,2026-06-03T17:38:59.027416,198.0,O00577,P009,0,order_items_S001_20260603.json,S001,99.0,S001_O00577_P009,ZERO_QUANTITY,2026-06-03T17:43:09.474Z,
20260603,2026-06-03T17:38:59.027416,299.0,O00582,P001,0,order_items_S001_20260603.json,S001,299.0,S001_O00582_P001,ZERO_QUANTITY,2026-06-03T17:43:09.474Z,
20260603,2026-06-03T17:38:59.027416,198.0,O00589,P009,0,order_items_S001_20260603.json,S001,99.0,S001_O00589_P009,ZERO_QUANTITY,2026-06-03T17:43:09.474Z,
20260603,2026-06-03T17:38:59.027416,1347.0,O00593,P004,0,order_items_S001_20260603.json,S001,449.0,S001_O00593_P004,ZERO_QUANTITY,2026-06-03T17:43:09.474Z,
20260603,2026-06-03T17:38:59.027416,60.0,O00598,P999,1,order_items_S001_20260603.json,S001,60.0,S001_O00598_P999,INVALID_PRODUCT_ID: P999,2026-06-03T17:43:09.474Z,
20260603,2026-06-03T17:38:59.027416,447.0,O00599,P005,-5,order_items_S001_20260603.json,S001,149.0,S001_O00599_P005,NEGATIVE_QUANTITY,2026-06-03T17:43:09.474Z,
20260603,2026-06-03T17:38:59.027416,747.0,O00600,P999,3,order_items_S001_20260603.json,S001,249.0,S001_O00600_P999,INVALID_PRODUCT_ID: P999,2026-06-03T17:43:09.474Z,
20260603,2026-06-03T17:38:59.027416,180.0,O00611,P007,0,order_items_S001_20260603.json,S001,60.0,S001_O00611_P007,ZERO_QUANTITY,2026-06-03T17:43:09.474Z,
20260603,2026-06-03T17:38:59.027416,597.0,O00612,P999,3,order_items_S001_20260603.json,S001,199.0,S001_O00612_P999,INVALID_PRODUCT_ID: P999,2026-06-03T17:43:09.474Z,
20260603,2026-06-03T17:38:59.027416,897.0,O00649,P999,3,order_items_S001_20260603.json,S001,299.0,S001_O00649_P999,INVALID_PRODUCT_ID: P999,2026-06-03T17:43:09.474Z,
