customer_id,batch_id,city,customer_name,customer_since,distance_km,email,ingestion_timestamp,phone,source_file,store_id,customer_age_days,customer_segment,silver_processed_at,total_orders,last_order_date,total_spent,avg_order_value,rfm_tier
C0606,20260603,Panvel,Rishi Agarwal,2024-11-10,14.0,ebhagat@example.net,2026-06-03T17:39:20.186841,0193392407,customers_S005_20260603.json,S005,570,Loyal,2026-06-03T17:41:35.996Z,0,,0.0,0.0,Occasional
C0483,20260603,Belapur,Krish Mander,2023-10-12,6.5,sarthakparmar@example.org,2026-06-03T17:39:20.186841,0215727601,customers_S005_20260603.json,S005,965,VIP,2026-06-03T17:41:35.996Z,6,2026-06-03T00:00:00.000Z,118488.0,19748.0,Occasional
C0494,20260603,Belapur,Gopal Dixit,2023-08-11,6.5,xsuresh@example.org,2026-06-03T17:39:20.186841,0247676325,customers_S005_20260603.json,S005,1027,VIP,2026-06-03T17:41:35.996Z,0,,0.0,0.0,Occasional
C0281,20260603,Belapur,Anvi Ramesh,2024-11-28,6.5,chatterjeeojasvi@example.net,2026-06-03T17:39:20.186841,0367150972,customers_S005_20260603.json,S005,552,Loyal,2026-06-03T17:41:35.996Z,18,2026-06-03T00:00:00.000Z,356688.0,19816.0,Occasional
C0065,20260603,Kharghar,Karan Rau,2024-03-01,8.0,onveer40@example.org,2026-06-03T17:39:20.186841,0536413032,customers_S005_20260603.json,S005,824,VIP,2026-06-03T17:41:35.996Z,30,2026-06-03T00:00:00.000Z,657732.0,21924.4,Gold VIP
C0038,20260603,Nerul,Irya Choudhury,2025-11-09,4.0,shankerorinder@example.org,2026-06-03T17:39:20.186841,0753073364,customers_S005_20260603.json,S005,206,Regular,2026-06-03T17:41:35.996Z,54,2026-06-03T00:00:00.000Z,958764.0,17754.88888888889,Gold VIP
C0367,20260603,Dronagiri,Lajita Rajan,2026-05-21,18.0,sanya50@example.org,2026-06-03T17:39:20.186841,0799769787,customers_S005_20260603.json,S005,13,Occasional,2026-06-03T17:41:35.996Z,12,2026-06-03T00:00:00.000Z,100668.0,8389.0,Occasional
C0461,20260603,Seawoods,Krish Saha,2026-05-17,2.0,borahaarnav@example.com,2026-06-03T17:39:20.186841,0892199499,customers_S005_20260603.json,S005,17,Occasional,2026-06-03T17:41:35.996Z,12,2026-06-03T00:00:00.000Z,106758.0,8896.5,Occasional
C0058,20260603,Turbhe,Diya Iyer,2024-02-24,9.0,noah70@example.org,2026-06-03T17:39:20.186841,0955404554,customers_S005_20260603.json,S005,830,VIP,2026-06-03T17:41:35.996Z,66,2026-06-03T00:00:00.000Z,1209882.0,18331.545454545456,Platinum VIP
C0090,20260603,Kopar Khairane,Pranav Sani,2026-05-24,7.5,rachit39@example.org,2026-06-03T17:39:20.186841,1114529030,customers_S005_20260603.json,S005,10,Occasional,2026-06-03T17:41:35.996Z,48,2026-06-03T00:00:00.000Z,564366.0,11757.625,Gold VIP
C0440,20260603,Dronagiri,Isha Ganguly,2025-11-13,18.0,hredhaangera@example.com,2026-06-03T17:39:20.186841,1133037471,customers_S005_20260603.json,S005,202,Regular,2026-06-03T17:41:35.996Z,0,,0.0,0.0,Occasional
C0045,20260603,Kopar Khairane,Daksh Rajagopal,2024-05-22,7.5,basakfalan@example.com,2026-06-03T17:39:20.186841,1241867607,customers_S005_20260603.json,S005,742,VIP,2026-06-03T17:41:35.996Z,96,2026-06-03T00:00:00.000Z,1507476.0,15702.875,Platinum VIP
C0068,20260603,Kopar Khairane,Shaurya Kannan,2024-02-20,7.5,charvi54@example.org,2026-06-03T17:39:20.186841,1363728480,customers_S005_20260603.json,S005,834,VIP,2026-06-03T17:41:35.996Z,30,2026-06-03T00:00:00.000Z,521160.0,17372.0,Gold VIP
C0086,20260603,Kopar Khairane,Isha Nazareth,2026-05-03,7.5,mahikaben@example.net,2026-06-03T17:39:20.186841,1398127199,customers_S005_20260603.json,S005,31,Occasional,2026-06-03T17:41:35.996Z,18,2026-06-03T00:00:00.000Z,290406.0,16133.666666666666,Occasional
C0252,20260603,Belapur,Charvi Lad,2024-12-28,6.5,suresheiravati@example.com,2026-06-03T17:39:20.186841,1616988347,customers_S005_20260603.json,S005,522,Loyal,2026-06-03T17:41:35.996Z,6,2026-06-03T00:00:00.000Z,113922.0,18987.0,Occasional
C0345,20260603,Unknown,Hiral Venkataraman,2023-06-30,9.0,fdalal@example.com,2026-06-03T17:39:20.186841,1799585887,customers_S005_20260603.json,S005,1069,VIP,2026-06-03T17:41:35.996Z,12,2026-06-03T00:00:00.000Z,179802.0,14983.5,Occasional
C0642,20260603,Ulwe,Warinder Raju,2026-04-11,10.0,hsubramanian@example.com,2026-06-03T17:39:20.186841,1872836320,customers_S005_20260603.json,S005,53,Occasional,2026-06-03T17:41:35.996Z,0,,0.0,0.0,Occasional
C0435,20260603,Seawoods,Chaitaly Rao,2026-05-02,2.0,zahuja@example.com,2026-06-03T17:39:20.186841,1967995070,customers_S005_20260603.json,S005,32,Occasional,2026-06-03T17:41:35.996Z,18,2026-06-03T00:00:00.000Z,340680.0,18926.666666666668,Occasional
C0287,20260603,Panvel,Forum Dugal,2024-09-14,14.0,ojas65@example.net,2026-06-03T17:39:20.186841,2193747530,customers_S005_20260603.json,S005,627,Loyal,2026-06-03T17:41:35.996Z,18,2026-06-03T00:00:00.000Z,268164.0,14898.0,Occasional
C0380,20260603,Turbhe,Chakradhar Mukhopadhyay,2026-02-11,9.0,yamini77@example.com,2026-06-03T17:39:20.186841,2657163683,customers_S005_20260603.json,S005,112,Occasional,2026-06-03T17:41:35.996Z,6,2026-06-03T00:00:00.000Z,95292.0,15882.0,Occasional
C0089,20260603,Panvel,Quincy Sunder,2023-11-09,14.0,qushi32@example.org,2026-06-03T17:39:20.186841,2697414110,customers_S005_20260603.json,S005,937,VIP,2026-06-03T17:41:35.996Z,36,2026-06-03T00:00:00.000Z,670224.0,18617.33333333333,Gold VIP
C0388,20260603,Nerul,Benjamin Chaudry,2024-08-24,4.0,vidhikota@example.org,2026-06-03T17:39:20.186841,3142313620,customers_S005_20260603.json,S005,648,Loyal,2026-06-03T17:41:35.996Z,12,2026-06-03T00:00:00.000Z,100944.0,8412.0,Occasional
C0514,20260603,Seawoods,Tristan Shroff,2026-05-20,2.0,reddyjagat@example.com,2026-06-03T17:39:20.186841,3236149022,customers_S005_20260603.json,S005,14,Occasional,2026-06-03T17:41:35.996Z,6,2026-06-03T00:00:00.000Z,79284.0,13214.0,Occasional
C0098,20260603,Panvel,Kalpit Dhar,2026-05-23,14.0,shettyupasna@example.org,2026-06-03T17:39:20.186841,3245684558,customers_S005_20260603.json,S005,11,Occasional,2026-06-03T17:41:35.996Z,42,2026-06-03T00:00:00.000Z,823338.0,19603.28571428572,Gold VIP
C0315,20260603,Dronagiri,Mahika Dora,2024-06-18,18.0,vanya02@example.org,2026-06-03T17:39:20.186841,3285989225,customers_S005_20260603.json,S005,715,Loyal,2026-06-03T17:41:35.996Z,6,2026-06-03T00:00:00.000Z,115536.0,19256.0,Occasional
C0379,20260603,Kharghar,Chaman Sule,2025-09-24,8.0,nkapadia@example.net,2026-06-03T17:39:20.186841,3421393757,customers_S005_20260603.json,S005,252,Regular,2026-06-03T17:41:35.996Z,0,,0.0,0.0,Occasional
C0238,20260603,Nerul,Samesh Buch,2025-12-10,4.0,emani@example.com,2026-06-03T17:39:20.186841,3492069514,customers_S005_20260603.json,S005,175,Occasional,2026-06-03T17:41:35.996Z,0,,0.0,0.0,Occasional
C0292,20260603,Dronagiri,Finn Nadig,2023-12-14,18.0,hsarma@example.com,2026-06-03T17:39:20.186841,3613632532,customers_S005_20260603.json,S005,902,VIP,2026-06-03T17:41:35.996Z,30,2026-06-03T00:00:00.000Z,520722.0,17357.4,Gold VIP
C0151,20260603,Panvel,Akshay Ram,2026-04-17,14.0,divya36@example.com,2026-06-03T17:39:20.186841,3696550047,customers_S005_20260603.json,S005,47,Occasional,2026-06-03T17:41:35.996Z,18,2026-06-03T00:00:00.000Z,407442.0,22635.666666666668,Occasional
C0242,20260603,Ulwe,Oliver Aggarwal,2026-05-17,10.0,chakrikabuch@example.net,2026-06-03T17:39:20.186841,3931569658,customers_S005_20260603.json,S005,17,Occasional,2026-06-03T17:41:35.996Z,24,2026-06-03T00:00:00.000Z,330834.0,13784.75,Loyal Regular
C0161,20260603,Seawoods,Garima Purohit,2024-09-01,2.0,zinal25@example.com,2026-06-03T17:39:20.186841,3957866121,customers_S005_20260603.json,S005,640,Loyal,2026-06-03T17:41:35.996Z,18,2026-06-03T00:00:00.000Z,593244.0,32958.0,Gold VIP
C0096,20260603,Vashi,Omisha Acharya,2025-12-10,5.5,unknown@noemail.com,2026-06-03T17:39:20.186841,3981592113,customers_S005_20260603.json,S005,175,Occasional,2026-06-03T17:41:35.996Z,12,2026-06-03T00:00:00.000Z,117288.0,9774.0,Occasional
C0569,20260603,Seawoods,Lavanya Iyengar,2026-02-27,2.0,inadig@example.org,2026-06-03T17:39:20.186841,4053889616,customers_S005_20260603.json,S005,96,Occasional,2026-06-03T17:41:35.996Z,0,,0.0,0.0,Occasional
C0136,20260603,Kopar Khairane,Udyati Nagarajan,2026-04-30,7.5,yrau@example.org,2026-06-03T17:39:20.186841,4078341138,customers_S005_20260603.json,S005,34,Occasional,2026-06-03T17:41:35.996Z,24,2026-06-03T00:00:00.000Z,562200.0,23425.0,Gold VIP
C0467,20260603,Belapur,Faras Vig,2024-01-04,6.5,timothysheth@example.net,2026-06-03T17:39:20.186841,4179763205,customers_S005_20260603.json,S005,881,VIP,2026-06-03T17:41:35.996Z,0,,0.0,0.0,Occasional
C0350,20260603,Panvel,Jagdish Dugal,2024-08-21,14.0,yashica32@example.com,2026-06-03T17:39:20.186841,4437052446,customers_S005_20260603.json,S005,651,Loyal,2026-06-03T17:41:35.996Z,6,2026-06-03T00:00:00.000Z,105948.0,17658.0,Occasional
C0358,20260603,Vashi,Pallavi Bhakta,2025-08-03,5.5,guhamohini@example.com,2026-06-03T17:39:20.186841,4474338582,customers_S005_20260603.json,S005,304,Regular,2026-06-03T17:41:35.996Z,6,2026-06-03T00:00:00.000Z,106956.0,17826.0,Occasional
C0629,20260603,Dronagiri,Om Ramaswamy,2025-05-31,18.0,harshswamy@example.org,2026-06-03T17:39:20.186841,4508808126,customers_S005_20260603.json,S005,368,Loyal,2026-06-03T17:41:35.996Z,0,,0.0,0.0,Occasional
C0547,20260603,Kharghar,Banjeet Shukla,2025-05-07,8.0,chakradevgoel@example.com,2026-06-03T17:39:20.186841,4636071740,customers_S005_20260603.json,S005,392,Loyal,2026-06-03T17:41:35.996Z,6,2026-06-03T00:00:00.000Z,208440.0,34740.0,Occasional
C0289,20260603,Kopar Khairane,Shaurya Kara,2025-06-14,7.5,ybrar@example.net,2026-06-03T17:39:20.186841,4680288994,customers_S005_20260603.json,S005,354,Regular,2026-06-03T17:41:35.996Z,24,2026-06-03T00:00:00.000Z,443820.0,18492.5,Loyal Regular
C0479,20260603,Turbhe,Daksha Sarin,2024-10-31,9.0,khoslawilliam@example.org,2026-06-03T17:39:20.186841,5178423700,customers_S005_20260603.json,S005,580,Loyal,2026-06-03T17:41:35.996Z,0,,0.0,0.0,Occasional
C0050,20260603,Turbhe,Faqid Yohannan,2024-10-08,9.0,sara49@example.org,2026-06-03T17:39:20.186841,5182958328,customers_S005_20260603.json,S005,603,Loyal,2026-06-03T17:41:35.996Z,42,2026-06-03T00:00:00.000Z,515976.0,12285.142857142857,Gold VIP
C0563,20260603,Panvel,Rohan Bajaj,2024-05-09,14.0,sanghvidev@example.org,2026-06-03T17:39:20.186841,5256361221,customers_S005_20260603.json,S005,755,VIP,2026-06-03T17:41:35.996Z,0,,0.0,0.0,Occasional
C0015,20260603,Dronagiri,Bachittar Munshi,2025-08-14,18.0,dorayoshita@example.com,2026-06-03T17:39:20.186841,5299724540,customers_S005_20260603.json,S005,293,Regular,2026-06-03T17:41:35.996Z,78,2026-06-03T00:00:00.000Z,1398348.0,17927.53846153846,Platinum VIP
C0125,20260603,Dronagiri,Yatin Rajagopal,2024-04-21,18.0,wakeetamander@example.org,2026-06-03T17:39:20.186841,5326298209,customers_S005_20260603.json,S005,773,VIP,2026-06-03T17:41:35.996Z,18,2026-06-03T00:00:00.000Z,262266.0,14570.333333333334,Occasional
C0226,20260603,Dronagiri,Aayush Tella,2024-01-22,18.0,ssarin@example.org,2026-06-03T17:39:20.186841,5364416121,customers_S005_20260603.json,S005,863,VIP,2026-06-03T17:41:35.996Z,12,2026-06-03T00:00:00.000Z,225810.0,18817.5,Occasional
C0472,20260603,Dronagiri,Vansha Das,2024-04-07,18.0,shaurya06@example.org,2026-06-03T17:39:20.186841,5658243824,customers_S005_20260603.json,S005,787,VIP,2026-06-03T17:41:35.996Z,0,,0.0,0.0,Occasional
C0198,20260603,Seawoods,Simon Bhagat,2025-10-07,2.0,devanchakradev@example.org,2026-06-03T17:39:20.186841,5936058300,customers_S005_20260603.json,S005,239,Regular,2026-06-03T17:41:35.996Z,18,2026-06-03T00:00:00.000Z,217110.0,12061.666666666666,Occasional
C0580,20260603,Ulwe,Neha D’Alia,2025-12-27,10.0,ishitaramaswamy@example.net,2026-06-03T17:39:20.186841,6082021452,customers_S005_20260603.json,S005,158,Occasional,2026-06-03T17:41:35.996Z,12,2026-06-03T00:00:00.000Z,105300.0,8775.0,Occasional
C0044,20260603,Kharghar,Chakradev Bora,2024-12-15,8.0,krishna76@example.net,2026-06-03T17:39:20.186841,6261156962,customers_S005_20260603.json,S005,535,Loyal,2026-06-03T17:41:35.996Z,30,2026-06-03T00:00:00.000Z,601956.0,20065.2,Gold VIP
C0618,20260603,Panvel,Indira Sandal,2026-03-28,14.0,aptemahika@example.com,2026-06-03T17:39:20.186841,6313206793,customers_S005_20260603.json,S005,67,Occasional,2026-06-03T17:41:35.996Z,0,,0.0,0.0,Occasional
C0544,20260603,Dronagiri,Vanya Prakash,2024-10-19,18.0,wakeeta31@example.org,2026-06-03T17:39:20.186841,6332055249,customers_S005_20260603.json,S005,592,Loyal,2026-06-03T17:41:35.996Z,0,,0.0,0.0,Occasional
C0377,20260603,Ulwe,Chaitanya Oak,2023-08-19,10.0,borraaachal@example.net,2026-06-03T17:39:20.186841,6723929418,customers_S005_20260603.json,S005,1019,VIP,2026-06-03T17:41:35.996Z,18,2026-06-03T00:00:00.000Z,303672.0,16870.666666666668,Occasional
C0486,20260603,Seawoods,Liam Misra,2023-09-14,2.0,gautam08@example.org,2026-06-03T17:39:20.186841,6741601157,customers_S005_20260603.json,S005,993,VIP,2026-06-03T17:41:35.996Z,6,2026-06-03T00:00:00.000Z,125352.0,20892.0,Occasional
C0509,20260603,Kharghar,Ekaja Jani,2024-01-12,8.0,sguha@example.com,2026-06-03T17:39:20.186841,6782074806,customers_S005_20260603.json,S005,873,VIP,2026-06-03T17:41:35.996Z,6,2026-06-03T00:00:00.000Z,176688.0,29448.0,Occasional
C0059,20260603,Turbhe,Lekha Babu,2026-04-26,9.0,khoslaaayush@example.org,2026-06-03T17:39:20.186841,6969132548,customers_S005_20260603.json,S005,38,Occasional,2026-06-03T17:41:35.996Z,78,2026-06-03T00:00:00.000Z,1205262.0,15452.076923076924,Platinum VIP
C0504,20260603,Dronagiri,Kashish Narayanan,2023-08-31,18.0,mekhalamajumdar@example.com,2026-06-03T17:39:20.186841,7033003824,customers_S005_20260603.json,S005,1007,VIP,2026-06-03T17:41:35.996Z,6,2026-06-03T00:00:00.000Z,38022.0,6337.0,Occasional
C0501,20260603,Belapur,Hemangini Arya,2024-05-30,6.5,tellajanani@example.com,2026-06-03T17:39:20.186841,7291326135,customers_S005_20260603.json,S005,734,VIP,2026-06-03T17:41:35.996Z,6,2026-06-03T00:00:00.000Z,126522.0,21087.0,Occasional
C0444,20260603,Seawoods,Jagat Jha,2024-10-31,2.0,halderayaan@example.com,2026-06-03T17:39:20.186841,7295422002,customers_S005_20260603.json,S005,580,Loyal,2026-06-03T17:41:35.996Z,18,2026-06-03T00:00:00.000Z,329076.0,18282.0,Occasional
C0551,20260603,Vashi,Udant Manne,2024-08-07,5.5,bhanumati11@example.com,2026-06-03T17:39:20.186841,7317419004,customers_S005_20260603.json,S005,665,Loyal,2026-06-03T17:41:35.996Z,6,2026-06-03T00:00:00.000Z,47718.0,7953.0,Occasional
C0060,20260603,Nerul,Garima Jain,2023-06-29,4.0,atikohli@example.net,2026-06-03T17:39:20.186841,7605566379,customers_S005_20260603.json,S005,1070,VIP,2026-06-03T17:41:35.996Z,60,2026-06-03T00:00:00.000Z,751026.0,12517.1,Gold VIP
C0095,20260603,Turbhe,Isha Murty,2024-04-08,9.0,zarnasaini@example.com,2026-06-03T17:39:20.186841,7777430565,customers_S005_20260603.json,S005,786,VIP,2026-06-03T17:41:35.996Z,48,2026-06-03T00:00:00.000Z,834930.0,17394.375,Gold VIP
C0008,20260603,Ulwe,Lopa Halder,2026-01-03,10.0,waida33@example.com,2026-06-03T17:39:20.186841,7779911214,customers_S005_20260603.json,S005,151,Occasional,2026-06-03T17:41:35.996Z,30,2026-06-03T00:00:00.000Z,660204.0,22006.8,Gold VIP
C0107,20260603,Belapur,Vidhi Kala,2025-06-26,6.5,fiyaz30@example.com,2026-06-03T17:39:20.186841,7874900335,customers_S005_20260603.json,S005,342,Regular,2026-06-03T17:41:35.996Z,18,2026-06-03T00:00:00.000Z,222726.0,12373.666666666666,Occasional
C0485,20260603,Seawoods,Daksh Vohra,2026-03-18,2.0,cwason@example.org,2026-06-03T17:39:20.186841,7875845378,customers_S005_20260603.json,S005,77,Occasional,2026-06-03T17:41:35.996Z,0,,0.0,0.0,Occasional
C0633,20260603,Ulwe,Rishi Parmer,2026-04-07,10.0,chhabrasathvik@example.com,2026-06-03T17:39:20.186841,8072663933,customers_S005_20260603.json,S005,57,Occasional,2026-06-03T17:41:35.996Z,0,,0.0,0.0,Occasional
C0368,20260603,Nerul,Dhruv Chacko,2026-02-02,4.0,sharafrushil@example.org,2026-06-03T17:39:20.186841,8128292347,customers_S005_20260603.json,S005,121,Occasional,2026-06-03T17:41:35.996Z,12,2026-06-03T00:00:00.000Z,280272.0,23356.0,Occasional
C0163,20260603,Turbhe,Yachana Merchant,2024-10-05,9.0,qasimsood@example.org,2026-06-03T17:39:20.186841,8359446106,customers_S005_20260603.json,S005,606,Loyal,2026-06-03T17:41:35.996Z,12,2026-06-03T00:00:00.000Z,132534.0,11044.5,Occasional
C0372,20260603,Seawoods,Urvashi Sen,2023-07-04,2.0,harshil12@example.com,2026-06-03T17:39:20.186841,8428968807,customers_S005_20260603.json,S005,1065,VIP,2026-06-03T17:41:35.996Z,0,,0.0,0.0,Occasional
C0454,20260603,Vashi,Wyatt Talwar,2024-08-08,5.5,qadimradhakrishnan@example.net,2026-06-03T17:39:20.186841,8475035114,customers_S005_20260603.json,S005,664,Loyal,2026-06-03T17:41:35.996Z,0,,0.0,0.0,Occasional
C0297,20260603,Belapur,Vedant Kade,2023-10-25,6.5,jalsa58@example.net,2026-06-03T17:39:20.186841,8774726604,customers_S005_20260603.json,S005,952,VIP,2026-06-03T17:41:35.996Z,18,2026-06-03T00:00:00.000Z,369024.0,20501.33333333333,Occasional
C0209,20260603,Turbhe,Vidhi Solanki,2026-01-04,9.0,magaryug@example.com,2026-06-03T17:39:20.186841,8981325713,customers_S005_20260603.json,S005,150,Occasional,2026-06-03T17:41:35.996Z,24,2026-06-03T00:00:00.000Z,323892.0,13495.5,Loyal Regular
C0357,20260603,Kopar Khairane,Chatura Master,2024-03-23,7.5,pbadami@example.net,2026-06-03T17:39:20.186841,9034541923,customers_S005_20260603.json,S005,802,VIP,2026-06-03T17:41:35.996Z,0,,0.0,0.0,Occasional
C0206,20260603,Seawoods,Saanvi Agarwal,2023-09-02,2.0,bhattigirik@example.net,2026-06-03T17:39:20.186841,9109046612,customers_S005_20260603.json,S005,1005,VIP,2026-06-03T17:41:35.996Z,18,2026-06-03T00:00:00.000Z,370242.0,20569.0,Occasional
C0408,20260603,Turbhe,Faraj Vasa,2024-02-01,9.0,skeer@example.com,2026-06-03T17:39:20.186841,9542534428,customers_S005_20260603.json,S005,853,VIP,2026-06-03T17:41:35.996Z,6,2026-06-03T00:00:00.000Z,41730.0,6955.0,Occasional
C0456,20260603,Belapur,Rayaan Biswas,2025-03-18,6.5,kthaker@example.org,2026-06-03T17:39:20.186841,9760819386,customers_S005_20260603.json,S005,442,Loyal,2026-06-03T17:41:35.996Z,12,2026-06-03T00:00:00.000Z,164964.0,13747.0,Occasional
C0082,20260603,Dronagiri,Darika Dash,2024-04-10,18.0,quincyhari@example.org,2026-06-03T17:39:20.186841,9897953225,customers_S005_20260603.json,S005,784,VIP,2026-06-03T17:41:35.996Z,72,2026-06-03T00:00:00.000Z,1207422.0,16769.75,Platinum VIP
C0528,20260603,Vashi,Omya Bala,2025-12-08,5.5,nirja26@example.com,2026-06-03T17:39:20.186841,INVALID,customers_S005_20260603.json,S005,177,Occasional,2026-06-03T17:41:35.996Z,0,,0.0,0.0,Occasional
C0537,20260603,Seawoods,Zehaan Saran,2024-05-29,2.0,wcheema@example.org,2026-06-03T17:39:20.186841,INVALID,customers_S005_20260603.json,S005,735,VIP,2026-06-03T17:41:35.996Z,0,,0.0,0.0,Occasional
C0124,20260603,Seawoods,Ishanvi Venkataraman,2024-05-30,2.0,dateveer@example.org,2026-06-03T17:39:20.186841,0043631361,customers_S005_20260603.json,S005,734,VIP,2026-06-03T17:41:35.996Z,36,2026-06-03T00:00:00.000Z,585822.0,16272.833333333334,Gold VIP
C0225,20260603,Kopar Khairane,Amol Tak,2025-07-20,7.5,saksham07@example.com,2026-06-03T17:39:20.186841,0115087748,customers_S005_20260603.json,S005,318,Regular,2026-06-03T17:41:35.996Z,24,2026-06-03T00:00:00.000Z,245016.0,10209.0,Loyal Regular
C0578,20260603,Turbhe,Daksha Andra,2024-07-17,9.0,pratyush67@example.org,2026-06-03T17:39:20.186841,0128126594,customers_S005_20260603.json,S005,686,Loyal,2026-06-03T17:41:35.996Z,0,,0.0,0.0,Occasional
C0559,20260603,Panvel,Maanav Mutti,2024-05-26,14.0,memonkrishna@example.net,2026-06-03T17:39:20.186841,0291818899,customers_S005_20260603.json,S005,738,VIP,2026-06-03T17:41:35.996Z,0,,0.0,0.0,Occasional
C0304,20260603,Kharghar,Ishaan Raj,2025-06-26,8.0,buchpallavi@example.org,2026-06-03T17:39:20.186841,0712223271,customers_S005_20260603.json,S005,342,Regular,2026-06-03T17:41:35.996Z,18,2026-06-03T00:00:00.000Z,361218.0,20067.666666666668,Occasional
C0188,20260603,Turbhe,Bhavani Mutti,2025-09-01,9.0,magate@example.com,2026-06-03T17:39:20.186841,0766314480,customers_S005_20260603.json,S005,275,Regular,2026-06-03T17:41:35.996Z,12,2026-06-03T00:00:00.000Z,116460.0,9705.0,Occasional
C0610,20260603,Kopar Khairane,Geetika Cherian,2023-07-23,7.5,muttisamesh@example.org,2026-06-03T17:39:20.186841,0827748696,customers_S005_20260603.json,S005,1046,VIP,2026-06-03T17:41:35.996Z,0,,0.0,0.0,Occasional
C0607,20260603,Kopar Khairane,Madhavi Kannan,2023-08-19,7.5,acomar@example.net,2026-06-03T17:39:20.186841,0910599123,customers_S005_20260603.json,S005,1019,VIP,2026-06-03T17:41:35.996Z,6,2026-06-03T00:00:00.000Z,50730.0,8455.0,Occasional
C0145,20260603,Belapur,Luke Tara,2025-12-11,6.5,bsane@example.net,2026-06-03T17:39:20.186841,1035635774,customers_S005_20260603.json,S005,174,Occasional,2026-06-03T17:41:35.996Z,18,2026-06-03T00:00:00.000Z,293268.0,16292.666666666666,Occasional
C0410,20260603,Seawoods,Nimrat Patla,2024-03-13,2.0,swagle@example.org,2026-06-03T17:39:20.186841,1047258363,customers_S005_20260603.json,S005,812,VIP,2026-06-03T17:41:35.996Z,12,2026-06-03T00:00:00.000Z,187248.0,15604.0,Occasional
C0147,20260603,Vashi,Bishakha Choudhary,2025-09-04,5.5,karnikharsh@example.net,2026-06-03T17:39:20.186841,1169969420,customers_S005_20260603.json,S005,272,Regular,2026-06-03T17:41:35.996Z,18,2026-06-03T00:00:00.000Z,339618.0,18867.666666666668,Occasional
C0120,20260603,Nerul,Chavvi Uppal,2025-03-05,4.0,zsubramanian@example.org,2026-06-03T17:39:20.186841,1192813665,customers_S005_20260603.json,S005,455,Loyal,2026-06-03T17:41:35.996Z,0,,0.0,0.0,Occasional
C0576,20260603,Dronagiri,Ekapad Murty,2026-05-30,18.0,kamyanarain@example.org,2026-06-03T17:39:20.186841,1239364658,customers_S005_20260603.json,S005,4,Occasional,2026-06-03T17:41:35.996Z,6,2026-06-03T00:00:00.000Z,71772.0,11962.0,Occasional
C0382,20260603,Seawoods,Chavvi Parmar,2023-12-29,2.0,darsh07@example.net,2026-06-03T17:39:20.186841,1936706809,customers_S005_20260603.json,S005,887,VIP,2026-06-03T17:41:35.996Z,18,2026-06-03T00:00:00.000Z,459942.0,25552.33333333333,Occasional
C0117,20260603,Kopar Khairane,Shivani Kale,2025-04-17,7.5,npatil@example.org,2026-06-03T17:39:20.186841,2071975050,customers_S005_20260603.json,S005,412,Loyal,2026-06-03T17:41:35.996Z,24,2026-06-03T00:00:00.000Z,512442.0,21351.75,Gold VIP
C0180,20260603,Turbhe,Ekani Subramaniam,2026-03-10,9.0,arya93@example.com,2026-06-03T17:39:20.186841,2106275182,customers_S005_20260603.json,S005,85,Occasional,2026-06-03T17:41:35.996Z,18,2026-06-03T00:00:00.000Z,238566.0,13253.666666666666,Occasional
C0234,20260603,Belapur,Faraj Borde,2024-07-11,6.5,upadhritimody@example.net,2026-06-03T17:39:20.186841,2290939123,customers_S005_20260603.json,S005,692,Loyal,2026-06-03T17:41:35.996Z,24,2026-06-03T00:00:00.000Z,523620.0,21817.5,Gold VIP
C0178,20260603,Dronagiri,Ishita Lad,2025-12-01,18.0,eiravatibains@example.com,2026-06-03T17:39:20.186841,2469133412,customers_S005_20260603.json,S005,184,Regular,2026-06-03T17:41:35.996Z,6,2026-06-03T00:00:00.000Z,105948.0,17658.0,Occasional
C0025,20260603,Turbhe,Lajita Shanker,2024-03-13,9.0,brarradhika@example.net,2026-06-03T17:39:20.186841,2630135420,customers_S005_20260603.json,S005,812,VIP,2026-06-03T17:41:35.996Z,36,2026-06-03T00:00:00.000Z,478110.0,13280.833333333334,Loyal Regular
C0362,20260603,Turbhe,Janaki Tak,2025-01-30,9.0,xalakramaswamy@example.net,2026-06-03T17:39:20.186841,2704394264,customers_S005_20260603.json,S005,489,Loyal,2026-06-03T17:41:35.996Z,12,2026-06-03T00:00:00.000Z,236712.0,19726.0,Occasional
C0139,20260603,Panvel,Jagvi Pradhan,2024-01-29,14.0,ria47@example.com,2026-06-03T17:39:20.186841,2783647047,customers_S005_20260603.json,S005,856,VIP,2026-06-03T17:41:35.996Z,12,2026-06-03T00:00:00.000Z,227256.0,18938.0,Occasional
C0574,20260603,Ulwe,Libni Choudhry,2024-09-08,10.0,vedasuresh@example.org,2026-06-03T17:39:20.186841,2827147275,customers_S005_20260603.json,S005,633,Loyal,2026-06-03T17:41:35.996Z,6,2026-06-03T00:00:00.000Z,68448.0,11408.0,Occasional
C0169,20260603,Belapur,Dalbir Walla,2025-02-23,6.5,saanvibhandari@example.com,2026-06-03T17:39:20.186841,2830103029,customers_S005_20260603.json,S005,465,Loyal,2026-06-03T17:41:35.996Z,6,2026-06-03T00:00:00.000Z,114984.0,19164.0,Occasional
C0016,20260603,Kopar Khairane,Abha Reddy,2024-04-19,7.5,labanmitra@example.net,2026-06-03T17:39:20.186841,2943006866,customers_S005_20260603.json,S005,775,VIP,2026-06-03T17:41:35.996Z,42,2026-06-03T00:00:00.000Z,788136.0,18765.14285714286,Gold VIP
C0582,20260603,Kopar Khairane,Tanvi Comar,2026-03-18,7.5,nkurian@example.org,2026-06-03T17:39:20.186841,3192264662,customers_S005_20260603.json,S005,77,Occasional,2026-06-03T17:41:35.996Z,0,,0.0,0.0,Occasional
C0538,20260603,Vashi,Manbir Varma,2024-08-12,5.5,onarain@example.com,2026-06-03T17:39:20.186841,3299832027,customers_S005_20260603.json,S005,660,Loyal,2026-06-03T17:41:35.996Z,0,,0.0,0.0,Occasional
C0007,20260603,Turbhe,Chanchal Madan,2026-01-09,9.0,chakrabortybanjeet@example.com,2026-06-03T17:39:20.186841,3429807205,customers_S005_20260603.json,S005,145,Occasional,2026-06-03T17:41:35.996Z,24,2026-06-03T00:00:00.000Z,409992.0,17083.0,Loyal Regular
C0274,20260603,Kopar Khairane,Akshay Dugar,2023-11-01,7.5,ymadan@example.net,2026-06-03T17:39:20.186841,3534793744,customers_S005_20260603.json,S005,945,VIP,2026-06-03T17:41:35.996Z,36,2026-06-03T00:00:00.000Z,659616.0,18322.666666666668,Gold VIP
C0546,20260603,Seawoods,Garima Chawla,2024-04-30,2.0,harish28@example.org,2026-06-03T17:39:20.186841,3684877232,customers_S005_20260603.json,S005,764,VIP,2026-06-03T17:41:35.996Z,6,2026-06-03T00:00:00.000Z,159048.0,26508.0,Occasional
C0273,20260603,Nerul,Bhavika Mand,2025-05-21,4.0,raohitesh@example.com,2026-06-03T17:39:20.186841,3866861842,customers_S005_20260603.json,S005,378,Loyal,2026-06-03T17:41:35.996Z,24,2026-06-03T00:00:00.000Z,472254.0,19677.25,Loyal Regular
C0516,20260603,Seawoods,Oeshi Oza,2024-04-04,2.0,gulatikaran@example.net,2026-06-03T17:39:20.186841,3925632567,customers_S005_20260603.json,S005,790,VIP,2026-06-03T17:41:35.996Z,0,,0.0,0.0,Occasional
C0201,20260603,Ulwe,Fitan Samra,2025-05-21,10.0,qarinrajagopalan@example.com,2026-06-03T17:39:20.186841,3954418439,customers_S005_20260603.json,S005,378,Loyal,2026-06-03T17:41:35.996Z,24,2026-06-03T00:00:00.000Z,374520.0,15605.0,Loyal Regular
C0022,20260603,Belapur,Vaishnavi Dora,2023-08-06,6.5,gautammemon@example.org,2026-06-03T17:39:20.186841,4030406615,customers_S005_20260603.json,S005,1032,VIP,2026-06-03T17:41:35.996Z,66,2026-06-03T00:00:00.000Z,893154.0,13532.636363636364,Gold VIP
C0134,20260603,Dronagiri,Ubika Gandhi,2025-05-15,18.0,geetika29@example.net,2026-06-03T17:39:20.186841,4056418075,customers_S005_20260603.json,S005,384,Loyal,2026-06-03T17:41:35.996Z,12,2026-06-03T00:00:00.000Z,108156.0,9013.0,Occasional
C0355,20260603,Kharghar,Harshil Sahota,2025-04-07,8.0,widishadeol@example.net,2026-06-03T17:39:20.186841,4072493835,customers_S005_20260603.json,S005,422,Loyal,2026-06-03T17:41:35.996Z,24,2026-06-03T00:00:00.000Z,248166.0,10340.25,Loyal Regular
C0113,20260603,Ulwe,Oeshi Ghosh,2025-01-24,10.0,charvi21@example.net,2026-06-03T17:39:20.186841,4380729765,customers_S005_20260603.json,S005,495,Loyal,2026-06-03T17:41:35.996Z,12,2026-06-03T00:00:00.000Z,247542.0,20628.5,Occasional
C0235,20260603,Nerul,Vincent Nori,2026-05-27,4.0,ati13@example.org,2026-06-03T17:39:20.186841,4605640411,customers_S005_20260603.json,S005,7,Occasional,2026-06-03T17:41:35.996Z,0,,0.0,0.0,Occasional
C0155,20260603,Nerul,Anirudh Bedi,2025-07-20,4.0,reyansh43@example.net,2026-06-03T17:39:20.186841,4605903712,customers_S005_20260603.json,S005,318,Regular,2026-06-03T17:41:35.996Z,30,2026-06-03T00:00:00.000Z,451080.0,15036.0,Loyal Regular
C0296,20260603,Nerul,Ekanta Johal,2023-11-04,4.0,oni21@example.com,2026-06-03T17:39:20.186841,4800977584,customers_S005_20260603.json,S005,942,VIP,2026-06-03T17:41:35.996Z,6,2026-06-03T00:00:00.000Z,109332.0,18222.0,Occasional
C0532,20260603,Vashi,Mekhala Issac,2024-01-03,5.5,siddharth65@example.org,2026-06-03T17:39:20.186841,4979209789,customers_S005_20260603.json,S005,882,VIP,2026-06-03T17:41:35.996Z,18,2026-06-03T00:00:00.000Z,205554.0,11419.666666666666,Occasional
C0157,20260603,Kopar Khairane,Zashil Merchant,2025-07-19,7.5,ekansh53@example.net,2026-06-03T17:39:20.186841,5054258407,customers_S005_20260603.json,S005,319,Regular,2026-06-03T17:41:35.996Z,6,2026-06-03T00:00:00.000Z,80748.0,13458.0,Occasional
C0213,20260603,Belapur,Xiti Sibal,2024-10-16,6.5,dkant@example.com,2026-06-03T17:39:20.186841,5125829125,customers_S005_20260603.json,S005,595,Loyal,2026-06-03T17:41:35.996Z,12,2026-06-03T00:00:00.000Z,154224.0,12852.0,Occasional
C0469,20260603,Panvel,Tanay Kalla,2026-03-19,14.0,siddharth12@example.com,2026-06-03T17:39:20.186841,5154421571,customers_S005_20260603.json,S005,76,Occasional,2026-06-03T17:41:35.996Z,0,,0.0,0.0,Occasional
C0402,20260603,Kopar Khairane,Zansi Mahajan,2024-08-23,7.5,mugdha02@example.org,2026-06-03T17:39:20.186841,5283535632,customers_S005_20260603.json,S005,649,Loyal,2026-06-03T17:41:35.996Z,6,2026-06-03T00:00:00.000Z,15486.0,2581.0,Occasional
C0164,20260603,Dronagiri,Unni Garg,2025-07-21,18.0,agarwalhritik@example.com,2026-06-03T17:39:20.186841,5454050102,customers_S005_20260603.json,S005,317,Regular,2026-06-03T17:41:35.996Z,24,2026-06-03T00:00:00.000Z,360780.0,15032.5,Loyal Regular
C0229,20260603,Kopar Khairane,Peter Mittal,2024-06-12,7.5,farhandara@example.net,2026-06-03T17:39:20.186841,5533722027,customers_S005_20260603.json,S005,721,Loyal,2026-06-03T17:41:35.996Z,6,2026-06-03T00:00:00.000Z,88110.0,14685.0,Occasional
C0360,20260603,Belapur,Meghana Sarma,2024-11-03,6.5,gulatiira@example.com,2026-06-03T17:39:20.186841,5544035277,customers_S005_20260603.json,S005,577,Loyal,2026-06-03T17:41:35.996Z,18,2026-06-03T00:00:00.000Z,347136.0,19285.33333333333,Occasional
C0390,20260603,Kopar Khairane,Ubika Biswas,2023-10-22,7.5,eta35@example.org,2026-06-03T17:39:20.186841,5546308430,customers_S005_20260603.json,S005,955,VIP,2026-06-03T17:41:35.996Z,0,,0.0,0.0,Occasional
C0177,20260603,Dronagiri,Harini Johal,2024-10-13,18.0,djohal@example.net,2026-06-03T17:39:20.186841,5708241604,customers_S005_20260603.json,S005,598,Loyal,2026-06-03T17:41:35.996Z,18,2026-06-03T00:00:00.000Z,251298.0,13961.0,Occasional
C0460,20260603,Dronagiri,Azad Chander,2026-05-03,18.0,darsh29@example.net,2026-06-03T17:39:20.186841,5766952675,customers_S005_20260603.json,S005,31,Occasional,2026-06-03T17:41:35.996Z,0,,0.0,0.0,Occasional
C0620,20260603,Vashi,Turvi Parmer,2023-06-27,5.5,ethanmukhopadhyay@example.org,2026-06-03T17:39:20.186841,5870664255,customers_S005_20260603.json,S005,1072,VIP,2026-06-03T17:41:35.996Z,0,,0.0,0.0,Occasional
C0168,20260603,Kharghar,Arjun Goda,2025-07-05,8.0,nirja16@example.com,2026-06-03T17:39:20.186841,5971287620,customers_S005_20260603.json,S005,333,Regular,2026-06-03T17:41:35.996Z,18,2026-06-03T00:00:00.000Z,259290.0,14405.0,Occasional
C0392,20260603,Turbhe,Pallavi Sridhar,2023-08-22,9.0,hbahri@example.org,2026-06-03T17:39:20.186841,6036673440,customers_S005_20260603.json,S005,1016,VIP,2026-06-03T17:41:35.996Z,24,2026-06-03T00:00:00.000Z,437424.0,18226.0,Loyal Regular
C0466,20260603,Ulwe,Farhan Chad,2024-11-21,10.0,oni61@example.com,2026-06-03T17:39:20.186841,6157064191,customers_S005_20260603.json,S005,559,Loyal,2026-06-03T17:41:35.996Z,0,,0.0,0.0,Occasional
C0346,20260603,Turbhe,Rachit Khatri,2025-06-21,9.0,saranganga@example.org,2026-06-03T17:39:20.186841,6192680919,customers_S005_20260603.json,S005,347,Regular,2026-06-03T17:41:35.996Z,6,2026-06-03T00:00:00.000Z,122202.0,20367.0,Occasional
C0087,20260603,Seawoods,Bina Devi,2023-10-11,2.0,chandratimothy@example.net,2026-06-03T17:39:20.186841,6382447653,customers_S005_20260603.json,S005,966,VIP,2026-06-03T17:41:35.996Z,60,2026-06-03T00:00:00.000Z,981606.0,16360.1,Gold VIP
C0063,20260603,Vashi,Fiyaz Shankar,2024-05-28,5.5,kevin03@example.org,2026-06-03T17:39:20.186841,6720966528,customers_S005_20260603.json,S005,736,VIP,2026-06-03T17:41:35.996Z,30,2026-06-03T00:00:00.000Z,326340.0,10878.0,Loyal Regular
C0035,20260603,Turbhe,Pranav Bahri,2025-08-16,9.0,edugal@example.org,2026-06-03T17:39:20.186841,6972230934,customers_S005_20260603.json,S005,291,Regular,2026-06-03T17:41:35.996Z,24,2026-06-03T00:00:00.000Z,224718.0,9363.25,Loyal Regular
C0385,20260603,Kopar Khairane,Maanas Rama,2025-10-04,7.5,kkala@example.org,2026-06-03T17:39:20.186841,7047733813,customers_S005_20260603.json,S005,242,Regular,2026-06-03T17:41:35.996Z,12,2026-06-03T00:00:00.000Z,140472.0,11706.0,Occasional
C0119,20260603,Vashi,Vyanjana Narayan,2023-09-12,5.5,mohammeddhingra@example.org,2026-06-03T17:39:20.186841,7058239818,customers_S005_20260603.json,S005,995,VIP,2026-06-03T17:41:35.996Z,18,2026-06-03T00:00:00.000Z,214710.0,11928.333333333334,Occasional
C0589,20260603,Kharghar,Pratyush Mitra,2023-08-17,8.0,asingh@example.com,2026-06-03T17:39:20.186841,7134162839,customers_S005_20260603.json,S005,1021,VIP,2026-06-03T17:41:35.996Z,6,2026-06-03T00:00:00.000Z,150678.0,25113.0,Occasional
C0331,20260603,Nerul,Triya Gulati,2025-07-02,4.0,tnagy@example.net,2026-06-03T17:39:20.186841,7180959206,customers_S005_20260603.json,S005,336,Regular,2026-06-03T17:41:35.996Z,6,2026-06-03T00:00:00.000Z,92358.0,15393.0,Occasional
C0635,20260603,Vashi,Ekiya Khatri,2025-03-23,5.5,damini23@example.org,2026-06-03T17:39:20.186841,7312446496,customers_S005_20260603.json,S005,437,Loyal,2026-06-03T17:41:35.996Z,0,,0.0,0.0,Occasional
C0027,20260603,Seawoods,Naveen Jayaraman,2025-04-08,2.0,kibekeya@example.com,2026-06-03T17:39:20.186841,7336116477,customers_S005_20260603.json,S005,421,Loyal,2026-06-03T17:41:35.996Z,24,2026-06-03T00:00:00.000Z,374262.0,15594.25,Loyal Regular
C0548,20260603,Turbhe,Saksham Roy,2023-08-23,9.0,balvansampath@example.com,2026-06-03T17:39:20.186841,7348392055,customers_S005_20260603.json,S005,1015,VIP,2026-06-03T17:41:35.996Z,0,,0.0,0.0,Occasional
C0311,20260603,Nerul,Aradhana Varkey,2024-09-19,4.0,xiti26@example.com,2026-06-03T17:39:20.186841,7389452862,customers_S005_20260603.json,S005,622,Loyal,2026-06-03T17:41:35.996Z,6,2026-06-03T00:00:00.000Z,89724.0,14954.0,Occasional
C0109,20260603,Seawoods,Dhriti Tripathi,2024-05-17,2.0,bahlrohan@example.org,2026-06-03T17:39:20.186841,7731522101,customers_S005_20260603.json,S005,747,VIP,2026-06-03T17:41:35.996Z,30,2026-06-03T00:00:00.000Z,391560.0,13052.0,Loyal Regular
C0344,20260603,Nerul,Veer Rastogi,2023-07-03,4.0,devgokhale@example.net,2026-06-03T17:39:20.186841,7773315413,customers_S005_20260603.json,S005,1066,VIP,2026-06-03T17:41:35.996Z,6,2026-06-03T00:00:00.000Z,30660.0,5110.0,Occasional
C0148,20260603,Kopar Khairane,Charita Nori,2024-11-03,7.5,naksh80@example.org,2026-06-03T17:39:20.186841,7966351692,customers_S005_20260603.json,S005,577,Loyal,2026-06-03T17:41:35.996Z,18,2026-06-03T00:00:00.000Z,248310.0,13795.0,Occasional
C0599,20260603,Nerul,Tejas Luthra,2024-11-28,4.0,ijayabhagat@example.com,2026-06-03T17:39:20.186841,8327402271,customers_S005_20260603.json,S005,552,Loyal,2026-06-03T17:41:35.996Z,0,,0.0,0.0,Occasional
C0407,20260603,Dronagiri,Harish Srivastava,2024-10-18,18.0,pooja96@example.org,2026-06-03T17:39:20.186841,8365409603,customers_S005_20260603.json,S005,593,Loyal,2026-06-03T17:41:35.996Z,6,2026-06-03T00:00:00.000Z,54264.0,9044.0,Occasional
C0373,20260603,Seawoods,Ishanvi Parsa,2024-08-13,2.0,wsood@example.com,2026-06-03T17:39:20.186841,8485703725,customers_S005_20260603.json,S005,659,Loyal,2026-06-03T17:41:35.996Z,12,2026-06-03T00:00:00.000Z,190932.0,15911.0,Occasional
C0439,20260603,Seawoods,Janya Ram,2024-06-19,2.0,rroy@example.com,2026-06-03T17:39:20.186841,8521978903,customers_S005_20260603.json,S005,714,Loyal,2026-06-03T17:41:35.996Z,6,2026-06-03T00:00:00.000Z,29484.0,4914.0,Occasional
C0640,20260603,Panvel,Neelima Ratti,2025-09-07,14.0,virajkala@example.org,2026-06-03T17:39:20.186841,8589242056,customers_S005_20260603.json,S005,269,Regular,2026-06-03T17:41:35.996Z,0,,0.0,0.0,Occasional
C0342,20260603,Belapur,Xalak Kanda,2025-02-23,6.5,warjas84@example.com,2026-06-03T17:39:20.186841,8622818093,customers_S005_20260603.json,S005,465,Loyal,2026-06-03T17:41:35.996Z,6,2026-06-03T00:00:00.000Z,166140.0,27690.0,Occasional
C0301,20260603,Dronagiri,Finn Anand,2025-02-24,18.0,lajitarajan@example.com,2026-06-03T17:39:20.186841,8632455492,customers_S005_20260603.json,S005,464,Loyal,2026-06-03T17:41:35.996Z,6,2026-06-03T00:00:00.000Z,155754.0,25959.0,Occasional
C0398,20260603,Unknown,Rajeshri Balasubramanian,2023-09-26,8.0,meera99@example.org,2026-06-03T17:39:20.186841,8663359149,customers_S005_20260603.json,S005,981,VIP,2026-06-03T17:41:35.996Z,24,2026-06-03T00:00:00.000Z,556098.0,23170.75,Gold VIP
C0268,20260603,Kharghar,Maanav Dyal,2023-06-21,8.0,om56@example.net,2026-06-03T17:39:20.186841,8752802767,customers_S005_20260603.json,S005,1078,VIP,2026-06-03T17:41:35.996Z,12,2026-06-03T00:00:00.000Z,177084.0,14757.0,Occasional
C0285,20260603,Kopar Khairane,Christopher Pandit,2025-07-24,7.5,tripathihemangini@example.org,2026-06-03T17:39:20.186841,9030944692,customers_S005_20260603.json,S005,314,Regular,2026-06-03T17:41:35.996Z,24,2026-06-03T00:00:00.000Z,407700.0,16987.5,Loyal Regular
C0595,20260603,Dronagiri,Charles Date,2025-03-23,18.0,kadakiaonveer@example.net,2026-06-03T17:39:20.186841,9035242762,customers_S005_20260603.json,S005,437,Loyal,2026-06-03T17:41:35.996Z,0,,0.0,0.0,Occasional
C0114,20260603,Vashi,Balendra Sur,2024-12-13,5.5,ubika50@example.org,2026-06-03T17:39:20.186841,9057322291,customers_S005_20260603.json,S005,537,Loyal,2026-06-03T17:41:35.996Z,24,2026-06-03T00:00:00.000Z,437400.0,18225.0,Loyal Regular
C0530,20260603,Dronagiri,Raghav Mandal,2024-05-07,18.0,unknown@noemail.com,2026-06-03T17:39:20.186841,9094313318,customers_S005_20260603.json,S005,757,VIP,2026-06-03T17:41:35.996Z,6,2026-06-03T00:00:00.000Z,94044.0,15674.0,Occasional
C0622,20260603,Nerul,Diya Setty,2023-11-28,4.0,jmohan@example.com,2026-06-03T17:39:20.186841,9181054628,customers_S005_20260603.json,S005,918,VIP,2026-06-03T17:41:35.996Z,0,,0.0,0.0,Occasional
C0166,20260603,Belapur,Kalpit Sheth,2025-12-20,6.5,pranav05@example.net,2026-06-03T17:39:20.186841,9250155333,customers_S005_20260603.json,S005,165,Occasional,2026-06-03T17:41:35.996Z,18,2026-06-03T00:00:00.000Z,325428.0,18079.33333333333,Occasional
C0505,20260603,Nerul,Amol Chawla,2024-12-09,4.0,saranayak@example.org,2026-06-03T17:39:20.186841,9252717372,customers_S005_20260603.json,S005,541,Loyal,2026-06-03T17:41:35.996Z,6,2026-06-03T00:00:00.000Z,66468.0,11078.0,Occasional
C0246,20260603,Kopar Khairane,Reyansh Verma,2025-12-09,7.5,esrinivasan@example.org,2026-06-03T17:39:20.186841,9418672508,customers_S005_20260603.json,S005,176,Occasional,2026-06-03T17:41:35.996Z,18,2026-06-03T00:00:00.000Z,344340.0,19130.0,Occasional
C0138,20260603,Nerul,Chandran Joshi,2024-05-28,4.0,falakraghavan@example.net,2026-06-03T17:39:20.186841,9455848334,customers_S005_20260603.json,S005,736,VIP,2026-06-03T17:41:35.996Z,6,2026-06-03T00:00:00.000Z,86484.0,14414.0,Occasional
C0511,20260603,Belapur,Sai Garg,2025-10-11,6.5,loyalaishani@example.net,2026-06-03T17:39:20.186841,9541292648,customers_S005_20260603.json,S005,235,Regular,2026-06-03T17:41:35.996Z,0,,0.0,0.0,Occasional
C0396,20260603,Belapur,Turvi Tiwari,2024-11-18,6.5,akshay89@example.com,2026-06-03T17:39:20.186841,9590061200,customers_S005_20260603.json,S005,562,Loyal,2026-06-03T17:41:35.996Z,6,2026-06-03T00:00:00.000Z,9972.0,1662.0,Occasional
C0515,20260603,Belapur,Lajita Bir,2023-11-21,6.5,zganesan@example.com,2026-06-03T17:39:20.186841,9597116917,customers_S005_20260603.json,S005,925,VIP,2026-06-03T17:41:35.996Z,0,,0.0,0.0,Occasional
C0189,20260603,Turbhe,Ishanvi Bose,2023-08-11,9.0,useth@example.com,2026-06-03T17:39:20.186841,9770712389,customers_S005_20260603.json,S005,1027,VIP,2026-06-03T17:41:35.996Z,18,2026-06-03T00:00:00.000Z,392550.0,21808.33333333333,Occasional
C0409,20260603,Nerul,Xalak Walla,2025-07-19,4.0,venkateshvyanjana@example.net,2026-06-03T17:39:20.186841,9855574496,customers_S005_20260603.json,S005,319,Regular,2026-06-03T17:41:35.996Z,12,2026-06-03T00:00:00.000Z,362016.0,30168.0,Occasional
C0182,20260603,Vashi,Yashawini Gara,2024-12-20,5.5,sudikshapatel@example.org,2026-06-03T17:39:20.186841,9914463309,customers_S005_20260603.json,S005,530,Loyal,2026-06-03T17:41:35.996Z,30,2026-06-03T00:00:00.000Z,768792.0,25626.4,Gold VIP
C0323,20260603,Kharghar,Nachiket Parmar,2025-04-14,8.0,ibera@example.net,2026-06-03T17:39:20.186841,INVALID,customers_S005_20260603.json,S005,415,Loyal,2026-06-03T17:41:35.996Z,30,2026-06-03T00:00:00.000Z,523086.0,17436.2,Gold VIP
C0481,20260603,Turbhe,Tanay Khanna,2025-07-15,9.0,hdixit@example.com,2026-06-03T17:39:20.186841,INVALID,customers_S005_20260603.json,S005,323,Regular,2026-06-03T17:41:35.996Z,18,2026-06-03T00:00:00.000Z,507384.0,28188.0,Gold VIP
C0197,20260603,Vashi,Nikita Pant,2024-06-11,5.5,ssarma@example.org,2026-06-03T17:39:20.186841,0112816331,customers_S005_20260603.json,S005,722,Loyal,2026-06-03T17:41:35.996Z,18,2026-06-03T00:00:00.000Z,198054.0,11003.0,Occasional
C0037,20260603,Seawoods,Niharika Patla,2025-03-27,2.0,balakrishnansamaksh@example.net,2026-06-03T17:39:20.186841,0196104877,customers_S005_20260603.json,S005,433,Loyal,2026-06-03T17:41:35.996Z,54,2026-06-03T00:00:00.000Z,750960.0,13906.666666666666,Gold VIP
C0080,20260603,Panvel,Vamakshi Johal,2026-02-27,14.0,omani@example.org,2026-06-03T17:39:20.186841,0343637120,customers_S005_20260603.json,S005,96,Occasional,2026-06-03T17:41:35.996Z,60,2026-06-03T00:00:00.000Z,1051728.0,17528.8,Platinum VIP
C0502,20260603,Turbhe,Sneha Bandi,2026-01-13,9.0,pallavisrinivas@example.com,2026-06-03T17:39:20.186841,0350477868,customers_S005_20260603.json,S005,141,Occasional,2026-06-03T17:41:35.996Z,0,,0.0,0.0,Occasional
C0427,20260603,Ulwe,Wahab Gour,2025-07-05,10.0,rdesai@example.org,2026-06-03T17:39:20.186841,0571410589,customers_S005_20260603.json,S005,333,Regular,2026-06-03T17:41:35.996Z,0,,0.0,0.0,Occasional
C0586,20260603,Kharghar,Bhanumati Jain,2024-07-04,8.0,cchhabra@example.net,2026-06-03T17:39:20.186841,0768660937,customers_S005_20260603.json,S005,699,Loyal,2026-06-03T17:41:35.996Z,0,,0.0,0.0,Occasional
C0055,20260603,Vashi,Falguni Mandal,2024-11-03,5.5,neha12@example.com,2026-06-03T17:39:20.186841,1312953261,customers_S005_20260603.json,S005,577,Loyal,2026-06-03T17:41:35.996Z,48,2026-06-03T00:00:00.000Z,953562.0,19865.875,Gold VIP
C0332,20260603,Belapur,Vedhika Banerjee,2024-05-16,6.5,sagarcaleb@example.net,2026-06-03T17:39:20.186841,1433916451,customers_S005_20260603.json,S005,748,VIP,2026-06-03T17:41:35.996Z,6,2026-06-03T00:00:00.000Z,51252.0,8542.0,Occasional
C0614,20260603,Panvel,Advay Suresh,2025-08-14,14.0,gunbir84@example.com,2026-06-03T17:39:20.186841,1574299938,customers_S005_20260603.json,S005,293,Regular,2026-06-03T17:41:35.996Z,6,2026-06-03T00:00:00.000Z,159120.0,26520.0,Occasional
C0412,20260603,Kharghar,Zarna Mani,2024-08-04,8.0,aarushsule@example.org,2026-06-03T17:39:20.186841,2024403713,customers_S005_20260603.json,S005,668,Loyal,2026-06-03T17:41:35.996Z,12,2026-06-03T00:00:00.000Z,285642.0,23803.5,Occasional
C0457,20260603,Turbhe,Aarini Ghose,2026-03-05,9.0,kakarnikita@example.net,2026-06-03T17:39:20.186841,2067684121,customers_S005_20260603.json,S005,90,Occasional,2026-06-03T17:41:35.996Z,6,2026-06-03T00:00:00.000Z,187248.0,31208.0,Occasional
C0310,20260603,Belapur,Chanchal Sengupta,2024-03-14,6.5,kramanathan@example.org,2026-06-03T17:39:20.186841,2134587190,customers_S005_20260603.json,S005,811,VIP,2026-06-03T17:41:35.996Z,12,2026-06-03T00:00:00.000Z,216504.0,18042.0,Occasional
C0220,20260603,Kharghar,Sai Bakshi,2023-07-14,8.0,panini01@example.net,2026-06-03T17:39:20.186841,2299009243,customers_S005_20260603.json,S005,1055,VIP,2026-06-03T17:41:35.996Z,6,2026-06-03T00:00:00.000Z,127680.0,21280.0,Occasional
C0320,20260603,Ulwe,Rayaan Dua,2025-10-05,10.0,pavanibose@example.net,2026-06-03T17:39:20.186841,2371787595,customers_S005_20260603.json,S005,241,Regular,2026-06-03T17:41:35.996Z,36,2026-06-03T00:00:00.000Z,371706.0,10325.166666666666,Loyal Regular
C0319,20260603,Belapur,Amruta Deshpande,2023-12-09,6.5,znagarajan@example.com,2026-06-03T17:39:20.186841,2469584517,customers_S005_20260603.json,S005,907,VIP,2026-06-03T17:41:35.996Z,0,,0.0,0.0,Occasional
C0171,20260603,Kharghar,Omya Arora,2025-09-11,8.0,nihal34@example.com,2026-06-03T17:39:20.186841,2479423606,customers_S005_20260603.json,S005,265,Regular,2026-06-03T17:41:35.996Z,12,2026-06-03T00:00:00.000Z,101910.0,8492.5,Occasional
C0433,20260603,Vashi,Chandran Sawhney,2025-05-06,5.5,wmangal@example.org,2026-06-03T17:39:20.186841,2843892106,customers_S005_20260603.json,S005,393,Loyal,2026-06-03T17:41:35.996Z,6,2026-06-03T00:00:00.000Z,119376.0,19896.0,Occasional
C0205,20260603,Kharghar,Girik Dhawan,2024-10-31,8.0,sekhonmahika@example.org,2026-06-03T17:39:20.186841,2852780823,customers_S005_20260603.json,S005,580,Loyal,2026-06-03T17:41:35.996Z,24,2026-06-03T00:00:00.000Z,357342.0,14889.25,Loyal Regular
C0052,20260603,Dronagiri,Devika Munshi,2025-07-09,18.0,aradhanamukherjee@example.net,2026-06-03T17:39:20.186841,2947256883,customers_S005_20260603.json,S005,329,Regular,2026-06-03T17:41:35.996Z,12,2026-06-03T00:00:00.000Z,222690.0,18557.5,Occasional
C0216,20260603,Belapur,Vedhika Sibal,2026-02-08,6.5,nigamgaurav@example.org,2026-06-03T17:39:20.186841,2995020341,customers_S005_20260603.json,S005,115,Occasional,2026-06-03T17:41:35.996Z,30,2026-06-03T00:00:00.000Z,617220.0,20574.0,Gold VIP
C0146,20260603,Seawoods,Robert Dass,2025-06-17,2.0,brau@example.org,2026-06-03T17:39:20.186841,3253526125,customers_S005_20260603.json,S005,351,Regular,2026-06-03T17:41:35.996Z,24,2026-06-03T00:00:00.000Z,486882.0,20286.75,Loyal Regular
C0539,20260603,Kharghar,Bhavna Mohan,2024-05-08,8.0,eshana28@example.org,2026-06-03T17:39:20.186841,3304934857,customers_S005_20260603.json,S005,756,VIP,2026-06-03T17:41:35.996Z,6,2026-06-03T00:00:00.000Z,113346.0,18891.0,Occasional
C0104,20260603,Turbhe,Ijaya Mistry,2024-07-10,9.0,saniwyatt@example.com,2026-06-03T17:39:20.186841,3328770673,customers_S005_20260603.json,S005,693,Loyal,2026-06-03T17:41:35.996Z,36,2026-06-03T00:00:00.000Z,533442.0,14817.833333333334,Gold VIP
C0001,20260603,Unknown,Reva Dhar,2025-11-09,2.0,nisha59@example.com,2026-06-03T17:39:20.186841,3330178618,customers_S005_20260603.json,S005,206,Regular,2026-06-03T17:41:35.996Z,78,2026-06-03T00:00:00.000Z,1532628.0,19649.07692307692,Platinum VIP
C0078,20260603,Vashi,Dhruv Saxena,2025-09-09,5.5,kdave@example.net,2026-06-03T17:39:20.186841,3535008148,customers_S005_20260603.json,S005,267,Regular,2026-06-03T17:41:35.996Z,24,2026-06-03T00:00:00.000Z,384252.0,16010.5,Loyal Regular
C0519,20260603,Vashi,Netra Garde,2024-07-13,5.5,amritakoshy@example.com,2026-06-03T17:39:20.186841,3677916886,customers_S005_20260603.json,S005,690,Loyal,2026-06-03T17:41:35.996Z,6,2026-06-03T00:00:00.000Z,45336.0,7556.0,Occasional
C0076,20260603,Nerul,Bishakha Bhandari,2024-09-19,4.0,lavanyaissac@example.org,2026-06-03T17:39:20.186841,3688235616,customers_S005_20260603.json,S005,622,Loyal,2026-06-03T17:41:35.996Z,48,2026-06-03T00:00:00.000Z,807558.0,16824.125,Gold VIP
C0193,20260603,Vashi,Yutika Bath,2024-07-19,5.5,jeevikamahal@example.net,2026-06-03T17:39:20.186841,3993112007,customers_S005_20260603.json,S005,684,Loyal,2026-06-03T17:41:35.996Z,18,2026-06-03T00:00:00.000Z,294108.0,16339.333333333334,Occasional
C0032,20260603,Nerul,Yashica Bobal,2023-10-17,4.0,revasharma@example.org,2026-06-03T17:39:20.186841,4370483303,customers_S005_20260603.json,S005,960,VIP,2026-06-03T17:41:35.996Z,78,2026-06-03T00:00:00.000Z,1015668.0,13021.384615384615,Platinum VIP
C0308,20260603,Kopar Khairane,Anirudh Bains,2024-05-19,7.5,gautamiprabhu@example.com,2026-06-03T17:39:20.186841,4381840908,customers_S005_20260603.json,S005,745,VIP,2026-06-03T17:41:35.996Z,6,2026-06-03T00:00:00.000Z,162456.0,27076.0,Occasional
C0069,20260603,Seawoods,Damini Dyal,2023-12-20,2.0,qpandya@example.com,2026-06-03T17:39:20.186841,4466147357,customers_S005_20260603.json,S005,896,VIP,2026-06-03T17:41:35.996Z,18,2026-06-03T00:00:00.000Z,285288.0,15849.333333333334,Occasional
C0165,20260603,Panvel,Mason Kashyap,2024-01-09,14.0,mcheema@example.org,2026-06-03T17:39:20.186841,4467655123,customers_S005_20260603.json,S005,876,VIP,2026-06-03T17:41:35.996Z,18,2026-06-03T00:00:00.000Z,328782.0,18265.666666666668,Occasional
C0462,20260603,Nerul,Nathan Anne,2026-03-12,4.0,alexander36@example.org,2026-06-03T17:39:20.186841,4470015932,customers_S005_20260603.json,S005,83,Occasional,2026-06-03T17:41:35.996Z,0,,0.0,0.0,Occasional
C0526,20260603,Seawoods,Neel Srivastava,2025-02-26,2.0,hamsinijaggi@example.org,2026-06-03T17:39:20.186841,5157994520,customers_S005_20260603.json,S005,462,Loyal,2026-06-03T17:41:35.996Z,0,,0.0,0.0,Occasional
C0624,20260603,Kharghar,Caleb Tiwari,2023-11-16,8.0,jackbedi@example.net,2026-06-03T17:39:20.186841,5186753355,customers_S005_20260603.json,S005,930,VIP,2026-06-03T17:41:35.996Z,12,2026-06-03T00:00:00.000Z,179544.0,14962.0,Occasional
C0100,20260603,Kopar Khairane,Advaith Korpal,2023-10-29,7.5,fbhatia@example.org,2026-06-03T17:39:20.186841,5227042575,customers_S005_20260603.json,S005,948,VIP,2026-06-03T17:41:35.996Z,6,2026-06-03T00:00:00.000Z,122202.0,20367.0,Occasional
C0533,20260603,Vashi,Omisha Rama,2023-06-24,5.5,dyalnicholas@example.net,2026-06-03T17:39:20.186841,5309989477,customers_S005_20260603.json,S005,1075,VIP,2026-06-03T17:41:35.996Z,18,2026-06-03T00:00:00.000Z,349638.0,19424.33333333333,Occasional
C0359,20260603,Turbhe,Udarsh Desai,2024-05-26,9.0,vinaya88@example.org,2026-06-03T17:39:20.186841,5959095223,customers_S005_20260603.json,S005,738,VIP,2026-06-03T17:41:35.996Z,24,2026-06-03T00:00:00.000Z,379584.0,15816.0,Loyal Regular
C0602,20260603,Seawoods,David Dalal,2024-09-06,2.0,karpeamara@example.net,2026-06-03T17:39:20.186841,6284857027,customers_S005_20260603.json,S005,635,Loyal,2026-06-03T17:41:35.996Z,0,,0.0,0.0,Occasional
C0312,20260603,Turbhe,Aarnav Kashyap,2025-12-05,9.0,zaitranarayanan@example.com,2026-06-03T17:39:20.186841,6595283729,customers_S005_20260603.json,S005,180,Regular,2026-06-03T17:41:35.996Z,6,2026-06-03T00:00:00.000Z,81000.0,13500.0,Occasional
C0106,20260603,Turbhe,Sai Oza,2026-03-05,9.0,jagratimemon@example.net,2026-06-03T17:39:20.186841,6611120825,customers_S005_20260603.json,S005,90,Occasional,2026-06-03T17:41:35.996Z,24,2026-06-03T00:00:00.000Z,321552.0,13398.0,Loyal Regular
C0343,20260603,Panvel,Hemangini Bakshi,2026-04-05,14.0,ishitashroff@example.org,2026-06-03T17:39:20.186841,6617659544,customers_S005_20260603.json,S005,59,Occasional,2026-06-03T17:41:35.996Z,12,2026-06-03T00:00:00.000Z,274872.0,22906.0,Occasional
C0383,20260603,Dronagiri,Yamini Thakur,2026-03-06,18.0,tkaul@example.net,2026-06-03T17:39:20.186841,6633642887,customers_S005_20260603.json,S005,89,Occasional,2026-06-03T17:41:35.996Z,24,2026-06-03T00:00:00.000Z,407226.0,16967.75,Loyal Regular
C0432,20260603,Seawoods,Bachittar Wali,2024-09-26,2.0,sudiksha71@example.org,2026-06-03T17:39:20.186841,6886212004,customers_S005_20260603.json,S005,615,Loyal,2026-06-03T17:41:35.996Z,6,2026-06-03T00:00:00.000Z,194808.0,32468.0,Occasional
C0245,20260603,Ulwe,Zaid Patel,2023-07-21,10.0,jatindutta@example.org,2026-06-03T17:39:20.186841,7017247992,customers_S005_20260603.json,S005,1048,VIP,2026-06-03T17:41:35.996Z,6,2026-06-03T00:00:00.000Z,77058.0,12843.0,Occasional
C0617,20260603,Turbhe,Shivansh Pingle,2025-04-09,9.0,johalluke@example.net,2026-06-03T17:39:20.186841,7067892850,customers_S005_20260603.json,S005,420,Loyal,2026-06-03T17:41:35.996Z,0,,0.0,0.0,Occasional
C0451,20260603,Belapur,Ekalinga Dugal,2024-05-28,6.5,khannaekansh@example.com,2026-06-03T17:39:20.186841,7077615161,customers_S005_20260603.json,S005,736,VIP,2026-06-03T17:41:35.996Z,6,2026-06-03T00:00:00.000Z,97380.0,16230.0,Occasional
C0019,20260603,Kopar Khairane,Anthony Chokshi,2023-07-22,7.5,abdulkala@example.org,2026-06-03T17:39:20.186841,7104014634,customers_S005_20260603.json,S005,1047,VIP,2026-06-03T17:41:35.996Z,48,2026-06-03T00:00:00.000Z,914448.0,19051.0,Gold VIP
C0478,20260603,Belapur,Nikita Karpe,2023-10-14,6.5,robert68@example.org,2026-06-03T17:39:20.186841,7236759003,customers_S005_20260603.json,S005,963,VIP,2026-06-03T17:41:35.996Z,0,,0.0,0.0,Occasional
C0085,20260603,Kharghar,Jyoti Salvi,2024-12-04,8.0,qom@example.org,2026-06-03T17:39:20.186841,7320033134,customers_S005_20260603.json,S005,546,Loyal,2026-06-03T17:41:35.996Z,12,2026-06-03T00:00:00.000Z,65124.0,5427.0,Occasional
C0448,20260603,Kharghar,Madhav Deshmukh,2023-12-31,8.0,megha01@example.net,2026-06-03T17:39:20.186841,7404558796,customers_S005_20260603.json,S005,885,VIP,2026-06-03T17:41:35.996Z,0,,0.0,0.0,Occasional
C0584,20260603,Nerul,Yashica Bhatt,2025-10-07,4.0,mdube@example.net,2026-06-03T17:39:20.186841,7454797882,customers_S005_20260603.json,S005,239,Regular,2026-06-03T17:41:35.996Z,0,,0.0,0.0,Occasional
C0446,20260603,Belapur,Ekapad Dugar,2025-06-21,6.5,thakurupasna@example.org,2026-06-03T17:39:20.186841,7474460437,customers_S005_20260603.json,S005,347,Regular,2026-06-03T17:41:35.996Z,6,2026-06-03T00:00:00.000Z,24288.0,4048.0,Occasional
C0203,20260603,Nerul,Mahika Datta,2026-04-20,4.0,ishanvinaidu@example.org,2026-06-03T17:39:20.186841,7722352270,customers_S005_20260603.json,S005,44,Occasional,2026-06-03T17:41:35.996Z,18,2026-06-03T00:00:00.000Z,362226.0,20123.666666666668,Occasional
C0557,20260603,Kopar Khairane,Oni Varughese,2025-10-28,7.5,jalsasahota@example.com,2026-06-03T17:39:20.186841,7816005108,customers_S005_20260603.json,S005,218,Regular,2026-06-03T17:41:35.996Z,6,2026-06-03T00:00:00.000Z,210360.0,35060.0,Occasional
C0324,20260603,Nerul,Frederick Singh,2025-08-22,4.0,unknown@noemail.com,2026-06-03T17:39:20.186841,7847564024,customers_S005_20260603.json,S005,285,Regular,2026-06-03T17:41:35.996Z,18,2026-06-03T00:00:00.000Z,155358.0,8631.0,Occasional
C0115,20260603,Kharghar,Zayan Chaudry,2026-03-06,8.0,pallavi14@example.com,2026-06-03T17:39:20.186841,7964645143,customers_S005_20260603.json,S005,89,Occasional,2026-06-03T17:41:35.996Z,6,2026-06-03T00:00:00.000Z,28044.0,4674.0,Occasional
C0175,20260603,Belapur,Upasna Mital,2025-03-08,6.5,yadavihayre@example.net,2026-06-03T17:39:20.186841,8051541669,customers_S005_20260603.json,S005,452,Loyal,2026-06-03T17:41:35.996Z,12,2026-06-03T00:00:00.000Z,144564.0,12047.0,Occasional
C0374,20260603,Ulwe,Chameli Patla,2023-06-22,10.0,badalraksha@example.net,2026-06-03T17:39:20.186841,8209317419,customers_S005_20260603.json,S005,1077,VIP,2026-06-03T17:41:35.996Z,6,2026-06-03T00:00:00.000Z,49824.0,8304.0,Occasional
C0111,20260603,Vashi,Nandini Korpal,2024-08-17,5.5,ikshitaatwal@example.com,2026-06-03T17:39:20.186841,8280464677,customers_S005_20260603.json,S005,655,Loyal,2026-06-03T17:41:35.996Z,24,2026-06-03T00:00:00.000Z,391446.0,16310.25,Loyal Regular
C0637,20260603,Belapur,Vincent Singhal,2024-11-29,6.5,aarav19@example.com,2026-06-03T17:39:20.186841,8325300525,customers_S005_20260603.json,S005,551,Loyal,2026-06-03T17:41:35.996Z,6,2026-06-03T00:00:00.000Z,120006.0,20001.0,Occasional
C0041,20260603,Turbhe,Fitan Walla,2024-08-18,9.0,urvi67@example.net,2026-06-03T17:39:20.186841,8381538618,customers_S005_20260603.json,S005,654,Loyal,2026-06-03T17:41:35.996Z,66,2026-06-03T00:00:00.000Z,1277436.0,19355.090909090908,Platinum VIP
C0067,20260603,Seawoods,Sai Dyal,2024-10-13,2.0,ubasak@example.net,2026-06-03T17:39:20.186841,8383867399,customers_S005_20260603.json,S005,598,Loyal,2026-06-03T17:41:35.996Z,42,2026-06-03T00:00:00.000Z,624234.0,14862.714285714286,Gold VIP
C0248,20260603,Vashi,Anita Mukherjee,2024-10-01,5.5,pantrishi@example.net,2026-06-03T17:39:20.186841,8630872899,customers_S005_20260603.json,S005,610,Loyal,2026-06-03T17:41:35.996Z,6,2026-06-03T00:00:00.000Z,114864.0,19144.0,Occasional
C0071,20260603,Seawoods,Baghyawati Dani,2025-05-14,2.0,ladamaira@example.org,2026-06-03T17:39:20.186841,8777622863,customers_S005_20260603.json,S005,385,Loyal,2026-06-03T17:41:35.996Z,36,2026-06-03T00:00:00.000Z,653532.0,18153.666666666668,Gold VIP
C0387,20260603,Panvel,Alka Bath,2024-09-20,14.0,choudhryhardik@example.net,2026-06-03T17:39:20.186841,8887803675,customers_S005_20260603.json,S005,621,Loyal,2026-06-03T17:41:35.996Z,18,2026-06-03T00:00:00.000Z,250938.0,13941.0,Occasional
C0131,20260603,Ulwe,Daksh Bedi,2024-05-07,10.0,onatarajan@example.com,2026-06-03T17:39:20.186841,8890195165,customers_S005_20260603.json,S005,757,VIP,2026-06-03T17:41:35.996Z,30,2026-06-03T00:00:00.000Z,572574.0,19085.8,Gold VIP
C0627,20260603,Ulwe,Pranit Keer,2024-07-06,10.0,qabilshroff@example.com,2026-06-03T17:39:20.186841,8891112693,customers_S005_20260603.json,S005,697,Loyal,2026-06-03T17:41:35.996Z,6,2026-06-03T00:00:00.000Z,58476.0,9746.0,Occasional
C0279,20260603,Ulwe,Omkaar Tripathi,2024-02-21,10.0,vmanda@example.org,2026-06-03T17:39:20.186841,9112874821,customers_S005_20260603.json,S005,833,VIP,2026-06-03T17:41:35.996Z,0,,0.0,0.0,Occasional
C0118,20260603,Belapur,Amaira Nagy,2025-10-31,6.5,teerth05@example.org,2026-06-03T17:39:20.186841,9216974956,customers_S005_20260603.json,S005,215,Regular,2026-06-03T17:41:35.996Z,18,2026-06-03T00:00:00.000Z,276786.0,15377.0,Occasional
C0073,20260603,Turbhe,Baljiwan Khalsa,2025-06-20,9.0,netra68@example.net,2026-06-03T17:39:20.186841,9487752008,customers_S005_20260603.json,S005,348,Regular,2026-06-03T17:41:35.996Z,48,2026-06-03T00:00:00.000Z,916656.0,19097.0,Gold VIP
C0587,20260603,Seawoods,Lucky Ramakrishnan,2025-09-26,2.0,srivastavaazaan@example.net,2026-06-03T17:39:20.186841,9545018127,customers_S005_20260603.json,S005,250,Regular,2026-06-03T17:41:35.996Z,0,,0.0,0.0,Occasional
C0397,20260603,Seawoods,Anay Parmer,2024-02-10,2.0,loganupadhyay@example.net,2026-06-03T17:39:20.186841,9632802598,customers_S005_20260603.json,S005,844,VIP,2026-06-03T17:41:35.996Z,6,2026-06-03T00:00:00.000Z,189984.0,31664.0,Occasional
C0641,20260603,Panvel,Maanas Varty,2026-02-15,14.0,comarjyoti@example.net,2026-06-03T17:39:20.186841,9872295162,customers_S005_20260603.json,S005,108,Occasional,2026-06-03T17:41:35.996Z,0,,0.0,0.0,Occasional
C0141,20260603,Seawoods,Daksha Goda,2025-04-08,2.0,jzachariah@example.net,2026-06-03T17:39:20.186841,INVALID,customers_S005_20260603.json,S005,421,Loyal,2026-06-03T17:41:35.996Z,30,2026-06-03T00:00:00.000Z,423138.0,14104.6,Loyal Regular
C0200,20260603,Dronagiri,Janya Johal,2025-10-06,18.0,spadmanabhan@example.org,2026-06-03T17:39:20.186841,INVALID,customers_S005_20260603.json,S005,240,Regular,2026-06-03T17:41:35.996Z,30,2026-06-03T00:00:00.000Z,532878.0,17762.6,Gold VIP
C0261,20260603,Panvel,Christopher Kota,2023-07-16,14.0,balendra56@example.com,2026-06-03T17:39:20.186841,0299479223,customers_S005_20260603.json,S005,1053,VIP,2026-06-03T17:41:35.996Z,0,,0.0,0.0,Occasional
C0351,20260603,Belapur,Varsha Mani,2025-09-16,6.5,unknown@noemail.com,2026-06-03T17:39:20.186841,1016707747,customers_S005_20260603.json,S005,260,Regular,2026-06-03T17:41:35.996Z,6,2026-06-03T00:00:00.000Z,134748.0,22458.0,Occasional
C0072,20260603,Kopar Khairane,Madhav Prasad,2023-09-12,7.5,bawajasmit@example.net,2026-06-03T17:39:20.186841,1071608466,customers_S005_20260603.json,S005,995,VIP,2026-06-03T17:41:35.996Z,42,2026-06-03T00:00:00.000Z,650508.0,15488.285714285714,Gold VIP
C0591,20260603,Belapur,Advika Kala,2024-10-25,6.5,kevin87@example.org,2026-06-03T17:39:20.186841,1074828805,customers_S005_20260603.json,S005,586,Loyal,2026-06-03T17:41:35.996Z,6,2026-06-03T00:00:00.000Z,253980.0,42330.0,Occasional
C0191,20260603,Kharghar,Mugdha Bhagat,2026-01-05,8.0,raugagan@example.org,2026-06-03T17:39:20.186841,1078575466,customers_S005_20260603.json,S005,149,Occasional,2026-06-03T17:41:35.996Z,36,2026-06-03T00:00:00.000Z,505266.0,14035.166666666666,Gold VIP
C0239,20260603,Nerul,Aarav Kapur,2024-10-19,4.0,minhasbaghyawati@example.org,2026-06-03T17:39:20.186841,1264959659,customers_S005_20260603.json,S005,592,Loyal,2026-06-03T17:41:35.996Z,12,2026-06-03T00:00:00.000Z,74100.0,6175.0,Occasional
C0600,20260603,Dronagiri,Ekalinga Chaudry,2023-12-25,18.0,darshkapoor@example.org,2026-06-03T17:39:20.186841,1380350367,customers_S005_20260603.json,S005,891,VIP,2026-06-03T17:41:35.996Z,0,,0.0,0.0,Occasional
C0524,20260603,Seawoods,Vinaya Soman,2026-02-24,2.0,oommenaditya@example.com,2026-06-03T17:39:20.186841,1639813940,customers_S005_20260603.json,S005,99,Occasional,2026-06-03T17:41:35.996Z,6,2026-06-03T00:00:00.000Z,195336.0,32556.0,Occasional
C0084,20260603,Kharghar,Patrick Datta,2023-07-28,8.0,memontriveni@example.net,2026-06-03T17:39:20.186841,1646117387,customers_S005_20260603.json,S005,1041,VIP,2026-06-03T17:41:35.996Z,48,2026-06-03T00:00:00.000Z,1119240.0,23317.5,Gold VIP
C0506,20260603,Kharghar,Kashvi Khatri,2025-08-03,8.0,aditya09@example.org,2026-06-03T17:39:20.186841,1862383765,customers_S005_20260603.json,S005,304,Regular,2026-06-03T17:41:35.996Z,6,2026-06-03T00:00:00.000Z,57222.0,9537.0,Occasional
C0276,20260603,Dronagiri,Aarna Dar,2026-01-15,18.0,faraj78@example.net,2026-06-03T17:39:20.186841,1958558329,customers_S005_20260603.json,S005,139,Occasional,2026-06-03T17:41:35.996Z,18,2026-06-03T00:00:00.000Z,389538.0,21641.0,Occasional
C0326,20260603,Kharghar,Pranit Borde,2024-12-11,8.0,sastrygagan@example.com,2026-06-03T17:39:20.186841,2138702633,customers_S005_20260603.json,S005,539,Loyal,2026-06-03T17:41:35.996Z,24,2026-06-03T00:00:00.000Z,356886.0,14870.25,Loyal Regular
C0328,20260603,Belapur,Alka Dash,2025-09-06,6.5,parmarraksha@example.org,2026-06-03T17:39:20.186841,2605231957,customers_S005_20260603.json,S005,270,Regular,2026-06-03T17:41:35.996Z,30,2026-06-03T00:00:00.000Z,354948.0,11831.6,Loyal Regular
C0594,20260603,Nerul,Arya Sane,2025-12-18,4.0,baradpeter@example.net,2026-06-03T17:39:20.186841,2698846362,customers_S005_20260603.json,S005,167,Occasional,2026-06-03T17:41:35.996Z,12,2026-06-03T00:00:00.000Z,166608.0,13884.0,Occasional
C0473,20260603,Panvel,Mitesh Kibe,2024-09-22,14.0,seshadribenjamin@example.org,2026-06-03T17:39:20.186841,2957242894,customers_S005_20260603.json,S005,619,Loyal,2026-06-03T17:41:35.996Z,0,,0.0,0.0,Occasional
C0403,20260603,Nerul,Ranbir Chandra,2023-10-10,4.0,chaayarajagopalan@example.org,2026-06-03T17:39:20.186841,3345234756,customers_S005_20260603.json,S005,967,VIP,2026-06-03T17:41:35.996Z,0,,0.0,0.0,Occasional
C0340,20260603,Kopar Khairane,Nirja Kadakia,2026-05-17,7.5,lwalla@example.com,2026-06-03T17:39:20.186841,3465215169,customers_S005_20260603.json,S005,17,Occasional,2026-06-03T17:41:35.996Z,0,,0.0,0.0,Occasional
C0227,20260603,Kopar Khairane,Girish Peri,2023-10-13,7.5,oissac@example.net,2026-06-03T17:39:20.186841,3680092659,customers_S005_20260603.json,S005,964,VIP,2026-06-03T17:41:35.996Z,24,2026-06-03T00:00:00.000Z,363312.0,15138.0,Loyal Regular
C0536,20260603,Kopar Khairane,Patrick Jhaveri,2025-07-02,7.5,chanakyabuch@example.com,2026-06-03T17:39:20.186841,3987060983,customers_S005_20260603.json,S005,336,Regular,2026-06-03T17:41:35.996Z,0,,0.0,0.0,Occasional
C0232,20260603,Vashi,Ladli Khosla,2024-01-21,5.5,mohammed89@example.net,2026-06-03T17:39:20.186841,4046526949,customers_S005_20260603.json,S005,864,VIP,2026-06-03T17:41:35.996Z,12,2026-06-03T00:00:00.000Z,84288.0,7024.0,Occasional
C0262,20260603,Ulwe,Charles Ramesh,2023-09-05,10.0,divya96@example.net,2026-06-03T17:39:20.186841,4049727171,customers_S005_20260603.json,S005,1002,VIP,2026-06-03T17:41:35.996Z,6,2026-06-03T00:00:00.000Z,98868.0,16478.0,Occasional
C0322,20260603,Kopar Khairane,Wyatt Ravel,2025-09-24,7.5,kaulgabriel@example.com,2026-06-03T17:39:20.186841,4355232472,customers_S005_20260603.json,S005,252,Regular,2026-06-03T17:41:35.996Z,0,,0.0,0.0,Occasional
C0496,20260603,Vashi,Ansh Comar,2023-11-01,5.5,ykala@example.org,2026-06-03T17:39:20.186841,4474912653,customers_S005_20260603.json,S005,945,VIP,2026-06-03T17:41:35.996Z,6,2026-06-03T00:00:00.000Z,41052.0,6842.0,Occasional
C0365,20260603,Nerul,Aadi Kalita,2023-09-07,4.0,kumarijaya@example.net,2026-06-03T17:39:20.186841,4510936523,customers_S005_20260603.json,S005,1000,VIP,2026-06-03T17:41:35.996Z,12,2026-06-03T00:00:00.000Z,238566.0,19880.5,Occasional
C0091,20260603,Vashi,Suhani Yadav,2023-07-13,5.5,ugolla@example.com,2026-06-03T17:39:20.186841,4661173716,customers_S005_20260603.json,S005,1056,VIP,2026-06-03T17:41:35.996Z,42,2026-06-03T00:00:00.000Z,620454.0,14772.714285714286,Gold VIP
C0361,20260603,Turbhe,Dhruv Ravel,2025-12-25,9.0,atharvdas@example.org,2026-06-03T17:39:20.186841,4666637307,customers_S005_20260603.json,S005,160,Occasional,2026-06-03T17:41:35.996Z,6,2026-06-03T00:00:00.000Z,152940.0,25490.0,Occasional
C0325,20260603,Panvel,Ranbir Panchal,2026-01-01,14.0,zacharialekha@example.net,2026-06-03T17:39:20.186841,4697834432,customers_S005_20260603.json,S005,153,Occasional,2026-06-03T17:41:35.996Z,18,2026-06-03T00:00:00.000Z,319176.0,17732.0,Occasional
C0424,20260603,Ulwe,Naksh Balakrishnan,2024-08-10,10.0,mittalbachittar@example.org,2026-06-03T17:39:20.186841,4725595632,customers_S005_20260603.json,S005,662,Loyal,2026-06-03T17:41:35.996Z,12,2026-06-03T00:00:00.000Z,159000.0,13250.0,Occasional
C0006,20260603,Panvel,Krish Boase,2023-07-11,14.0,kumercharan@example.com,2026-06-03T17:39:20.186841,4936657489,customers_S005_20260603.json,S005,1058,VIP,2026-06-03T17:41:35.996Z,48,2026-06-03T00:00:00.000Z,807984.0,16833.0,Gold VIP
C0257,20260603,Kharghar,Vincent Datta,2025-08-02,8.0,nthaker@example.org,2026-06-03T17:39:20.186841,5164310651,customers_S005_20260603.json,S005,305,Regular,2026-06-03T17:41:35.996Z,24,2026-06-03T00:00:00.000Z,265902.0,11079.25,Loyal Regular
C0588,20260603,Vashi,Chakrika Zachariah,2025-08-10,5.5,falan92@example.net,2026-06-03T17:39:20.186841,5307639269,customers_S005_20260603.json,S005,297,Regular,2026-06-03T17:41:35.996Z,0,,0.0,0.0,Occasional
C0172,20260603,Kharghar,Shivani Munshi,2023-08-28,8.0,pranav50@example.com,2026-06-03T17:39:20.186841,5672697598,customers_S005_20260603.json,S005,1010,VIP,2026-06-03T17:41:35.996Z,18,2026-06-03T00:00:00.000Z,402624.0,22368.0,Occasional
C0534,20260603,Kharghar,Falan Dey,2025-06-21,8.0,wallalakshmi@example.org,2026-06-03T17:39:20.186841,5686534553,customers_S005_20260603.json,S005,347,Regular,2026-06-03T17:41:35.996Z,6,2026-06-03T00:00:00.000Z,59568.0,9928.0,Occasional
C0639,20260603,Dronagiri,Vedika Menon,2023-08-03,18.0,sankarupasna@example.net,2026-06-03T17:39:20.186841,6147692423,customers_S005_20260603.json,S005,1035,VIP,2026-06-03T17:41:35.996Z,6,2026-06-03T00:00:00.000Z,77676.0,12946.0,Occasional
C0491,20260603,Seawoods,Imaran Kannan,2023-12-22,2.0,bosesudiksha@example.org,2026-06-03T17:39:20.186841,6204955158,customers_S005_20260603.json,S005,894,VIP,2026-06-03T17:41:35.996Z,0,,0.0,0.0,Occasional
C0185,20260603,Belapur,Nimrat Chawla,2026-01-13,6.5,devika12@example.org,2026-06-03T17:39:20.186841,6428987410,customers_S005_20260603.json,S005,141,Occasional,2026-06-03T17:41:35.996Z,6,2026-06-03T00:00:00.000Z,66144.0,11024.0,Occasional
C0314,20260603,Nerul,Agastya Hans,2024-11-15,4.0,snehaperi@example.org,2026-06-03T17:39:20.186841,6598759396,customers_S005_20260603.json,S005,565,Loyal,2026-06-03T17:41:35.996Z,36,2026-06-03T00:00:00.000Z,638520.0,17736.666666666668,Gold VIP
C0615,20260603,Ulwe,Lakshmi Chand,2026-01-07,10.0,yogiidika@example.org,2026-06-03T17:39:20.186841,6674604694,customers_S005_20260603.json,S005,147,Occasional,2026-06-03T17:41:35.996Z,6,2026-06-03T00:00:00.000Z,12072.0,2012.0,Occasional
C0571,20260603,Kharghar,Nathaniel Garg,2023-09-11,8.0,ryan49@example.org,2026-06-03T17:39:20.186841,6708464761,customers_S005_20260603.json,S005,996,VIP,2026-06-03T17:41:35.996Z,0,,0.0,0.0,Occasional
C0394,20260603,Kopar Khairane,Madhavi Tara,2025-12-05,7.5,nilima71@example.com,2026-06-03T17:39:20.186841,6849924879,customers_S005_20260603.json,S005,180,Regular,2026-06-03T17:41:35.996Z,12,2026-06-03T00:00:00.000Z,196662.0,16388.5,Occasional
C0529,20260603,Kharghar,Aashi Devan,2023-12-24,8.0,unknown@noemail.com,2026-06-03T17:39:20.186841,7157335250,customers_S005_20260603.json,S005,892,VIP,2026-06-03T17:41:35.996Z,0,,0.0,0.0,Occasional
C0255,20260603,Panvel,Varsha Purohit,2023-10-21,14.0,gaurangisavant@example.net,2026-06-03T17:39:20.186841,7212973397,customers_S005_20260603.json,S005,956,VIP,2026-06-03T17:41:35.996Z,6,2026-06-03T00:00:00.000Z,97896.0,16316.0,Occasional
C0133,20260603,Panvel,Manthan Babu,2024-01-16,14.0,unni75@example.org,2026-06-03T17:39:20.186841,7446071032,customers_S005_20260603.json,S005,869,VIP,2026-06-03T17:41:35.996Z,0,,0.0,0.0,Occasional
C0512,20260603,Seawoods,Aditya Dua,2025-03-28,2.0,tgarde@example.net,2026-06-03T17:39:20.186841,7563046553,customers_S005_20260603.json,S005,432,Loyal,2026-06-03T17:41:35.996Z,0,,0.0,0.0,Occasional
C0224,20260603,Kopar Khairane,Avni Chawla,2023-06-13,7.5,keyashukla@example.org,2026-06-03T17:39:20.186841,7637091930,customers_S005_20260603.json,S005,1086,VIP,2026-06-03T17:41:35.996Z,12,2026-06-03T00:00:00.000Z,234810.0,19567.5,Occasional
C0009,20260603,Nerul,Ekbal Bera,2026-03-05,4.0,riachakrabarti@example.org,2026-06-03T17:39:20.186841,7652930219,customers_S005_20260603.json,S005,90,Occasional,2026-06-03T17:41:35.996Z,36,2026-06-03T00:00:00.000Z,561498.0,15597.166666666666,Gold VIP
C0192,20260603,Turbhe,Naksh Sankar,2026-04-14,9.0,michaelvala@example.com,2026-06-03T17:39:20.186841,7682908022,customers_S005_20260603.json,S005,50,Occasional,2026-06-03T17:41:35.996Z,30,2026-06-03T00:00:00.000Z,502008.0,16733.6,Gold VIP
C0418,20260603,Kharghar,Rushil Bhatt,2024-03-31,8.0,kmistry@example.net,2026-06-03T17:39:20.186841,7722306826,customers_S005_20260603.json,S005,794,VIP,2026-06-03T17:41:35.996Z,0,,0.0,0.0,Occasional
C0423,20260603,Kopar Khairane,Irya Oak,2025-12-04,7.5,parsajatin@example.org,2026-06-03T17:39:20.186841,7839318347,customers_S005_20260603.json,S005,181,Regular,2026-06-03T17:41:35.996Z,6,2026-06-03T00:00:00.000Z,73524.0,12254.0,Occasional
C0381,20260603,Belapur,Yatan Dhillon,2024-03-30,6.5,settysamuel@example.net,2026-06-03T17:39:20.186841,8019896885,customers_S005_20260603.json,S005,795,VIP,2026-06-03T17:41:35.996Z,12,2026-06-03T00:00:00.000Z,132720.0,11060.0,Occasional
C0625,20260603,Vashi,Jhalak Dhawan,2025-06-17,5.5,narainwazir@example.com,2026-06-03T17:39:20.186841,8022093909,customers_S005_20260603.json,S005,351,Regular,2026-06-03T17:41:35.996Z,0,,0.0,0.0,Occasional
C0521,20260603,Ulwe,Riya Sharaf,2025-02-09,10.0,ati42@example.com,2026-06-03T17:39:20.186841,8100082776,customers_S005_20260603.json,S005,479,Loyal,2026-06-03T17:41:35.996Z,0,,0.0,0.0,Occasional
C0459,20260603,Nerul,Lila Bhakta,2025-04-28,4.0,advika57@example.net,2026-06-03T17:39:20.186841,8205986729,customers_S005_20260603.json,S005,401,Loyal,2026-06-03T17:41:35.996Z,0,,0.0,0.0,Occasional
C0488,20260603,Vashi,Yashawini Sani,2025-12-20,5.5,lucky14@example.org,2026-06-03T17:39:20.186841,8238307958,customers_S005_20260603.json,S005,165,Occasional,2026-06-03T17:41:35.996Z,0,,0.0,0.0,Occasional
C0288,20260603,Panvel,Vritti Pai,2024-11-15,14.0,anya15@example.net,2026-06-03T17:39:20.186841,8305770229,customers_S005_20260603.json,S005,565,Loyal,2026-06-03T17:41:35.996Z,12,2026-06-03T00:00:00.000Z,75090.0,6257.5,Occasional
C0545,20260603,Vashi,Jagvi Kale,2024-07-31,5.5,dalalmanthan@example.com,2026-06-03T17:39:20.186841,8386997770,customers_S005_20260603.json,S005,672,Loyal,2026-06-03T17:41:35.996Z,0,,0.0,0.0,Occasional
C0313,20260603,Panvel,Janaki Gera,2024-11-26,14.0,kbansal@example.org,2026-06-03T17:39:20.186841,8390292483,customers_S005_20260603.json,S005,554,Loyal,2026-06-03T17:41:35.996Z,6,2026-06-03T00:00:00.000Z,69588.0,11598.0,Occasional
C0259,20260603,Panvel,Yashasvi Sahota,2025-01-19,14.0,mutticharvi@example.org,2026-06-03T17:39:20.186841,8594161282,customers_S005_20260603.json,S005,500,Loyal,2026-06-03T17:41:35.996Z,18,2026-06-03T00:00:00.000Z,181368.0,10076.0,Occasional
C0092,20260603,Vashi,Tristan Sabharwal,2023-09-28,5.5,mangaledhitha@example.net,2026-06-03T17:39:20.186841,8805694757,customers_S005_20260603.json,S005,979,VIP,2026-06-03T17:41:35.996Z,36,2026-06-03T00:00:00.000Z,327966.0,9110.166666666666,Loyal Regular
C0218,20260603,Ulwe,Chaaya Khanna,2025-12-24,10.0,rachitabatra@example.com,2026-06-03T17:39:20.186841,8836795038,customers_S005_20260603.json,S005,161,Occasional,2026-06-03T17:41:35.996Z,12,2026-06-03T00:00:00.000Z,109908.0,9159.0,Occasional
C0010,20260603,Kharghar,Amol Mistry,2023-09-20,8.0,lajita63@example.net,2026-06-03T17:39:20.186841,8878289415,customers_S005_20260603.json,S005,987,VIP,2026-06-03T17:41:35.996Z,42,2026-06-03T00:00:00.000Z,645216.0,15362.285714285714,Gold VIP
C0597,20260603,Belapur,Falguni Loke,2026-05-18,6.5,leena51@example.net,2026-06-03T17:39:20.186841,9212144833,customers_S005_20260603.json,S005,16,Occasional,2026-06-03T17:41:35.996Z,6,2026-06-03T00:00:00.000Z,18720.0,3120.0,Occasional
C0525,20260603,Nerul,Yashoda Oommen,2025-02-17,4.0,zsachdev@example.org,2026-06-03T17:39:20.186841,9343790359,customers_S005_20260603.json,S005,471,Loyal,2026-06-03T17:41:35.996Z,6,2026-06-03T00:00:00.000Z,62520.0,10420.0,Occasional
C0230,20260603,Turbhe,Yoshita Pillay,2025-11-15,9.0,smanne@example.org,2026-06-03T17:39:20.186841,9437926801,customers_S005_20260603.json,S005,200,Regular,2026-06-03T17:41:35.996Z,18,2026-06-03T00:00:00.000Z,405240.0,22513.33333333333,Occasional
C0510,20260603,Panvel,Yashawini Viswanathan,2024-03-23,14.0,jeremiahkala@example.org,2026-06-03T17:39:20.186841,9699805312,customers_S005_20260603.json,S005,802,VIP,2026-06-03T17:41:35.996Z,6,2026-06-03T00:00:00.000Z,195336.0,32556.0,Occasional
C0465,20260603,Dronagiri,Noah Nagar,2024-07-10,18.0,bansalwazir@example.net,2026-06-03T17:39:20.186841,9714368355,customers_S005_20260603.json,S005,693,Loyal,2026-06-03T17:41:35.996Z,0,,0.0,0.0,Occasional
C0604,20260603,Nerul,Ekapad Nagy,2024-07-26,4.0,dcheema@example.com,2026-06-03T17:39:20.186841,9898333611,customers_S005_20260603.json,S005,677,Loyal,2026-06-03T17:41:35.996Z,12,2026-06-03T00:00:00.000Z,117156.0,9763.0,Occasional
C0199,20260603,Seawoods,Jagdish Malhotra,2024-05-28,2.0,masterlavanya@example.com,2026-06-03T17:39:20.186841,9952259899,customers_S005_20260603.json,S005,736,VIP,2026-06-03T17:41:35.996Z,18,2026-06-03T00:00:00.000Z,228354.0,12686.333333333334,Occasional
C0196,20260603,Dronagiri,Aarini Gola,2023-07-02,18.0,ikshita70@example.com,2026-06-03T17:39:20.186841,9956569285,customers_S005_20260603.json,S005,1067,VIP,2026-06-03T17:41:35.996Z,6,2026-06-03T00:00:00.000Z,51852.0,8642.0,Occasional
C0243,20260603,Kopar Khairane,Nitara Wadhwa,2024-11-21,7.5,rachitapanchal@example.com,2026-06-03T17:39:20.186841,INVALID,customers_S005_20260603.json,S005,559,Loyal,2026-06-03T17:41:35.996Z,18,2026-06-03T00:00:00.000Z,293802.0,16322.333333333334,Occasional
C0389,20260603,Vashi,Liam Kuruvilla,2026-01-17,5.5,idikabhardwaj@example.com,2026-06-03T17:39:20.186841,INVALID,customers_S005_20260603.json,S005,137,Occasional,2026-06-03T17:41:35.996Z,30,2026-06-03T00:00:00.000Z,414648.0,13821.6,Loyal Regular
C0583,20260603,Panvel,Eta Loke,2026-01-26,14.0,mahalyoshita@example.org,2026-06-03T17:39:20.186841,INVALID,customers_S005_20260603.json,S005,128,Occasional,2026-06-03T17:41:35.996Z,6,2026-06-03T00:00:00.000Z,84804.0,14134.0,Occasional
C0518,20260603,Ulwe,Fariq Banerjee,2023-09-18,10.0,narasimhanpeter@example.org,2026-06-03T17:39:20.186841,0152872959,customers_S005_20260603.json,S005,989,VIP,2026-06-03T17:41:35.996Z,0,,0.0,0.0,Occasional
C0470,20260603,Kharghar,Devansh Shan,2025-04-19,8.0,bhanumatigarde@example.net,2026-06-03T17:39:20.186841,0191966455,customers_S005_20260603.json,S005,410,Loyal,2026-06-03T17:41:35.996Z,0,,0.0,0.0,Occasional
C0321,20260603,Kharghar,Vasana Contractor,2025-01-27,8.0,frana@example.com,2026-06-03T17:39:20.186841,0290986915,customers_S005_20260603.json,S005,492,Loyal,2026-06-03T17:41:35.996Z,18,2026-06-03T00:00:00.000Z,247320.0,13740.0,Occasional
C0468,20260603,Seawoods,Ishita Chaudry,2025-11-03,2.0,sibalsaksham@example.com,2026-06-03T17:39:20.186841,0524471885,customers_S005_20260603.json,S005,212,Regular,2026-06-03T17:41:35.996Z,0,,0.0,0.0,Occasional
C0413,20260603,Dronagiri,Jalsa Narang,2024-04-13,18.0,vedikalata@example.net,2026-06-03T17:39:20.186841,0824175470,customers_S005_20260603.json,S005,781,VIP,2026-06-03T17:41:35.996Z,12,2026-06-03T00:00:00.000Z,145170.0,12097.5,Occasional
C0631,20260603,Kharghar,Xiti Zacharia,2024-01-17,8.0,chakrika88@example.org,2026-06-03T17:39:20.186841,0900215964,customers_S005_20260603.json,S005,868,VIP,2026-06-03T17:41:35.996Z,0,,0.0,0.0,Occasional
C0579,20260603,Vashi,Vrishti Sahota,2024-07-22,5.5,devansh42@example.org,2026-06-03T17:39:20.186841,0924684326,customers_S005_20260603.json,S005,681,Loyal,2026-06-03T17:41:35.996Z,6,2026-06-03T00:00:00.000Z,103476.0,17246.0,Occasional
C0522,20260603,Ulwe,Samar Sankar,2024-11-27,10.0,rloyal@example.com,2026-06-03T17:39:20.186841,0965264537,customers_S005_20260603.json,S005,553,Loyal,2026-06-03T17:41:35.996Z,0,,0.0,0.0,Occasional
C0438,20260603,Vashi,Abdul Dutt,2025-04-21,5.5,hmagar@example.net,2026-06-03T17:39:20.186841,1070036393,customers_S005_20260603.json,S005,408,Loyal,2026-06-03T17:41:35.996Z,0,,0.0,0.0,Occasional
C0250,20260603,Kopar Khairane,Radha Hans,2023-12-08,7.5,unknown@noemail.com,2026-06-03T17:39:20.186841,1278822595,customers_S005_20260603.json,S005,908,VIP,2026-06-03T17:41:35.996Z,6,2026-06-03T00:00:00.000Z,141384.0,23564.0,Occasional
C0500,20260603,Panvel,Andrew De,2025-08-11,14.0,aashi16@example.net,2026-06-03T17:39:20.186841,1281570689,customers_S005_20260603.json,S005,296,Regular,2026-06-03T17:41:35.996Z,6,2026-06-03T00:00:00.000Z,97794.0,16299.0,Occasional
C0207,20260603,Nerul,Girindra Goda,2023-09-22,4.0,darpanchandra@example.com,2026-06-03T17:39:20.186841,1381918968,customers_S005_20260603.json,S005,985,VIP,2026-06-03T17:41:35.996Z,24,2026-06-03T00:00:00.000Z,362382.0,15099.25,Loyal Regular
C0375,20260603,Kopar Khairane,Bahadurjit Uppal,2026-04-29,7.5,chaman35@example.org,2026-06-03T17:39:20.186841,1448456773,customers_S005_20260603.json,S005,35,Occasional,2026-06-03T17:41:35.996Z,6,2026-06-03T00:00:00.000Z,129330.0,21555.0,Occasional
C0371,20260603,Kharghar,Nathaniel Rama,2026-02-23,8.0,samesh56@example.net,2026-06-03T17:39:20.186841,1500652520,customers_S005_20260603.json,S005,100,Occasional,2026-06-03T17:41:35.996Z,24,2026-06-03T00:00:00.000Z,273540.0,11397.5,Loyal Regular
C0405,20260603,Belapur,Balendra Sandhu,2024-07-19,6.5,dkashyap@example.com,2026-06-03T17:39:20.186841,1513348759,customers_S005_20260603.json,S005,684,Loyal,2026-06-03T17:41:35.996Z,0,,0.0,0.0,Occasional
C0040,20260603,Nerul,Dayamai Buch,2023-10-25,4.0,pnarain@example.net,2026-06-03T17:39:20.186841,1524135935,customers_S005_20260603.json,S005,952,VIP,2026-06-03T17:41:35.996Z,54,2026-06-03T00:00:00.000Z,723846.0,13404.555555555557,Gold VIP
C0021,20260603,Seawoods,Neelima Sandal,2024-03-12,2.0,tanveer00@example.net,2026-06-03T17:39:20.186841,1570234911,customers_S005_20260603.json,S005,813,VIP,2026-06-03T17:41:35.996Z,30,2026-06-03T00:00:00.000Z,245658.0,8188.6,Loyal Regular
C0572,20260603,Nerul,Panini Deol,2025-05-23,4.0,ojasvi13@example.org,2026-06-03T17:39:20.186841,1670187026,customers_S005_20260603.json,S005,376,Loyal,2026-06-03T17:41:35.996Z,0,,0.0,0.0,Occasional
C0307,20260603,Nerul,Raksha Mane,2026-03-25,4.0,kabirdash@example.org,2026-06-03T17:39:20.186841,1681623750,customers_S005_20260603.json,S005,70,Occasional,2026-06-03T17:41:35.996Z,0,,0.0,0.0,Occasional
C0573,20260603,Vashi,Daksh Kumer,2024-12-22,5.5,balendrasachdev@example.com,2026-06-03T17:39:20.186841,1697200539,customers_S005_20260603.json,S005,528,Loyal,2026-06-03T17:41:35.996Z,0,,0.0,0.0,Occasional
C0112,20260603,Dronagiri,Amruta Mahal,2025-06-26,18.0,lgaba@example.com,2026-06-03T17:39:20.186841,1711392900,customers_S005_20260603.json,S005,342,Regular,2026-06-03T17:41:35.996Z,12,2026-06-03T00:00:00.000Z,68826.0,5735.5,Occasional
C0482,20260603,Ulwe,Varenya Munshi,2026-04-11,10.0,bhallajanya@example.net,2026-06-03T17:39:20.186841,1819084713,customers_S005_20260603.json,S005,53,Occasional,2026-06-03T17:41:35.996Z,6,2026-06-03T00:00:00.000Z,116448.0,19408.0,Occasional
C0280,20260603,Ulwe,Veer Nayak,2024-10-22,10.0,william76@example.net,2026-06-03T17:39:20.186841,1877119115,customers_S005_20260603.json,S005,589,Loyal,2026-06-03T17:41:35.996Z,0,,0.0,0.0,Occasional
C0455,20260603,Kopar Khairane,Janani Palla,2023-09-14,7.5,tbarad@example.com,2026-06-03T17:39:20.186841,1901540418,customers_S005_20260603.json,S005,993,VIP,2026-06-03T17:41:35.996Z,0,,0.0,0.0,Occasional
C0420,20260603,Seawoods,Karan Kaur,2023-09-28,2.0,priyacherian@example.com,2026-06-03T17:39:20.186841,1925114694,customers_S005_20260603.json,S005,979,VIP,2026-06-03T17:41:35.996Z,6,2026-06-03T00:00:00.000Z,60504.0,10084.0,Occasional
C0426,20260603,Ulwe,Advika Wagle,2023-07-25,10.0,aarush42@example.net,2026-06-03T17:39:20.186841,2060794050,customers_S005_20260603.json,S005,1044,VIP,2026-06-03T17:41:35.996Z,30,2026-06-03T00:00:00.000Z,655494.0,21849.8,Gold VIP
C0395,20260603,Kopar Khairane,Ranbir Dixit,2024-11-28,7.5,kantsamar@example.net,2026-06-03T17:39:20.186841,2205050095,customers_S005_20260603.json,S005,552,Loyal,2026-06-03T17:41:35.996Z,6,2026-06-03T00:00:00.000Z,154968.0,25828.0,Occasional
C0081,20260603,Kopar Khairane,Yutika Lad,2024-10-10,7.5,pantmohammed@example.com,2026-06-03T17:39:20.186841,2271865927,customers_S005_20260603.json,S005,601,Loyal,2026-06-03T17:41:35.996Z,78,2026-06-03T00:00:00.000Z,1200678.0,15393.307692307691,Platinum VIP
C0221,20260603,Kopar Khairane,Varenya Chhabra,2023-07-31,7.5,aadhyahora@example.org,2026-06-03T17:39:20.186841,2357611674,customers_S005_20260603.json,S005,1038,VIP,2026-06-03T17:41:35.996Z,18,2026-06-03T00:00:00.000Z,297498.0,16527.666666666668,Occasional
C0421,20260603,Nerul,Triya Kurian,2024-12-03,4.0,yashodamallick@example.org,2026-06-03T17:39:20.186841,2453088913,customers_S005_20260603.json,S005,547,Loyal,2026-06-03T17:41:35.996Z,12,2026-06-03T00:00:00.000Z,195852.0,16321.0,Occasional
C0154,20260603,Belapur,Naksh Kade,2026-03-10,6.5,luckyjayaraman@example.org,2026-06-03T17:39:20.186841,2478630215,customers_S005_20260603.json,S005,85,Occasional,2026-06-03T17:41:35.996Z,6,2026-06-03T00:00:00.000Z,147312.0,24552.0,Occasional
C0330,20260603,Dronagiri,Karan Trivedi,2024-03-24,18.0,agastya93@example.com,2026-06-03T17:39:20.186841,2651763061,customers_S005_20260603.json,S005,801,VIP,2026-06-03T17:41:35.996Z,42,2026-06-03T00:00:00.000Z,717384.0,17080.571428571428,Gold VIP
C0126,20260603,Turbhe,Qushi Patla,2024-03-28,9.0,balhaarmanne@example.com,2026-06-03T17:39:20.186841,2741203321,customers_S005_20260603.json,S005,797,VIP,2026-06-03T17:41:35.996Z,36,2026-06-03T00:00:00.000Z,650448.0,18068.0,Gold VIP
C0613,20260603,Belapur,Upasna Barad,2023-12-27,6.5,gardesaumya@example.net,2026-06-03T17:39:20.186841,2947954914,customers_S005_20260603.json,S005,889,VIP,2026-06-03T17:41:35.996Z,0,,0.0,0.0,Occasional
C0354,20260603,Nerul,Indali Sharma,2025-07-19,4.0,zehaanchaudry@example.com,2026-06-03T17:39:20.186841,3132063016,customers_S005_20260603.json,S005,319,Regular,2026-06-03T17:41:35.996Z,30,2026-06-03T00:00:00.000Z,542070.0,18069.0,Gold VIP
C0616,20260603,Vashi,Daksh Dhillon,2025-09-20,5.5,isaac76@example.org,2026-06-03T17:39:20.186841,3300300692,customers_S005_20260603.json,S005,256,Regular,2026-06-03T17:41:35.996Z,0,,0.0,0.0,Occasional
C0270,20260603,Vashi,Meera Mody,2024-02-22,5.5,msuri@example.org,2026-06-03T17:39:20.186841,3365556931,customers_S005_20260603.json,S005,832,VIP,2026-06-03T17:41:35.996Z,24,2026-06-03T00:00:00.000Z,405006.0,16875.25,Loyal Regular
C0364,20260603,Kharghar,Darika Master,2025-12-01,8.0,gargedhitha@example.com,2026-06-03T17:39:20.186841,3430575838,customers_S005_20260603.json,S005,184,Regular,2026-06-03T17:41:35.996Z,24,2026-06-03T00:00:00.000Z,549786.0,22907.75,Gold VIP
C0317,20260603,Kharghar,Yashoda Balan,2023-09-28,8.0,chakradhar11@example.net,2026-06-03T17:39:20.186841,3574631662,customers_S005_20260603.json,S005,979,VIP,2026-06-03T17:41:35.996Z,6,2026-06-03T00:00:00.000Z,172854.0,28809.0,Occasional
C0214,20260603,Turbhe,Lohit Vora,2026-05-05,9.0,sunderriya@example.com,2026-06-03T17:39:20.186841,3810042119,customers_S005_20260603.json,S005,29,Occasional,2026-06-03T17:41:35.996Z,12,2026-06-03T00:00:00.000Z,111198.0,9266.5,Occasional
C0054,20260603,Kopar Khairane,Chaman Gera,2023-06-04,7.5,unknown@noemail.com,2026-06-03T17:39:20.186841,3836271941,customers_S005_20260603.json,S005,1095,VIP,2026-06-03T17:41:35.996Z,84,2026-06-03T00:00:00.000Z,1342206.0,15978.642857142857,Platinum VIP
C0298,20260603,Turbhe,Dalbir Nayar,2025-03-17,9.0,aayush63@example.com,2026-06-03T17:39:20.186841,3918104728,customers_S005_20260603.json,S005,443,Loyal,2026-06-03T17:41:35.996Z,30,2026-06-03T00:00:00.000Z,689184.0,22972.8,Gold VIP
C0271,20260603,Dronagiri,Chaaya Chaudry,2026-01-21,18.0,shroffadweta@example.com,2026-06-03T17:39:20.186841,4115455160,customers_S005_20260603.json,S005,133,Occasional,2026-06-03T17:41:35.996Z,24,2026-06-03T00:00:00.000Z,605490.0,25228.75,Gold VIP
C0585,20260603,Ulwe,Hredhaan Sahni,2024-04-04,10.0,teerth55@example.org,2026-06-03T17:39:20.186841,4302059884,customers_S005_20260603.json,S005,790,VIP,2026-06-03T17:41:35.996Z,0,,0.0,0.0,Occasional
C0018,20260603,Vashi,Ria Dora,2023-12-03,5.5,mannsamuel@example.com,2026-06-03T17:39:20.186841,4303702086,customers_S005_20260603.json,S005,913,VIP,2026-06-03T17:41:35.996Z,36,2026-06-03T00:00:00.000Z,554346.0,15398.5,Gold VIP
C0609,20260603,Turbhe,Laban Subramanian,2026-02-25,9.0,isani@example.org,2026-06-03T17:39:20.186841,4383365379,customers_S005_20260603.json,S005,98,Occasional,2026-06-03T17:41:35.996Z,6,2026-06-03T00:00:00.000Z,105840.0,17640.0,Occasional
C0132,20260603,Ulwe,Widisha Soman,2024-07-27,10.0,watika41@example.org,2026-06-03T17:39:20.186841,4420068361,customers_S005_20260603.json,S005,676,Loyal,2026-06-03T17:41:35.996Z,18,2026-06-03T00:00:00.000Z,323022.0,17945.666666666668,Occasional
C0527,20260603,Turbhe,Dhruv Pingle,2025-06-24,9.0,rajataverma@example.com,2026-06-03T17:39:20.186841,4531895587,customers_S005_20260603.json,S005,344,Regular,2026-06-03T17:41:35.996Z,0,,0.0,0.0,Occasional
C0249,20260603,Dronagiri,Champak Tripathi,2024-06-02,18.0,amolkale@example.com,2026-06-03T17:39:20.186841,4546874470,customers_S005_20260603.json,S005,731,VIP,2026-06-03T17:41:35.996Z,48,2026-06-03T00:00:00.000Z,866886.0,18060.125,Gold VIP
C0241,20260603,Dronagiri,Dhriti Pal,2025-12-07,18.0,vkamdar@example.com,2026-06-03T17:39:20.186841,4696059120,customers_S005_20260603.json,S005,178,Occasional,2026-06-03T17:41:35.996Z,6,2026-06-03T00:00:00.000Z,141912.0,23652.0,Occasional
C0057,20260603,Panvel,Harinakshi Kapoor,2023-09-09,14.0,indrajitnori@example.net,2026-06-03T17:39:20.186841,4980412176,customers_S005_20260603.json,S005,998,VIP,2026-06-03T17:41:35.996Z,24,2026-06-03T00:00:00.000Z,321270.0,13386.25,Loyal Regular
C0174,20260603,Turbhe,Ikbal Kaul,2025-12-07,9.0,obarad@example.net,2026-06-03T17:39:20.186841,5169098633,customers_S005_20260603.json,S005,178,Occasional,2026-06-03T17:41:35.996Z,6,2026-06-03T00:00:00.000Z,85020.0,14170.0,Occasional
C0558,20260603,Panvel,Urishilla Ram,2023-06-13,14.0,manneyutika@example.net,2026-06-03T17:39:20.186841,5182960262,customers_S005_20260603.json,S005,1086,VIP,2026-06-03T17:41:35.996Z,0,,0.0,0.0,Occasional
C0605,20260603,Vashi,Baghyawati Nadig,2025-01-02,5.5,iryasarraf@example.com,2026-06-03T17:39:20.186841,5245862504,customers_S005_20260603.json,S005,517,Loyal,2026-06-03T17:41:35.996Z,0,,0.0,0.0,Occasional
C0029,20260603,Vashi,Abdul Sangha,2024-10-20,5.5,kavyadeol@example.com,2026-06-03T17:39:20.186841,5548923044,customers_S005_20260603.json,S005,591,Loyal,2026-06-03T17:41:35.996Z,78,2026-06-03T00:00:00.000Z,1241724.0,15919.53846153846,Platinum VIP
C0024,20260603,Turbhe,Faris Kara,2023-10-21,9.0,chanderlopa@example.com,2026-06-03T17:39:20.186841,5626501394,customers_S005_20260603.json,S005,956,VIP,2026-06-03T17:41:35.996Z,18,2026-06-03T00:00:00.000Z,552540.0,30696.666666666668,Gold VIP
C0447,20260603,Ulwe,Advaith Virk,2024-10-16,10.0,ekantasrinivas@example.net,2026-06-03T17:39:20.186841,5804669540,customers_S005_20260603.json,S005,595,Loyal,2026-06-03T17:41:35.996Z,18,2026-06-03T00:00:00.000Z,321702.0,17872.333333333332,Occasional
C0003,20260603,Nerul,Theodore Gandhi,2026-05-03,4.0,jbrahmbhatt@example.org,2026-06-03T17:39:20.186841,5992611831,customers_S005_20260603.json,S005,31,Occasional,2026-06-03T17:41:35.996Z,54,2026-06-03T00:00:00.000Z,914706.0,16939.0,Gold VIP
C0176,20260603,Dronagiri,Yamini Dewan,2024-02-18,18.0,vrishtikashyap@example.org,2026-06-03T17:39:20.186841,6063962211,customers_S005_20260603.json,S005,836,VIP,2026-06-03T17:41:35.996Z,12,2026-06-03T00:00:00.000Z,79260.0,6605.0,Occasional
C0628,20260603,Dronagiri,Samaksh Kale,2024-06-19,18.0,tjain@example.com,2026-06-03T17:39:20.186841,6065272570,customers_S005_20260603.json,S005,714,Loyal,2026-06-03T17:41:35.996Z,6,2026-06-03T00:00:00.000Z,129132.0,21522.0,Occasional
C0554,20260603,Vashi,Faris Trivedi,2026-01-26,5.5,wahabmander@example.com,2026-06-03T17:39:20.186841,6092102316,customers_S005_20260603.json,S005,128,Occasional,2026-06-03T17:41:35.996Z,0,,0.0,0.0,Occasional
C0283,20260603,Kopar Khairane,Amara Sandhu,2024-02-20,7.5,fdugar@example.com,2026-06-03T17:39:20.186841,6305178196,customers_S005_20260603.json,S005,834,VIP,2026-06-03T17:41:35.996Z,24,2026-06-03T00:00:00.000Z,447402.0,18641.75,Loyal Regular
C0341,20260603,Panvel,Om Singhal,2023-11-15,14.0,parmarnikita@example.net,2026-06-03T17:39:20.186841,6500065655,customers_S005_20260603.json,S005,931,VIP,2026-06-03T17:41:35.996Z,0,,0.0,0.0,Occasional
C0475,20260603,Belapur,Radhika Sodhi,2025-12-08,6.5,cdube@example.net,2026-06-03T17:39:20.186841,6500491301,customers_S005_20260603.json,S005,177,Occasional,2026-06-03T17:41:35.996Z,12,2026-06-03T00:00:00.000Z,198024.0,16502.0,Occasional
C0129,20260603,Turbhe,Neha Natt,2025-09-21,9.0,palankavya@example.net,2026-06-03T17:39:20.186841,6759105919,customers_S005_20260603.json,S005,255,Regular,2026-06-03T17:41:35.996Z,0,,0.0,0.0,Occasional
C0634,20260603,Vashi,Nimrat Ramachandran,2023-11-24,5.5,gulatijeevika@example.com,2026-06-03T17:39:20.186841,6870036792,customers_S005_20260603.json,S005,922,VIP,2026-06-03T17:41:35.996Z,0,,0.0,0.0,Occasional
C0020,20260603,Panvel,Reyansh Dugal,2025-12-16,14.0,larya@example.org,2026-06-03T17:39:20.186841,7640535759,customers_S005_20260603.json,S005,169,Occasional,2026-06-03T17:41:35.996Z,84,2026-06-03T00:00:00.000Z,1459860.0,17379.285714285714,Platinum VIP
C0391,20260603,Ulwe,Odika Sanghvi,2025-05-11,10.0,banerjeerudra@example.com,2026-06-03T17:39:20.186841,7667471143,customers_S005_20260603.json,S005,388,Loyal,2026-06-03T17:41:35.996Z,12,2026-06-03T00:00:00.000Z,189954.0,15829.5,Occasional
C0419,20260603,Dronagiri,Maanav Sethi,2025-03-31,18.0,yochanakadakia@example.com,2026-06-03T17:39:20.186841,7767951046,customers_S005_20260603.json,S005,429,Loyal,2026-06-03T17:41:35.996Z,18,2026-06-03T00:00:00.000Z,512298.0,28461.0,Gold VIP
C0152,20260603,Belapur,Ganga Sethi,2024-05-13,6.5,borahaahana@example.org,2026-06-03T17:39:20.186841,7862875544,customers_S005_20260603.json,S005,751,VIP,2026-06-03T17:41:35.996Z,18,2026-06-03T00:00:00.000Z,295818.0,16434.333333333332,Occasional
C0556,20260603,Dronagiri,Omisha Tella,2024-03-28,18.0,hmistry@example.org,2026-06-03T17:39:20.186841,7865329648,customers_S005_20260603.json,S005,797,VIP,2026-06-03T17:41:35.996Z,0,,0.0,0.0,Occasional
C0428,20260603,Nerul,Yug Sarraf,2025-02-22,4.0,seshadriupadhriti@example.com,2026-06-03T17:39:20.186841,8083498163,customers_S005_20260603.json,S005,466,Loyal,2026-06-03T17:41:35.996Z,18,2026-06-03T00:00:00.000Z,178272.0,9904.0,Occasional
C0293,20260603,Kharghar,Fiyaz Lad,2025-08-02,8.0,veda44@example.com,2026-06-03T17:39:20.186841,8296808839,customers_S005_20260603.json,S005,305,Regular,2026-06-03T17:41:35.996Z,24,2026-06-03T00:00:00.000Z,396126.0,16505.25,Loyal Regular
C0034,20260603,Dronagiri,Amrita Patla,2024-06-18,18.0,darayachana@example.com,2026-06-03T17:39:20.186841,8474193927,customers_S005_20260603.json,S005,715,Loyal,2026-06-03T17:41:35.996Z,60,2026-06-03T00:00:00.000Z,769632.0,12827.2,Gold VIP
C0294,20260603,Kopar Khairane,Rachit Sheth,2023-12-05,7.5,farissengupta@example.com,2026-06-03T17:39:20.186841,8477483661,customers_S005_20260603.json,S005,911,VIP,2026-06-03T17:41:35.996Z,12,2026-06-03T00:00:00.000Z,233112.0,19426.0,Occasional
C0489,20260603,Panvel,Damini Narula,2024-05-08,14.0,unnati62@example.net,2026-06-03T17:39:20.186841,8503037638,customers_S005_20260603.json,S005,756,VIP,2026-06-03T17:41:35.996Z,0,,0.0,0.0,Occasional
C0601,20260603,Belapur,Yoshita Chada,2023-10-11,6.5,girish90@example.net,2026-06-03T17:39:20.186841,8578498540,customers_S005_20260603.json,S005,966,VIP,2026-06-03T17:41:35.996Z,0,,0.0,0.0,Occasional
C0228,20260603,Nerul,Harini Pillay,2025-08-19,4.0,nbhat@example.org,2026-06-03T17:39:20.186841,8677410684,customers_S005_20260603.json,S005,288,Regular,2026-06-03T17:41:35.996Z,6,2026-06-03T00:00:00.000Z,92862.0,15477.0,Occasional
C0570,20260603,Seawoods,Ganga Bawa,2023-07-19,2.0,edhitha63@example.com,2026-06-03T17:39:20.186841,8703151453,customers_S005_20260603.json,S005,1050,VIP,2026-06-03T17:41:35.996Z,6,2026-06-03T00:00:00.000Z,166140.0,27690.0,Occasional
C0004,20260603,Panvel,Yasti Bail,2024-03-20,14.0,peter31@example.com,2026-06-03T17:39:20.186841,8743380358,customers_S005_20260603.json,S005,805,VIP,2026-06-03T17:41:35.996Z,66,2026-06-03T00:00:00.000Z,1191870.0,18058.636363636364,Platinum VIP
C0140,20260603,Turbhe,Samesh Vaidya,2025-06-22,9.0,sureshtimothy@example.net,2026-06-03T17:39:20.186841,8819127581,customers_S005_20260603.json,S005,346,Regular,2026-06-03T17:41:35.996Z,6,2026-06-03T00:00:00.000Z,59358.0,9893.0,Occasional
C0498,20260603,Dronagiri,Max Mitter,2024-12-01,18.0,mlall@example.net,2026-06-03T17:39:20.186841,8898879720,customers_S005_20260603.json,S005,549,Loyal,2026-06-03T17:41:35.996Z,0,,0.0,0.0,Occasional
C0039,20260603,Seawoods,Darsh Raj,2024-12-10,2.0,hemakapoor@example.net,2026-06-03T17:39:20.186841,8906574762,customers_S005_20260603.json,S005,540,Loyal,2026-06-03T17:41:35.996Z,48,2026-06-03T00:00:00.000Z,633036.0,13188.25,Gold VIP
C0452,20260603,Kopar Khairane,Yasti Mammen,2024-09-10,7.5,sanyanarang@example.org,2026-06-03T17:39:20.186841,9088290645,customers_S005_20260603.json,S005,631,Loyal,2026-06-03T17:41:35.996Z,6,2026-06-03T00:00:00.000Z,143424.0,23904.0,Occasional
C0378,20260603,Ulwe,David Gara,2025-09-24,10.0,sarrafhemangini@example.net,2026-06-03T17:39:20.186841,9165011220,customers_S005_20260603.json,S005,252,Regular,2026-06-03T17:41:35.996Z,6,2026-06-03T00:00:00.000Z,98424.0,16404.0,Occasional
C0122,20260603,Vashi,Warjas Choudhury,2026-04-25,5.5,badamiladli@example.org,2026-06-03T17:39:20.186841,9182700488,customers_S005_20260603.json,S005,39,Occasional,2026-06-03T17:41:35.996Z,0,,0.0,0.0,Occasional
C0049,20260603,Kharghar,Vihaan Kashyap,2026-03-25,8.0,widishabhat@example.com,2026-06-03T17:39:20.186841,9385214615,customers_S005_20260603.json,S005,70,Occasional,2026-06-03T17:41:35.996Z,54,2026-06-03T00:00:00.000Z,1008822.0,18681.88888888889,Platinum VIP
C0031,20260603,Panvel,Maya Sampath,2024-06-28,14.0,cratti@example.org,2026-06-03T17:39:20.186841,9428200888,customers_S005_20260603.json,S005,705,Loyal,2026-06-03T17:41:35.996Z,24,2026-06-03T00:00:00.000Z,416826.0,17367.75,Loyal Regular
C0353,20260603,Turbhe,Jeevika Bajwa,2025-07-29,9.0,janujaraghavan@example.net,2026-06-03T17:39:20.186841,9618488800,customers_S005_20260603.json,S005,309,Regular,2026-06-03T17:41:35.996Z,18,2026-06-03T00:00:00.000Z,192084.0,10671.333333333334,Occasional
C0370,20260603,Belapur,Vihaan Anand,2023-09-12,6.5,kashish64@example.com,2026-06-03T17:39:20.186841,9687345005,customers_S005_20260603.json,S005,995,VIP,2026-06-03T17:41:35.996Z,6,2026-06-03T00:00:00.000Z,124974.0,20829.0,Occasional
C0265,20260603,Kharghar,Mugdha Sankar,2024-03-09,8.0,borahati@example.org,2026-06-03T17:39:20.186841,9949024226,customers_S005_20260603.json,S005,816,VIP,2026-06-03T17:41:35.996Z,6,2026-06-03T00:00:00.000Z,47628.0,7938.0,Occasional
C0453,20260603,Seawoods,Yashica Dhawan,2025-08-03,2.0,falak71@example.com,2026-06-03T17:39:20.186841,INVALID,customers_S005_20260603.json,S005,304,Regular,2026-06-03T17:41:35.996Z,6,2026-06-03T00:00:00.000Z,97380.0,16230.0,Occasional
C0384,20260603,Seawoods,Faris Venkatesh,2024-04-21,2.0,ojohal@example.net,2026-06-03T17:39:20.186841,0194353524,customers_S005_20260603.json,S005,773,VIP,2026-06-03T17:41:35.996Z,6,2026-06-03T00:00:00.000Z,147654.0,24609.0,Occasional
C0300,20260603,Panvel,Tanish Shah,2024-11-26,14.0,vinaya05@example.com,2026-06-03T17:39:20.186841,0325216214,customers_S005_20260603.json,S005,554,Loyal,2026-06-03T17:41:35.996Z,6,2026-06-03T00:00:00.000Z,195336.0,32556.0,Occasional
C0215,20260603,Seawoods,Samaksh Chakraborty,2024-06-20,2.0,anvibath@example.org,2026-06-03T17:39:20.186841,0504681291,customers_S005_20260603.json,S005,713,Loyal,2026-06-03T17:41:35.996Z,12,2026-06-03T00:00:00.000Z,46692.0,3891.0,Occasional
C0299,20260603,Belapur,Vincent Shere,2026-03-12,6.5,wthakur@example.org,2026-06-03T17:39:20.186841,0951933150,customers_S005_20260603.json,S005,83,Occasional,2026-06-03T17:41:35.996Z,12,2026-06-03T00:00:00.000Z,174672.0,14556.0,Occasional
C0508,20260603,Belapur,Lakshit Agate,2024-02-24,6.5,majumdarzayan@example.com,2026-06-03T17:39:20.186841,1043957331,customers_S005_20260603.json,S005,830,VIP,2026-06-03T17:41:35.996Z,0,,0.0,0.0,Occasional
C0441,20260603,Vashi,Kritika Naik,2023-11-08,5.5,lilatrivedi@example.net,2026-06-03T17:39:20.186841,1186794228,customers_S005_20260603.json,S005,938,VIP,2026-06-03T17:41:35.996Z,18,2026-06-03T00:00:00.000Z,489636.0,27202.0,Occasional
C0162,20260603,Panvel,Ekalinga Deshmukh,2025-05-20,14.0,ladzinal@example.com,2026-06-03T17:39:20.186841,1210252127,customers_S005_20260603.json,S005,379,Loyal,2026-06-03T17:41:35.996Z,0,,0.0,0.0,Occasional
C0143,20260603,Belapur,Parth Bora,2025-02-24,6.5,abeerbassi@example.org,2026-06-03T17:39:20.186841,1225066236,customers_S005_20260603.json,S005,464,Loyal,2026-06-03T17:41:35.996Z,6,2026-06-03T00:00:00.000Z,68532.0,11422.0,Occasional
C0064,20260603,Kopar Khairane,Chaitanya Barad,2023-08-13,7.5,wakeetarandhawa@example.org,2026-06-03T17:39:20.186841,1504849984,customers_S005_20260603.json,S005,1025,VIP,2026-06-03T17:41:35.996Z,54,2026-06-03T00:00:00.000Z,1218714.0,22568.777777777777,Platinum VIP
C0348,20260603,Nerul,Yadavi Mani,2024-08-07,4.0,wsharma@example.net,2026-06-03T17:39:20.186841,1638064637,customers_S005_20260603.json,S005,665,Loyal,2026-06-03T17:41:35.996Z,24,2026-06-03T00:00:00.000Z,681870.0,28411.25,Gold VIP
C0564,20260603,Seawoods,Hamsini Rao,2023-06-09,2.0,qwarrior@example.net,2026-06-03T17:39:20.186841,1677422886,customers_S005_20260603.json,S005,1090,VIP,2026-06-03T17:41:35.996Z,6,2026-06-03T00:00:00.000Z,82992.0,13832.0,Occasional
C0619,20260603,Belapur,Pratyush Chhabra,2024-01-12,6.5,anikagopal@example.org,2026-06-03T17:39:20.186841,1709762610,customers_S005_20260603.json,S005,873,VIP,2026-06-03T17:41:35.996Z,0,,0.0,0.0,Occasional
C0240,20260603,Ulwe,Farhan Oak,2023-07-10,10.0,ibawa@example.net,2026-06-03T17:39:20.186841,2109214517,customers_S005_20260603.json,S005,1059,VIP,2026-06-03T17:41:35.996Z,30,2026-06-03T00:00:00.000Z,516126.0,17204.2,Gold VIP
C0630,20260603,Dronagiri,Falguni Biswas,2025-01-01,18.0,kavya65@example.net,2026-06-03T17:39:20.186841,2169438137,customers_S005_20260603.json,S005,518,Loyal,2026-06-03T17:41:35.996Z,12,2026-06-03T00:00:00.000Z,140868.0,11739.0,Occasional
C0158,20260603,Seawoods,Saksham Khurana,2025-03-21,2.0,anamikasharma@example.com,2026-06-03T17:39:20.186841,2479682855,customers_S005_20260603.json,S005,439,Loyal,2026-06-03T17:41:35.996Z,0,,0.0,0.0,Occasional
C0013,20260603,Seawoods,Jagvi Narula,2023-11-14,2.0,david97@example.org,2026-06-03T17:39:20.186841,2494579030,customers_S005_20260603.json,S005,932,VIP,2026-06-03T17:41:35.996Z,54,2026-06-03T00:00:00.000Z,1001454.0,18545.444444444445,Platinum VIP
C0142,20260603,Turbhe,Balveer Mitra,2025-05-31,9.0,gabaurvashi@example.com,2026-06-03T17:39:20.186841,2652582233,customers_S005_20260603.json,S005,368,Loyal,2026-06-03T17:41:35.996Z,42,2026-06-03T00:00:00.000Z,543654.0,12944.142857142857,Gold VIP
C0540,20260603,Belapur,Idika Halder,2023-06-06,6.5,jonathangara@example.org,2026-06-03T17:39:20.186841,2722634775,customers_S005_20260603.json,S005,1093,VIP,2026-06-03T17:41:35.996Z,6,2026-06-03T00:00:00.000Z,110760.0,18460.0,Occasional
C0366,20260603,Belapur,Samuel Sharma,2025-09-01,6.5,balayidika@example.com,2026-06-03T17:39:20.186841,2754656227,customers_S005_20260603.json,S005,275,Regular,2026-06-03T17:41:35.996Z,6,2026-06-03T00:00:00.000Z,155088.0,25848.0,Occasional
C0338,20260603,Seawoods,Qarin Dar,2024-09-24,2.0,nayakbhavya@example.net,2026-06-03T17:39:20.186841,2867414729,customers_S005_20260603.json,S005,617,Loyal,2026-06-03T17:41:35.996Z,6,2026-06-03T00:00:00.000Z,50310.0,8385.0,Occasional
C0581,20260603,Unknown,Indali Borah,2024-04-13,9.0,hsoni@example.org,2026-06-03T17:39:20.186841,2985197933,customers_S005_20260603.json,S005,781,VIP,2026-06-03T17:41:35.996Z,0,,0.0,0.0,Occasional
C0336,20260603,Seawoods,Krishna Kothari,2023-09-12,2.0,amolparsa@example.com,2026-06-03T17:39:20.186841,3003822362,customers_S005_20260603.json,S005,995,VIP,2026-06-03T17:41:35.996Z,12,2026-06-03T00:00:00.000Z,329658.0,27471.5,Occasional
C0552,20260603,Kharghar,Indali Sehgal,2025-11-02,8.0,ekapadkohli@example.com,2026-06-03T17:39:20.186841,3247637375,customers_S005_20260603.json,S005,213,Regular,2026-06-03T17:41:35.996Z,0,,0.0,0.0,Occasional
C0282,20260603,Kharghar,Falguni Pant,2024-03-07,8.0,mohini43@example.net,2026-06-03T17:39:20.186841,3278819286,customers_S005_20260603.json,S005,818,VIP,2026-06-03T17:41:35.996Z,30,2026-06-03T00:00:00.000Z,664860.0,22162.0,Gold VIP
C0099,20260603,Ulwe,Vasudha Vala,2024-11-01,10.0,barmanjyoti@example.net,2026-06-03T17:39:20.186841,3694591692,customers_S005_20260603.json,S005,579,Loyal,2026-06-03T17:41:35.996Z,6,2026-06-03T00:00:00.000Z,124308.0,20718.0,Occasional
C0012,20260603,Kharghar,Hemani Samra,2024-03-26,8.0,rchand@example.org,2026-06-03T17:39:20.186841,3717528871,customers_S005_20260603.json,S005,799,VIP,2026-06-03T17:41:35.996Z,48,2026-06-03T00:00:00.000Z,808854.0,16851.125,Gold VIP
C0464,20260603,Dronagiri,Yatan Parekh,2025-04-24,18.0,orinderkrishnan@example.com,2026-06-03T17:39:20.186841,3892282321,customers_S005_20260603.json,S005,405,Loyal,2026-06-03T17:41:35.996Z,0,,0.0,0.0,Occasional
C0553,20260603,Seawoods,Rohan De,2024-05-23,2.0,xchandra@example.com,2026-06-03T17:39:20.186841,4068694901,customers_S005_20260603.json,S005,741,VIP,2026-06-03T17:41:35.996Z,0,,0.0,0.0,Occasional
C0458,20260603,Kharghar,Ijaya Dar,2025-05-02,8.0,shankarharshil@example.org,2026-06-03T17:39:20.186841,4095026882,customers_S005_20260603.json,S005,397,Loyal,2026-06-03T17:41:35.996Z,0,,0.0,0.0,Occasional
C0244,20260603,Kopar Khairane,Vidhi Arya,2024-03-23,7.5,mahajanonkar@example.org,2026-06-03T17:39:20.186841,4275010033,customers_S005_20260603.json,S005,802,VIP,2026-06-03T17:41:35.996Z,6,2026-06-03T00:00:00.000Z,83640.0,13940.0,Occasional
C0400,20260603,Vashi,Nathan Sur,2024-06-15,5.5,pdugal@example.org,2026-06-03T17:39:20.186841,4445739070,customers_S005_20260603.json,S005,718,Loyal,2026-06-03T17:41:35.996Z,18,2026-06-03T00:00:00.000Z,459228.0,25512.666666666668,Occasional
C0450,20260603,Dronagiri,Harshil Kumar,2025-04-04,18.0,finnrajagopalan@example.org,2026-06-03T17:39:20.186841,4619323264,customers_S005_20260603.json,S005,425,Loyal,2026-06-03T17:41:35.996Z,12,2026-06-03T00:00:00.000Z,159132.0,13261.0,Occasional
C0565,20260603,Vashi,Matthew Narang,2026-01-03,5.5,brijeshmani@example.org,2026-06-03T17:39:20.186841,4738963892,customers_S005_20260603.json,S005,151,Occasional,2026-06-03T17:41:35.996Z,0,,0.0,0.0,Occasional
C0492,20260603,Nerul,Jasmit Batra,2026-01-01,4.0,wgrewal@example.org,2026-06-03T17:39:20.186841,4988540847,customers_S005_20260603.json,S005,153,Occasional,2026-06-03T17:41:35.996Z,0,,0.0,0.0,Occasional
C0046,20260603,Kopar Khairane,Vasudha Ratta,2024-12-24,7.5,palgayathri@example.net,2026-06-03T17:39:20.186841,5076825734,customers_S005_20260603.json,S005,526,Loyal,2026-06-03T17:41:35.996Z,72,2026-06-03T00:00:00.000Z,1137762.0,15802.25,Platinum VIP
C0088,20260603,Kharghar,Bishakha Panchal,2026-05-08,8.0,watika53@example.com,2026-06-03T17:39:20.186841,5587578332,customers_S005_20260603.json,S005,26,Occasional,2026-06-03T17:41:35.996Z,48,2026-06-03T00:00:00.000Z,741996.0,15458.25,Gold VIP
C0290,20260603,Unknown,Shivansh Nadkarni,2024-12-23,2.0,ranbir95@example.com,2026-06-03T17:39:20.186841,5707759624,customers_S005_20260603.json,S005,527,Loyal,2026-06-03T17:41:35.996Z,24,2026-06-03T00:00:00.000Z,488394.0,20349.75,Loyal Regular
C0309,20260603,Nerul,Jalsa Bobal,2023-07-12,4.0,matthewvala@example.net,2026-06-03T17:39:20.186841,5803169050,customers_S005_20260603.json,S005,1057,VIP,2026-06-03T17:41:35.996Z,42,2026-06-03T00:00:00.000Z,618930.0,14736.42857142857,Gold VIP
C0376,20260603,Ulwe,Dhriti Mitter,2024-12-02,10.0,fdayal@example.org,2026-06-03T17:39:20.186841,5891220171,customers_S005_20260603.json,S005,548,Loyal,2026-06-03T17:41:35.996Z,24,2026-06-03T00:00:00.000Z,227850.0,9493.75,Loyal Regular
C0480,20260603,Ulwe,Lipika Boase,2023-12-13,10.0,bhatiamitali@example.org,2026-06-03T17:39:20.186841,6175024319,customers_S005_20260603.json,S005,903,VIP,2026-06-03T17:41:35.996Z,12,2026-06-03T00:00:00.000Z,194118.0,16176.5,Occasional
C0549,20260603,Panvel,Priya Buch,2023-07-07,14.0,doctorrachana@example.com,2026-06-03T17:39:20.186841,6408979436,customers_S005_20260603.json,S005,1062,VIP,2026-06-03T17:41:35.996Z,6,2026-06-03T00:00:00.000Z,270630.0,45105.0,Occasional
C0577,20260603,Vashi,Ranbir Varma,2024-09-28,5.5,maanavsampath@example.net,2026-06-03T17:39:20.186841,6496759870,customers_S005_20260603.json,S005,613,Loyal,2026-06-03T17:41:35.996Z,0,,0.0,0.0,Occasional
C0347,20260603,Dronagiri,Onkar Kurian,2025-06-01,18.0,hredhaansrinivasan@example.com,2026-06-03T17:39:20.186841,6513710226,customers_S005_20260603.json,S005,367,Loyal,2026-06-03T17:41:35.996Z,6,2026-06-03T00:00:00.000Z,73296.0,12216.0,Occasional
C0284,20260603,Seawoods,Jeremiah Chopra,2023-10-08,2.0,omisharamaswamy@example.com,2026-06-03T17:39:20.186841,6747451317,customers_S005_20260603.json,S005,969,VIP,2026-06-03T17:41:35.996Z,24,2026-06-03T00:00:00.000Z,495216.0,20634.0,Loyal Regular
C0474,20260603,Turbhe,Christopher De,2024-09-24,9.0,pathakchatura@example.com,2026-06-03T17:39:20.186841,6768529685,customers_S005_20260603.json,S005,617,Loyal,2026-06-03T17:41:35.996Z,0,,0.0,0.0,Occasional
C0253,20260603,Kharghar,Yadavi Hegde,2025-08-19,8.0,sonigopal@example.net,2026-06-03T17:39:20.186841,6801954170,customers_S005_20260603.json,S005,288,Regular,2026-06-03T17:41:35.996Z,24,2026-06-03T00:00:00.000Z,636996.0,26541.5,Gold VIP
C0592,20260603,Nerul,Liam Lanka,2025-12-27,4.0,devika40@example.net,2026-06-03T17:39:20.186841,7038852900,customers_S005_20260603.json,S005,158,Occasional,2026-06-03T17:41:35.996Z,0,,0.0,0.0,Occasional
C0302,20260603,Turbhe,Victor Dani,2023-11-15,9.0,gautami10@example.com,2026-06-03T17:39:20.186841,7063010172,customers_S005_20260603.json,S005,931,VIP,2026-06-03T17:41:35.996Z,0,,0.0,0.0,Occasional
C0415,20260603,Belapur,Zaitra Sami,2025-05-11,6.5,unknown@noemail.com,2026-06-03T17:39:20.186841,7268353028,customers_S005_20260603.json,S005,388,Loyal,2026-06-03T17:41:35.996Z,6,2026-06-03T00:00:00.000Z,60180.0,10030.0,Occasional
C0638,20260603,Dronagiri,Raghav Kalla,2024-01-18,18.0,kamalabrahmbhatt@example.com,2026-06-03T17:39:20.186841,7451859317,customers_S005_20260603.json,S005,867,VIP,2026-06-03T17:41:35.996Z,0,,0.0,0.0,Occasional
C0144,20260603,Belapur,Yashawini Madan,2025-12-18,6.5,ogulati@example.org,2026-06-03T17:39:20.186841,7599148432,customers_S005_20260603.json,S005,167,Occasional,2026-06-03T17:41:35.996Z,12,2026-06-03T00:00:00.000Z,272892.0,22741.0,Occasional
C0269,20260603,Dronagiri,Pranit Iyengar,2026-03-23,18.0,asarma@example.net,2026-06-03T17:39:20.186841,7634098141,customers_S005_20260603.json,S005,72,Occasional,2026-06-03T17:41:35.996Z,30,2026-06-03T00:00:00.000Z,583902.0,19463.4,Gold VIP
C0237,20260603,Vashi,Chaitaly Mahal,2025-05-05,5.5,banerjeekai@example.net,2026-06-03T17:39:20.186841,7836176758,customers_S005_20260603.json,S005,394,Loyal,2026-06-03T17:41:35.996Z,18,2026-06-03T00:00:00.000Z,287640.0,15980.0,Occasional
C0210,20260603,Panvel,Brinda Das,2024-11-16,14.0,anthony15@example.com,2026-06-03T17:39:20.186841,8150855526,customers_S005_20260603.json,S005,564,Loyal,2026-06-03T17:41:35.996Z,12,2026-06-03T00:00:00.000Z,231546.0,19295.5,Occasional
C0160,20260603,Nerul,Isha Tak,2023-10-28,4.0,ykhatri@example.com,2026-06-03T17:39:20.186841,8194803204,customers_S005_20260603.json,S005,949,VIP,2026-06-03T17:41:35.996Z,24,2026-06-03T00:00:00.000Z,410028.0,17084.5,Loyal Regular
C0011,20260603,Kharghar,Krish Sandal,2025-07-06,8.0,jrattan@example.net,2026-06-03T17:39:20.186841,8417844385,customers_S005_20260603.json,S005,332,Regular,2026-06-03T17:41:35.996Z,48,2026-06-03T00:00:00.000Z,843096.0,17564.5,Gold VIP
C0103,20260603,Seawoods,Veer Prashad,2026-02-15,2.0,anmolvaidya@example.com,2026-06-03T17:39:20.186841,8506622474,customers_S005_20260603.json,S005,108,Occasional,2026-06-03T17:41:35.996Z,18,2026-06-03T00:00:00.000Z,121674.0,6759.666666666667,Occasional
C0130,20260603,Kharghar,Urmi Chhabra,2025-02-25,8.0,iraju@example.com,2026-06-03T17:39:20.186841,8670599470,customers_S005_20260603.json,S005,463,Loyal,2026-06-03T17:41:35.996Z,24,2026-06-03T00:00:00.000Z,529332.0,22055.5,Gold VIP
C0513,20260603,Kharghar,Imaran Pandit,2025-11-25,8.0,vidhisunder@example.com,2026-06-03T17:39:20.186841,8743251734,customers_S005_20260603.json,S005,190,Regular,2026-06-03T17:41:35.996Z,0,,0.0,0.0,Occasional
C0626,20260603,Kharghar,Divya Mammen,2025-04-17,8.0,perigeorge@example.net,2026-06-03T17:39:20.186841,9003167707,customers_S005_20260603.json,S005,412,Loyal,2026-06-03T17:41:35.996Z,0,,0.0,0.0,Occasional
C0471,20260603,Panvel,Veda Jha,2023-12-19,14.0,palludant@example.net,2026-06-03T17:39:20.186841,9064241046,customers_S005_20260603.json,S005,897,VIP,2026-06-03T17:41:35.996Z,6,2026-06-03T00:00:00.000Z,129294.0,21549.0,Occasional
C0070,20260603,Seawoods,Radhika Atwal,2024-06-08,2.0,manbirgade@example.com,2026-06-03T17:39:20.186841,9195214676,customers_S005_20260603.json,S005,725,Loyal,2026-06-03T17:41:35.996Z,36,2026-06-03T00:00:00.000Z,762162.0,21171.166666666668,Gold VIP
C0256,20260603,Seawoods,Unni Sengupta,2024-11-18,2.0,sparikh@example.net,2026-06-03T17:39:20.186841,9247161778,customers_S005_20260603.json,S005,562,Loyal,2026-06-03T17:41:35.996Z,18,2026-06-03T00:00:00.000Z,325620.0,18090.0,Occasional
C0208,20260603,Vashi,Finn Borde,2024-11-17,5.5,patlariya@example.com,2026-06-03T17:39:20.186841,9285329076,customers_S005_20260603.json,S005,563,Loyal,2026-06-03T17:41:35.996Z,24,2026-06-03T00:00:00.000Z,257490.0,10728.75,Loyal Regular
C0399,20260603,Nerul,Vaishnavi Som,2024-09-25,4.0,gsethi@example.org,2026-06-03T17:39:20.186841,9362524888,customers_S005_20260603.json,S005,616,Loyal,2026-06-03T17:41:35.996Z,0,,0.0,0.0,Occasional
C0247,20260603,Belapur,Vasatika Sanghvi,2024-11-23,6.5,dbrahmbhatt@example.com,2026-06-03T17:39:20.186841,9626392631,customers_S005_20260603.json,S005,557,Loyal,2026-06-03T17:41:35.996Z,18,2026-06-03T00:00:00.000Z,173532.0,9640.666666666666,Occasional
C0339,20260603,Nerul,Kabir Dutta,2024-02-07,4.0,parthrau@example.net,2026-06-03T17:39:20.186841,9643159266,customers_S005_20260603.json,S005,847,VIP,2026-06-03T17:41:35.996Z,12,2026-06-03T00:00:00.000Z,157806.0,13150.5,Occasional
C0520,20260603,Panvel,Megha Sekhon,2023-08-25,14.0,ugolla@example.org,2026-06-03T17:39:20.186841,INVALID,customers_S005_20260603.json,S005,1013,VIP,2026-06-03T17:41:35.996Z,18,2026-06-03T00:00:00.000Z,284994.0,15833.0,Occasional
C0036,20260603,Kopar Khairane,Baljiwan Khalsa,2025-07-31,7.5,jbala@example.org,2026-06-03T17:39:20.186841,0268205867,customers_S005_20260603.json,S005,307,Regular,2026-06-03T17:41:35.996Z,60,2026-06-03T00:00:00.000Z,1307580.0,21793.0,Platinum VIP
C0179,20260603,Turbhe,Idika Bera,2024-10-03,9.0,dupadhyay@example.org,2026-06-03T17:39:20.186841,0378275102,customers_S005_20260603.json,S005,608,Loyal,2026-06-03T17:41:35.996Z,18,2026-06-03T00:00:00.000Z,276492.0,15360.666666666666,Occasional
C0183,20260603,Nerul,Harita Saran,2025-10-05,4.0,labanjha@example.com,2026-06-03T17:39:20.186841,0465463506,customers_S005_20260603.json,S005,241,Regular,2026-06-03T17:41:35.996Z,18,2026-06-03T00:00:00.000Z,376530.0,20918.33333333333,Occasional
C0436,20260603,Turbhe,Pooja Buch,2025-09-24,9.0,regeavni@example.org,2026-06-03T17:39:20.186841,0791225766,customers_S005_20260603.json,S005,252,Regular,2026-06-03T17:41:35.996Z,12,2026-06-03T00:00:00.000Z,254316.0,21193.0,Occasional
C0295,20260603,Panvel,Manbir Dave,2024-04-10,14.0,eiravatiratta@example.net,2026-06-03T17:39:20.186841,0976871230,customers_S005_20260603.json,S005,784,VIP,2026-06-03T17:41:35.996Z,6,2026-06-03T00:00:00.000Z,73284.0,12214.0,Occasional
C0286,20260603,Panvel,Raghav Ram,2023-06-18,14.0,rajata92@example.org,2026-06-03T17:39:20.186841,1067454736,customers_S005_20260603.json,S005,1081,VIP,2026-06-03T17:41:35.996Z,6,2026-06-03T00:00:00.000Z,117720.0,19620.0,Occasional
C0223,20260603,Ulwe,Krishna Garde,2024-05-29,10.0,jainbina@example.com,2026-06-03T17:39:20.186841,1301696970,customers_S005_20260603.json,S005,735,VIP,2026-06-03T17:41:35.996Z,6,2026-06-03T00:00:00.000Z,29124.0,4854.0,Occasional
C0167,20260603,Ulwe,Veda Sastry,2026-04-06,10.0,farhanpadmanabhan@example.org,2026-06-03T17:39:20.186841,1436594638,customers_S005_20260603.json,S005,58,Occasional,2026-06-03T17:41:35.996Z,12,2026-06-03T00:00:00.000Z,210708.0,17559.0,Occasional
C0305,20260603,Seawoods,Sara Sanghvi,2024-08-12,2.0,shachaitanya@example.net,2026-06-03T17:39:20.186841,1617946874,customers_S005_20260603.json,S005,660,Loyal,2026-06-03T17:41:35.996Z,12,2026-06-03T00:00:00.000Z,268404.0,22367.0,Occasional
C0061,20260603,Ulwe,Adya Khosla,2024-02-10,10.0,imukhopadhyay@example.org,2026-06-03T17:39:20.186841,1624420336,customers_S005_20260603.json,S005,844,VIP,2026-06-03T17:41:35.996Z,30,2026-06-03T00:00:00.000Z,478800.0,15960.0,Loyal Regular
C0414,20260603,Belapur,Lucky Chakraborty,2025-03-11,6.5,neelima70@example.com,2026-06-03T17:39:20.186841,1737355909,customers_S005_20260603.json,S005,449,Loyal,2026-06-03T17:41:35.996Z,42,2026-06-03T00:00:00.000Z,763842.0,18186.714285714286,Gold VIP
C0566,20260603,Kharghar,Nisha Varughese,2026-03-02,8.0,lalaarya@example.net,2026-06-03T17:39:20.186841,1806561263,customers_S005_20260603.json,S005,93,Occasional,2026-06-03T17:41:35.996Z,0,,0.0,0.0,Occasional
C0431,20260603,Kharghar,Arin Chaudhry,2023-07-02,8.0,triyaparmer@example.org,2026-06-03T17:39:20.186841,1840265986,customers_S005_20260603.json,S005,1067,VIP,2026-06-03T17:41:35.996Z,6,2026-06-03T00:00:00.000Z,127170.0,21195.0,Occasional
C0056,20260603,Nerul,Yagnesh Chana,2024-01-25,4.0,venkataramanhemangini@example.org,2026-06-03T17:39:20.186841,2068866347,customers_S005_20260603.json,S005,860,VIP,2026-06-03T17:41:35.996Z,60,2026-06-03T00:00:00.000Z,1030296.0,17171.6,Platinum VIP
C0568,20260603,Belapur,Kalpit Narasimhan,2026-06-02,6.5,bsundaram@example.com,2026-06-03T17:39:20.186841,2084226220,customers_S005_20260603.json,S005,1,Occasional,2026-06-03T17:41:35.996Z,0,,0.0,0.0,Occasional
C0493,20260603,Kharghar,Bhavika Deshpande,2025-08-05,8.0,jkari@example.net,2026-06-03T17:39:20.186841,2095254177,customers_S005_20260603.json,S005,302,Regular,2026-06-03T17:41:35.996Z,0,,0.0,0.0,Occasional
C0079,20260603,Belapur,Sanaya Tella,2023-09-18,6.5,udarsh14@example.org,2026-06-03T17:39:20.186841,2203751381,customers_S005_20260603.json,S005,989,VIP,2026-06-03T17:41:35.996Z,30,2026-06-03T00:00:00.000Z,476406.0,15880.2,Loyal Regular
C0356,20260603,Dronagiri,Tanvi Maharaj,2025-11-07,18.0,pranavsandal@example.org,2026-06-03T17:39:20.186841,2438241847,customers_S005_20260603.json,S005,208,Regular,2026-06-03T17:41:35.996Z,24,2026-06-03T00:00:00.000Z,209418.0,8725.75,Loyal Regular
C0222,20260603,Kopar Khairane,Mugdha Mitra,2025-05-02,7.5,qbhatnagar@example.org,2026-06-03T17:39:20.186841,2441729901,customers_S005_20260603.json,S005,397,Loyal,2026-06-03T17:41:35.996Z,24,2026-06-03T00:00:00.000Z,445968.0,18582.0,Loyal Regular
C0422,20260603,Seawoods,Zarna Gola,2025-11-11,2.0,avnisaxena@example.org,2026-06-03T17:39:20.186841,2574663831,customers_S005_20260603.json,S005,204,Regular,2026-06-03T17:41:35.996Z,6,2026-06-03T00:00:00.000Z,17406.0,2901.0,Occasional
C0417,20260603,Seawoods,Eesha Majumdar,2023-09-01,2.0,poza@example.net,2026-06-03T17:39:20.186841,2624399567,customers_S005_20260603.json,S005,1006,VIP,2026-06-03T17:41:35.996Z,12,2026-06-03T00:00:00.000Z,245904.0,20492.0,Occasional
C0621,20260603,Panvel,Jagat Handa,2024-01-04,14.0,benjamin18@example.org,2026-06-03T17:39:20.186841,2695339514,customers_S005_20260603.json,S005,881,VIP,2026-06-03T17:41:35.996Z,0,,0.0,0.0,Occasional
C0425,20260603,Kopar Khairane,Ishwar Datta,2024-01-09,7.5,nisha30@example.com,2026-06-03T17:39:20.186841,2789726307,customers_S005_20260603.json,S005,876,VIP,2026-06-03T17:41:35.996Z,6,2026-06-03T00:00:00.000Z,109560.0,18260.0,Occasional
C0598,20260603,Dronagiri,Wishi Kothari,2024-06-29,18.0,abdulsem@example.org,2026-06-03T17:39:20.186841,2825611254,customers_S005_20260603.json,S005,704,Loyal,2026-06-03T17:41:35.996Z,0,,0.0,0.0,Occasional
C0484,20260603,Kharghar,Kabir Loyal,2024-07-21,8.0,dashutkarsh@example.com,2026-06-03T17:39:20.186841,2838060492,customers_S005_20260603.json,S005,682,Loyal,2026-06-03T17:41:35.996Z,0,,0.0,0.0,Occasional
C0463,20260603,Vashi,Madhavi Ben,2025-06-08,5.5,aryaraghav@example.net,2026-06-03T17:39:20.186841,2866803313,customers_S005_20260603.json,S005,360,Regular,2026-06-03T17:41:35.996Z,24,2026-06-03T00:00:00.000Z,400512.0,16688.0,Loyal Regular
C0327,20260603,Seawoods,Ekalinga Shroff,2023-07-19,2.0,garimachander@example.net,2026-06-03T17:39:20.186841,2995181760,customers_S005_20260603.json,S005,1050,VIP,2026-06-03T17:41:35.996Z,12,2026-06-03T00:00:00.000Z,362856.0,30238.0,Occasional
C0542,20260603,Seawoods,Peter Gola,2025-10-06,2.0,azaankalla@example.com,2026-06-03T17:39:20.186841,3165188242,customers_S005_20260603.json,S005,240,Regular,2026-06-03T17:41:35.996Z,6,2026-06-03T00:00:00.000Z,132000.0,22000.0,Occasional
C0023,20260603,Vashi,Jeet Johal,2025-12-10,5.5,gshroff@example.net,2026-06-03T17:39:20.186841,3180134700,customers_S005_20260603.json,S005,175,Occasional,2026-06-03T17:41:35.996Z,24,2026-06-03T00:00:00.000Z,445842.0,18576.75,Loyal Regular
C0560,20260603,Ulwe,Indrajit Bora,2025-06-26,10.0,megha17@example.com,2026-06-03T17:39:20.186841,3388408048,customers_S005_20260603.json,S005,342,Regular,2026-06-03T17:41:35.996Z,0,,0.0,0.0,Occasional
C0083,20260603,Belapur,Leela Ganesh,2026-02-21,6.5,gargudant@example.net,2026-06-03T17:39:20.186841,3473070729,customers_S005_20260603.json,S005,102,Occasional,2026-06-03T17:41:35.996Z,18,2026-06-03T00:00:00.000Z,210774.0,11709.666666666666,Occasional
C0190,20260603,Turbhe,Bhavya Luthra,2026-02-23,9.0,haritasathe@example.org,2026-06-03T17:39:20.186841,3485702088,customers_S005_20260603.json,S005,100,Occasional,2026-06-03T17:41:35.996Z,6,2026-06-03T00:00:00.000Z,141912.0,23652.0,Occasional
C0074,20260603,Seawoods,Gaurika Patel,2024-11-20,2.0,pdin@example.net,2026-06-03T17:39:20.186841,3714350573,customers_S005_20260603.json,S005,560,Loyal,2026-06-03T17:41:35.996Z,42,2026-06-03T00:00:00.000Z,826206.0,19671.571428571428,Gold VIP
C0173,20260603,Belapur,Yauvani Kadakia,2026-04-06,6.5,wswamy@example.org,2026-06-03T17:39:20.186841,3908926514,customers_S005_20260603.json,S005,58,Occasional,2026-06-03T17:41:35.996Z,18,2026-06-03T00:00:00.000Z,361512.0,20084.0,Occasional
C0386,20260603,Vashi,Nikita Rout,2025-01-26,5.5,kverma@example.net,2026-06-03T17:39:20.186841,4420990998,customers_S005_20260603.json,S005,493,Loyal,2026-06-03T17:41:35.996Z,30,2026-06-03T00:00:00.000Z,578838.0,19294.6,Gold VIP
C0184,20260603,Vashi,Champak More,2023-09-16,5.5,gbaral@example.net,2026-06-03T17:39:20.186841,4467362967,customers_S005_20260603.json,S005,991,VIP,2026-06-03T17:41:35.996Z,36,2026-06-03T00:00:00.000Z,544392.0,15122.0,Gold VIP
C0333,20260603,Nerul,Jacob Mander,2025-03-21,4.0,fiyazkonda@example.com,2026-06-03T17:39:20.186841,4502916348,customers_S005_20260603.json,S005,439,Loyal,2026-06-03T17:41:35.996Z,12,2026-06-03T00:00:00.000Z,112620.0,9385.0,Occasional
C0517,20260603,Ulwe,Madhavi Sibal,2024-09-25,10.0,varughesenathaniel@example.org,2026-06-03T17:39:20.186841,4687392082,customers_S005_20260603.json,S005,616,Loyal,2026-06-03T17:41:35.996Z,12,2026-06-03T00:00:00.000Z,303708.0,25309.0,Occasional
C0066,20260603,Vashi,Falguni Chada,2024-08-27,5.5,gabrielbhalla@example.com,2026-06-03T17:39:20.186841,4900529413,customers_S005_20260603.json,S005,645,Loyal,2026-06-03T17:41:35.996Z,60,2026-06-03T00:00:00.000Z,697770.0,11629.5,Gold VIP
C0102,20260603,Kharghar,Zayyan Keer,2025-06-04,8.0,chadleena@example.com,2026-06-03T17:39:20.186841,5328318971,customers_S005_20260603.json,S005,364,Regular,2026-06-03T17:41:35.996Z,54,2026-06-03T00:00:00.000Z,1221306.0,22616.777777777777,Platinum VIP
C0116,20260603,Dronagiri,Ronith Nagy,2025-04-10,18.0,yahvivyas@example.org,2026-06-03T17:39:20.186841,5381648159,customers_S005_20260603.json,S005,419,Loyal,2026-06-03T17:41:35.996Z,24,2026-06-03T00:00:00.000Z,398976.0,16624.0,Loyal Regular
C0318,20260603,Panvel,Krishna Malhotra,2024-06-19,14.0,guptagavin@example.net,2026-06-03T17:39:20.186841,5467204614,customers_S005_20260603.json,S005,714,Loyal,2026-06-03T17:41:35.996Z,18,2026-06-03T00:00:00.000Z,433596.0,24088.666666666668,Occasional
C0077,20260603,Kharghar,Edhitha Bhasin,2025-01-01,8.0,uravel@example.com,2026-06-03T17:39:20.186841,5481055380,customers_S005_20260603.json,S005,518,Loyal,2026-06-03T17:41:35.996Z,84,2026-06-03T00:00:00.000Z,1628232.0,19383.714285714286,Platinum VIP
C0608,20260603,Seawoods,Baljiwan Bhatnagar,2026-05-22,2.0,aayushraja@example.com,2026-06-03T17:39:20.186841,5555405000,customers_S005_20260603.json,S005,12,Occasional,2026-06-03T17:41:35.996Z,0,,0.0,0.0,Occasional
C0429,20260603,Kharghar,Lekha Khanna,2026-03-11,8.0,xsagar@example.org,2026-06-03T17:39:20.186841,5819014081,customers_S005_20260603.json,S005,84,Occasional,2026-06-03T17:41:35.996Z,6,2026-06-03T00:00:00.000Z,294.0,49.0,Occasional
C0030,20260603,Kharghar,Mohammed Dutt,2023-12-08,8.0,harrisonmagar@example.org,2026-06-03T17:39:20.186841,5976338048,customers_S005_20260603.json,S005,908,VIP,2026-06-03T17:41:35.996Z,30,2026-06-03T00:00:00.000Z,410826.0,13694.2,Loyal Regular
C0272,20260603,Panvel,Falan Modi,2025-05-20,14.0,krisha66@example.org,2026-06-03T17:39:20.186841,6151462134,customers_S005_20260603.json,S005,379,Loyal,2026-06-03T17:41:35.996Z,6,2026-06-03T00:00:00.000Z,80748.0,13458.0,Occasional
C0434,20260603,Nerul,Tanvi Bhatt,2024-12-09,4.0,mohammeddasgupta@example.net,2026-06-03T17:39:20.186841,6196613476,customers_S005_20260603.json,S005,541,Loyal,2026-06-03T17:41:35.996Z,18,2026-06-03T00:00:00.000Z,286260.0,15903.333333333334,Occasional
C0535,20260603,Vashi,Sudiksha Tata,2026-03-17,5.5,murthyqarin@example.net,2026-06-03T17:39:20.186841,6307900916,customers_S005_20260603.json,S005,78,Occasional,2026-06-03T17:41:35.996Z,0,,0.0,0.0,Occasional
C0014,20260603,Vashi,Eesha Deo,2023-11-26,5.5,nrana@example.com,2026-06-03T17:39:20.186841,6383253043,customers_S005_20260603.json,S005,920,VIP,2026-06-03T17:41:35.996Z,72,2026-06-03T00:00:00.000Z,1197414.0,16630.75,Platinum VIP
C0062,20260603,Vashi,Zayan Dugal,2024-12-19,5.5,bnarula@example.com,2026-06-03T17:39:20.186841,6500360373,customers_S005_20260603.json,S005,531,Loyal,2026-06-03T17:41:35.996Z,42,2026-06-03T00:00:00.000Z,590922.0,14069.57142857143,Gold VIP
C0603,20260603,Ulwe,Sudiksha Sagar,2026-04-05,10.0,ekavirnatarajan@example.net,2026-06-03T17:39:20.186841,6927319143,customers_S005_20260603.json,S005,59,Occasional,2026-06-03T17:41:35.996Z,0,,0.0,0.0,Occasional
C0442,20260603,Seawoods,Pranav Shere,2024-02-08,2.0,wallagarima@example.com,2026-06-03T17:39:20.186841,7081626583,customers_S005_20260603.json,S005,846,VIP,2026-06-03T17:41:35.996Z,12,2026-06-03T00:00:00.000Z,285306.0,23775.5,Occasional
C0411,20260603,Belapur,Widisha Kari,2024-06-06,6.5,perionkar@example.org,2026-06-03T17:39:20.186841,7191514809,customers_S005_20260603.json,S005,727,Loyal,2026-06-03T17:41:35.996Z,0,,0.0,0.0,Occasional
C0105,20260603,Vashi,Yauvani Ratti,2025-03-05,5.5,luke51@example.org,2026-06-03T17:39:20.186841,7331998385,customers_S005_20260603.json,S005,455,Loyal,2026-06-03T17:41:35.996Z,12,2026-06-03T00:00:00.000Z,176904.0,14742.0,Occasional
C0181,20260603,Vashi,Ria Misra,2024-08-02,5.5,kakarpranit@example.org,2026-06-03T17:39:20.186841,7461743695,customers_S005_20260603.json,S005,670,Loyal,2026-06-03T17:41:35.996Z,12,2026-06-03T00:00:00.000Z,202566.0,16880.5,Occasional
C0101,20260603,Dronagiri,Eshana Nagi,2026-01-22,18.0,bminhas@example.com,2026-06-03T17:39:20.186841,7513979201,customers_S005_20260603.json,S005,132,Occasional,2026-06-03T17:41:35.996Z,36,2026-06-03T00:00:00.000Z,564132.0,15670.333333333334,Gold VIP
C0048,20260603,Nerul,Varenya Dhillon,2024-03-27,4.0,wparmar@example.org,2026-06-03T17:39:20.186841,8279337151,customers_S005_20260603.json,S005,798,VIP,2026-06-03T17:41:35.996Z,78,2026-06-03T00:00:00.000Z,1654152.0,21207.07692307692,Platinum VIP
C0121,20260603,Vashi,Harish Minhas,2023-07-27,5.5,thomasjohal@example.net,2026-06-03T17:39:20.186841,8315513597,customers_S005_20260603.json,S005,1042,VIP,2026-06-03T17:41:35.996Z,30,2026-06-03T00:00:00.000Z,649662.0,21655.4,Gold VIP
C0236,20260603,Dronagiri,Ubika Bobal,2023-08-14,18.0,baradbhavini@example.org,2026-06-03T17:39:20.186841,8535504697,customers_S005_20260603.json,S005,1024,VIP,2026-06-03T17:41:35.996Z,36,2026-06-03T00:00:00.000Z,607236.0,16867.666666666668,Gold VIP
C0170,20260603,Dronagiri,Odika Tara,2023-07-20,18.0,ridhiiyer@example.com,2026-06-03T17:39:20.186841,8815219670,customers_S005_20260603.json,S005,1049,VIP,2026-06-03T17:41:35.996Z,18,2026-06-03T00:00:00.000Z,439392.0,24410.666666666668,Occasional
C0291,20260603,Turbhe,Gayathri Bhattacharyya,2024-05-19,9.0,urvi63@example.com,2026-06-03T17:39:20.186841,8822516344,customers_S005_20260603.json,S005,745,VIP,2026-06-03T17:41:35.996Z,18,2026-06-03T00:00:00.000Z,456348.0,25352.666666666668,Occasional
C0075,20260603,Panvel,Rajeshri Saxena,2024-03-09,14.0,jairaj46@example.net,2026-06-03T17:39:20.186841,8903850872,customers_S005_20260603.json,S005,816,VIP,2026-06-03T17:41:35.996Z,24,2026-06-03T00:00:00.000Z,318474.0,13269.75,Loyal Regular
C0543,20260603,Seawoods,Advaith Mohanty,2025-02-01,2.0,jhaluke@example.com,2026-06-03T17:39:20.186841,9143571828,customers_S005_20260603.json,S005,487,Loyal,2026-06-03T17:41:35.996Z,0,,0.0,0.0,Occasional
C0005,20260603,Ulwe,Isha Narasimhan,2024-12-23,10.0,ttak@example.org,2026-06-03T17:39:20.186841,9194503176,customers_S005_20260603.json,S005,527,Loyal,2026-06-03T17:41:35.996Z,36,2026-06-03T00:00:00.000Z,776244.0,21562.33333333333,Gold VIP
C0437,20260603,Kharghar,Vrishti Kapur,2025-09-21,8.0,lbadami@example.net,2026-06-03T17:39:20.186841,9692990558,customers_S005_20260603.json,S005,255,Regular,2026-06-03T17:41:35.996Z,18,2026-06-03T00:00:00.000Z,344856.0,19158.666666666668,Occasional
C0495,20260603,Turbhe,Nisha Mani,2023-08-23,9.0,unknown@noemail.com,2026-06-03T17:39:20.186841,9858130502,customers_S005_20260603.json,S005,1015,VIP,2026-06-03T17:41:35.996Z,6,2026-06-03T00:00:00.000Z,148344.0,24724.0,Occasional
C0195,20260603,Kharghar,Faras Edwin,2023-08-01,8.0,chaitalyram@example.net,2026-06-03T17:39:20.186841,9890216842,customers_S005_20260603.json,S005,1037,VIP,2026-06-03T17:41:35.996Z,18,2026-06-03T00:00:00.000Z,303186.0,16843.666666666668,Occasional
C0303,20260603,Seawoods,Theodore Kapadia,2025-06-25,2.0,bhaviniwalia@example.net,2026-06-03T17:39:20.186841,9916863021,customers_S005_20260603.json,S005,343,Regular,2026-06-03T17:41:35.996Z,6,2026-06-03T00:00:00.000Z,111870.0,18645.0,Occasional
C0334,20260603,Vashi,Shivansh Sidhu,2024-05-25,5.5,fmunshi@example.com,2026-06-03T17:39:20.186841,INVALID,customers_S005_20260603.json,S005,739,VIP,2026-06-03T17:41:35.996Z,0,,0.0,0.0,Occasional
C0159,20260603,Dronagiri,Tanveer Sarkar,2025-07-17,18.0,fdash@example.org,2026-06-03T17:39:20.186841,0018159836,customers_S005_20260603.json,S005,321,Regular,2026-06-03T17:41:35.996Z,0,,0.0,0.0,Occasional
C0590,20260603,Panvel,Netra Bora,2023-10-24,14.0,chakradev14@example.org,2026-06-03T17:39:20.186841,0091541544,customers_S005_20260603.json,S005,953,VIP,2026-06-03T17:41:35.996Z,0,,0.0,0.0,Occasional
C0623,20260603,Turbhe,Utkarsh Gill,2024-03-09,9.0,esha@example.net,2026-06-03T17:39:20.186841,0096406361,customers_S005_20260603.json,S005,816,VIP,2026-06-03T17:41:35.996Z,0,,0.0,0.0,Occasional
C0219,20260603,Ulwe,Neelima Mitter,2025-05-02,10.0,adhar@example.org,2026-06-03T17:39:20.186841,0119767433,customers_S005_20260603.json,S005,397,Loyal,2026-06-03T17:41:35.996Z,24,2026-06-03T00:00:00.000Z,290556.0,12106.5,Loyal Regular
C0187,20260603,Ulwe,Xalak Joshi,2024-02-25,10.0,rattanyamini@example.net,2026-06-03T17:39:20.186841,0169152998,customers_S005_20260603.json,S005,829,VIP,2026-06-03T17:41:35.996Z,6,2026-06-03T00:00:00.000Z,143424.0,23904.0,Occasional
C0156,20260603,Turbhe,Nitesh Chauhan,2026-02-23,9.0,balveer97@example.org,2026-06-03T17:39:20.186841,0368881113,customers_S005_20260603.json,S005,100,Occasional,2026-06-03T17:41:35.996Z,6,2026-06-03T00:00:00.000Z,74376.0,12396.0,Occasional
C0523,20260603,Turbhe,Imaran Gupta,2023-07-24,9.0,munshiidika@example.net,2026-06-03T17:39:20.186841,0459131488,customers_S005_20260603.json,S005,1045,VIP,2026-06-03T17:41:35.996Z,18,2026-06-03T00:00:00.000Z,308358.0,17131.0,Occasional
C0507,20260603,Vashi,Hritik Sinha,2023-07-22,5.5,sodhianthony@example.org,2026-06-03T17:39:20.186841,0552532224,customers_S005_20260603.json,S005,1047,VIP,2026-06-03T17:41:35.996Z,6,2026-06-03T00:00:00.000Z,148626.0,24771.0,Occasional
C0231,20260603,Belapur,Abha Pradhan,2026-03-26,6.5,ucchal62@example.net,2026-06-03T17:39:20.186841,0556877976,customers_S005_20260603.json,S005,69,Occasional,2026-06-03T17:41:35.996Z,12,2026-06-03T00:00:00.000Z,112950.0,9412.5,Occasional
C0443,20260603,Belapur,Yashodhara Anne,2025-02-24,6.5,benjatin@example.org,2026-06-03T17:39:20.186841,0761550666,customers_S005_20260603.json,S005,464,Loyal,2026-06-03T17:41:35.996Z,6,2026-06-03T00:00:00.000Z,100890.0,16815.0,Occasional
C0369,20260603,Turbhe,Charvi Patla,2025-10-05,9.0,danielthaman@example.org,2026-06-03T17:39:20.186841,0795451952,customers_S005_20260603.json,S005,241,Regular,2026-06-03T17:41:35.996Z,18,2026-06-03T00:00:00.000Z,257712.0,14317.333333333334,Occasional
C0028,20260603,Kharghar,Mohini Chandra,2024-04-22,8.0,bimalachakrabarti@example.org,2026-06-03T17:39:20.186841,0851800585,customers_S005_20260603.json,S005,772,VIP,2026-06-03T17:41:35.996Z,54,2026-06-03T00:00:00.000Z,794160.0,14706.666666666666,Gold VIP
C0541,20260603,Dronagiri,Turvi Shan,2023-09-20,18.0,deshmukhdayita@example.net,2026-06-03T17:39:20.186841,1094962867,customers_S005_20260603.json,S005,987,VIP,2026-06-03T17:41:35.996Z,0,,0.0,0.0,Occasional
C0567,20260603,Turbhe,Isaiah Chahal,2026-05-04,9.0,nimratprabhakar@example.net,2026-06-03T17:39:20.186841,1397873082,customers_S005_20260603.json,S005,30,Occasional,2026-06-03T17:41:35.996Z,0,,0.0,0.0,Occasional
C0128,20260603,Belapur,Ayaan Chawla,2025-01-16,6.5,leela16@example.com,2026-06-03T17:39:20.186841,1503129896,customers_S005_20260603.json,S005,503,Loyal,2026-06-03T17:41:35.996Z,12,2026-06-03T00:00:00.000Z,92004.0,7667.0,Occasional
C0316,20260603,Ulwe,Aahana Devi,2024-11-24,10.0,kahuja@example.org,2026-06-03T17:39:20.186841,1506042401,customers_S005_20260603.json,S005,556,Loyal,2026-06-03T17:41:35.996Z,6,2026-06-03T00:00:00.000Z,128664.0,21444.0,Occasional
C0123,20260603,Belapur,Upma Jaggi,2026-06-01,6.5,maxdhaliwal@example.org,2026-06-03T17:39:20.186841,1544884777,customers_S005_20260603.json,S005,2,Occasional,2026-06-03T17:41:35.996Z,24,2026-06-03T00:00:00.000Z,216978.0,9040.75,Loyal Regular
C0194,20260603,Seawoods,Nihal Karnik,2025-05-13,2.0,yadavojas@example.com,2026-06-03T17:39:20.186841,1633565973,customers_S005_20260603.json,S005,386,Loyal,2026-06-03T17:41:35.996Z,24,2026-06-03T00:00:00.000Z,381570.0,15898.75,Loyal Regular
C0499,20260603,Kopar Khairane,Urvi Pillai,2023-06-27,7.5,garima44@example.net,2026-06-03T17:39:20.186841,1834075987,customers_S005_20260603.json,S005,1072,VIP,2026-06-03T17:41:35.996Z,6,2026-06-03T00:00:00.000Z,107136.0,17856.0,Occasional
C0042,20260603,Dronagiri,Chatura Pai,2024-04-27,18.0,kabirnatt@example.net,2026-06-03T17:39:20.186841,1834909938,customers_S005_20260603.json,S005,767,VIP,2026-06-03T17:41:35.996Z,72,2026-06-03T00:00:00.000Z,1332438.0,18506.08333333333,Platinum VIP
C0593,20260603,Seawoods,Nilima Wali,2024-07-04,2.0,gdewan@example.org,2026-06-03T17:39:20.186841,1856850438,customers_S005_20260603.json,S005,699,Loyal,2026-06-03T17:41:35.996Z,0,,0.0,0.0,Occasional
C0329,20260603,Kharghar,Yatan Sabharwal,2024-04-10,8.0,veer91@example.org,2026-06-03T17:39:20.186841,1963230313,customers_S005_20260603.json,S005,784,VIP,2026-06-03T17:41:35.996Z,12,2026-06-03T00:00:00.000Z,209016.0,17418.0,Occasional
C0632,20260603,Kharghar,Yashawini Bath,2024-03-19,8.0,pallavichad@example.net,2026-06-03T17:39:20.186841,2408902940,customers_S005_20260603.json,S005,806,VIP,2026-06-03T17:41:35.996Z,0,,0.0,0.0,Occasional
C0153,20260603,Kharghar,Mohini Balay,2025-09-30,8.0,sibalvansha@example.com,2026-06-03T17:39:20.186841,2461429799,customers_S005_20260603.json,S005,246,Regular,2026-06-03T17:41:35.996Z,6,2026-06-03T00:00:00.000Z,80604.0,13434.0,Occasional
C0094,20260603,Belapur,Tristan Apte,2023-08-09,6.5,karamara@example.org,2026-06-03T17:39:20.186841,2785391316,customers_S005_20260603.json,S005,1029,VIP,2026-06-03T17:41:35.996Z,12,2026-06-03T00:00:00.000Z,151008.0,12584.0,Occasional
C0363,20260603,Ulwe,Vihaan Chandran,2025-07-09,10.0,bkannan@example.net,2026-06-03T17:39:20.186841,2795149285,customers_S005_20260603.json,S005,329,Regular,2026-06-03T17:41:35.996Z,18,2026-06-03T00:00:00.000Z,347580.0,19310.0,Occasional
C0352,20260603,Seawoods,Tanveer Raval,2025-08-29,2.0,gaurangibuch@example.net,2026-06-03T17:39:20.186841,2831808497,customers_S005_20260603.json,S005,278,Regular,2026-06-03T17:41:35.996Z,18,2026-06-03T00:00:00.000Z,427986.0,23777.0,Occasional
C0093,20260603,Panvel,Praneel Bahri,2023-08-03,14.0,jatinvyas@example.net,2026-06-03T17:39:20.186841,2989012674,customers_S005_20260603.json,S005,1035,VIP,2026-06-03T17:41:35.996Z,42,2026-06-03T00:00:00.000Z,1020786.0,24304.42857142857,Gold VIP
C0264,20260603,Vashi,Rishi Kakar,2023-08-28,5.5,bina75@example.net,2026-06-03T17:39:20.186841,3094034104,customers_S005_20260603.json,S005,1010,VIP,2026-06-03T17:41:35.996Z,6,2026-06-03T00:00:00.000Z,195336.0,32556.0,Occasional
C0575,20260603,Turbhe,Chavvi Dave,2024-11-11,9.0,warhizachariah@example.org,2026-06-03T17:39:20.186841,3192086117,customers_S005_20260603.json,S005,569,Loyal,2026-06-03T17:41:35.996Z,0,,0.0,0.0,Occasional
C0267,20260603,Vashi,Yochana Thakkar,2024-07-07,5.5,gangaagate@example.net,2026-06-03T17:39:20.186841,3600066684,customers_S005_20260603.json,S005,696,Loyal,2026-06-03T17:41:35.996Z,18,2026-06-03T00:00:00.000Z,533436.0,29635.33333333333,Gold VIP
C0204,20260603,Turbhe,Gaurang Thaker,2024-11-18,9.0,ctalwar@example.org,2026-06-03T17:39:20.186841,3650394379,customers_S005_20260603.json,S005,562,Loyal,2026-06-03T17:41:35.996Z,18,2026-06-03T00:00:00.000Z,319194.0,17733.0,Occasional
C0487,20260603,Belapur,Arunima Dora,2025-03-13,6.5,urishillakhurana@example.net,2026-06-03T17:39:20.186841,3770067058,customers_S005_20260603.json,S005,447,Loyal,2026-06-03T17:41:35.996Z,0,,0.0,0.0,Occasional
C0393,20260603,Panvel,Upkaar Dara,2023-10-25,14.0,cchopra@example.net,2026-06-03T17:39:20.186841,3777205375,customers_S005_20260603.json,S005,952,VIP,2026-06-03T17:41:35.996Z,30,2026-06-03T00:00:00.000Z,531456.0,17715.2,Gold VIP
C0233,20260603,Panvel,Maanav Behl,2025-12-12,14.0,shivanshnarayanan@example.net,2026-06-03T17:39:20.186841,4217474999,customers_S005_20260603.json,S005,173,Occasional,2026-06-03T17:41:35.996Z,12,2026-06-03T00:00:00.000Z,125616.0,10468.0,Occasional
C0612,20260603,Panvel,Upkaar Sachdeva,2025-12-22,14.0,mandajatin@example.org,2026-06-03T17:39:20.186841,4244080060,customers_S005_20260603.json,S005,163,Occasional,2026-06-03T17:41:35.996Z,0,,0.0,0.0,Occasional
C0445,20260603,Vashi,Leela Gara,2025-02-08,5.5,bhavnasampath@example.com,2026-06-03T17:39:20.186841,4298286617,customers_S005_20260603.json,S005,480,Loyal,2026-06-03T17:41:35.996Z,12,2026-06-03T00:00:00.000Z,161244.0,13437.0,Occasional
C0497,20260603,Vashi,Waida Dugal,2026-04-12,5.5,hwagle@example.net,2026-06-03T17:39:20.186841,4547528453,customers_S005_20260603.json,S005,52,Occasional,2026-06-03T17:41:35.996Z,0,,0.0,0.0,Occasional
C0477,20260603,Belapur,Urvashi Upadhyay,2024-12-01,6.5,khuranaryan@example.org,2026-06-03T17:39:20.186841,4707247476,customers_S005_20260603.json,S005,549,Loyal,2026-06-03T17:41:35.996Z,0,,0.0,0.0,Occasional
C0202,20260603,Panvel,Henry Kalita,2023-10-08,14.0,ekavirsama@example.net,2026-06-03T17:39:20.186841,4732594798,customers_S005_20260603.json,S005,969,VIP,2026-06-03T17:41:35.996Z,18,2026-06-03T00:00:00.000Z,247176.0,13732.0,Occasional
C0254,20260603,Kopar Khairane,Aarini Banik,2025-06-05,7.5,amunshi@example.org,2026-06-03T17:39:20.186841,4918455306,customers_S005_20260603.json,S005,363,Regular,2026-06-03T17:41:35.996Z,12,2026-06-03T00:00:00.000Z,219540.0,18295.0,Occasional
C0217,20260603,Belapur,Pooja Kari,2025-07-30,6.5,gaurav26@example.net,2026-06-03T17:39:20.186841,5061373486,customers_S005_20260603.json,S005,308,Regular,2026-06-03T17:41:35.996Z,6,2026-06-03T00:00:00.000Z,101088.0,16848.0,Occasional
C0596,20260603,Panvel,Yagnesh Balay,2025-01-24,14.0,gaurika97@example.org,2026-06-03T17:39:20.186841,5379157525,customers_S005_20260603.json,S005,495,Loyal,2026-06-03T17:41:35.996Z,0,,0.0,0.0,Occasional
C0110,20260603,Kharghar,Netra Mandal,2025-04-10,8.0,yagnesh59@example.net,2026-06-03T17:39:20.186841,5457598762,customers_S005_20260603.json,S005,419,Loyal,2026-06-03T17:41:35.996Z,6,2026-06-03T00:00:00.000Z,98424.0,16404.0,Occasional
C0337,20260603,Panvel,Ubika Jaggi,2025-08-30,14.0,taksai@example.com,2026-06-03T17:39:20.186841,5497954192,customers_S005_20260603.json,S005,277,Regular,2026-06-03T17:41:35.996Z,18,2026-06-03T00:00:00.000Z,200748.0,11152.666666666666,Occasional
C0503,20260603,Nerul,Pahal Acharya,2024-01-17,4.0,gangulyabeer@example.com,2026-06-03T17:39:20.186841,5616381870,customers_S005_20260603.json,S005,868,VIP,2026-06-03T17:41:35.996Z,0,,0.0,0.0,Occasional
C0149,20260603,Kopar Khairane,Rohan Purohit,2024-10-21,7.5,anandomkaar@example.net,2026-06-03T17:39:20.186841,5674794181,customers_S005_20260603.json,S005,590,Loyal,2026-06-03T17:41:35.996Z,18,2026-06-03T00:00:00.000Z,452808.0,25156.0,Occasional
C0611,20260603,Vashi,Sneha Boase,2024-11-30,5.5,shivanshmani@example.org,2026-06-03T17:39:20.186841,5707815305,customers_S005_20260603.json,S005,550,Loyal,2026-06-03T17:41:35.996Z,6,2026-06-03T00:00:00.000Z,81036.0,13506.0,Occasional
C0047,20260603,Ulwe,Balhaar Ramakrishnan,2023-11-14,10.0,itak@example.org,2026-06-03T17:39:20.186841,5767939957,customers_S005_20260603.json,S005,932,VIP,2026-06-03T17:41:35.996Z,54,2026-06-03T00:00:00.000Z,858126.0,15891.222222222224,Gold VIP
C0404,20260603,Vashi,Alexander Chakrabarti,2024-06-17,5.5,qasimpuri@example.org,2026-06-03T17:39:20.186841,5978373618,customers_S005_20260603.json,S005,716,Loyal,2026-06-03T17:41:35.996Z,6,2026-06-03T00:00:00.000Z,143442.0,23907.0,Occasional
C0335,20260603,Panvel,Arya Mani,2025-12-05,14.0,balendrabhandari@example.net,2026-06-03T17:39:20.186841,6095843403,customers_S005_20260603.json,S005,180,Regular,2026-06-03T17:41:35.996Z,6,2026-06-03T00:00:00.000Z,92904.0,15484.0,Occasional
C0212,20260603,Seawoods,Panini Pal,2025-11-12,2.0,ishaanbedi@example.org,2026-06-03T17:39:20.186841,6387017169,customers_S005_20260603.json,S005,203,Regular,2026-06-03T17:41:35.996Z,6,2026-06-03T00:00:00.000Z,47316.0,7886.0,Occasional
C0137,20260603,Turbhe,Ekaja Krishnan,2023-09-28,9.0,januja64@example.com,2026-06-03T17:39:20.186841,6399334206,customers_S005_20260603.json,S005,979,VIP,2026-06-03T17:41:35.996Z,24,2026-06-03T00:00:00.000Z,236406.0,9850.25,Loyal Regular
C0135,20260603,Belapur,Ayaan Wadhwa,2025-08-13,6.5,devanshbhagat@example.net,2026-06-03T17:39:20.186841,6434454933,customers_S005_20260603.json,S005,294,Regular,2026-06-03T17:41:35.996Z,18,2026-06-03T00:00:00.000Z,449142.0,24952.33333333333,Occasional
C0051,20260603,Nerul,Dayamai Bhat,2025-10-25,4.0,chanakya57@example.net,2026-06-03T17:39:20.186841,6452032886,customers_S005_20260603.json,S005,221,Regular,2026-06-03T17:41:35.996Z,60,2026-06-03T00:00:00.000Z,1067760.0,17796.0,Platinum VIP
C0266,20260603,Turbhe,Leela Karan,2025-01-12,9.0,nihal52@example.net,2026-06-03T17:39:20.186841,6745838462,customers_S005_20260603.json,S005,507,Loyal,2026-06-03T17:41:35.996Z,6,2026-06-03T00:00:00.000Z,79434.0,13239.0,Occasional
C0150,20260603,Seawoods,Harish Bava,2025-09-29,2.0,lila18@example.net,2026-06-03T17:39:20.186841,6988072270,customers_S005_20260603.json,S005,247,Regular,2026-06-03T17:41:35.996Z,12,2026-06-03T00:00:00.000Z,124392.0,10366.0,Occasional
C0561,20260603,Nerul,Idika Arora,2025-10-13,4.0,tanmayikrish@example.com,2026-06-03T17:39:20.186841,7049433194,customers_S005_20260603.json,S005,233,Regular,2026-06-03T17:41:35.996Z,0,,0.0,0.0,Occasional
C0033,20260603,Dronagiri,Vivaan Oza,2024-11-16,18.0,rkala@example.net,2026-06-03T17:39:20.186841,7058319750,customers_S005_20260603.json,S005,564,Loyal,2026-06-03T17:41:35.996Z,48,2026-06-03T00:00:00.000Z,910236.0,18963.25,Gold VIP
C0490,20260603,Dronagiri,Yashica Sarma,2024-10-19,18.0,zshah@example.org,2026-06-03T17:39:20.186841,7117866979,customers_S005_20260603.json,S005,592,Loyal,2026-06-03T17:41:35.996Z,0,,0.0,0.0,Occasional
C0127,20260603,Vashi,Kashish Nath,2025-03-02,5.5,sdube@example.net,2026-06-03T17:39:20.186841,7340367235,customers_S005_20260603.json,S005,458,Loyal,2026-06-03T17:41:35.996Z,24,2026-06-03T00:00:00.000Z,398040.0,16585.0,Loyal Regular
C0251,20260603,Belapur,Reyansh Tripathi,2023-10-17,6.5,simonbabu@example.org,2026-06-03T17:39:20.186841,7457888823,customers_S005_20260603.json,S005,960,VIP,2026-06-03T17:41:35.996Z,6,2026-06-03T00:00:00.000Z,130104.0,21684.0,Occasional
C0416,20260603,Kharghar,Frederick Bir,2024-01-13,8.0,jairaj70@example.org,2026-06-03T17:39:20.186841,7472700182,customers_S005_20260603.json,S005,872,VIP,2026-06-03T17:41:35.996Z,6,2026-06-03T00:00:00.000Z,83106.0,13851.0,Occasional
C0636,20260603,Ulwe,Bhavani Puri,2026-04-27,10.0,unknown@noemail.com,2026-06-03T17:39:20.186841,7481951058,customers_S005_20260603.json,S005,37,Occasional,2026-06-03T17:41:35.996Z,0,,0.0,0.0,Occasional
C0562,20260603,Ulwe,Udyati Gandhi,2023-06-04,10.0,xamble@example.com,2026-06-03T17:39:20.186841,7500691601,customers_S005_20260603.json,S005,1095,VIP,2026-06-03T17:41:35.996Z,0,,0.0,0.0,Occasional
C0449,20260603,Belapur,Eshana Kara,2024-06-14,6.5,osarma@example.com,2026-06-03T17:39:20.186841,7511587581,customers_S005_20260603.json,S005,719,Loyal,2026-06-03T17:41:35.996Z,0,,0.0,0.0,Occasional
C0002,20260603,Dronagiri,Anita Bail,2025-01-31,18.0,ekanshjoshi@example.com,2026-06-03T17:39:20.186841,7798020297,customers_S005_20260603.json,S005,488,Loyal,2026-06-03T17:41:35.996Z,60,2026-06-03T00:00:00.000Z,1102722.0,18378.7,Platinum VIP
C0263,20260603,Dronagiri,Atharv Murthy,2025-06-01,18.0,qadimbala@example.net,2026-06-03T17:39:20.186841,7989005792,customers_S005_20260603.json,S005,367,Loyal,2026-06-03T17:41:35.996Z,6,2026-06-03T00:00:00.000Z,27114.0,4519.0,Occasional
C0531,20260603,Dronagiri,Ekavir Badami,2025-10-26,18.0,kmishra@example.org,2026-06-03T17:39:20.186841,8022841378,customers_S005_20260603.json,S005,220,Regular,2026-06-03T17:41:35.996Z,12,2026-06-03T00:00:00.000Z,190968.0,15914.0,Occasional
C0277,20260603,Vashi,Aadhya Sanghvi,2025-04-13,5.5,klad@example.org,2026-06-03T17:39:20.186841,8062009032,customers_S005_20260603.json,S005,416,Loyal,2026-06-03T17:41:35.996Z,12,2026-06-03T00:00:00.000Z,253830.0,21152.5,Occasional
C0026,20260603,Belapur,Nakul Taneja,2025-07-04,6.5,aayush62@example.org,2026-06-03T17:39:20.186841,8098154561,customers_S005_20260603.json,S005,334,Regular,2026-06-03T17:41:35.996Z,36,2026-06-03T00:00:00.000Z,481146.0,13365.166666666666,Loyal Regular
C0476,20260603,Seawoods,Vanya Boase,2024-08-01,2.0,chanakyakamdar@example.com,2026-06-03T17:39:20.186841,8198835781,customers_S005_20260603.json,S005,671,Loyal,2026-06-03T17:41:35.996Z,0,,0.0,0.0,Occasional
C0401,20260603,Unknown,Jasmit Viswanathan,2024-11-24,8.0,girishmadan@example.com,2026-06-03T17:39:20.186841,8262345151,customers_S005_20260603.json,S005,556,Loyal,2026-06-03T17:41:35.996Z,6,2026-06-03T00:00:00.000Z,94932.0,15822.0,Occasional
C0278,20260603,Panvel,Suhani Kaul,2025-10-27,14.0,muniwishi@example.com,2026-06-03T17:39:20.186841,8309930580,customers_S005_20260603.json,S005,219,Regular,2026-06-03T17:41:35.996Z,36,2026-06-03T00:00:00.000Z,557772.0,15493.666666666666,Gold VIP
C0053,20260603,Vashi,Pranav Malhotra,2023-06-04,5.5,gunbirravel@example.net,2026-06-03T17:39:20.186841,8335577668,customers_S005_20260603.json,S005,1095,VIP,2026-06-03T17:41:35.996Z,54,2026-06-03T00:00:00.000Z,1078644.0,19974.88888888889,Platinum VIP
C0097,20260603,Panvel,Maanav Som,2025-08-27,14.0,anandhritik@example.com,2026-06-03T17:39:20.186841,8532873799,customers_S005_20260603.json,S005,280,Regular,2026-06-03T17:41:35.996Z,42,2026-06-03T00:00:00.000Z,537930.0,12807.857142857143,Gold VIP
C0555,20260603,Ulwe,Balvan Shenoy,2025-03-16,10.0,ekantika78@example.com,2026-06-03T17:39:20.186841,8627647040,customers_S005_20260603.json,S005,444,Loyal,2026-06-03T17:41:35.996Z,0,,0.0,0.0,Occasional
C0306,20260603,Vashi,Krisha Tailor,2024-02-17,5.5,ekapad21@example.net,2026-06-03T17:39:20.186841,8834858208,customers_S005_20260603.json,S005,837,VIP,2026-06-03T17:41:35.996Z,0,,0.0,0.0,Occasional
C0186,20260603,Dronagiri,Ojasvi Natt,2024-12-14,18.0,hemani63@example.net,2026-06-03T17:39:20.186841,9056110622,customers_S005_20260603.json,S005,536,Loyal,2026-06-03T17:41:35.996Z,18,2026-06-03T00:00:00.000Z,371292.0,20627.33333333333,Occasional
C0260,20260603,Panvel,Madhav Johal,2024-07-12,14.0,wsathe@example.com,2026-06-03T17:39:20.186841,9154880974,customers_S005_20260603.json,S005,691,Loyal,2026-06-03T17:41:35.996Z,12,2026-06-03T00:00:00.000Z,203412.0,16951.0,Occasional
C0108,20260603,Panvel,Neha Shukla,2025-02-18,14.0,sibalazad@example.net,2026-06-03T17:39:20.186841,9167244412,customers_S005_20260603.json,S005,470,Loyal,2026-06-03T17:41:35.996Z,18,2026-06-03T00:00:00.000Z,327894.0,18216.33333333333,Occasional
C0258,20260603,Ulwe,Anirudh Gera,2023-07-15,10.0,raoleela@example.net,2026-06-03T17:39:20.186841,9317767429,customers_S005_20260603.json,S005,1054,VIP,2026-06-03T17:41:35.996Z,6,2026-06-03T00:00:00.000Z,101736.0,16956.0,Occasional
C0430,20260603,Kopar Khairane,Raksha Chakrabarti,2023-09-11,7.5,kamala76@example.net,2026-06-03T17:39:20.186841,9450808999,customers_S005_20260603.json,S005,996,VIP,2026-06-03T17:41:35.996Z,12,2026-06-03T00:00:00.000Z,163836.0,13653.0,Occasional
C0017,20260603,Ulwe,Suhani Bawa,2024-05-02,10.0,unknown@noemail.com,2026-06-03T17:39:20.186841,9588403213,customers_S005_20260603.json,S005,762,VIP,2026-06-03T17:41:35.996Z,66,2026-06-03T00:00:00.000Z,1223124.0,18532.18181818182,Platinum VIP
C0406,20260603,Belapur,Anjali Shetty,2026-04-19,6.5,unknown@noemail.com,2026-06-03T17:39:20.186841,9812079543,customers_S005_20260603.json,S005,45,Occasional,2026-06-03T17:41:35.996Z,12,2026-06-03T00:00:00.000Z,231240.0,19270.0,Occasional
C0043,20260603,Belapur,Pavani Kannan,2025-02-04,6.5,gargabha@example.com,2026-06-03T17:39:20.186841,9822912349,customers_S005_20260603.json,S005,484,Loyal,2026-06-03T17:41:35.996Z,30,2026-06-03T00:00:00.000Z,575250.0,19175.0,Gold VIP
C0275,20260603,Kopar Khairane,Eta Shetty,2024-12-01,7.5,pradhanarya@example.net,2026-06-03T17:39:20.186841,9828480352,customers_S005_20260603.json,S005,549,Loyal,2026-06-03T17:41:35.996Z,24,2026-06-03T00:00:00.000Z,353460.0,14727.5,Loyal Regular
C0550,20260603,Kopar Khairane,Bachittar Khare,2024-08-25,7.5,shethbaghyawati@example.net,2026-06-03T17:39:20.186841,9875639946,customers_S005_20260603.json,S005,647,Loyal,2026-06-03T17:41:35.996Z,0,,0.0,0.0,Occasional
C0211,20260603,Dronagiri,Bimala Ratta,2025-12-07,18.0,unknown@noemail.com,2026-06-03T17:39:20.186841,INVALID,customers_S005_20260603.json,S005,178,Occasional,2026-06-03T17:41:35.996Z,24,2026-06-03T00:00:00.000Z,578322.0,24096.75,Gold VIP
